# https://github.com/mikedh/trimesh

o walls_roof
v -246.80320700 334.25006100 -50.66046520
v -246.80320700 334.25006100 -50.66046520
v -246.80320700 334.25006100 -50.66046520
v -246.80320700 396.62927200 -50.66046520
v -246.80320700 396.62927200 -50.66046520
v -246.80320700 396.62927200 -50.66046520
v -246.80320700 396.62927200 -46.18770980
v -246.80320700 396.62927200 -46.18770980
v -246.80320700 396.62927200 -46.18770980
v -246.80320700 334.25006100 -46.18770980
v -246.80320700 334.25006100 -46.18770980
v -246.80320700 334.25006100 -46.18770980
v -251.27595500 396.62927200 -46.18770980
v -251.27595500 396.62927200 -46.18770980
v -251.27595500 396.62927200 -46.18770980
v -251.27595500 334.25006100 -46.18770980
v -251.27595500 334.25006100 -46.18770980
v -251.27595500 334.25006100 -46.18770980
v -251.27595500 396.62927200 -50.66046520
v -251.27595500 396.62927200 -50.66046520
v -251.27595500 396.62927200 -50.66046520
v -251.27595500 334.25006100 -50.66046520
v -251.27595500 334.25006100 -50.66046520
v -251.27595500 334.25006100 -50.66046520
v -251.27595500 377.07989500 -20.42732050
v -251.27595500 377.07989500 -20.42732050
v -251.27595500 377.07989500 -20.42732050
v -251.27595500 377.07989500 -76.42085270
v -251.27595500 377.07989500 -76.42085270
v -251.27595500 377.07989500 -76.42085270
v -246.80320700 377.07989500 -76.42085270
v -246.80320700 377.07989500 -76.42085270
v -246.80320700 377.07989500 -76.42085270
v -246.80320700 377.07989500 -20.42732050
v -246.80320700 377.07989500 -20.42732050
v -246.80320700 377.07989500 -20.42732050
v -246.80320700 381.55264300 -76.42085270
v -246.80320700 381.55264300 -76.42085270
v -246.80320700 381.55264300 -76.42085270
v -246.80320700 381.55264300 -20.42732050
v -246.80320700 381.55264300 -20.42732050
v -246.80320700 381.55264300 -20.42732050
v -251.27595500 381.55264300 -76.42085270
v -251.27595500 381.55264300 -76.42085270
v -251.27595500 381.55264300 -76.42085270
v -251.27595500 381.55264300 -20.42732050
v -251.27595500 381.55264300 -20.42732050
v -251.27595500 381.55264300 -20.42732050
v 194.42691000 6.55552053 255.51785300
v 23.17079160 6.55552053 255.51785300
v 23.17079160 6.55552053 409.65719600
v 194.42691000 6.55552053 409.65719600
v 605.50476100 4.89527798 -344.18777500
v -249.60681200 4.89527798 -344.18777500
v -249.60681200 4.89527798 252.73068200
v 605.50476100 4.89527798 252.73068200
v 342.29635600 477.16186500 -55.23793030
v 342.29635600 477.16186500 -55.23793030
v 342.29635600 477.16186500 -55.23793030
v 342.29635600 574.90222200 -55.23793030
v 342.29635600 574.90222200 -55.23793030
v 342.29635600 574.90222200 -55.23793030
v 345.96478300 574.90222200 -55.23793030
v 345.96478300 574.90222200 -55.23793030
v 345.96478300 574.90222200 -55.23793030
v 345.96478300 477.16186500 -55.23793030
v 345.96478300 477.16186500 -55.23793030
v 345.96478300 477.16186500 -55.23793030
v 345.96478300 574.90222200 -51.56950380
v 345.96478300 574.90222200 -51.56950380
v 345.96478300 574.90222200 -51.56950380
v 345.96478300 477.16186500 -51.56950380
v 345.96478300 477.16186500 -51.56950380
v 345.96478300 477.16186500 -51.56950380
v 342.29635600 574.90222200 -51.56950380
v 342.29635600 574.90222200 -51.56950380
v 342.29635600 574.90222200 -51.56950380
v 342.29635600 477.16186500 -51.56950380
v 342.29635600 477.16186500 -51.56950380
v 342.29635600 477.16186500 -51.56950380
v 401.65387000 524.19781500 -51.56948470
v 401.65387000 524.19781500 -51.56948470
v 401.65387000 524.19781500 -51.56948470
v 286.60720800 524.19781500 -51.56950760
v 286.60720800 524.19781500 -51.56950760
v 286.60720800 524.19781500 -51.56950760
v 286.60720800 524.19781500 -55.23793790
v 286.60720800 524.19781500 -55.23793790
v 286.60720800 524.19781500 -55.23793790
v 401.65387000 524.19781500 -55.23791500
v 401.65387000 524.19781500 -55.23791500
v 401.65387000 524.19781500 -55.23791500
v 286.60720800 527.86627200 -55.23793790
v 286.60720800 527.86627200 -55.23793790
v 286.60720800 527.86627200 -55.23793790
v 401.65387000 527.86627200 -55.23791500
v 401.65387000 527.86627200 -55.23791500
v 401.65387000 527.86627200 -55.23791500
v 286.60720800 527.86627200 -51.56950760
v 286.60720800 527.86627200 -51.56950760
v 286.60720800 527.86627200 -51.56950760
v 401.65387000 527.86627200 -51.56948470
v 401.65387000 527.86627200 -51.56948470
v 401.65387000 527.86627200 -51.56948470
v 342.29635600 476.94879200 106.85363000
v 342.29635600 476.94879200 106.85363000
v 342.29635600 476.94879200 106.85363000
v 342.29635600 574.68914800 106.85363000
v 342.29635600 574.68914800 106.85363000
v 342.29635600 574.68914800 106.85363000
v 345.96478300 574.68914800 106.85363000
v 345.96478300 574.68914800 106.85363000
v 345.96478300 574.68914800 106.85363000
v 345.96478300 476.94879200 106.85363000
v 345.96478300 476.94879200 106.85363000
v 345.96478300 476.94879200 106.85363000
v 345.96478300 574.68914800 110.52205700
v 345.96478300 574.68914800 110.52205700
v 345.96478300 574.68914800 110.52205700
v 345.96478300 476.94879200 110.52205700
v 345.96478300 476.94879200 110.52205700
v 345.96478300 476.94879200 110.52205700
v 342.29635600 574.68914800 110.52205700
v 342.29635600 574.68914800 110.52205700
v 342.29635600 574.68914800 110.52205700
v 342.29635600 476.94879200 110.52205700
v 342.29635600 476.94879200 110.52205700
v 342.29635600 476.94879200 110.52205700
v 401.65387000 523.98474100 110.52207200
v 401.65387000 523.98474100 110.52207200
v 401.65387000 523.98474100 110.52207200
v 286.60720800 523.98474100 110.52204900
v 286.60720800 523.98474100 110.52204900
v 286.60720800 523.98474100 110.52204900
v 286.60720800 523.98474100 106.85362200
v 286.60720800 523.98474100 106.85362200
v 286.60720800 523.98474100 106.85362200
v 401.65387000 523.98474100 106.85364500
v 401.65387000 523.98474100 106.85364500
v 401.65387000 523.98474100 106.85364500
v 286.60720800 527.65319800 106.85362200
v 286.60720800 527.65319800 106.85362200
v 286.60720800 527.65319800 106.85362200
v 401.65387000 527.65319800 106.85364500
v 401.65387000 527.65319800 106.85364500
v 401.65387000 527.65319800 106.85364500
v 286.60720800 527.65319800 110.52204900
v 286.60720800 527.65319800 110.52204900
v 286.60720800 527.65319800 110.52204900
v 401.65387000 527.65319800 110.52207200
v 401.65387000 527.65319800 110.52207200
v 401.65387000 527.65319800 110.52207200
v 427.94793700 476.94879200 27.15758320
v 427.94793700 476.94879200 27.15758320
v 427.94793700 476.94879200 27.15758320
v 427.94793700 574.68914800 27.15758320
v 427.94793700 574.68914800 27.15758320
v 427.94793700 574.68914800 27.15758320
v 427.94793700 574.68914800 30.82600590
v 427.94793700 574.68914800 30.82600590
v 427.94793700 574.68914800 30.82600590
v 427.94793700 476.94879200 30.82600590
v 427.94793700 476.94879200 30.82600590
v 427.94793700 476.94879200 30.82600590
v 424.27948000 574.68914800 30.82600590
v 424.27948000 574.68914800 30.82600590
v 424.27948000 574.68914800 30.82600590
v 424.27948000 476.94879200 30.82600590
v 424.27948000 476.94879200 30.82600590
v 424.27948000 476.94879200 30.82600590
v 424.27948000 574.68914800 27.15758320
v 424.27948000 574.68914800 27.15758320
v 424.27948000 574.68914800 27.15758320
v 424.27948000 476.94879200 27.15758320
v 424.27948000 476.94879200 27.15758320
v 424.27948000 476.94879200 27.15758320
v 424.27948000 523.98474100 86.51511380
v 424.27948000 523.98474100 86.51511380
v 424.27948000 523.98474100 86.51511380
v 424.27948000 523.98474100 -28.53154370
v 424.27948000 523.98474100 -28.53154370
v 424.27948000 523.98474100 -28.53154370
v 427.94790600 523.98474100 -28.53154370
v 427.94790600 523.98474100 -28.53154370
v 427.94790600 523.98474100 -28.53154370
v 427.94790600 523.98474100 86.51511380
v 427.94790600 523.98474100 86.51511380
v 427.94790600 523.98474100 86.51511380
v 427.94790600 527.65319800 -28.53154370
v 427.94790600 527.65319800 -28.53154370
v 427.94790600 527.65319800 -28.53154370
v 427.94790600 527.65319800 86.51511380
v 427.94790600 527.65319800 86.51511380
v 427.94790600 527.65319800 86.51511380
v 424.27948000 527.65319800 -28.53154370
v 424.27948000 527.65319800 -28.53154370
v 424.27948000 527.65319800 -28.53154370
v 424.27948000 527.65319800 86.51511380
v 424.27948000 527.65319800 86.51511380
v 424.27948000 527.65319800 86.51511380
v 264.66265900 476.94879200 27.15758320
v 264.66265900 476.94879200 27.15758320
v 264.66265900 476.94879200 27.15758320
v 264.66265900 574.68914800 27.15758320
v 264.66265900 574.68914800 27.15758320
v 264.66265900 574.68914800 27.15758320
v 264.66265900 574.68914800 30.82600590
v 264.66265900 574.68914800 30.82600590
v 264.66265900 574.68914800 30.82600590
v 264.66265900 476.94879200 30.82600590
v 264.66265900 476.94879200 30.82600590
v 264.66265900 476.94879200 30.82600590
v 260.99420200 574.68914800 30.82600590
v 260.99420200 574.68914800 30.82600590
v 260.99420200 574.68914800 30.82600590
v 260.99420200 476.94879200 30.82600590
v 260.99420200 476.94879200 30.82600590
v 260.99420200 476.94879200 30.82600590
v 260.99420200 574.68914800 27.15758320
v 260.99420200 574.68914800 27.15758320
v 260.99420200 574.68914800 27.15758320
v 260.99420200 476.94879200 27.15758320
v 260.99420200 476.94879200 27.15758320
v 260.99420200 476.94879200 27.15758320
v 260.99420200 523.98474100 86.51511380
v 260.99420200 523.98474100 86.51511380
v 260.99420200 523.98474100 86.51511380
v 260.99420200 523.98474100 -28.53154370
v 260.99420200 523.98474100 -28.53154370
v 260.99420200 523.98474100 -28.53154370
v 264.66262800 523.98474100 -28.53154370
v 264.66262800 523.98474100 -28.53154370
v 264.66262800 523.98474100 -28.53154370
v 264.66262800 523.98474100 86.51511380
v 264.66262800 523.98474100 86.51511380
v 264.66262800 523.98474100 86.51511380
v 264.66262800 527.65319800 -28.53154370
v 264.66262800 527.65319800 -28.53154370
v 264.66262800 527.65319800 -28.53154370
v 264.66262800 527.65319800 86.51511380
v 264.66262800 527.65319800 86.51511380
v 264.66262800 527.65319800 86.51511380
v 260.99420200 527.65319800 -28.53154370
v 260.99420200 527.65319800 -28.53154370
v 260.99420200 527.65319800 -28.53154370
v 260.99420200 527.65319800 86.51511380
v 260.99420200 527.65319800 86.51511380
v 260.99420200 527.65319800 86.51511380
v 283.70825200 475.24847400 -64.88633730
v 283.70825200 475.24847400 -64.88633730
v 283.70825200 475.24847400 -64.88633730
v 283.70825200 478.52166700 -64.88633730
v 283.70825200 478.52166700 -64.88633730
v 283.70825200 478.52166700 -64.88633730
v 402.41198700 478.52166700 -64.88631440
v 402.41198700 478.52166700 -64.88631440
v 402.41198700 478.52166700 -64.88631440
v 402.41198700 475.24847400 -64.88631440
v 402.41198700 475.24847400 -64.88631440
v 402.41198700 475.24847400 -64.88631440
v 402.41198700 478.52166700 -42.91441730
v 402.41198700 478.52166700 -42.91441730
v 402.41198700 478.52166700 -42.91441730
v 402.41198700 475.24847400 -42.91441730
v 402.41198700 475.24847400 -42.91441730
v 402.41198700 475.24847400 -42.91441730
v 283.70825200 478.52166700 -42.91444020
v 283.70825200 478.52166700 -42.91444020
v 283.70825200 478.52166700 -42.91444020
v 283.70825200 475.24847400 -42.91444020
v 283.70825200 475.24847400 -42.91444020
v 283.70825200 475.24847400 -42.91444020
v 402.42453000 477.24493400 -64.88633730
v 402.42453000 477.24493400 -64.88633730
v 402.42453000 477.24493400 -64.88633730
v 399.15133700 477.24493400 -64.88633730
v 399.15133700 477.24493400 -64.88633730
v 399.15133700 477.24493400 -64.88633730
v 399.15133700 574.51623500 -64.88634490
v 399.15133700 574.51623500 -64.88634490
v 399.15133700 574.51623500 -64.88634490
v 402.42450000 574.51623500 -64.88633730
v 402.42450000 574.51623500 -64.88633730
v 402.42450000 574.51623500 -64.88633730
v 399.15133700 574.51623500 -42.91444400
v 399.15133700 574.51623500 -42.91444400
v 399.15133700 574.51623500 -42.91444400
v 402.42450000 574.51623500 -42.91444020
v 402.42450000 574.51623500 -42.91444020
v 402.42450000 574.51623500 -42.91444020
v 399.15133700 477.24493400 -42.91443630
v 399.15133700 477.24493400 -42.91443630
v 399.15133700 477.24493400 -42.91443630
v 402.42453000 477.24493400 -42.91443630
v 402.42453000 477.24493400 -42.91443630
v 402.42453000 477.24493400 -42.91443630
v 286.98684700 477.24493400 -64.88636020
v 286.98684700 477.24493400 -64.88636020
v 286.98684700 477.24493400 -64.88636020
v 283.71365400 477.24493400 -64.88636020
v 283.71365400 477.24493400 -64.88636020
v 283.71365400 477.24493400 -64.88636020
v 283.71365400 574.51623500 -64.88636780
v 283.71365400 574.51623500 -64.88636780
v 283.71365400 574.51623500 -64.88636780
v 286.98684700 574.51623500 -64.88636780
v 286.98684700 574.51623500 -64.88636780
v 286.98684700 574.51623500 -64.88636780
v 283.71365400 574.51623500 -42.91446300
v 283.71365400 574.51623500 -42.91446300
v 283.71365400 574.51623500 -42.91446300
v 286.98681600 574.51623500 -42.91446300
v 286.98681600 574.51623500 -42.91446300
v 286.98681600 574.51623500 -42.91446300
v 283.71365400 477.24493400 -42.91445920
v 283.71365400 477.24493400 -42.91445920
v 283.71365400 477.24493400 -42.91445920
v 286.98681600 477.24493400 -42.91445920
v 286.98681600 477.24493400 -42.91445920
v 286.98681600 477.24493400 -42.91445920
v 283.70825200 573.81536900 -64.88636020
v 283.70825200 573.81536900 -64.88636020
v 283.70825200 573.81536900 -64.88636020
v 283.70825200 577.08850100 -64.88636020
v 283.70825200 577.08850100 -64.88636020
v 283.70825200 577.08850100 -64.88636020
v 402.41198700 577.08850100 -64.88633730
v 402.41198700 577.08850100 -64.88633730
v 402.41198700 577.08850100 -64.88633730
v 402.41198700 573.81536900 -64.88633730
v 402.41198700 573.81536900 -64.88633730
v 402.41198700 573.81536900 -64.88633730
v 402.41198700 577.08850100 -42.91444020
v 402.41198700 577.08850100 -42.91444020
v 402.41198700 577.08850100 -42.91444020
v 402.41198700 573.81536900 -42.91444020
v 402.41198700 573.81536900 -42.91444020
v 402.41198700 573.81536900 -42.91444020
v 283.70825200 577.08850100 -42.91446300
v 283.70825200 577.08850100 -42.91446300
v 283.70825200 577.08850100 -42.91446300
v 283.70825200 573.81536900 -42.91446300
v 283.70825200 573.81536900 -42.91446300
v 283.70825200 573.81536900 -42.91446300
v 283.70825200 475.24847400 97.59069060
v 283.70825200 475.24847400 97.59069060
v 283.70825200 475.24847400 97.59069060
v 283.70825200 478.52166700 97.59069060
v 283.70825200 478.52166700 97.59069060
v 283.70825200 478.52166700 97.59069060
v 402.41198700 478.52166700 97.59071350
v 402.41198700 478.52166700 97.59071350
v 402.41198700 478.52166700 97.59071350
v 402.41198700 475.24847400 97.59071350
v 402.41198700 475.24847400 97.59071350
v 402.41198700 475.24847400 97.59071350
v 402.41198700 478.52166700 119.56261400
v 402.41198700 478.52166700 119.56261400
v 402.41198700 478.52166700 119.56261400
v 402.41198700 475.24847400 119.56261400
v 402.41198700 475.24847400 119.56261400
v 402.41198700 475.24847400 119.56261400
v 283.70825200 478.52166700 119.56259200
v 283.70825200 478.52166700 119.56259200
v 283.70825200 478.52166700 119.56259200
v 283.70825200 475.24847400 119.56259200
v 283.70825200 475.24847400 119.56259200
v 283.70825200 475.24847400 119.56259200
v 402.42453000 477.24493400 97.59069820
v 402.42453000 477.24493400 97.59069820
v 402.42453000 477.24493400 97.59069820
v 399.15133700 477.24493400 97.59069820
v 399.15133700 477.24493400 97.59069820
v 399.15133700 477.24493400 97.59069820
v 399.15133700 574.51623500 97.59069060
v 399.15133700 574.51623500 97.59069060
v 399.15133700 574.51623500 97.59069060
v 402.42450000 574.51623500 97.59069060
v 402.42450000 574.51623500 97.59069060
v 402.42450000 574.51623500 97.59069060
v 399.15133700 574.51623500 119.56259200
v 399.15133700 574.51623500 119.56259200
v 399.15133700 574.51623500 119.56259200
v 402.42450000 574.51623500 119.56259200
v 402.42450000 574.51623500 119.56259200
v 402.42450000 574.51623500 119.56259200
v 399.15133700 477.24493400 119.56259200
v 399.15133700 477.24493400 119.56259200
v 399.15133700 477.24493400 119.56259200
v 402.42453000 477.24493400 119.56259200
v 402.42453000 477.24493400 119.56259200
v 402.42453000 477.24493400 119.56259200
v 286.98684700 477.24493400 97.59067540
v 286.98684700 477.24493400 97.59067540
v 286.98684700 477.24493400 97.59067540
v 283.71365400 477.24493400 97.59067540
v 283.71365400 477.24493400 97.59067540
v 283.71365400 477.24493400 97.59067540
v 283.71365400 574.51623500 97.59066770
v 283.71365400 574.51623500 97.59066770
v 283.71365400 574.51623500 97.59066770
v 286.98684700 574.51623500 97.59066770
v 286.98684700 574.51623500 97.59066770
v 286.98684700 574.51623500 97.59066770
v 283.71365400 574.51623500 119.56256900
v 283.71365400 574.51623500 119.56256900
v 283.71365400 574.51623500 119.56256900
v 286.98681600 574.51623500 119.56256900
v 286.98681600 574.51623500 119.56256900
v 286.98681600 574.51623500 119.56256900
v 283.71365400 477.24493400 119.56257600
v 283.71365400 477.24493400 119.56257600
v 283.71365400 477.24493400 119.56257600
v 286.98681600 477.24493400 119.56257600
v 286.98681600 477.24493400 119.56257600
v 286.98681600 477.24493400 119.56257600
v 283.70825200 573.81536900 97.59066770
v 283.70825200 573.81536900 97.59066770
v 283.70825200 573.81536900 97.59066770
v 283.70825200 577.08850100 97.59066770
v 283.70825200 577.08850100 97.59066770
v 283.70825200 577.08850100 97.59066770
v 402.41198700 577.08850100 97.59069060
v 402.41198700 577.08850100 97.59069060
v 402.41198700 577.08850100 97.59069060
v 402.41198700 573.81536900 97.59069060
v 402.41198700 573.81536900 97.59069060
v 402.41198700 573.81536900 97.59069060
v 402.41198700 577.08850100 119.56259200
v 402.41198700 577.08850100 119.56259200
v 402.41198700 577.08850100 119.56259200
v 402.41198700 573.81536900 119.56259200
v 402.41198700 573.81536900 119.56259200
v 402.41198700 573.81536900 119.56259200
v 283.70825200 577.08850100 119.56256900
v 283.70825200 577.08850100 119.56256900
v 283.70825200 577.08850100 119.56256900
v 283.70825200 573.81536900 119.56256900
v 283.70825200 573.81536900 119.56256900
v 283.70825200 573.81536900 119.56256900
v 437.59509300 475.24847400 -30.00135610
v 437.59509300 475.24847400 -30.00135610
v 437.59509300 475.24847400 -30.00135610
v 437.59509300 478.52166700 -30.00135610
v 437.59509300 478.52166700 -30.00135610
v 437.59509300 478.52166700 -30.00135610
v 437.59509300 478.52166700 88.70238490
v 437.59509300 478.52166700 88.70238490
v 437.59509300 478.52166700 88.70238490
v 437.59509300 475.24847400 88.70238490
v 437.59509300 475.24847400 88.70238490
v 437.59509300 475.24847400 88.70238490
v 415.62316900 478.52166700 88.70238490
v 415.62316900 478.52166700 88.70238490
v 415.62316900 478.52166700 88.70238490
v 415.62316900 475.24847400 88.70238490
v 415.62316900 475.24847400 88.70238490
v 415.62316900 475.24847400 88.70238490
v 415.62316900 478.52166700 -30.00135610
v 415.62316900 478.52166700 -30.00135610
v 415.62316900 478.52166700 -30.00135610
v 415.62316900 475.24847400 -30.00135610
v 415.62316900 475.24847400 -30.00135610
v 415.62316900 475.24847400 -30.00135610
v 437.59509300 477.24493400 88.71491240
v 437.59509300 477.24493400 88.71491240
v 437.59509300 477.24493400 88.71491240
v 437.59509300 477.24493400 85.44173430
v 437.59509300 477.24493400 85.44173430
v 437.59509300 477.24493400 85.44173430
v 437.59509300 574.51623500 85.44172670
v 437.59509300 574.51623500 85.44172670
v 437.59509300 574.51623500 85.44172670
v 437.59509300 574.51623500 88.71489720
v 437.59509300 574.51623500 88.71489720
v 437.59509300 574.51623500 88.71489720
v 415.62319900 574.51623500 85.44172670
v 415.62319900 574.51623500 85.44172670
v 415.62319900 574.51623500 85.44172670
v 415.62319900 574.51623500 88.71489720
v 415.62319900 574.51623500 88.71489720
v 415.62319900 574.51623500 88.71489720
v 415.62319900 477.24493400 85.44173430
v 415.62319900 477.24493400 85.44173430
v 415.62319900 477.24493400 85.44173430
v 415.62319900 477.24493400 88.71491240
v 415.62319900 477.24493400 88.71491240
v 415.62319900 477.24493400 88.71491240
v 437.59509300 477.24493400 -26.72277640
v 437.59509300 477.24493400 -26.72277640
v 437.59509300 477.24493400 -26.72277640
v 437.59509300 477.24493400 -29.99595070
v 437.59509300 477.24493400 -29.99595070
v 437.59509300 477.24493400 -29.99595070
v 437.59509300 574.51623500 -29.99595450
v 437.59509300 574.51623500 -29.99595450
v 437.59509300 574.51623500 -29.99595450
v 437.59509300 574.51623500 -26.72278020
v 437.59509300 574.51623500 -26.72278020
v 437.59509300 574.51623500 -26.72278020
v 415.62319900 574.51623500 -29.99595450
v 415.62319900 574.51623500 -29.99595450
v 415.62319900 574.51623500 -29.99595450
v 415.62319900 574.51623500 -26.72278020
v 415.62319900 574.51623500 -26.72278020
v 415.62319900 574.51623500 -26.72278020
v 415.62319900 477.24493400 -29.99595070
v 415.62319900 477.24493400 -29.99595070
v 415.62319900 477.24493400 -29.99595070
v 415.62319900 477.24493400 -26.72277640
v 415.62319900 477.24493400 -26.72277640
v 415.62319900 477.24493400 -26.72277640
v 437.59509300 573.81536900 -30.00135610
v 437.59509300 573.81536900 -30.00135610
v 437.59509300 573.81536900 -30.00135610
v 437.59509300 577.08850100 -30.00135610
v 437.59509300 577.08850100 -30.00135610
v 437.59509300 577.08850100 -30.00135610
v 437.59509300 577.08850100 88.70238490
v 437.59509300 577.08850100 88.70238490
v 437.59509300 577.08850100 88.70238490
v 437.59509300 573.81536900 88.70238490
v 437.59509300 573.81536900 88.70238490
v 437.59509300 573.81536900 88.70238490
v 415.62319900 577.08850100 88.70238490
v 415.62319900 577.08850100 88.70238490
v 415.62319900 577.08850100 88.70238490
v 415.62319900 573.81536900 88.70238490
v 415.62319900 573.81536900 88.70238490
v 415.62319900 573.81536900 88.70238490
v 415.62319900 577.08850100 -30.00135610
v 415.62319900 577.08850100 -30.00135610
v 415.62319900 577.08850100 -30.00135610
v 415.62319900 573.81536900 -30.00135610
v 415.62319900 573.81536900 -30.00135610
v 415.62319900 573.81536900 -30.00135610
v 271.99746700 475.24847400 -30.00135610
v 271.99746700 475.24847400 -30.00135610
v 271.99746700 475.24847400 -30.00135610
v 271.99746700 478.52166700 -30.00135610
v 271.99746700 478.52166700 -30.00135610
v 271.99746700 478.52166700 -30.00135610
v 271.99746700 478.52166700 88.70238490
v 271.99746700 478.52166700 88.70238490
v 271.99746700 478.52166700 88.70238490
v 271.99746700 475.24847400 88.70238490
v 271.99746700 475.24847400 88.70238490
v 271.99746700 475.24847400 88.70238490
v 250.02555800 478.52166700 88.70238490
v 250.02555800 478.52166700 88.70238490
v 250.02555800 478.52166700 88.70238490
v 250.02555800 475.24847400 88.70238490
v 250.02555800 475.24847400 88.70238490
v 250.02555800 475.24847400 88.70238490
v 250.02555800 478.52166700 -30.00135610
v 250.02555800 478.52166700 -30.00135610
v 250.02555800 478.52166700 -30.00135610
v 250.02555800 475.24847400 -30.00135610
v 250.02555800 475.24847400 -30.00135610
v 250.02555800 475.24847400 -30.00135610
v 271.99746700 477.24493400 88.71491240
v 271.99746700 477.24493400 88.71491240
v 271.99746700 477.24493400 88.71491240
v 271.99746700 477.24493400 85.44173430
v 271.99746700 477.24493400 85.44173430
v 271.99746700 477.24493400 85.44173430
v 271.99746700 574.51623500 85.44172670
v 271.99746700 574.51623500 85.44172670
v 271.99746700 574.51623500 85.44172670
v 271.99746700 574.51623500 88.71489720
v 271.99746700 574.51623500 88.71489720
v 271.99746700 574.51623500 88.71489720
v 250.02557400 574.51623500 85.44172670
v 250.02557400 574.51623500 85.44172670
v 250.02557400 574.51623500 85.44172670
v 250.02557400 574.51623500 88.71489720
v 250.02557400 574.51623500 88.71489720
v 250.02557400 574.51623500 88.71489720
v 250.02557400 477.24493400 85.44173430
v 250.02557400 477.24493400 85.44173430
v 250.02557400 477.24493400 85.44173430
v 250.02557400 477.24493400 88.71491240
v 250.02557400 477.24493400 88.71491240
v 250.02557400 477.24493400 88.71491240
v 271.99746700 477.24493400 -26.72277640
v 271.99746700 477.24493400 -26.72277640
v 271.99746700 477.24493400 -26.72277640
v 271.99746700 477.24493400 -29.99595070
v 271.99746700 477.24493400 -29.99595070
v 271.99746700 477.24493400 -29.99595070
v 271.99746700 574.51623500 -29.99595450
v 271.99746700 574.51623500 -29.99595450
v 271.99746700 574.51623500 -29.99595450
v 271.99746700 574.51623500 -26.72278020
v 271.99746700 574.51623500 -26.72278020
v 271.99746700 574.51623500 -26.72278020
v 250.02557400 574.51623500 -29.99595450
v 250.02557400 574.51623500 -29.99595450
v 250.02557400 574.51623500 -29.99595450
v 250.02557400 574.51623500 -26.72278020
v 250.02557400 574.51623500 -26.72278020
v 250.02557400 574.51623500 -26.72278020
v 250.02557400 477.24493400 -29.99595070
v 250.02557400 477.24493400 -29.99595070
v 250.02557400 477.24493400 -29.99595070
v 250.02557400 477.24493400 -26.72277640
v 250.02557400 477.24493400 -26.72277640
v 250.02557400 477.24493400 -26.72277640
v 271.99746700 573.81536900 -30.00135610
v 271.99746700 573.81536900 -30.00135610
v 271.99746700 573.81536900 -30.00135610
v 271.99746700 577.08850100 -30.00135610
v 271.99746700 577.08850100 -30.00135610
v 271.99746700 577.08850100 -30.00135610
v 271.99746700 577.08850100 88.70238490
v 271.99746700 577.08850100 88.70238490
v 271.99746700 577.08850100 88.70238490
v 271.99746700 573.81536900 88.70238490
v 271.99746700 573.81536900 88.70238490
v 271.99746700 573.81536900 88.70238490
v 250.02557400 577.08850100 88.70238490
v 250.02557400 577.08850100 88.70238490
v 250.02557400 577.08850100 88.70238490
v 250.02557400 573.81536900 88.70238490
v 250.02557400 573.81536900 88.70238490
v 250.02557400 573.81536900 88.70238490
v 250.02557400 577.08850100 -30.00135610
v 250.02557400 577.08850100 -30.00135610
v 250.02557400 577.08850100 -30.00135610
v 250.02557400 573.81536900 -30.00135610
v 250.02557400 573.81536900 -30.00135610
v 250.02557400 573.81536900 -30.00135610
v 169.42024200 145.04943800 398.29339600
v 169.42024200 145.04943800 398.29339600
v 169.42024200 145.04943800 398.29339600
v 169.42024200 151.30343600 398.29339600
v 169.42024200 151.30343600 398.29339600
v 169.42024200 151.30343600 398.29339600
v 169.42024200 151.30343600 409.23211700
v 169.42024200 151.30343600 409.23211700
v 169.42024200 151.30343600 409.23211700
v 169.42024200 145.04943800 409.23211700
v 169.42024200 145.04943800 409.23211700
v 169.42024200 145.04943800 409.23211700
v 43.84498980 151.30343600 409.23211700
v 43.84498980 151.30343600 409.23211700
v 43.84498980 151.30343600 409.23211700
v 43.84498980 145.04943800 409.23211700
v 43.84498980 145.04943800 409.23211700
v 43.84498980 145.04943800 409.23211700
v 43.84498980 151.30343600 398.29339600
v 43.84498980 151.30343600 398.29339600
v 43.84498980 151.30343600 398.29339600
v 43.84498980 145.04943800 398.29339600
v 43.84498980 145.04943800 398.29339600
v 43.84498980 145.04943800 398.29339600
v 169.42024200 176.29617300 398.29339600
v 169.42024200 176.29617300 398.29339600
v 169.42024200 176.29617300 398.29339600
v 169.42024200 182.55015600 398.29339600
v 169.42024200 182.55015600 398.29339600
v 169.42024200 182.55015600 398.29339600
v 169.42024200 182.55015600 409.23211700
v 169.42024200 182.55015600 409.23211700
v 169.42024200 182.55015600 409.23211700
v 169.42024200 176.29617300 409.23211700
v 169.42024200 176.29617300 409.23211700
v 169.42024200 176.29617300 409.23211700
v 43.84498980 182.55012500 409.23211700
v 43.84498980 182.55012500 409.23211700
v 43.84498980 182.55012500 409.23211700
v 43.84498980 176.29614300 409.23211700
v 43.84498980 176.29614300 409.23211700
v 43.84498980 176.29614300 409.23211700
v 43.84498980 182.55012500 398.29339600
v 43.84498980 182.55012500 398.29339600
v 43.84498980 182.55012500 398.29339600
v 43.84498980 176.29614300 398.29339600
v 43.84498980 176.29614300 398.29339600
v 43.84498980 176.29614300 398.29339600
v 134.07957500 12.53227230 410.69354200
v 134.07957500 12.53227230 410.69354200
v 134.07957500 12.53227230 410.69354200
v 134.07957500 12.53227230 404.43957500
v 134.07957500 12.53227230 404.43957500
v 134.07957500 12.53227230 404.43957500
v 145.01829500 12.53227230 404.43957500
v 145.01829500 12.53227230 404.43957500
v 145.01829500 12.53227230 404.43957500
v 145.01829500 12.53227230 410.69354200
v 145.01829500 12.53227230 410.69354200
v 145.01829500 12.53227230 410.69354200
v 145.01831100 219.69610600 404.43957500
v 145.01831100 219.69610600 404.43957500
v 145.01831100 219.69610600 404.43957500
v 145.01831100 219.69610600 410.69354200
v 145.01831100 219.69610600 410.69354200
v 145.01831100 219.69610600 410.69354200
v 134.07959000 219.69610600 404.43957500
v 134.07959000 219.69610600 404.43957500
v 134.07959000 219.69610600 404.43957500
v 134.07959000 219.69610600 410.69354200
v 134.07959000 219.69610600 410.69354200
v 134.07959000 219.69610600 410.69354200
v 68.54833980 12.53227230 410.69357300
v 68.54833980 12.53227230 410.69357300
v 68.54833980 12.53227230 410.69357300
v 68.54833980 12.53227230 404.43960600
v 68.54833980 12.53227230 404.43960600
v 68.54833980 12.53227230 404.43960600
v 79.48704530 12.53227230 404.43960600
v 79.48704530 12.53227230 404.43960600
v 79.48704530 12.53227230 404.43960600
v 79.48705290 12.53227230 410.69357300
v 79.48705290 12.53227230 410.69357300
v 79.48705290 12.53227230 410.69357300
v 79.48706050 219.69610600 404.43960600
v 79.48706050 219.69610600 404.43960600
v 79.48706050 219.69610600 404.43960600
v 79.48706050 219.69610600 410.69357300
v 79.48706050 219.69610600 410.69357300
v 79.48706050 219.69610600 410.69357300
v 68.54835510 219.69610600 404.43960600
v 68.54835510 219.69610600 404.43960600
v 68.54835510 219.69610600 404.43960600
v 68.54836270 219.69610600 410.69357300
v 68.54836270 219.69610600 410.69357300
v 68.54836270 219.69610600 410.69357300
v 169.42024200 66.69141390 398.29339600
v 169.42024200 66.69141390 398.29339600
v 169.42024200 66.69141390 398.29339600
v 169.42024200 72.94539640 398.29339600
v 169.42024200 72.94539640 398.29339600
v 169.42024200 72.94539640 398.29339600
v 169.42024200 72.94539640 409.23211700
v 169.42024200 72.94539640 409.23211700
v 169.42024200 72.94539640 409.23211700
v 169.42024200 66.69141390 409.23211700
v 169.42024200 66.69141390 409.23211700
v 169.42024200 66.69141390 409.23211700
v 43.84498980 72.94539640 409.23211700
v 43.84498980 72.94539640 409.23211700
v 43.84498980 72.94539640 409.23211700
v 43.84498980 66.69141390 409.23211700
v 43.84498980 66.69141390 409.23211700
v 43.84498980 66.69141390 409.23211700
v 43.84498980 72.94539640 398.29339600
v 43.84498980 72.94539640 398.29339600
v 43.84498980 72.94539640 398.29339600
v 43.84498980 66.69141390 398.29339600
v 43.84498980 66.69141390 398.29339600
v 43.84498980 66.69141390 398.29339600
v 169.42024200 97.93814090 398.29339600
v 169.42024200 97.93814090 398.29339600
v 169.42024200 97.93814090 398.29339600
v 169.42024200 104.19212300 398.29339600
v 169.42024200 104.19212300 398.29339600
v 169.42024200 104.19212300 398.29339600
v 169.42024200 104.19212300 409.23211700
v 169.42024200 104.19212300 409.23211700
v 169.42024200 104.19212300 409.23211700
v 169.42024200 97.93814090 409.23211700
v 169.42024200 97.93814090 409.23211700
v 169.42024200 97.93814090 409.23211700
v 43.84498980 104.19209300 409.23211700
v 43.84498980 104.19209300 409.23211700
v 43.84498980 104.19209300 409.23211700
v 43.84498980 97.93811040 409.23211700
v 43.84498980 97.93811040 409.23211700
v 43.84498980 97.93811040 409.23211700
v 43.84498980 104.19209300 398.29339600
v 43.84498980 104.19209300 398.29339600
v 43.84498980 104.19209300 398.29339600
v 43.84498980 97.93811040 398.29339600
v 43.84498980 97.93811040 398.29339600
v 43.84498980 97.93811040 398.29339600
v 14.03978730 233.35287500 256.70016500
v 14.03978730 233.35287500 256.70016500
v 14.03978730 233.35287500 256.70016500
v 108.85402700 323.74252300 256.70016500
v 108.85402700 323.74252300 256.70016500
v 108.85402700 323.74252300 256.70016500
v 108.85402700 323.74252300 256.70016500
v 108.85402700 323.74252300 436.57229600
v 108.85402700 323.74252300 436.57229600
v 108.85402700 323.74252300 436.57229600
v 108.85402700 323.74252300 436.57229600
v 14.03978730 233.35287500 436.57229600
v 14.03978730 233.35287500 436.57229600
v 14.03978730 233.35287500 436.57229600
v 100.82753800 332.16192600 436.57229600
v 100.82753800 332.16192600 436.57229600
v 100.82753800 332.16192600 436.57229600
v 100.82753800 332.16192600 436.57229600
v 100.82753800 332.16192600 436.57229600
v 6.01329708 241.77224700 436.57229600
v 6.01329708 241.77224700 436.57229600
v 6.01329708 241.77224700 436.57229600
v 100.82753800 332.16192600 256.70016500
v 100.82753800 332.16192600 256.70016500
v 100.82753800 332.16192600 256.70016500
v 100.82753800 332.16192600 256.70016500
v 100.82753800 332.16192600 256.70016500
v 6.01329708 241.77224700 256.70016500
v 6.01329708 241.77224700 256.70016500
v 6.01329708 241.77224700 256.70016500
v 202.94961500 233.35293600 436.57229600
v 202.94961500 233.35293600 436.57229600
v 202.94961500 233.35293600 436.57229600
v 108.13535300 323.74249300 436.57232700
v 108.13535300 323.74249300 436.57232700
v 108.13535300 323.74249300 436.57232700
v 108.13535300 323.74249300 436.57232700
v 108.13535300 323.74249300 256.70019500
v 108.13535300 323.74249300 256.70019500
v 108.13535300 323.74249300 256.70019500
v 108.13535300 323.74249300 256.70019500
v 202.94961500 233.35293600 256.70016500
v 202.94961500 233.35293600 256.70016500
v 202.94961500 233.35293600 256.70016500
v 116.16184200 332.16186500 256.70019500
v 116.16184200 332.16186500 256.70019500
v 116.16184200 332.16186500 256.70019500
v 116.16184200 332.16186500 256.70019500
v 116.16184200 332.16186500 256.70019500
v 210.97608900 241.77229300 256.70016500
v 210.97608900 241.77229300 256.70016500
v 210.97608900 241.77229300 256.70016500
v 116.16185800 332.16186500 436.57232700
v 116.16185800 332.16186500 436.57232700
v 116.16185800 332.16186500 436.57232700
v 116.16185800 332.16186500 436.57232700
v 116.16185800 332.16186500 436.57232700
v 210.97610500 241.77230800 436.57229600
v 210.97610500 241.77230800 436.57229600
v 210.97610500 241.77230800 436.57229600
v 429.99990800 618.97204600 113.94628100
v 429.99990800 618.97204600 113.94628100
v 429.99990800 618.97204600 113.94628100
v 429.99990800 618.97204600 113.94628100
v 343.28390500 818.97204600 27.38418010
v 343.28390500 818.97204600 27.38418010
v 343.28390500 818.97204600 27.38418010
v 343.28390500 818.97204600 27.38418010
v 256.71017500 618.97204600 114.11183900
v 256.71017500 618.97204600 114.11183900
v 256.71017500 618.97204600 114.11183900
v 256.71017500 618.97204600 114.11183900
v 256.56790200 618.97204600 -59.17793270
v 256.56790200 618.97204600 -59.17793270
v 256.56790200 618.97204600 -59.17793270
v 256.56790200 618.97204600 -59.17793270
v 429.85763500 618.97204600 -59.34348300
v 429.85763500 618.97204600 -59.34348300
v 429.85763500 618.97204600 -59.34348300
v 429.85763500 618.97204600 -59.34348300
v 246.86416600 610.58007800 123.97533400
v 246.86416600 610.58007800 123.97533400
v 246.86416600 610.58007800 123.97533400
v 439.86212200 610.58007800 123.79096200
v 439.86212200 610.58007800 123.79096200
v 439.86212200 610.58007800 123.79096200
v 246.70571900 610.58007800 -69.02261350
v 246.70571900 610.58007800 -69.02261350
v 246.70571900 610.58007800 -69.02261350
v 439.70364400 610.58007800 -69.20697780
v 439.70364400 610.58007800 -69.20697780
v 439.70364400 610.58007800 -69.20697780
v -245.09336900 139.02609300 58.58370590
v -245.09336900 139.02609300 58.58370590
v -245.09336900 139.02609300 58.58370590
v -245.09338400 139.02609300 -41.16316600
v -245.09338400 139.02609300 -41.16316600
v -245.09338400 139.02609300 -41.16316600
v -234.89640800 139.02609300 -41.16316600
v -234.89640800 139.02609300 -41.16316600
v -234.89640800 139.02609300 -41.16316600
v -234.89639300 139.02609300 58.58370590
v -234.89639300 139.02609300 58.58370590
v -234.89639300 139.02609300 58.58370590
v -234.89640800 149.22305300 -41.16316600
v -234.89640800 149.22305300 -41.16316600
v -234.89640800 149.22305300 -41.16316600
v -234.89639300 149.22305300 58.58370590
v -234.89639300 149.22305300 58.58370590
v -234.89639300 149.22305300 58.58370590
v -245.09338400 149.22305300 -41.16316600
v -245.09338400 149.22305300 -41.16316600
v -245.09338400 149.22305300 -41.16316600
v -245.09336900 149.22305300 58.58370590
v -245.09336900 149.22305300 58.58370590
v -245.09336900 149.22305300 58.58370590
v -245.09338400 37.04084780 57.86041260
v -245.09338400 37.04084780 57.86041260
v -245.09338400 37.04084780 57.86041260
v -245.09341400 37.04084780 -41.88645170
v -245.09341400 37.04084780 -41.88645170
v -245.09341400 37.04084780 -41.88645170
v -234.89643900 37.04084780 -41.88645170
v -234.89643900 37.04084780 -41.88645170
v -234.89643900 37.04084780 -41.88645170
v -234.89642300 37.04084780 57.86041260
v -234.89642300 37.04084780 57.86041260
v -234.89642300 37.04084780 57.86041260
v -234.89643900 47.23781590 -41.88645170
v -234.89643900 47.23781590 -41.88645170
v -234.89643900 47.23781590 -41.88645170
v -234.89642300 47.23781590 57.86041260
v -234.89642300 47.23781590 57.86041260
v -234.89642300 47.23781590 57.86041260
v -245.09339900 47.23781590 -41.88645170
v -245.09339900 47.23781590 -41.88645170
v -245.09339900 47.23781590 -41.88645170
v -245.09338400 47.23781590 57.86041260
v -245.09338400 47.23781590 57.86041260
v -245.09338400 47.23781590 57.86041260
v -245.09339900 37.04084780 -34.72192380
v -245.09339900 37.04084780 -34.72192380
v -245.09339900 37.04084780 -34.72192380
v -245.09341400 37.04084780 -134.46879600
v -245.09341400 37.04084780 -134.46879600
v -245.09341400 37.04084780 -134.46879600
v -234.89645400 37.04084780 -134.46879600
v -234.89645400 37.04084780 -134.46879600
v -234.89645400 37.04084780 -134.46879600
v -234.89643900 37.04084780 -34.72192380
v -234.89643900 37.04084780 -34.72192380
v -234.89643900 37.04084780 -34.72192380
v -234.89645400 47.23781590 -134.46879600
v -234.89645400 47.23781590 -134.46879600
v -234.89645400 47.23781590 -134.46879600
v -234.89643900 47.23781590 -34.72192380
v -234.89643900 47.23781590 -34.72192380
v -234.89643900 47.23781590 -34.72192380
v -245.09341400 47.23781590 -134.46879600
v -245.09341400 47.23781590 -134.46879600
v -245.09341400 47.23781590 -134.46879600
v -245.09339900 47.23781590 -34.72192380
v -245.09339900 47.23781590 -34.72192380
v -245.09339900 47.23781590 -34.72192380
v -245.09338400 139.02609300 -34.72192380
v -245.09338400 139.02609300 -34.72192380
v -245.09338400 139.02609300 -34.72192380
v -245.09339900 139.02609300 -134.46879600
v -245.09339900 139.02609300 -134.46879600
v -245.09339900 139.02609300 -134.46879600
v -234.89642300 139.02609300 -134.46879600
v -234.89642300 139.02609300 -134.46879600
v -234.89642300 139.02609300 -134.46879600
v -234.89640800 139.02609300 -34.72192380
v -234.89640800 139.02609300 -34.72192380
v -234.89640800 139.02609300 -34.72192380
v -234.89642300 149.22305300 -134.46879600
v -234.89642300 149.22305300 -134.46879600
v -234.89642300 149.22305300 -134.46879600
v -234.89640800 149.22305300 -34.72192380
v -234.89640800 149.22305300 -34.72192380
v -234.89640800 149.22305300 -34.72192380
v -245.09339900 149.22305300 -134.46879600
v -245.09339900 149.22305300 -134.46879600
v -245.09339900 149.22305300 -134.46879600
v -245.09338400 149.22305300 -34.72192380
v -245.09338400 149.22305300 -34.72192380
v -245.09338400 149.22305300 -34.72192380
v -234.89643900 4.31333923 3.83842564
v -234.89643900 4.31333923 3.83842564
v -234.89643900 4.31333923 3.83842564
v -234.89640800 184.40252700 3.83842564
v -234.89640800 184.40252700 3.83842564
v -234.89640800 184.40252700 3.83842564
v -234.89640800 184.40252700 14.03539660
v -234.89640800 184.40252700 14.03539660
v -234.89640800 184.40252700 14.03539660
v -234.89643900 4.31333923 14.03539660
v -234.89643900 4.31333923 14.03539660
v -234.89643900 4.31333923 14.03539660
v -245.09338400 184.40252700 14.03539750
v -245.09338400 184.40252700 14.03539750
v -245.09338400 184.40252700 14.03539750
v -245.09339900 4.31333923 14.03539750
v -245.09339900 4.31333923 14.03539750
v -245.09339900 4.31333923 14.03539750
v -245.09338400 184.40252700 3.83842707
v -245.09338400 184.40252700 3.83842707
v -245.09338400 184.40252700 3.83842707
v -245.09341400 4.31333923 3.83842707
v -245.09341400 4.31333923 3.83842707
v -245.09341400 4.31333923 3.83842707
v -234.89645400 4.31333923 -91.27415470
v -234.89645400 4.31333923 -91.27415470
v -234.89645400 4.31333923 -91.27415470
v -234.89642300 184.40252700 -91.27415470
v -234.89642300 184.40252700 -91.27415470
v -234.89642300 184.40252700 -91.27415470
v -234.89642300 184.40252700 -81.07718660
v -234.89642300 184.40252700 -81.07718660
v -234.89642300 184.40252700 -81.07718660
v -234.89645400 4.31333923 -81.07718660
v -234.89645400 4.31333923 -81.07718660
v -234.89645400 4.31333923 -81.07718660
v -245.09339900 184.40252700 -81.07718660
v -245.09339900 184.40252700 -81.07718660
v -245.09339900 184.40252700 -81.07718660
v -245.09341400 4.31333923 -81.07718660
v -245.09341400 4.31333923 -81.07718660
v -245.09341400 4.31333923 -81.07718660
v -245.09339900 184.40252700 -91.27415470
v -245.09339900 184.40252700 -91.27415470
v -245.09339900 184.40252700 -91.27415470
v -245.09343000 4.31333923 -91.27415470
v -245.09343000 4.31333923 -91.27415470
v -245.09343000 4.31333923 -91.27415470
v -234.89643900 4.31333923 -42.03918840
v -234.89643900 4.31333923 -42.03918840
v -234.89643900 4.31333923 -42.03918840
v -234.89642300 184.40252700 -42.03918840
v -234.89642300 184.40252700 -42.03918840
v -234.89642300 184.40252700 -42.03918840
v -234.89642300 184.40252700 -36.96903990
v -234.89642300 184.40252700 -36.96903990
v -234.89642300 184.40252700 -36.96903990
v -234.89643900 4.31333923 -36.96903990
v -234.89643900 4.31333923 -36.96903990
v -234.89643900 4.31333923 -36.96903990
v -245.09339900 184.40252700 -36.96903990
v -245.09339900 184.40252700 -36.96903990
v -245.09339900 184.40252700 -36.96903990
v -245.09341400 4.31333923 -36.96903990
v -245.09341400 4.31333923 -36.96903990
v -245.09341400 4.31333923 -36.96903990
v -245.09339900 184.40252700 -42.03918840
v -245.09339900 184.40252700 -42.03918840
v -245.09339900 184.40252700 -42.03918840
v -245.09341400 4.31333923 -42.03918840
v -245.09341400 4.31333923 -42.03918840
v -245.09341400 4.31333923 -42.03918840
v -226.65713500 4.45572662 -147.09576400
v -226.65713500 4.45572662 -147.09576400
v -226.65713500 4.45572662 -147.09576400
v -226.65713500 194.24755900 -147.09576400
v -226.65713500 194.24755900 -147.09576400
v -226.65713500 194.24755900 -147.09576400
v -226.65713500 194.24755900 -138.09997600
v -226.65713500 194.24755900 -138.09997600
v -226.65713500 194.24755900 -138.09997600
v -226.65713500 194.24755900 -138.09997600
v -226.65713500 4.45572662 -138.09997600
v -226.65713500 4.45572662 -138.09997600
v -226.65713500 4.45572662 -138.09997600
v -252.47766100 194.24755900 -138.09997600
v -252.47766100 194.24755900 -138.09997600
v -252.47766100 194.24755900 -138.09997600
v -252.47766100 194.24755900 -138.09997600
v -252.47766100 4.45572662 -138.09997600
v -252.47766100 4.45572662 -138.09997600
v -252.47766100 4.45572662 -138.09997600
v -252.47766100 194.24755900 -147.09576400
v -252.47766100 194.24755900 -147.09576400
v -252.47766100 194.24755900 -147.09576400
v -252.47766100 4.45572662 -147.09576400
v -252.47766100 4.45572662 -147.09576400
v -252.47766100 4.45572662 -147.09576400
v -252.47766100 200.66380300 -138.09997600
v -252.47766100 200.66380300 -138.09997600
v -252.47766100 200.66380300 -138.09997600
v -252.47766100 200.66380300 -138.09997600
v -226.65713500 200.66380300 -138.09997600
v -226.65713500 200.66380300 -138.09997600
v -226.65713500 200.66380300 -138.09997600
v -226.65713500 200.66380300 -138.09997600
v -226.65713500 200.66380300 -147.09576400
v -226.65713500 200.66380300 -147.09576400
v -226.65713500 200.66380300 -147.09576400
v -252.47766100 200.66380300 -147.09576400
v -252.47766100 200.66380300 -147.09576400
v -252.47766100 200.66380300 -147.09576400
v -226.65713500 4.45572662 59.64712520
v -226.65713500 4.45572662 59.64712520
v -226.65713500 4.45572662 59.64712520
v -226.65713500 194.24755900 59.64712520
v -226.65713500 194.24755900 59.64712520
v -226.65713500 194.24755900 59.64712520
v -226.65713500 194.24755900 59.64712520
v -226.65713500 194.24755900 68.64292910
v -226.65713500 194.24755900 68.64292910
v -226.65713500 194.24755900 68.64292910
v -226.65713500 194.24755900 68.64292910
v -226.65713500 4.45572662 68.64292910
v -226.65713500 4.45572662 68.64292910
v -226.65713500 4.45572662 68.64292910
v -252.47766100 194.24755900 68.64292910
v -252.47766100 194.24755900 68.64292910
v -252.47766100 194.24755900 68.64292910
v -252.47766100 194.24755900 68.64292910
v -252.47766100 4.45572662 68.64292910
v -252.47766100 4.45572662 68.64292910
v -252.47766100 4.45572662 68.64292910
v -252.47766100 194.24755900 59.64712520
v -252.47766100 194.24755900 59.64712520
v -252.47766100 194.24755900 59.64712520
v -252.47766100 194.24755900 59.64712520
v -252.47766100 4.45572662 59.64712520
v -252.47766100 4.45572662 59.64712520
v -252.47766100 4.45572662 59.64712520
v -252.47766100 200.66380300 68.64292910
v -252.47766100 200.66380300 68.64292910
v -252.47766100 200.66380300 68.64292910
v -226.65713500 200.66380300 68.64292910
v -226.65713500 200.66380300 68.64292910
v -226.65713500 200.66380300 68.64292910
v -226.65713500 200.66380300 59.64712520
v -226.65713500 200.66380300 59.64712520
v -226.65713500 200.66380300 59.64712520
v -226.65713500 200.66380300 59.64712520
v -252.47766100 200.66380300 59.64712520
v -252.47766100 200.66380300 59.64712520
v -252.47766100 200.66380300 59.64712520
v -252.47766100 200.66380300 59.64712520
v -252.47766100 200.66378800 -138.65724200
v -252.47766100 200.66378800 -138.65724200
v -252.47766100 200.66378800 -138.65724200
v -252.47766100 194.24755900 -138.65724200
v -252.47766100 194.24755900 -138.65724200
v -252.47766100 194.24755900 -138.65724200
v -226.65713500 194.24755900 -138.65724200
v -226.65713500 194.24755900 -138.65724200
v -226.65713500 194.24755900 -138.65724200
v -226.65713500 200.66378800 -138.65724200
v -226.65713500 200.66378800 -138.65724200
v -226.65713500 200.66378800 -138.65724200
v -227.57498200 4.06334686 -138.16653400
v -227.57498200 4.06334686 -138.16653400
v -227.57498200 4.06334686 -138.16653400
v -227.57498200 4.06334686 59.43920140
v -227.57498200 4.06334686 59.43920140
v -227.57498200 4.06334686 59.43920140
v -227.57498200 194.23242200 59.43920140
v -227.57498200 194.23242200 59.43920140
v -227.57498200 194.23242200 59.43920140
v -227.57498200 194.23242200 -138.16653400
v -227.57498200 194.23242200 -138.16653400
v -227.57498200 194.23242200 -138.16653400
v -247.09556600 194.23242200 -138.16653400
v -247.09556600 194.23242200 -138.16653400
v -247.09556600 194.23242200 -138.16653400
v -247.09556600 194.23242200 -138.16653400
v -247.09556600 4.06334686 -138.16653400
v -247.09556600 4.06334686 -138.16653400
v -247.09556600 4.06334686 -138.16653400
v -247.09556600 4.06334686 -138.16653400
v -247.09556600 4.46440125 -130.29681400
v -247.09556600 4.46440125 -130.29681400
v -247.09556600 4.46440125 -130.29681400
v -247.09556600 4.46440125 -130.29681400
v -247.09556600 178.91714500 -130.29681400
v -247.09556600 178.91714500 -130.29681400
v -247.09556600 178.91714500 -130.29681400
v -247.09556600 178.91714500 -130.29681400
v -247.09556600 4.06334686 59.43920140
v -247.09556600 4.06334686 59.43920140
v -247.09556600 4.06334686 59.43920140
v -247.09556600 4.06334686 59.43920140
v -247.09556600 194.23242200 59.43920140
v -247.09556600 194.23242200 59.43920140
v -247.09556600 194.23242200 59.43920140
v -247.09556600 194.23242200 59.43920140
v -247.09556600 4.46440125 51.56948850
v -247.09556600 4.46440125 51.56948850
v -247.09556600 4.46440125 51.56948850
v -247.09556600 4.46440125 51.56948850
v -239.60366800 4.46440125 51.56948850
v -239.60366800 4.46440125 51.56948850
v -239.60366800 4.46440125 51.56948850
v -239.60366800 4.46440125 -130.29681400
v -239.60366800 4.46440125 -130.29681400
v -239.60366800 4.46440125 -130.29681400
v -247.09556600 178.91714500 51.56948850
v -247.09556600 178.91714500 51.56948850
v -247.09556600 178.91714500 51.56948850
v -247.09556600 178.91714500 51.56948850
v -239.60366800 178.91714500 51.56948850
v -239.60366800 178.91714500 51.56948850
v -239.60366800 178.91714500 51.56948850
v -239.60366800 178.91714500 -130.29681400
v -239.60366800 178.91714500 -130.29681400
v -239.60366800 178.91714500 -130.29681400
v 269.62402300 329.98831200 -50.22367860
v 269.62402300 329.98831200 -50.22367860
v 269.62402300 329.98831200 -50.22367860
v 269.62402300 610.04657000 -50.22367860
v 269.62402300 610.04657000 -50.22367860
v 269.62402300 610.04657000 -50.22367860
v 269.62402300 610.04657000 -50.22367860
v 269.62402300 576.81762700 -29.94228360
v 269.62402300 576.81762700 -29.94228360
v 269.62402300 576.81762700 -29.94228360
v 269.62402300 576.81762700 -29.94228360
v 269.62402300 477.35028100 -29.94228360
v 269.62402300 477.35028100 -29.94228360
v 269.62402300 477.35028100 -29.94228360
v 269.62402300 477.35034200 88.88706210
v 269.62402300 477.35034200 88.88706210
v 269.62402300 477.35034200 88.88706210
v 269.62402300 477.35034200 88.88706210
v 269.62402300 610.04657000 103.75569900
v 269.62402300 610.04657000 103.75569900
v 269.62402300 610.04657000 103.75569900
v 269.62402300 610.04657000 103.75569900
v 269.62402300 610.04657000 103.75569900
v 269.62402300 610.04657000 103.75569900
v 269.62402300 329.98831200 103.75569900
v 269.62402300 329.98831200 103.75569900
v 269.62402300 329.98831200 103.75569900
v 269.62402300 329.98831200 103.75569900
v 433.62255900 610.04657000 103.75569900
v 433.62255900 610.04657000 103.75569900
v 433.62255900 610.04657000 103.75569900
v 433.62255900 610.04657000 103.75569900
v 433.62255900 610.04657000 103.75569900
v 416.72961400 610.04657000 103.75569900
v 416.72961400 610.04657000 103.75569900
v 416.72961400 610.04657000 103.75569900
v 416.72961400 610.04657000 103.75569900
v 416.72961400 610.04657000 103.75569900
v 416.72961400 610.04657000 116.91965500
v 416.72961400 610.04657000 116.91965500
v 416.72961400 610.04657000 116.91965500
v 433.62255900 610.04657000 116.91965500
v 433.62255900 610.04657000 116.91965500
v 433.62255900 610.04657000 116.91965500
v 252.73107900 329.98831200 103.75569900
v 252.73107900 329.98831200 103.75569900
v 252.73107900 329.98831200 103.75569900
v 252.73107900 610.04657000 103.75569900
v 252.73107900 610.04657000 103.75569900
v 252.73107900 610.04657000 103.75569900
v 252.73107900 610.04657000 103.75569900
v 252.73107900 576.81768800 88.88706210
v 252.73107900 576.81768800 88.88706210
v 252.73107900 576.81768800 88.88706210
v 252.73107900 576.81768800 88.88706210
v 252.73107900 477.35034200 88.88706210
v 252.73107900 477.35034200 88.88706210
v 252.73107900 477.35034200 88.88706210
v 252.73107900 477.35028100 -29.94228360
v 252.73107900 477.35028100 -29.94228360
v 252.73107900 477.35028100 -29.94228360
v 252.73107900 477.35028100 -29.94228360
v 252.73107900 610.04657000 -50.22367860
v 252.73107900 610.04657000 -50.22367860
v 252.73107900 610.04657000 -50.22367860
v 252.73107900 610.04657000 -50.22367860
v 252.73107900 329.98831200 -50.22367860
v 252.73107900 329.98831200 -50.22367860
v 252.73107900 329.98831200 -50.22367860
v 433.62255900 329.98831200 -50.22367860
v 433.62255900 329.98831200 -50.22367860
v 433.62255900 329.98831200 -50.22367860
v 433.62255900 329.98831200 -50.22367860
v 433.62255900 610.04657000 -50.22367860
v 433.62255900 610.04657000 -50.22367860
v 433.62255900 610.04657000 -50.22367860
v 433.62255900 610.04657000 -50.22367860
v 433.62255900 610.04657000 -50.22367860
v 433.62255900 576.81762700 -29.94228360
v 433.62255900 576.81762700 -29.94228360
v 433.62255900 576.81762700 -29.94228360
v 433.62255900 576.81762700 -29.94228360
v 433.62255900 477.35028100 -29.94228360
v 433.62255900 477.35028100 -29.94228360
v 433.62255900 477.35028100 -29.94228360
v 433.62255900 477.35034200 88.88706210
v 433.62255900 477.35034200 88.88706210
v 433.62255900 477.35034200 88.88706210
v 433.62255900 477.35034200 88.88706210
v 433.62255900 329.98831200 103.75569900
v 433.62255900 329.98831200 103.75569900
v 433.62255900 329.98831200 103.75569900
v 433.62255900 329.98831200 103.75569900
v 282.08624300 576.81768800 103.75569900
v 282.08624300 576.81768800 103.75569900
v 282.08624300 576.81768800 103.75569900
v 282.08624300 576.81768800 103.75569900
v 282.08624300 477.35034200 103.75569900
v 282.08624300 477.35034200 103.75569900
v 282.08624300 477.35034200 103.75569900
v 400.91558800 477.35034200 103.75569900
v 400.91558800 477.35034200 103.75569900
v 400.91558800 477.35034200 103.75569900
v 400.91558800 477.35034200 103.75569900
v 416.75250200 610.04657000 103.75569900
v 416.75250200 610.04657000 103.75569900
v 416.75250200 610.04657000 103.75569900
v 416.75250200 610.04657000 103.75569900
v 416.75250200 329.98831200 103.75569900
v 416.75250200 329.98831200 103.75569900
v 416.75250200 329.98831200 103.75569900
v 416.72961400 329.98831200 103.75569900
v 416.72961400 329.98831200 103.75569900
v 416.72961400 329.98831200 103.75569900
v 416.72961400 329.98831200 103.75569900
v 416.72961400 576.81768800 88.88706210
v 416.72961400 576.81768800 88.88706210
v 416.72961400 576.81768800 88.88706210
v 416.72961400 576.81768800 88.88706210
v 416.72961400 477.35034200 88.88706210
v 416.72961400 477.35034200 88.88706210
v 416.72961400 477.35034200 88.88706210
v 416.72961400 477.35028100 -29.94228360
v 416.72961400 477.35028100 -29.94228360
v 416.72961400 477.35028100 -29.94228360
v 416.72961400 477.35028100 -29.94228360
v 416.72961400 610.04657000 -50.22367860
v 416.72961400 610.04657000 -50.22367860
v 416.72961400 610.04657000 -50.22367860
v 416.72961400 610.04657000 -50.22367860
v 416.72961400 610.04657000 -50.22367860
v 416.72961400 610.04657000 -50.22367860
v 416.72961400 329.98831200 -50.22367860
v 416.72961400 329.98831200 -50.22367860
v 416.72961400 329.98831200 -50.22367860
v 416.72961400 329.98831200 -50.22367860
v 433.62255900 329.98831200 -61.72093960
v 433.62255900 329.98831200 -61.72093960
v 433.62255900 329.98831200 -61.72093960
v 433.62255900 610.04657000 -61.72093960
v 433.62255900 610.04657000 -61.72093960
v 433.62255900 610.04657000 -61.72093960
v 269.62402300 329.98831200 116.91965500
v 269.62402300 329.98831200 116.91965500
v 269.62402300 610.04657000 116.91965500
v 269.62402300 610.04657000 116.91965500
v 269.62402300 610.04657000 116.91965500
v 252.73107900 610.04657000 116.91965500
v 252.73107900 610.04657000 116.91965500
v 252.73107900 610.04657000 116.91965500
v 252.73107900 329.98831200 116.91965500
v 252.73107900 329.98831200 116.91965500
v 252.73107900 329.98831200 116.91965500
v 433.62255900 329.98831200 116.91965500
v 433.62255900 329.98831200 116.91965500
v 433.62255900 329.98831200 116.91965500
v 416.72961400 329.98831200 116.91965500
v 416.72961400 329.98831200 116.91965500
v 416.72961400 329.98831200 116.91965500
v 416.75250200 610.04657000 116.91965500
v 416.75250200 610.04657000 116.91965500
v 416.75250200 610.04657000 116.91965500
v 416.75250200 610.04657000 116.91965500
v 416.75250200 329.98831200 116.91965500
v 416.75250200 329.98831200 116.91965500
v 416.75250200 329.98831200 116.91965500
v 282.08624300 477.35034200 116.91965500
v 282.08624300 477.35034200 116.91965500
v 282.08624300 477.35034200 116.91965500
v 282.08624300 477.35034200 116.91965500
v 282.08624300 576.81768800 116.91965500
v 282.08624300 576.81768800 116.91965500
v 282.08624300 576.81768800 116.91965500
v 400.91558800 576.81768800 116.91965500
v 400.91558800 576.81768800 116.91965500
v 400.91558800 576.81768800 116.91965500
v 400.91558800 576.81768800 116.91965500
v 416.72961400 329.98831200 -61.72093960
v 416.72961400 329.98831200 -61.72093960
v 416.72961400 329.98831200 -61.72093960
v 416.72961400 610.04657000 -61.72093960
v 416.72961400 610.04657000 -61.72093960
v 416.72961400 610.04657000 -61.72093960
v 416.72961400 610.04657000 -61.72093960
v 253.07362400 610.04657000 -61.72093960
v 253.07362400 610.04657000 -61.72093960
v 253.07362400 610.04657000 -61.72093960
v 253.07362400 610.04657000 -61.72093960
v 253.07362400 610.04657000 -50.22367860
v 253.07362400 610.04657000 -50.22367860
v 253.07362400 610.04657000 -50.22367860
v 253.07362400 610.04657000 -50.22367860
v 253.07362400 329.98831200 -50.22367860
v 253.07362400 329.98831200 -50.22367860
v 253.07362400 329.98831200 -50.22367860
v 253.07362400 329.98831200 -61.72093960
v 253.07362400 329.98831200 -61.72093960
v 253.07362400 329.98831200 -61.72093960
v 400.91558800 477.35031100 -61.72093960
v 400.91558800 477.35031100 -61.72093960
v 400.91558800 477.35031100 -61.72093960
v 400.91558800 477.35031100 -61.72093960
v 400.91558800 576.81762700 -61.72093960
v 400.91558800 576.81762700 -61.72093960
v 400.91558800 576.81762700 -61.72093960
v 282.08624300 576.81762700 -61.72093960
v 282.08624300 576.81762700 -61.72093960
v 282.08624300 576.81762700 -61.72093960
v 282.08624300 576.81762700 -61.72093960
v 400.91558800 576.81762700 -50.22367860
v 400.91558800 576.81762700 -50.22367860
v 400.91558800 576.81762700 -50.22367860
v 400.91558800 576.81762700 -50.22367860
v 400.91558800 477.35031100 -50.22367860
v 400.91558800 477.35031100 -50.22367860
v 400.91558800 477.35031100 -50.22367860
v 282.08624300 477.35031100 -50.22367860
v 282.08624300 477.35031100 -50.22367860
v 282.08624300 477.35031100 -50.22367860
v 282.08624300 477.35031100 -50.22367860
v 282.08624300 477.35031100 -61.72093960
v 282.08624300 477.35031100 -61.72093960
v 282.08624300 477.35031100 -61.72093960
v 282.08624300 576.81762700 -50.22367860
v 282.08624300 576.81762700 -50.22367860
v 282.08624300 576.81762700 -50.22367860
v 433.62255900 576.81768800 88.88706210
v 433.62255900 576.81768800 88.88706210
v 433.62255900 576.81768800 88.88706210
v 416.72961400 576.81762700 -29.94228360
v 416.72961400 576.81762700 -29.94228360
v 416.72961400 576.81762700 -29.94228360
v 400.91558800 477.35034200 116.91965500
v 400.91558800 477.35034200 116.91965500
v 400.91558800 477.35034200 116.91965500
v 400.91558800 576.81768800 103.75569900
v 400.91558800 576.81768800 103.75569900
v 400.91558800 576.81768800 103.75569900
v 269.62402300 576.81768800 88.88706210
v 269.62402300 576.81768800 88.88706210
v 269.62402300 576.81768800 88.88706210
v 252.73107900 576.81762700 -29.94228360
v 252.73107900 576.81762700 -29.94228360
v 252.73107900 576.81762700 -29.94228360
v 608.78051800 294.01226800 269.66571000
v 608.78051800 294.01226800 269.66571000
v 608.78051800 294.01226800 269.66571000
v 608.78051800 471.87362700 -51.16478730
v 608.78051800 471.87362700 -51.16478730
v 608.78051800 471.87362700 -51.16478730
v 608.78051800 471.87362700 -51.16478730
v 608.78051800 478.12970000 -47.46642300
v 608.78051800 478.12970000 -47.46642300
v 608.78051800 478.12970000 -47.46642300
v 608.78051800 478.12970000 -47.46642300
v 608.78051800 478.12970000 -47.46642300
v 608.78051800 300.26834100 273.36404400
v 608.78051800 300.26834100 273.36404400
v 608.78051800 300.26834100 273.36404400
v -262.27255200 478.12970000 -47.46642300
v -262.27255200 478.12970000 -47.46642300
v -262.27255200 478.12970000 -47.46642300
v -262.27255200 478.12970000 -47.46642300
v -262.27255200 478.12970000 -47.46642300
v -262.27255200 300.26834100 273.36404400
v -262.27255200 300.26834100 273.36404400
v -262.27255200 300.26834100 273.36404400
v 67.37284090 300.26834100 273.36404400
v 67.37284090 300.26834100 273.36404400
v 67.37284090 300.26834100 273.36404400
v 77.81636050 310.22454800 255.40478500
v 77.81636050 310.22454800 255.40478500
v 77.81636050 310.22454800 255.40478500
v 94.67437740 310.22454800 255.40478500
v 94.67437740 310.22454800 255.40478500
v 94.67437740 310.22454800 255.40478500
v 84.23079680 300.26834100 273.36404400
v 84.23079680 300.26834100 273.36404400
v 84.23079680 300.26834100 273.36404400
v 132.75859100 300.26834100 273.36404400
v 132.75859100 300.26834100 273.36404400
v 132.75859100 300.26834100 273.36404400
v 122.31503300 310.22454800 255.40481600
v 122.31503300 310.22454800 255.40481600
v 122.31503300 310.22454800 255.40481600
v 139.17303500 310.22454800 255.40481600
v 139.17303500 310.22454800 255.40481600
v 139.17303500 310.22454800 255.40481600
v 149.61657700 300.26834100 273.36404400
v 149.61657700 300.26834100 273.36404400
v 149.61657700 300.26834100 273.36404400
v -262.27255200 471.87362700 -51.16478730
v -262.27255200 471.87362700 -51.16478730
v -262.27255200 471.87362700 -51.16478730
v -262.27255200 294.01226800 269.66571000
v -262.27255200 294.01226800 269.66571000
v -262.27255200 294.01226800 269.66571000
v 156.17886400 294.01226800 269.66571000
v 156.17886400 294.01226800 269.66571000
v 156.17886400 294.01226800 269.66571000
v 147.88597100 301.91821300 255.40481600
v 147.88597100 301.91821300 255.40481600
v 147.88597100 301.91821300 255.40481600
v 131.02796900 301.91821300 255.40481600
v 131.02796900 301.91821300 255.40481600
v 131.02796900 301.91821300 255.40481600
v 139.32089200 294.01226800 269.66571000
v 139.32089200 294.01226800 269.66571000
v 139.32089200 294.01226800 269.66571000
v 77.66848750 294.01226800 269.66571000
v 77.66848750 294.01226800 269.66571000
v 77.66848750 294.01226800 269.66571000
v 85.96142580 301.91821300 255.40478500
v 85.96142580 301.91821300 255.40478500
v 85.96142580 301.91821300 255.40478500
v 69.10340880 301.91821300 255.40478500
v 69.10340880 301.91821300 255.40478500
v 69.10340880 301.91821300 255.40478500
v 60.81049350 294.01226800 269.66571000
v 60.81049350 294.01226800 269.66571000
v 60.81049350 294.01226800 269.66571000
v -262.27261400 290.26269500 -357.27816800
v -262.27261400 290.26269500 -357.27816800
v -262.27261400 290.26269500 -357.27816800
v -262.27261400 471.88638300 -51.14751430
v -262.27261400 471.88638300 -51.14751430
v -262.27261400 471.88638300 -51.14751430
v -262.27261400 471.88638300 -51.14751430
v -262.27261400 478.14245600 -54.84584810
v -262.27261400 478.14245600 -54.84584810
v -262.27261400 478.14245600 -54.84584810
v -262.27261400 478.14245600 -54.84584810
v -262.27261400 478.14245600 -54.84584810
v -262.27261400 296.51876800 -360.97650100
v -262.27261400 296.51876800 -360.97650100
v -262.27261400 296.51876800 -360.97650100
v 608.78039600 478.14245600 -54.84584810
v 608.78039600 478.14245600 -54.84584810
v 608.78039600 478.14245600 -54.84584810
v 608.78039600 478.14245600 -54.84584810
v 608.78039600 478.14245600 -54.84584810
v 608.78039600 296.51876800 -360.97650100
v 608.78039600 296.51876800 -360.97650100
v 608.78039600 296.51876800 -360.97650100
v 608.78039600 471.88638300 -51.14751430
v 608.78039600 471.88638300 -51.14751430
v 608.78039600 471.88638300 -51.14751430
v 608.78039600 290.26269500 -357.27816800
v 608.78039600 290.26269500 -357.27816800
v 608.78039600 290.26269500 -357.27816800
v 34.49880980 5.14460754 231.43957500
v 34.49880980 5.14460754 231.43957500
v 34.49880980 5.14460754 231.43957500
v 34.49880980 234.31248500 231.43957500
v 34.49880980 234.31248500 231.43957500
v 34.49880980 234.31248500 231.43957500
v 34.49880980 234.31248500 231.43957500
v 34.49880980 234.31248500 400.71109000
v 34.49880980 234.31248500 400.71109000
v 34.49880980 234.31248500 400.71109000
v 34.49880980 234.31248500 400.71109000
v 34.49880980 5.14460754 400.71109000
v 34.49880980 5.14460754 400.71109000
v 34.49880980 5.14460754 400.71109000
v 34.49880980 5.14460754 400.71109000
v 181.28814700 234.31248500 400.71109000
v 181.28814700 234.31248500 400.71109000
v 181.28814700 234.31248500 418.23843400
v 181.28814700 234.31248500 418.23843400
v 181.28814700 234.31248500 418.23843400
v 181.28814700 234.31248500 418.23843400
v 181.28814700 254.00351000 418.23843400
v 181.28814700 254.00351000 418.23843400
v 181.28814700 254.00351000 418.23843400
v 181.28814700 254.00351000 400.71109000
v 181.28814700 254.00351000 400.71109000
v 17.64220430 5.14460754 400.71109000
v 17.64220430 5.14460754 400.71109000
v 17.64220430 5.14460754 400.71109000
v 17.64220430 5.14460754 400.71109000
v 17.64220430 234.31248500 400.71109000
v 17.64220430 234.31248500 400.71109000
v 17.64220430 234.31248500 231.43957500
v 17.64220430 234.31248500 231.43957500
v 17.64220430 234.31248500 231.43957500
v 17.64220430 5.14460754 231.43957500
v 17.64220430 5.14460754 231.43957500
v 17.64220430 5.14460754 231.43957500
v 17.64220430 234.31248500 418.23843400
v 17.64220430 234.31248500 418.23843400
v 17.64220430 234.31248500 418.23843400
v 17.64220430 234.31248500 418.23843400
v 34.49880980 234.31248500 418.23843400
v 34.49880980 234.31248500 418.23843400
v 34.49880980 234.31248500 418.23843400
v 34.49880980 252.85716200 418.23843400
v 34.49880980 252.85716200 418.23843400
v 34.49880980 252.85716200 418.23843400
v 17.64220430 236.78720100 418.23843400
v 17.64220430 236.78720100 418.23843400
v 17.64220430 236.78720100 418.23843400
v 198.14476000 5.14460754 231.43957500
v 198.14476000 5.14460754 231.43957500
v 198.14476000 5.14460754 231.43957500
v 198.14476000 234.31248500 231.43957500
v 198.14476000 234.31248500 231.43957500
v 198.14476000 234.31248500 231.43957500
v 198.14476000 234.31248500 400.71109000
v 198.14476000 234.31248500 400.71109000
v 198.14476000 5.14460754 400.71109000
v 198.14476000 5.14460754 400.71109000
v 198.14476000 5.14460754 400.71109000
v 198.14476000 5.14460754 400.71109000
v 181.31094400 234.31248500 400.71109000
v 181.31094400 234.31248500 400.71109000
v 181.31094400 234.31248500 400.71109000
v 181.31094400 234.31248500 400.71109000
v 181.31094400 5.14460754 400.71109000
v 181.31094400 5.14460754 400.71109000
v 181.31094400 5.14460754 400.71109000
v 181.28814700 5.14460754 400.71109000
v 181.28814700 5.14460754 400.71109000
v 181.28814700 5.14460754 400.71109000
v 181.28814700 5.14460754 400.71109000
v 181.28814700 234.31248500 231.43957500
v 181.28814700 234.31248500 231.43957500
v 181.28814700 234.31248500 231.43957500
v 181.28814700 5.14460754 231.43957500
v 181.28814700 5.14460754 231.43957500
v 181.28814700 5.14460754 231.43957500
v 17.64220430 236.78720100 231.43957500
v 17.64220430 236.78720100 231.43957500
v 17.64220430 236.78720100 231.43957500
v 34.49880980 252.85716200 231.43957500
v 34.49880980 252.85716200 231.43957500
v 34.49880980 252.85716200 231.43957500
v 34.49880980 5.14460754 418.23843400
v 34.49880980 5.14460754 418.23843400
v 17.64220430 5.14460754 418.23843400
v 17.64220430 5.14460754 418.23843400
v 17.64220430 5.14460754 418.23843400
v 198.14476000 5.14460754 418.23843400
v 198.14476000 5.14460754 418.23843400
v 198.14476000 5.14460754 418.23843400
v 198.14476000 234.31248500 418.23843400
v 198.14476000 234.31248500 418.23843400
v 198.14476000 234.31248500 418.23843400
v 198.14476000 234.31248500 418.23843400
v 181.28814700 5.14460754 418.23843400
v 181.28814700 5.14460754 418.23843400
v 181.28814700 5.14460754 418.23843400
v 34.49880980 252.85716200 400.71109000
v 34.49880980 252.85716200 400.71109000
v 34.49880980 252.85716200 400.71109000
v 181.31094400 234.31248500 418.23843400
v 181.31094400 234.31248500 418.23843400
v 181.31094400 234.31248500 418.23843400
v 181.31094400 234.31248500 418.23843400
v 181.31094400 5.14460754 418.23843400
v 181.31094400 5.14460754 418.23843400
v 181.31094400 5.14460754 418.23843400
v 181.31094400 253.98178100 418.23843400
v 181.31094400 253.98178100 418.23843400
v 181.31094400 253.98178100 418.23843400
v 108.13536800 323.74249300 418.23843400
v 108.13536800 323.74249300 418.23843400
v 108.13536800 323.74249300 418.23843400
v 111.52615400 320.18243400 418.23843400
v 111.52615400 320.18243400 418.23843400
v 111.52615400 320.18243400 418.23843400
v 105.46331000 320.18243400 418.23843400
v 105.46331000 320.18243400 418.23843400
v 105.46331000 320.18243400 418.23843400
v 108.85404200 323.74255400 418.23840300
v 108.85404200 323.74255400 418.23840300
v 108.85404200 323.74255400 418.23840300
v 175.37496900 225.04664600 418.23843400
v 175.37496900 225.04664600 418.23843400
v 175.37496900 225.04664600 418.23843400
v 175.37496900 9.61657715 418.23843400
v 175.37496900 9.61657715 418.23843400
v 175.37496900 9.61657715 418.23843400
v 181.31094400 253.98178100 400.71109000
v 181.31094400 253.98178100 400.71109000
v 181.31094400 253.98178100 400.71109000
v 181.28814700 254.00351000 231.43957500
v 181.28814700 254.00351000 231.43957500
v 181.28814700 254.00351000 231.43957500
v 198.14476000 237.93356300 400.71109000
v 198.14476000 237.93356300 400.71109000
v 198.14476000 237.93356300 418.23843400
v 198.14476000 237.93356300 418.23843400
v 198.14476000 237.93356300 418.23843400
v 198.14476000 237.93356300 231.43957500
v 198.14476000 237.93356300 231.43957500
v 198.14476000 237.93356300 231.43957500
v 108.85404200 323.74255400 400.71109000
v 108.85404200 323.74255400 400.71109000
v 108.85404200 323.74255400 400.71109000
v 105.46331000 320.18243400 400.71109000
v 105.46331000 320.18243400 400.71109000
v 105.46331000 320.18243400 400.71109000
v 111.52615400 320.18243400 400.71109000
v 111.52615400 320.18243400 400.71109000
v 111.52615400 320.18243400 400.71109000
v 108.13536800 323.74249300 400.71106000
v 108.13536800 323.74249300 400.71106000
v 108.13536800 323.74249300 400.71106000
v 17.64220430 236.78720100 400.71109000
v 17.64220430 236.78720100 400.71109000
v 40.43480680 9.61657715 418.23843400
v 40.43480680 9.61657715 418.23843400
v 40.43480680 9.61657715 418.23843400
v 175.37496900 9.61657715 411.06573500
v 175.37496900 9.61657715 411.06573500
v 175.37496900 9.61657715 411.06573500
v 175.37496900 9.61657715 411.06573500
v 40.43480680 9.61657715 411.06573500
v 40.43480680 9.61657715 411.06573500
v 40.43480680 9.61657715 411.06573500
v 40.43480680 9.61657715 411.06573500
v 40.43480680 225.04664600 418.23843400
v 40.43480680 225.04664600 418.23843400
v 40.43480680 225.04664600 418.23843400
v 175.37496900 225.04664600 411.06573500
v 175.37496900 225.04664600 411.06573500
v 175.37496900 225.04664600 411.06573500
v 175.37496900 225.04664600 411.06573500
v 168.12139900 217.23303200 411.06573500
v 168.12139900 217.23303200 411.06573500
v 168.12139900 217.23303200 411.06573500
v 168.12139900 217.23303200 411.06573500
v 168.12139900 17.43018340 411.06573500
v 168.12139900 17.43018340 411.06573500
v 168.12139900 17.43018340 411.06573500
v 168.12139900 17.43018340 411.06573500
v 40.43480680 225.04664600 411.06573500
v 40.43480680 225.04664600 411.06573500
v 40.43480680 225.04664600 411.06573500
v 40.43480680 225.04664600 411.06573500
v 47.68836980 217.23303200 411.06573500
v 47.68836980 217.23303200 411.06573500
v 47.68836980 217.23303200 411.06573500
v 47.68836980 217.23303200 411.06573500
v 47.68836980 217.23303200 403.60995500
v 47.68836980 217.23303200 403.60995500
v 47.68836980 217.23303200 403.60995500
v 168.12139900 217.23303200 403.60995500
v 168.12139900 217.23303200 403.60995500
v 168.12139900 217.23303200 403.60995500
v 47.68836980 17.43018340 411.06573500
v 47.68836980 17.43018340 411.06573500
v 47.68836980 17.43018340 411.06573500
v 47.68836980 17.43018340 411.06573500
v 47.68836980 17.43018340 403.60995500
v 47.68836980 17.43018340 403.60995500
v 47.68836980 17.43018340 403.60995500
v 168.12139900 17.43018340 403.60995500
v 168.12139900 17.43018340 403.60995500
v 168.12139900 17.43018340 403.60995500
f 1 4 7
f 7 10 1
f 12 8 14
f 14 16 12
f 17 13 21
f 21 22 17
f 23 20 5
f 5 3 23
f 11 18 24
f 24 2 11
f 15 9 6
f 6 19 15
f 25 30 31
f 31 36 25
f 34 32 37
f 37 42 34
f 41 38 44
f 44 47 41
f 48 43 28
f 28 27 48
f 35 40 46
f 46 26 35
f 39 33 29
f 29 45 39
f 49 50 51
f 51 52 49
f 53 54 55
f 55 56 53
f 57 62 64
f 64 68 57
f 66 63 70
f 70 74 66
f 73 69 75
f 75 80 73
f 79 76 60
f 60 58 79
f 67 72 78
f 78 59 67
f 71 65 61
f 61 77 71
f 82 85 89
f 89 90 82
f 92 87 94
f 94 97 92
f 96 93 99
f 99 104 96
f 103 101 86
f 86 83 103
f 91 98 102
f 102 81 91
f 95 88 84
f 84 100 95
f 106 108 113
f 113 115 106
f 116 112 117
f 117 122 116
f 120 118 123
f 123 126 120
f 128 124 109
f 109 105 128
f 114 121 127
f 127 107 114
f 119 111 110
f 110 125 119
f 129 132 136
f 136 140 129
f 138 135 143
f 143 145 138
f 146 141 149
f 149 150 146
f 152 148 133
f 133 131 152
f 139 144 151
f 151 130 139
f 142 137 134
f 134 147 142
f 154 157 161
f 161 164 154
f 163 160 166
f 166 169 163
f 168 167 171
f 171 174 168
f 176 173 158
f 158 153 176
f 162 170 175
f 175 155 162
f 165 159 156
f 156 172 165
f 177 180 184
f 184 186 177
f 187 185 190
f 190 192 187
f 194 189 195
f 195 200 194
f 198 196 182
f 182 179 198
f 188 193 199
f 199 178 188
f 191 183 181
f 181 197 191
f 203 205 209
f 209 211 203
f 210 207 214
f 214 218 210
f 216 215 220
f 220 224 216
f 223 221 204
f 204 202 223
f 212 217 222
f 222 201 212
f 213 208 206
f 206 219 213
f 226 230 232
f 232 236 226
f 235 231 238
f 238 240 235
f 242 237 244
f 244 247 242
f 246 243 228
f 228 225 246
f 234 241 248
f 248 227 234
f 239 233 229
f 229 245 239
f 250 254 257
f 257 260 250
f 258 255 261
f 261 264 258
f 265 262 269
f 269 271 265
f 272 268 252
f 252 249 272
f 259 266 270
f 270 251 259
f 263 256 253
f 253 267 263
f 273 277 281
f 281 284 273
f 282 280 285
f 285 288 282
f 290 287 293
f 293 294 290
f 296 292 276
f 276 274 296
f 283 289 295
f 295 275 283
f 286 279 278
f 278 291 286
f 297 302 303
f 303 308 297
f 307 304 310
f 310 312 307
f 314 311 316
f 316 320 314
f 318 317 300
f 300 299 318
f 306 313 319
f 319 298 306
f 309 305 301
f 301 315 309
f 322 326 328
f 328 331 322
f 330 327 333
f 333 337 330
f 336 334 340
f 340 344 336
f 343 339 324
f 324 321 343
f 332 338 342
f 342 323 332
f 335 329 325
f 325 341 335
f 347 350 352
f 352 355 347
f 354 353 358
f 358 361 354
f 362 359 364
f 364 368 362
f 366 363 349
f 349 345 366
f 356 360 367
f 367 346 356
f 357 351 348
f 348 365 357
f 370 372 376
f 376 379 370
f 380 377 383
f 383 385 380
f 386 382 389
f 389 390 386
f 392 387 374
f 374 369 392
f 378 384 391
f 391 371 378
f 381 375 373
f 373 388 381
f 394 397 401
f 401 402 394
f 403 400 405
f 405 408 403
f 410 407 413
f 413 416 410
f 415 411 398
f 398 393 415
f 404 409 414
f 414 395 404
f 406 399 396
f 396 412 406
f 419 420 423
f 423 426 419
f 427 425 429
f 429 433 427
f 432 431 437
f 437 438 432
f 439 435 421
f 421 418 439
f 428 434 440
f 440 417 428
f 430 424 422
f 422 436 430
f 443 444 449
f 449 451 443
f 450 447 455
f 455 456 450
f 457 454 459
f 459 462 457
f 463 461 446
f 446 442 463
f 452 458 464
f 464 441 452
f 453 448 445
f 445 460 453
f 466 468 471
f 471 474 466
f 476 473 477
f 477 480 476
f 481 478 483
f 483 487 481
f 486 485 469
f 469 467 486
f 475 482 488
f 488 465 475
f 479 472 470
f 470 484 479
f 491 494 495
f 495 498 491
f 499 497 503
f 503 504 499
f 505 501 508
f 508 511 505
f 510 507 493
f 493 490 510
f 500 506 512
f 512 489 500
f 502 496 492
f 492 509 502
f 515 516 521
f 521 522 515
f 524 519 525
f 525 530 524
f 528 527 531
f 531 535 528
f 534 532 518
f 518 514 534
f 523 529 536
f 536 513 523
f 526 520 517
f 517 533 526
f 537 542 543
f 543 546 537
f 548 545 550
f 550 552 548
f 553 551 555
f 555 559 553
f 558 557 541
f 541 539 558
f 547 554 560
f 560 538 547
f 549 544 540
f 540 556 549
f 561 566 567
f 567 572 561
f 570 569 573
f 573 578 570
f 577 574 580
f 580 583 577
f 584 581 564
f 564 563 584
f 571 576 582
f 582 562 571
f 575 568 565
f 565 579 575
f 585 588 591
f 591 596 585
f 595 592 599
f 599 602 595
f 601 598 603
f 603 608 601
f 607 604 590
f 590 586 607
f 594 600 606
f 606 587 594
f 597 593 589
f 589 605 597
f 609 613 617
f 617 618 609
f 620 615 621
f 621 625 620
f 624 622 629
f 629 631 624
f 630 627 612
f 612 611 630
f 619 626 632
f 632 610 619
f 623 616 614
f 614 628 623
f 635 636 639
f 639 644 635
f 643 641 647
f 647 648 643
f 650 646 652
f 652 654 650
f 656 651 638
f 638 634 656
f 642 649 655
f 655 633 642
f 645 640 637
f 637 653 645
f 659 661 665
f 665 666 659
f 667 664 671
f 671 673 667
f 674 669 677
f 677 680 674
f 679 675 660
f 660 658 679
f 668 672 678
f 678 657 668
f 670 663 662
f 662 676 670
f 682 685 688
f 688 691 682
f 690 687 693
f 693 696 690
f 697 695 701
f 701 704 697
f 702 699 686
f 686 683 702
f 692 698 703
f 703 681 692
f 694 689 684
f 684 700 694
f 707 710 712
f 712 715 707
f 714 711 719
f 719 721 714
f 722 718 725
f 725 726 722
f 728 723 708
f 708 706 728
f 716 720 727
f 727 705 716
f 717 713 709
f 709 724 717
f 729 734 737
f 737 740 729
f 738 735 741
f 741 746 738
f 745 742 748
f 748 751 745
f 750 747 733
f 733 731 750
f 739 744 752
f 752 730 739
f 743 736 732
f 732 749 743
f 754 756 760
f 760 764 754
f 763 759 766
f 766 768 763
f 769 765 771
f 771 776 769
f 774 773 757
f 757 755 774
f 762 770 775
f 775 753 762
f 767 761 758
f 758 772 767
f 779 783 786
f 786 788 779
f 789 784 795
f 795 797 789
f 796 791 799
f 799 806 796
f 805 803 780
f 780 777 805
f 790 798 804
f 804 778 790
f 792 787 781
f 781 800 792
f 807 810 817
f 817 818 807
f 820 815 825
f 825 827 820
f 826 824 830
f 830 834 826
f 835 832 813
f 813 809 835
f 819 828 836
f 836 808 819
f 821 814 812
f 812 829 821
f 802 822 833
f 833 793 802
f 823 801 782
f 782 816 823
f 811 831 794
f 794 785 811
f 839 843 846
f 848 842 852
f 849 841 853
f 856 844 837
f 838 847 857
f 857 861 838
f 862 858 864
f 864 868 862
f 855 840 860
f 860 867 855
f 851 854 866
f 866 863 851
f 845 850 865
f 865 859 845
f 871 873 877
f 877 878 871
f 880 875 883
f 883 885 880
f 884 881 889
f 889 892 884
f 890 888 874
f 874 870 890
f 879 886 891
f 891 869 879
f 882 876 872
f 872 887 882
f 893 897 900
f 900 903 893
f 904 901 905
f 905 908 904
f 910 907 913
f 913 915 910
f 916 912 896
f 896 895 916
f 902 909 914
f 914 894 902
f 906 899 898
f 898 911 906
f 919 922 924
f 924 928 919
f 927 925 930
f 930 934 927
f 932 931 937
f 937 940 932
f 938 935 921
f 921 918 938
f 926 933 939
f 939 917 926
f 929 923 920
f 920 936 929
f 942 945 948
f 948 952 942
f 950 947 955
f 955 956 950
f 957 954 959
f 959 963 957
f 962 960 944
f 944 943 962
f 951 958 964
f 964 941 951
f 953 949 946
f 946 961 953
f 967 969 972
f 972 974 967
f 975 973 978
f 978 981 975
f 980 977 984
f 984 987 980
f 986 985 970
f 970 966 986
f 976 982 988
f 988 965 976
f 979 971 968
f 968 983 979
f 991 992 996
f 996 999 991
f 998 997 1003
f 1003 1005 998
f 1004 1002 1007
f 1007 1012 1004
f 1011 1008 993
f 993 990 1011
f 1000 1006 1010
f 1010 989 1000
f 1001 995 994
f 994 1009 1001
f 1015 1016 1021
f 1021 1024 1015
f 1023 1020 1025
f 1025 1029 1023
f 1030 1026 1031
f 1031 1035 1030
f 1036 1033 1017
f 1017 1013 1036
f 1022 1028 1034
f 1034 1014 1022
f 1027 1019 1018
f 1018 1032 1027
f 1039 1040 1045
f 1045 1049 1039
f 1047 1044 1050
f 1050 1056 1047
f 1054 1051 1059
f 1059 1060 1054
f 1061 1058 1042
f 1042 1037 1061
f 1048 1055 1062
f 1062 1038 1048
f 1052 1046 1046
f 1046 1052 1052
f 1064 1067 1073
f 1073 1076 1064
f 1059 1051 1065
f 1065 1074 1059
f 1045 1040 1072
f 1072 1069 1045
f 1041 1057 1075
f 1075 1071 1041
f 1053 1043 1070
f 1070 1066 1053
f 1046 1068 1068
f 1068 1046 1046
f 1063 1052 1052
f 1052 1063 1063
f 1068 1063 1063
f 1063 1068 1068
f 1079 1082 1085
f 1085 1090 1079
f 1088 1086 1094
f 1094 1095 1088
f 1097 1093 1098
f 1098 1103 1097
f 1104 1101 1083
f 1083 1078 1104
f 1089 1096 1102
f 1102 1077 1089
f 1091 1084 1084
f 1084 1091 1091
f 1106 1108 1114
f 1114 1116 1106
f 1098 1093 1107
f 1107 1118 1098
f 1085 1082 1112
f 1112 1110 1085
f 1099 1117 1121
f 1121 1124 1099
f 1092 1087 1109
f 1109 1105 1092
f 1084 1108 1108
f 1108 1084 1084
f 1106 1091 1091
f 1091 1106 1106
f 1108 1106 1106
f 1106 1108 1108
f 1125 1122 1119
f 1119 1130 1125
f 1111 1080 1127
f 1127 1128 1111
f 1115 1113 1129
f 1129 1120 1115
f 1081 1100 1123
f 1123 1126 1081
f 1133 1136 1137
f 1137 1141 1133
f 1146 1147 1154
f 1154 1157 1146
f 1135 1131 1148
f 1148 1160 1135
f 1139 1163 1161
f 1161 1134 1139
f 1140 1138 1164
f 1164 1145 1140
f 1132 1150 1143
f 1143 1142 1132
f 1153 1168 1173
f 1173 1175 1153
f 1149 1159 1167
f 1167 1152 1149
f 1162 1166 1179
f 1179 1169 1162
f 1165 1144 1158
f 1158 1180 1165
f 1176 1172 1182
f 1182 1186 1176
f 1170 1177 1183
f 1183 1171 1170
f 1178 1155 1185
f 1185 1181 1178
f 1156 1151 1174
f 1174 1184 1156
f 1187 1193 1194
f 1187 1194 1200
f 1187 1200 1204
f 1187 1204 1210
f 1187 1210 1214
f 1216 1221 1225
f 1225 1228 1216
f 1231 1236 1239
f 1231 1239 1242
f 1231 1242 1245
f 1231 1245 1249
f 1231 1249 1253
f 1254 1251 1190
f 1190 1189 1254
f 1213 1232 1255
f 1255 1188 1213
f 1234 1207 1191
f 1191 1252 1234
f 1259 1262 1266
f 1259 1266 1270
f 1259 1270 1272
f 1259 1272 1215
f 1259 1215 1276
f 1211 1205 1280
f 1211 1280 1284
f 1211 1284 1289
f 1211 1289 1291
f 1211 1291 1296
f 1300 1224 1304
f 1300 1304 1308
f 1300 1308 1312
f 1300 1312 1314
f 1300 1314 1322
f 1264 1256 1323
f 1323 1328 1264
f 1277 1299 1321
f 1321 1257 1277
f 1223 1217 1260
f 1260 1317 1223
f 1330 1333 1336
f 1336 1337 1330
f 1341 1230 1226
f 1226 1345 1341
f 1236 1231 1339
f 1339 1334 1236
f 1279 1219 1229
f 1229 1340 1279
f 1233 1212 1329
f 1329 1338 1233
f 1220 1301 1343
f 1343 1227 1220
f 1298 1278 1342
f 1342 1344 1298
f 1209 1237 1335
f 1335 1332 1209
f 1295 1292 1348
f 1348 1351 1295
f 1209 1332 1346
f 1346 1293 1209
f 1331 1353 1359
f 1331 1359 1361
f 1331 1361 1347
f 1329 1212 1297
f 1297 1352 1329
f 1365 1368 1327
f 1327 1324 1365
f 1258 1320 1364
f 1364 1325 1258
f 1313 1263 1326
f 1326 1370 1313
f 1313 1370 1374
f 1374 1377 1313
f 1379 1378 1372
f 1372 1383 1379
f 1369 1385 1390
f 1369 1390 1392
f 1369 1392 1371
f 1319 1316 1396
f 1319 1396 1402
f 1319 1402 1403
f 1319 1403 1376
f 1319 1376 1381
f 1364 1320 1380
f 1380 1382 1364
f 1373 1393 1408
f 1373 1408 1387
f 1373 1387 1367
f 1373 1367 1366
f 1373 1366 1384
f 1388 1400 1398
f 1398 1391 1388
f 1375 1405 1412
f 1375 1412 1399
f 1375 1399 1315
f 1409 1406 1401
f 1401 1386 1409
f 1410 1395 1389
f 1389 1397 1410
f 1404 1407 1394
f 1394 1411 1404
f 1275 1306 1303
f 1303 1415 1275
f 1218 1274 1414
f 1218 1414 1268
f 1218 1268 1261
f 1318 1310 1417
f 1318 1417 1305
f 1318 1305 1222
f 1269 1311 1307
f 1307 1273 1269
f 1309 1271 1265
f 1265 1416 1309
f 1418 1267 1413
f 1413 1302 1418
f 1349 1360 1420
f 1349 1420 1354
f 1349 1354 1333
f 1349 1333 1330
f 1349 1330 1350
f 1290 1421 1363
f 1363 1424 1290
f 1286 1355 1419
f 1419 1288 1286
f 1357 1283 1422
f 1422 1362 1357
f 1356 1285 1282
f 1282 1358 1356
f 1294 1287 1423
f 1294 1423 1281
f 1294 1281 1206
f 1203 1244 1240
f 1240 1425 1203
f 1250 1246 1428
f 1250 1428 1241
f 1250 1241 1235
f 1208 1201 1426
f 1208 1426 1195
f 1208 1195 1192
f 1198 1247 1243
f 1243 1202 1198
f 1248 1199 1196
f 1196 1429 1248
f 1430 1197 1427
f 1427 1238 1430
f 1433 1435 1440
f 1440 1444 1433
f 1445 1438 1447
f 1445 1447 1453
f 1445 1453 1456
f 1445 1456 1457
f 1445 1457 1462
f 1445 1462 1465
f 1445 1465 1468
f 1445 1468 1469
f 1445 1469 1474
f 1445 1474 1475
f 1452 1448 1478
f 1478 1482 1452
f 1481 1479 1436
f 1481 1436 1432
f 1481 1432 1485
f 1481 1485 1487
f 1481 1487 1492
f 1481 1492 1493
f 1481 1493 1498
f 1481 1498 1499
f 1481 1499 1504
f 1481 1504 1505
f 1443 1477 1484
f 1484 1431 1443
f 1450 1441 1437
f 1437 1480 1450
f 1508 1511 1516
f 1516 1520 1508
f 1521 1518 1523
f 1523 1528 1521
f 1530 1527 1531
f 1531 1534 1530
f 1536 1533 1514
f 1514 1509 1536
f 1522 1529 1535
f 1535 1510 1522
f 1525 1517 1513
f 1513 1532 1525
f 1442 1446 1515
f 1515 1526 1442
f 1512 1449 1519
f 1524 1439 1434
f 1488 1472 1470
f 1470 1490 1488
f 1491 1471 1466
f 1466 1494 1491
f 1502 1459 1455
f 1455 1507 1502
f 1500 1461 1458
f 1458 1503 1500
f 1473 1489 1486
f 1486 1476 1473
f 1460 1501 1497
f 1497 1463 1460
f 1495 1467 1464
f 1464 1496 1495
f 1506 1454 1451
f 1451 1483 1506
f 1539 1540 1546
f 1546 1551 1539
f 1552 1555 1560
f 1560 1561 1552
f 1564 1567 1571
f 1571 1574 1564
f 1573 1569 1543
f 1543 1538 1573
f 1550 1565 1572
f 1572 1537 1550
f 1577 1581 1584
f 1584 1587 1577
f 1589 1591 1595
f 1595 1599 1589
f 1549 1544 1602
f 1602 1606 1549
f 1607 1552 1611
f 1611 1616 1607
f 1614 1613 1592
f 1592 1588 1614
f 1596 1608 1615
f 1615 1590 1596
f 1542 1570 1618
f 1618 1620 1542
f 1623 1579 1575
f 1575 1626 1623
f 1628 1633 1556
f 1556 1637 1628
f 1568 1563 1627
f 1627 1578 1568
f 1598 1594 1631
f 1631 1630 1598
f 1566 1548 1624
f 1624 1625 1566
f 1553 1610 1636
f 1636 1554 1553
f 1609 1597 1629
f 1629 1635 1609
f 1547 1541 1622
f 1622 1639 1547
f 1605 1600 1642
f 1642 1645 1605
f 1580 1641 1648
f 1580 1648 1651
f 1580 1651 1654
f 1580 1654 1658
f 1580 1658 1661
f 1580 1661 1582
f 1646 1643 1663
f 1663 1667 1646
f 1624 1548 1604
f 1604 1647 1624
f 1644 1603 1669
f 1669 1649 1644
f 1611 1552 1561
f 1561 1672 1611
f 1634 1595 1675
f 1675 1678 1634
f 1595 1591 1682
f 1682 1675 1595
f 1601 1545 1640
f 1601 1640 1683
f 1601 1683 1688
f 1601 1688 1691
f 1601 1691 1693
f 1601 1693 1670
f 1567 1576 1585
f 1585 1695 1567
f 1557 1632 1679
f 1679 1559 1557
f 1571 1567 1695
f 1695 1617 1571
f 1593 1612 1674
f 1674 1681 1593
f 1558 1677 1676
f 1558 1676 1680
f 1558 1680 1673
f 1558 1673 1562
f 1694 1652 1650
f 1650 1671 1694
f 1684 1660 1657
f 1657 1686 1684
f 1653 1692 1689
f 1689 1655 1653
f 1662 1685 1638
f 1662 1638 1621
f 1662 1621 1619
f 1662 1619 1696
f 1662 1696 1586
f 1662 1586 1583
f 1687 1659 1656
f 1656 1690 1687
f 1699 1668 1700
f 1700 1705 1699
f 1643 1579 1708
f 1708 1663 1643
f 1579 1623 1698
f 1698 1708 1579
f 1623 1646 1667
f 1667 1698 1623
f 1701 1714 1716
f 1716 1719 1701
f 1666 1665 1711
f 1711 1702 1666
f 1664 1710 1726
f 1726 1713 1664
f 1709 1697 1706
f 1706 1724 1709
f 1715 1728 1731
f 1731 1736 1715
f 1712 1723 1730
f 1730 1718 1712
f 1725 1707 1740
f 1740 1727 1725
f 1704 1703 1722
f 1722 1739 1704
f 1733 1742 1744
f 1744 1734 1733
f 1729 1737 1741
f 1741 1732 1729
f 1738 1721 1745
f 1745 1743 1738
f 1720 1717 1735
f 1735 1746 1720

o detail
v 581.29797400 4.45247889 -344.51190200
v 581.29797400 4.45247889 -344.51190200
v 581.29797400 4.45247889 -344.51190200
v -250.08845500 4.45247889 -344.51190200
v -250.08845500 4.45247889 -344.51190200
v -250.08845500 4.45247889 -344.51190200
v -250.08845500 297.83676100 -344.51190200
v -250.08845500 297.83676100 -344.51190200
v -250.08845500 297.83676100 -344.51190200
v 581.29797400 297.83673100 -344.51190200
v 581.29797400 297.83673100 -344.51190200
v 581.29797400 297.83673100 -344.51190200
v 581.29797400 4.45247889 -324.51190200
v 581.29797400 4.45247889 -324.51190200
v 581.29797400 4.45247889 -324.51190200
v 581.29797400 304.45245400 -324.51190200
v 581.29797400 304.45245400 -324.51190200
v 581.29797400 304.45245400 -324.51190200
v -250.08845500 304.45245400 -324.51190200
v -250.08845500 304.45245400 -324.51190200
v -250.08845500 304.45245400 -324.51190200
v -250.08845500 4.45247889 -324.51190200
v -250.08845500 4.45247889 -324.51190200
v -250.08845500 4.45247889 -324.51190200
v 581.29797400 304.45245400 -333.36105300
v 581.29797400 304.45245400 -333.36105300
v 581.29797400 304.45245400 -333.36105300
v 582.19787600 4.45247889 236.38885500
v 582.19787600 4.45247889 236.38885500
v 582.19787600 4.45247889 236.38885500
v -249.18856800 4.45247889 236.38885500
v -249.18856800 4.45247889 236.38885500
v -249.18856800 4.45247889 236.38885500
v -249.18856800 304.45245400 236.38885500
v -249.18856800 304.45245400 236.38885500
v -249.18856800 304.45245400 236.38885500
v 582.19787600 304.45245400 236.38885500
v 582.19787600 304.45245400 236.38885500
v 582.19787600 304.45245400 236.38885500
v 582.19787600 4.45247889 256.38885500
v 582.19787600 4.45247889 256.38885500
v 582.19787600 4.45247889 256.38885500
v 582.19787600 301.37271100 256.38885500
v 582.19787600 301.37271100 256.38885500
v 582.19787600 301.37271100 256.38885500
v -249.18856800 301.37265000 256.38885500
v -249.18856800 301.37265000 256.38885500
v -249.18856800 301.37265000 256.38885500
v -249.18856800 4.45247889 256.38885500
v -249.18856800 4.45247889 256.38885500
v -249.18856800 4.45247889 256.38885500
v -249.18856800 304.45245400 250.83346600
v -249.18856800 304.45245400 250.83346600
v -249.18856800 304.45245400 250.83346600
v 582.19787600 304.45245400 250.83346600
v 582.19787600 304.45245400 250.83346600
v 582.19787600 304.45245400 250.83346600
v -248.96929900 4.45249081 -344.08157300
v -248.96929900 4.45249081 -344.08157300
v -248.96929900 4.45249081 -344.08157300
v -248.96926900 4.45249081 -158.88884000
v -248.96926900 4.45249081 -158.88884000
v -248.96926900 4.45249081 -158.88884000
v -248.96926900 4.45249081 -158.88884000
v -248.96929900 200.67239400 -158.88885500
v -248.96929900 200.67239400 -158.88885500
v -248.96929900 200.67239400 -158.88885500
v -248.96926900 200.67239400 74.70694730
v -248.96926900 200.67239400 74.70694730
v -248.96926900 200.67239400 74.70694730
v -248.96926900 4.45249081 74.70696260
v -248.96926900 4.45249081 74.70696260
v -248.96926900 4.45249081 74.70696260
v -248.96926900 4.45249081 255.91842700
v -248.96926900 4.45249081 255.91842700
v -248.96926900 4.45249081 255.91842700
v -248.96926900 301.63354500 255.91842700
v -248.96926900 301.63354500 255.91842700
v -248.96926900 301.63354500 255.91842700
v -248.96926900 301.63354500 255.91842700
v -248.96929900 365.15976000 -13.12652210
v -248.96929900 365.15976000 -13.12652210
v -248.96929900 365.15976000 -13.12652210
v -248.96929900 365.15976000 -13.12652210
v -248.96929900 347.61068700 -17.82878110
v -248.96929900 347.61068700 -17.82878110
v -248.96929900 347.61068700 -17.82878110
v -248.96926900 334.76385500 -30.67559050
v -248.96926900 334.76385500 -30.67559050
v -248.96926900 334.76385500 -30.67559050
v -248.96929900 330.06161500 -48.22465900
v -248.96929900 330.06161500 -48.22465900
v -248.96929900 330.06161500 -48.22465900
v -248.96929900 334.76385500 -65.77373500
v -248.96929900 334.76385500 -65.77373500
v -248.96929900 334.76385500 -65.77373500
v -248.96929900 347.61065700 -78.62055210
v -248.96929900 347.61065700 -78.62055210
v -248.96929900 347.61065700 -78.62055210
v -248.96929900 365.15976000 -83.32283020
v -248.96929900 365.15976000 -83.32283020
v -248.96929900 365.15976000 -83.32283020
v -248.96929900 365.15976000 -83.32283020
v -248.96929900 298.09213300 -344.08157300
v -248.96929900 298.09213300 -344.08157300
v -248.96929900 298.09213300 -344.08157300
v -248.96929900 298.09213300 -344.08157300
v -228.96928400 4.45249081 -344.08157300
v -228.96928400 4.45249081 -344.08157300
v -228.96928400 4.45249081 -344.08157300
v -228.96928400 298.09213300 -344.08157300
v -228.96928400 298.09213300 -344.08157300
v -228.96928400 298.09213300 -344.08157300
v -228.96928400 298.09213300 -344.08157300
v -228.96926900 365.15976000 -83.32283780
v -228.96926900 365.15976000 -83.32283780
v -228.96926900 365.15976000 -83.32283780
v -228.96926900 347.61065700 -78.62056730
v -228.96926900 347.61065700 -78.62056730
v -228.96926900 347.61065700 -78.62056730
v -228.96928400 334.76385500 -65.77375030
v -228.96928400 334.76385500 -65.77375030
v -228.96928400 334.76385500 -65.77375030
v -228.96926900 330.06158400 -48.22466280
v -228.96926900 330.06158400 -48.22466280
v -228.96926900 330.06158400 -48.22466280
v -228.96926900 334.76385500 -30.67559620
v -228.96926900 334.76385500 -30.67559620
v -228.96926900 334.76385500 -30.67559620
v -228.96926900 347.61068700 -17.82878680
v -228.96926900 347.61068700 -17.82878680
v -228.96926900 365.15976000 -13.12652970
v -228.96926900 365.15976000 -13.12652970
v -228.96926900 365.15976000 -13.12652970
v -228.96926900 301.63354500 255.91842700
v -228.96926900 301.63354500 255.91842700
v -228.96926900 301.63354500 255.91842700
v -228.96926900 301.63354500 255.91842700
v -228.96926900 4.45249081 255.91842700
v -228.96926900 4.45249081 255.91842700
v -228.96926900 4.45249081 255.91842700
v -228.96926900 4.45249081 74.70696260
v -228.96926900 4.45249081 74.70696260
v -228.96926900 4.45249081 74.70696260
v -228.96926900 200.67239400 74.70694730
v -228.96926900 200.67239400 74.70694730
v -228.96926900 200.67239400 74.70694730
v -228.96928400 200.67239400 -158.88885500
v -228.96928400 200.67239400 -158.88885500
v -228.96928400 200.67239400 -158.88885500
v -228.96926900 4.45249081 -158.88884000
v -228.96926900 4.45249081 -158.88884000
v -228.96926900 4.45249081 -158.88884000
v -228.96926900 4.45249081 -158.88884000
v 566.59411600 4.45249081 -344.08157300
v 566.59411600 4.45249081 -344.08157300
v 566.59411600 4.45249081 -344.08157300
v 566.59411600 4.45249081 255.91842700
v 566.59411600 4.45249081 255.91842700
v 566.59411600 4.45249081 255.91842700
v 566.59411600 301.63351400 255.91842700
v 566.59411600 301.63351400 255.91842700
v 566.59411600 301.63351400 255.91842700
v 566.59411600 470.17459100 -48.09998320
v 566.59411600 470.17459100 -48.09998320
v 566.59411600 470.17459100 -48.09998320
v 566.59411600 470.17459100 -54.03279110
v 566.59411600 470.17459100 -54.03279110
v 566.59411600 298.09210200 -344.08157300
v 566.59411600 298.09210200 -344.08157300
v 586.59411600 4.45249081 -344.08157300
v 586.59411600 4.45249081 -344.08157300
v 586.59411600 4.45249081 -344.08157300
v 586.59411600 298.09210200 -344.08157300
v 586.59411600 298.09210200 -344.08157300
v 586.59411600 470.17459100 -54.03279110
v 586.59411600 470.17459100 -54.03279110
v 586.59411600 470.17459100 -48.09998320
v 586.59411600 470.17459100 -48.09998320
v 586.59411600 470.17459100 -48.09998320
v 586.59411600 301.63348400 255.91842700
v 586.59411600 301.63348400 255.91842700
v 586.59411600 301.63348400 255.91842700
v 586.59411600 4.45249081 255.91842700
v 586.59411600 4.45249081 255.91842700
v 586.59411600 4.45249081 255.91842700
v -248.96929900 471.87365700 -51.16478730
v -248.96929900 471.87365700 -51.16478730
v -248.96929900 471.87365700 -51.16478730
v -228.96926900 471.87365700 -51.16478730
v -228.96926900 471.87365700 -51.16478730
v -228.96926900 471.87365700 -51.16478730
v -228.96926900 474.61596700 -49.54363250
v -228.96926900 474.61596700 -49.54363250
v -228.96926900 474.61596700 -49.54363250
v -248.96926900 474.61596700 -49.54363250
v -248.96926900 474.61596700 -49.54363250
v -248.96926900 474.61596700 -49.54363250
v -248.96926900 471.88638300 -51.14751430
v -248.96926900 471.88638300 -51.14751430
v -248.96926900 471.88638300 -51.14751430
v -228.96926900 471.88638300 -51.14751430
v -228.96926900 471.88638300 -51.14751430
v -228.96926900 471.88638300 -51.14751430
v -250.08845500 304.45245400 -333.36099200
v -250.08845500 304.45245400 -333.36099200
v -250.08845500 304.45245400 -333.36099200
v -248.96929900 474.61596700 -52.76108930
v -248.96929900 474.61596700 -52.76108930
v -248.96929900 474.61596700 -52.76108930
v -228.96928400 474.61596700 -52.76108930
v -228.96928400 474.61596700 -52.76108930
v -228.96928400 474.61596700 -52.76108930
v -255.49745200 365.15976000 -13.12652210
v -255.49745200 365.15976000 -13.12652210
v -255.49745200 365.15976000 -13.12652210
v -255.49745200 347.61068700 -17.82878110
v -255.49745200 347.61068700 -17.82878110
v -255.49745200 347.61068700 -17.82878110
v -255.49745200 347.61068700 -17.82878110
v -228.96926900 400.25793500 -48.22467800
v -228.96926900 400.25793500 -48.22467800
v -228.96926900 400.25793500 -48.22467800
v -228.96926900 395.55560300 -30.67560200
v -228.96926900 395.55560300 -30.67560200
v -228.96926900 395.55560300 -30.67560200
v -228.96926900 391.97052000 -32.68843840
v -228.96926900 391.97052000 -32.68843840
v -228.96926900 391.97052000 -32.68843840
v -228.96926900 391.97052000 -32.68843840
v -228.96926900 391.97052000 -32.68843840
v -228.96926900 396.11819500 -48.22467800
v -228.96926900 396.11819500 -48.22467800
v -228.96926900 396.11819500 -48.22467800
v -228.96926900 396.11819500 -48.22467800
v -228.96926900 396.11819500 -48.22467800
v -248.96929900 334.20132400 -48.22465900
v -248.96929900 334.20132400 -48.22465900
v -248.96929900 334.20132400 -48.22465900
v -248.96929900 334.20132400 -48.22465900
v -248.96929900 334.20132400 -48.22465900
v -248.96929900 338.34896900 -63.76090240
v -248.96929900 338.34896900 -63.76090240
v -248.96929900 338.34896900 -63.76090240
v -248.96929900 338.34896900 -63.76090240
v -248.96929900 338.34896900 -63.76090240
v -255.49745200 338.34896900 -63.76090240
v -255.49745200 338.34896900 -63.76090240
v -255.49745200 338.34896900 -63.76090240
v -255.49745200 334.20132400 -48.22465900
v -255.49745200 334.20132400 -48.22465900
v -255.49745200 334.20132400 -48.22465900
v -255.49745200 334.20132400 -48.22465900
v -255.49745200 347.61065700 -78.62055210
v -255.49745200 347.61065700 -78.62055210
v -255.49745200 347.61065700 -78.62055210
v -255.49745200 365.15976000 -83.32283020
v -255.49745200 365.15976000 -83.32283020
v -255.49745200 365.15976000 -83.32283020
v -228.96928400 338.34896900 -63.76091380
v -228.96928400 338.34896900 -63.76091380
v -228.96928400 338.34896900 -63.76091380
v -228.96928400 338.34896900 -63.76091380
v -228.96928400 338.34896900 -63.76091380
v -228.96926900 334.20132400 -48.22466280
v -228.96926900 334.20132400 -48.22466280
v -228.96926900 334.20132400 -48.22466280
v -228.96926900 334.20132400 -48.22466280
v -228.96926900 334.20132400 -48.22466280
v -248.96929900 382.70883200 -78.62056730
v -248.96929900 382.70883200 -78.62056730
v -248.96929900 382.70883200 -78.62056730
v -248.96929900 395.55563400 -65.77375030
v -248.96929900 395.55563400 -65.77375030
v -248.96929900 395.55563400 -65.77375030
v -248.96929900 400.25793500 -48.22467420
v -248.96929900 400.25793500 -48.22467420
v -248.96929900 400.25793500 -48.22467420
v -248.96929900 395.55563400 -30.67559620
v -248.96929900 395.55563400 -30.67559620
v -248.96929900 395.55563400 -30.67559620
v -248.96929900 382.70883200 -17.82878300
v -248.96929900 382.70883200 -17.82878300
v -248.96929900 382.70883200 -17.82878300
v -255.49740600 334.76385500 -30.67559050
v -255.49740600 334.76385500 -30.67559050
v -255.49740600 334.76385500 -30.67559050
v -255.49740600 334.76385500 -30.67559050
v -255.49745200 330.06161500 -48.22465900
v -255.49745200 330.06161500 -48.22465900
v -255.49745200 330.06161500 -48.22465900
v -255.49745200 330.06161500 -48.22465900
v -228.96926900 382.70883200 -17.82879070
v -228.96926900 382.70883200 -17.82879070
v -228.96926900 395.55563400 -65.77375790
v -228.96926900 395.55563400 -65.77375790
v -228.96926900 395.55563400 -65.77375790
v -228.96926900 382.70883200 -78.62056730
v -228.96926900 382.70883200 -78.62056730
v -228.96926900 391.97055100 -63.76091770
v -228.96926900 391.97055100 -63.76091770
v -228.96926900 391.97055100 -63.76091770
v -228.96926900 391.97055100 -63.76091770
v -228.96926900 391.97055100 -63.76091770
v -228.96926900 380.63897700 -75.13423920
v -228.96926900 380.63897700 -75.13423920
v -228.96926900 380.63897700 -75.13423920
v -228.96926900 380.63897700 -75.13423920
v -248.96929900 380.63897700 -75.13423160
v -248.96929900 380.63897700 -75.13423160
v -248.96929900 380.63897700 -75.13423160
v -248.96929900 380.63897700 -75.13423160
v -248.96929900 380.63897700 -75.13423160
v -248.96929900 391.97055100 -63.76091380
v -248.96929900 391.97055100 -63.76091380
v -248.96929900 391.97055100 -63.76091380
v -248.96929900 391.97055100 -63.76091380
v -248.96929900 391.97055100 -63.76091380
v -255.49745200 391.97055100 -63.76091380
v -255.49745200 391.97055100 -63.76091380
v -255.49745200 391.97055100 -63.76091380
v -255.49745200 380.63897700 -75.13423160
v -255.49745200 380.63897700 -75.13423160
v -255.49745200 380.63897700 -75.13423160
v -228.96926900 365.15976000 -17.15219880
v -228.96926900 365.15976000 -17.15219880
v -228.96926900 365.15976000 -17.15219880
v -228.96926900 365.15976000 -17.15219880
v -228.96926900 380.63897700 -21.31512450
v -228.96926900 380.63897700 -21.31512450
v -228.96926900 380.63897700 -21.31512450
v -228.96926900 380.63897700 -21.31512450
v -248.96929900 349.68054200 -21.31511500
v -248.96929900 349.68054200 -21.31511500
v -248.96929900 349.68054200 -21.31511500
v -248.96929900 349.68054200 -21.31511500
v -248.96929900 349.68054200 -21.31511500
v -248.96926900 338.34896900 -32.68842700
v -248.96926900 338.34896900 -32.68842700
v -248.96926900 338.34896900 -32.68842700
v -248.96926900 338.34896900 -32.68842700
v -248.96926900 338.34896900 -32.68842700
v -255.49740600 338.34896900 -32.68842700
v -255.49740600 338.34896900 -32.68842700
v -255.49740600 338.34896900 -32.68842700
v -255.49740600 338.34896900 -32.68842700
v -255.49745200 349.68054200 -21.31511500
v -255.49745200 349.68054200 -21.31511500
v -255.49745200 349.68054200 -21.31511500
v -255.49745200 349.68054200 -21.31511500
v -255.49745200 334.76385500 -65.77373500
v -255.49745200 334.76385500 -65.77373500
v -255.49745200 334.76385500 -65.77373500
v -248.96929900 380.63897700 -21.31511880
v -248.96929900 380.63897700 -21.31511880
v -248.96929900 380.63897700 -21.31511880
v -248.96929900 380.63897700 -21.31511880
v -248.96929900 380.63897700 -21.31511880
v -248.96929900 365.15976000 -17.15219690
v -248.96929900 365.15976000 -17.15219690
v -248.96929900 365.15976000 -17.15219690
v -248.96929900 365.15976000 -17.15219690
v -248.96929900 365.15976000 -17.15219690
v -255.49745200 365.15976000 -17.15219690
v -255.49745200 365.15976000 -17.15219690
v -255.49745200 365.15976000 -17.15219690
v -255.49745200 380.63897700 -21.31511880
v -255.49745200 380.63897700 -21.31511880
v -255.49745200 380.63897700 -21.31511880
v -228.96928400 200.67239400 -143.80125400
v -228.96928400 200.67239400 -143.80125400
v -228.96928400 200.67239400 -143.80125400
v -228.96926900 4.45249081 -143.80125400
v -228.96926900 4.45249081 -143.80125400
v -228.96926900 4.45249081 -143.80125400
v -248.96926900 200.67239400 65.10820010
v -248.96926900 200.67239400 65.10820010
v -248.96926900 200.67239400 65.10820010
v -248.96926900 4.45249081 65.10821530
v -248.96926900 4.45249081 65.10821530
v -248.96926900 4.45249081 65.10821530
v -228.96926900 200.67239400 65.10820010
v -228.96926900 200.67239400 65.10820010
v -228.96926900 200.67239400 65.10820010
v -228.96926900 4.45249081 65.10821530
v -228.96926900 4.45249081 65.10821530
v -228.96926900 4.45249081 65.10821530
v -248.96929900 200.67239400 -143.80125400
v -248.96929900 200.67239400 -143.80125400
v -248.96929900 200.67239400 -143.80125400
v -248.96926900 4.45249081 -143.80125400
v -248.96926900 4.45249081 -143.80125400
v -248.96926900 4.45249081 -143.80125400
v -228.96926900 365.15976000 -79.29716490
v -228.96926900 365.15976000 -79.29716490
v -228.96926900 365.15976000 -79.29716490
v -228.96926900 365.15976000 -79.29716490
v -228.96926900 349.68054200 -21.31512070
v -228.96926900 349.68054200 -21.31512070
v -228.96926900 349.68054200 -21.31512070
v -228.96926900 349.68054200 -21.31512070
v -228.96926900 338.34896900 -32.68843460
v -228.96926900 338.34896900 -32.68843460
v -228.96926900 338.34896900 -32.68843460
v -228.96926900 338.34896900 -32.68843460
v -228.96926900 338.34896900 -32.68843460
v -248.96929900 365.15976000 -79.29715730
v -248.96929900 365.15976000 -79.29715730
v -248.96929900 365.15976000 -79.29715730
v -248.96929900 365.15976000 -79.29715730
v -248.96929900 365.15976000 -79.29715730
v -228.96926900 349.68051100 -75.13423160
v -228.96926900 349.68051100 -75.13423160
v -228.96926900 349.68051100 -75.13423160
v -228.96926900 349.68051100 -75.13423160
v -228.96926900 349.68051100 -75.13423160
v -255.49745200 382.70883200 -78.62056730
v -255.49745200 382.70883200 -78.62056730
v -255.49745200 382.70883200 -78.62056730
v -255.49745200 395.55563400 -65.77375030
v -255.49745200 395.55563400 -65.77375030
v -255.49745200 395.55563400 -65.77375030
v -255.49745200 382.70883200 -17.82878300
v -255.49745200 382.70883200 -17.82878300
v -255.49745200 382.70883200 -17.82878300
v -255.49745200 365.15976000 -79.29715730
v -255.49745200 365.15976000 -79.29715730
v -255.49745200 365.15976000 -79.29715730
v -248.96929900 396.11819500 -48.22467420
v -248.96929900 396.11819500 -48.22467420
v -248.96929900 396.11819500 -48.22467420
v -248.96929900 396.11819500 -48.22467420
v -248.96929900 396.11819500 -48.22467420
v -248.96929900 391.97055100 -32.68843460
v -248.96929900 391.97055100 -32.68843460
v -248.96929900 391.97055100 -32.68843460
v -248.96929900 391.97055100 -32.68843460
v -248.96929900 391.97055100 -32.68843460
v -248.96929900 349.68051100 -75.13421630
v -248.96929900 349.68051100 -75.13421630
v -248.96929900 349.68051100 -75.13421630
v -248.96929900 349.68051100 -75.13421630
v -248.96929900 349.68051100 -75.13421630
v -255.49745200 349.68051100 -75.13421630
v -255.49745200 349.68051100 -75.13421630
v -255.49745200 349.68051100 -75.13421630
v -255.49745200 400.25793500 -48.22467420
v -255.49745200 400.25793500 -48.22467420
v -255.49745200 400.25793500 -48.22467420
v -255.49745200 396.11819500 -48.22467420
v -255.49745200 396.11819500 -48.22467420
v -255.49745200 396.11819500 -48.22467420
v -255.49745200 395.55563400 -30.67559620
v -255.49745200 395.55563400 -30.67559620
v -255.49745200 395.55563400 -30.67559620
v -255.49745200 391.97055100 -32.68843460
v -255.49745200 391.97055100 -32.68843460
v -255.49745200 391.97055100 -32.68843460
f 1748 1751 1753
f 1753 1756 1748
f 1760 1763 1766
f 1766 1769 1760
f 1752 1749 1759
f 1759 1770 1752
f 1747 1758 1773
f 1747 1773 1762
f 1747 1762 1761
f 1776 1778 1782
f 1782 1784 1776
f 1788 1789 1792
f 1792 1797 1788
f 1777 1774 1786
f 1786 1795 1777
f 1781 1779 1796
f 1781 1796 1794
f 1781 1794 1799
f 1783 1780 1798
f 1798 1802 1783
f 1775 1785 1803
f 1775 1803 1791
f 1775 1791 1787
f 1806 1808 1813
f 1806 1813 1816
f 1806 1816 1817
f 1806 1817 1822
f 1806 1822 1823
f 1806 1823 1830
f 1806 1830 1833
f 1806 1833 1836
f 1806 1836 1839
f 1806 1839 1842
f 1806 1842 1845
f 1806 1845 1846
f 1806 1846 1850
f 1855 1860 1863
f 1855 1863 1866
f 1855 1866 1869
f 1855 1869 1870
f 1855 1870 1875
f 1855 1875 1876
f 1855 1876 1878
f 1855 1878 1881
f 1855 1881 1886
f 1855 1886 1889
f 1855 1889 1892
f 1855 1892 1895
f 1855 1895 1897
f 1821 1818 1888
f 1888 1887 1821
f 1804 1851 1857
f 1857 1854 1804
f 1903 1904 1907
f 1903 1907 1910
f 1903 1910 1914
f 1903 1914 1916
f 1917 1920 1922
f 1917 1922 1926
f 1917 1926 1928
f 1917 1928 1930
f 1905 1902 1918
f 1918 1931 1905
f 1901 1915 1921
f 1921 1919 1901
f 1935 1936 1941
f 1941 1942 1935
f 1937 1934 1826
f 1826 1882 1937
f 1800 1793 1790
f 1790 1801 1800
f 1908 1929 1924
f 1924 1911 1908
f 1884 1825 1820
f 1820 1885 1884
f 1927 1909 1906
f 1906 1932 1927
f 1946 1950 1858
f 1858 1853 1946
f 1952 1772 1757
f 1757 1754 1952
f 1948 1945 1955
f 1955 1958 1948
f 1771 1951 1767
f 1767 1764 1771
f 1923 1913 1912
f 1912 1925 1923
f 1953 1755 1750
f 1953 1750 1768
f 1953 1768 1765
f 1959 1954 1943
f 1943 1939 1959
f 1832 1828 1960
f 1960 1964 1832
f 1968 1971 1973
f 1973 1980 1968
f 1986 1992 1993
f 1993 1999 1986
f 1849 1843 2000
f 2000 2005 1849
f 1871 1867 2009
f 2009 2014 1871
f 1852 1848 2018
f 1852 2018 2020
f 1852 2020 2023
f 1852 2023 2026
f 1852 2026 2030
f 1852 2030 1827
f 1852 1827 1824
f 1852 1824 1933
f 1852 1933 1944
f 1852 1944 1956
f 1852 1956 1947
f 1838 1835 2033
f 2033 2037 1838
f 1883 1879 2040
f 1883 2040 1970
f 1883 1970 1967
f 1883 1967 2042
f 1883 2042 2045
f 1883 2045 1862
f 1883 1862 1859
f 1883 1859 1949
f 1883 1949 1957
f 1883 1957 1940
f 1883 1940 1938
f 2044 2043 2047
f 2047 2052 2044
f 2055 2063 2066
f 2066 2070 2055
f 2039 1880 2071
f 2071 2076 2039
f 2081 2087 2089
f 2089 2093 2081
f 1840 1837 2036
f 2036 2099 1840
f 2100 2105 2110
f 2110 2113 2100
f 1898 1810 1805
f 1805 1856 1898
f 1896 1812 1814
f 1814 1893 1896
f 1900 1894 2116
f 2116 2121 1900
f 1819 1815 2124
f 2124 2127 1819
f 2123 2128 2131
f 2131 2125 2123
f 1891 1890 2133
f 2133 2129 1891
f 1888 1818 2126
f 2126 2132 1888
f 1814 1893 2130
f 2130 2122 1814
f 2118 2134 2139
f 2139 2120 2118
f 1811 1809 2138
f 2138 2135 1811
f 1896 1812 2136
f 2136 2117 1896
f 1807 1899 2119
f 2119 2137 1807
f 1985 2084 2084
f 2084 1985 1985
f 2051 2049 2049
f 2049 2051 2051
f 1988 1985 1985
f 1985 1988 1988
f 2078 2072 2072
f 2072 2078 2078
f 2060 2057 2057
f 2057 2060 2060
f 2084 2082 2082
f 2082 2084 2084
f 2108 2101 2101
f 2101 2108 2108
f 2143 2051 2051
f 2051 2143 2143
f 2072 2146 2146
f 2146 2072 2072
f 2148 2012 2012
f 2012 2148 2148
f 2057 2155 2155
f 2155 2057 2057
f 1975 2078 2078
f 2078 1975 1975
f 1864 1861 2140
f 2140 2159 1864
f 1877 1873 2152
f 2152 2145 1877
f 2019 2017 2165
f 2165 2166 2019
f 1868 1865 2160
f 2160 2007 1868
f 1834 1831 1965
f 1965 2031 1834
f 2041 1969 1979
f 1979 2046 2041
f 1829 2029 2170
f 2170 1962 1829
f 1972 2039 2076
f 2076 1976 1972
f 2156 2056 2068
f 2068 2172 2156
f 1874 1872 2011
f 2011 2150 1874
f 1880 1877 2145
f 2145 2071 1880
f 1861 2044 2052
f 2052 2140 1861
f 2144 2083 2106
f 2106 2073 2144
f 2074 2107 2104
f 2104 2077 2074
f 1981 2179 2061
f 2061 2048 1981
f 2151 2085 2079
f 2079 2147 2151
f 1974 2180 2178
f 2178 1982 1974
f 2013 1987 2088
f 2088 2149 2013
f 2008 1989 1983
f 1983 2015 2008
f 2161 2189 1990
f 1990 2006 2161
f 2054 2058 2153
f 2153 2142 2054
f 2141 2154 2186
f 2186 2158 2141
f 2050 2062 2059
f 2059 2053 2050
f 2075 2103 2183
f 2183 1977 2075
f 2012 2010 2010
f 2010 2012 2012
f 2155 2187 2187
f 2187 2155 2155
f 2082 2108 2108
f 2108 2082 2082
f 1978 1975 1975
f 1975 1978 1978
f 2187 1988 1988
f 1988 2187 2187
f 2162 2143 2143
f 2143 2162 2162
f 2146 2148 2148
f 2148 2146 2146
f 2175 2060 2060
f 2060 2175 2175
f 2010 2162 2162
f 2162 2010 2010
f 2101 2184 2184
f 2184 2101 2101
f 2049 1978 1978
f 1978 2049 2049
f 2184 2175 2175
f 2175 2184 2184
f 2001 2098 1995
f 1995 2191 2001
f 1963 1961 2111
f 2111 2095 1963
f 2004 2001 2191
f 2191 2173 2004
f 2038 2032 2090
f 2090 1997 2038
f 2098 2035 1998
f 1998 1995 2098
f 2168 2164 2069
f 2069 2065 2168
f 2034 1966 2094
f 2094 2091 2034
f 1961 2169 2115
f 2115 2111 1961
f 2195 2168 2065
f 2065 2196 2195
f 2169 2201 2202
f 2202 2115 2169
f 2201 2195 2196
f 2196 2202 2201
f 2164 2004 2173
f 2173 2069 2164
f 2086 1984 1996
f 1996 2092 2086
f 1844 1841 2097
f 2097 2002 1844
f 2188 2157 2174
f 2174 2192 2188
f 2024 2021 2167
f 2167 2194 2024
f 2109 2080 2096
f 2096 2112 2109
f 1991 2185 2190
f 2190 1994 1991
f 2028 2027 2199
f 2199 2171 2028
f 2064 2177 2197
f 2197 2067 2064
f 2025 2022 2193
f 2193 2200 2025
f 2016 1847 2003
f 2003 2163 2016
f 2181 2102 2114
f 2114 2204 2181
f 2176 2182 2203
f 2203 2198 2176

