# https://github.com/mikedh/trimesh
mtllib material.mtl

o body
usemtl Cottage_FREE
v -541.39550800 43.41775890 674.45141600
v -541.39550800 43.41775890 674.45141600
v -541.39550800 43.41775890 674.45141600
v -541.39550800 43.41775890 674.45141600
v -541.39550800 308.77319300 674.45141600
v -541.39550800 308.77319300 674.45141600
v -541.39550800 308.77319300 674.45141600
v -541.39550800 352.12963900 505.58413700
v -541.39550800 352.12963900 505.58413700
v -541.39550800 352.12963900 505.58413700
v -541.39550800 43.41779330 444.28204300
v -541.39550800 43.41779330 444.28204300
v -423.87661700 266.68811000 674.45141600
v -423.87661700 266.68811000 674.45141600
v -423.87661700 266.68811000 674.45141600
v -337.13751200 266.68811000 674.45141600
v -337.13751200 266.68811000 674.45141600
v -337.13751200 266.68811000 674.45141600
v -233.59222400 308.77319300 674.45141600
v -233.59222400 308.77319300 674.45141600
v -233.59222400 308.77319300 674.45141600
v -541.39550800 381.02783200 444.28216600
v -541.39550800 381.02783200 444.28216600
v -21.86636160 -1.60113049 674.45141600
v -21.86636160 -1.60113049 674.45141600
v -21.86636160 -1.60113049 674.45141600
v -21.86636160 -1.60113049 674.45141600
v -233.59222400 43.41778180 674.45141600
v -233.59222400 43.41778180 674.45141600
v -233.59222400 43.41778180 674.45141600
v -233.59222400 43.41778180 674.45141600
v -233.59222400 43.41778180 674.45141600
v -541.39550800 0.35566613 674.45141600
v -541.39550800 0.35566613 674.45141600
v -233.59222400 352.12963900 505.58413700
v -233.59222400 352.12963900 505.58413700
v -233.59222400 352.12963900 505.58413700
v -233.59222400 381.02783200 444.28216600
v -233.59222400 381.02783200 444.28216600
v -233.59222400 381.02783200 444.28216600
v -60.67489240 352.12963900 505.58413700
v -60.67489240 352.12963900 505.58413700
v -60.67489240 352.12963900 505.58413700
v -60.67489240 352.12963900 505.58413700
v -602.69763200 292.42739900 738.11590600
v -602.69763200 292.42739900 738.11590600
v -602.69763200 292.42739900 738.11590600
v -60.67489240 292.42739900 738.11590600
v -60.67489240 292.42739900 738.11590600
v -60.67489240 292.42739900 738.11590600
v -541.39550800 0.35568997 444.28204300
v -541.39550800 381.02798500 -373.07885700
v -541.39550800 381.02798500 -373.07885700
v -541.39550800 381.02798500 -373.07885700
v -541.39563000 43.41793820 -373.07894900
v -541.39563000 43.41793820 -373.07894900
v -541.39563000 43.41793820 -373.07894900
v -541.39563000 43.41793820 -373.07894900
v 20.18295290 54.79775240 -373.07894900
v 20.18295290 54.79775240 -373.07894900
v 20.18295290 54.79775240 -373.07894900
v 20.18295290 54.79775240 -373.07894900
v 100.04251900 54.79775240 -373.07894900
v 100.04251900 54.79775240 -373.07894900
v 100.04251900 54.79775240 -373.07894900
v 578.27240000 43.41796110 -373.07894900
v 578.27240000 43.41796110 -373.07894900
v 578.27240000 43.41796110 -373.07894900
v 578.27240000 43.41796110 -373.07894900
v 578.27240000 381.02783200 444.28216600
v 578.27240000 381.02783200 444.28216600
v 578.27240000 381.02783200 444.28216600
v 578.27233900 266.68820200 102.65467100
v 578.27233900 266.68820200 102.65467100
v 578.27233900 266.68820200 102.65467100
v 578.27233900 266.68823200 -22.21315570
v 578.27233900 266.68823200 -22.21315570
v 578.27233900 266.68823200 -22.21315570
v 578.27240000 381.02798500 -373.07885700
v 578.27240000 381.02798500 -373.07885700
v 578.27240000 381.02798500 -373.07885700
v 578.27240000 0.35568997 444.28204300
v 578.27240000 0.35568997 444.28204300
v 578.27240000 43.41781620 444.28204300
v 578.27240000 43.41781620 444.28204300
v 578.27240000 43.41781620 444.28204300
v 578.27240000 43.41781620 444.28204300
v 578.27240000 43.41781620 444.28204300
v 578.27240000 43.41781620 444.28204300
v -21.86636160 11.43354700 444.28204300
v -21.86636160 11.43354700 444.28204300
v -21.86636160 11.43354700 444.28204300
v -21.86636160 -1.60110664 444.28204300
v -21.86636160 -1.60110664 444.28204300
v 578.27240000 0.35585687 -606.15435800
v 578.27240000 0.35585687 -606.15435800
v 578.27240000 0.35585687 -606.15435800
v -541.39563000 0.35585687 -606.15435800
v -541.39563000 0.35585687 -606.15435800
v -602.69763200 249.90585300 -656.14489700
v -602.69763200 249.90585300 -656.14489700
v -602.69763200 249.90585300 -656.14489700
v 639.57446300 249.90585300 -656.14489700
v 639.57446300 249.90585300 -656.14489700
v 639.57446300 249.90585300 -656.14489700
v 639.57446300 326.52832000 -373.07888800
v 639.57446300 326.52832000 -373.07888800
v 639.57446300 326.52832000 -373.07888800
v -602.69763200 326.52832000 -373.07888800
v -602.69763200 326.52832000 -373.07888800
v -602.69763200 326.52832000 -373.07888800
v -602.69763200 352.12963900 505.58413700
v -602.69763200 352.12963900 505.58413700
v -602.69763200 352.12963900 505.58413700
v -602.69763200 352.12963900 505.58413700
v -602.69763200 380.07916300 505.58419800
v -602.69763200 380.07916300 505.58419800
v -602.69763200 380.07916300 505.58419800
v -602.69763200 380.07916300 505.58419800
v -602.69763200 320.37686200 738.11590600
v -602.69763200 320.37686200 738.11590600
v -602.69763200 320.37686200 738.11590600
v -60.67489240 320.37686200 738.11590600
v -60.67489240 320.37686200 738.11590600
v -60.67489240 320.37686200 738.11590600
v -60.67489240 380.07916300 505.58419800
v -60.67489240 380.07916300 505.58419800
v -60.67489240 380.07916300 505.58419800
v -60.67489240 380.07916300 505.58419800
v -602.69763200 275.52285800 -656.14489700
v -602.69763200 275.52285800 -656.14489700
v -602.69763200 275.52285800 -656.14489700
v -602.69763200 352.14532500 -373.07888800
v -602.69763200 352.14532500 -373.07888800
v -602.69763200 352.14532500 -373.07888800
v 639.57446300 352.14532500 -373.07888800
v 639.57446300 352.14532500 -373.07888800
v 639.57446300 352.14532500 -373.07888800
v 639.57446300 275.52285800 -656.14489700
v 639.57446300 275.52285800 -656.14489700
v 639.57446300 275.52285800 -656.14489700
v 639.57446300 380.07916300 505.58419800
v 639.57446300 380.07916300 505.58419800
v 639.57446300 380.07916300 505.58419800
v 639.57446300 352.12963900 505.58413700
v 639.57446300 352.12963900 505.58413700
v 639.57446300 352.12963900 505.58413700
v 639.57446300 572.74621600 35.60165790
v 639.57446300 572.74621600 35.60165790
v 639.57446300 572.74621600 35.60165790
v 639.57446300 572.74621600 35.60165790
v 639.57446300 600.69567900 35.60165790
v 639.57446300 600.69567900 35.60165790
v 639.57446300 600.69567900 35.60165790
v 639.57446300 600.69567900 35.60165790
v -602.69763200 600.69567900 35.60165790
v -602.69763200 600.69567900 35.60165790
v -602.69763200 600.69567900 35.60165790
v -602.69763200 600.69567900 35.60165790
v -602.69763200 572.74615500 35.60165790
v -602.69763200 572.74615500 35.60165790
v -602.69763200 572.74615500 35.60165790
v -602.69763200 572.74615500 35.60165790
v 639.57446300 352.12979100 -434.38092000
v 639.57446300 352.12979100 -434.38092000
v 639.57446300 352.12979100 -434.38092000
v 639.57446300 380.07931500 -434.38085900
v 639.57446300 380.07931500 -434.38085900
v 639.57446300 380.07931500 -434.38085900
v -602.69763200 380.07931500 -434.38085900
v -602.69763200 380.07931500 -434.38085900
v -602.69763200 380.07931500 -434.38085900
v -602.69763200 352.12979100 -434.38092000
v -602.69763200 352.12979100 -434.38092000
v -602.69763200 352.12979100 -434.38092000
v -233.59222400 229.01663200 489.25262500
v -233.59222400 229.01663200 489.25262500
v -233.59222400 229.01663200 489.25262500
v -233.59222400 54.79759600 489.25256300
v -233.59222400 54.79759600 489.25256300
v -233.59222400 54.79759600 489.25256300
v -233.59222400 54.79759600 489.25256300
v -233.59222400 43.41781620 444.28204300
v -233.59222400 43.41781620 444.28204300
v -233.59222400 43.41781620 444.28204300
v -541.39563000 572.74615500 35.60165790
v -541.39563000 572.74615500 35.60165790
v -541.39563000 572.74615500 35.60165790
v 578.27240000 572.74621600 35.60165790
v 578.27240000 572.74621600 35.60165790
v 578.27240000 572.74621600 35.60165790
v -81.67464450 24.46822550 674.45141600
v -81.67464450 24.46822550 674.45141600
v -81.67464450 24.46822550 674.45141600
v -81.67464450 24.46822550 674.45141600
v -81.67464450 35.05921940 450.87442000
v -81.67463680 43.41781620 450.87442000
v -81.67463680 43.41778180 674.45141600
v -81.67463680 43.41778180 674.45141600
v -51.77050780 11.43354700 444.28204300
v -51.77050780 11.43354700 444.28204300
v -51.77050780 24.46826170 444.28204300
v -51.77050780 24.46826170 444.28204300
v -51.77050780 24.46826170 444.28204300
v -51.77050780 24.46822550 674.45141600
v -51.77050780 24.46822550 674.45141600
v -51.77050780 11.43352320 674.45141600
v -51.77050780 11.43352320 674.45141600
v -51.77050780 11.43352320 674.45141600
v -21.86636160 11.43352320 674.45141600
v -21.86636160 11.43352320 674.45141600
v -81.67464450 35.05921940 444.28204300
v -81.67464450 35.05921940 444.28204300
v -81.67464450 24.46826170 444.28204300
v -81.67464450 24.46826170 444.28204300
v -541.39563000 43.41797260 -606.15435800
v -541.39563000 43.41797260 -606.15435800
v -146.23385600 43.41797260 -606.15435800
v -146.23385600 43.41797260 -606.15435800
v -146.23388700 0.35585687 -606.15435800
v -146.23388700 0.35585687 -606.15435800
v -146.23388700 0.35585687 -606.15435800
v 578.27246100 43.41797260 -606.15435800
v 578.27246100 43.41797260 -606.15435800
v 183.11067200 0.35585687 -606.15435800
v 183.11067200 0.35585687 -606.15435800
v 183.11067200 0.35585687 -606.15435800
v 183.11067200 0.35585687 -606.15435800
v 183.11067200 43.41797260 -606.15435800
v 183.11067200 43.41797260 -606.15435800
v -146.23388700 43.41797260 -637.19024700
v -146.23388700 43.41797260 -637.19024700
v -146.23388700 25.83404160 -637.19024700
v -146.23388700 25.83404160 -637.19024700
v 183.11067200 43.41797260 -637.19024700
v 183.11067200 43.41797260 -637.19024700
v 183.11067200 25.83404160 -637.19024700
v 183.11067200 25.83404160 -637.19024700
v 183.11067200 25.83404160 -637.19024700
v 183.11067200 9.67199135 -666.78283700
v 183.11067200 9.67199135 -666.78283700
v 183.11067200 9.67199135 -666.78283700
v 183.11067200 25.83405300 -666.78283700
v 183.11067200 25.83405300 -666.78283700
v 183.11067200 0.35588071 -697.41387900
v 183.11067200 0.35588071 -697.41387900
v 183.11067200 9.67199135 -697.41387900
v 183.11067200 9.67199135 -697.41387900
v -146.23388700 9.67199135 -666.78283700
v -146.23388700 9.67199135 -666.78283700
v -146.23388700 9.67199135 -666.78283700
v -146.23388700 25.83405300 -666.78283700
v -146.23388700 25.83405300 -666.78283700
v -146.23388700 0.35588071 -697.41387900
v -146.23388700 0.35588071 -697.41387900
v -146.23388700 9.67199135 -697.41387900
v -146.23388700 9.67199135 -697.41387900
v -423.87661700 122.62164300 674.45141600
v -423.87661700 122.62164300 674.45141600
v -423.87661700 122.62164300 674.45141600
v -337.13751200 122.62164300 674.45141600
v -337.13751200 122.62164300 674.45141600
v -337.13751200 122.62164300 674.45141600
v -156.05944800 122.62168900 444.28210400
v -156.05944800 122.62168900 444.28210400
v -156.05944800 122.62168900 444.28210400
v -156.05944800 266.68817100 444.28210400
v -156.05944800 266.68817100 444.28210400
v -156.05944800 266.68817100 444.28210400
v 28.01984020 122.62168900 444.28210400
v 28.01984020 122.62168900 444.28210400
v 28.01984020 122.62168900 444.28210400
v 145.38105800 122.62168900 444.28210400
v 145.38105800 122.62168900 444.28210400
v 145.38105800 122.62168900 444.28210400
v 145.38105800 266.68817100 444.28210400
v 145.38105800 266.68817100 444.28210400
v 145.38105800 266.68817100 444.28210400
v 28.01984020 266.68817100 444.28210400
v 28.01984020 266.68817100 444.28210400
v 28.01984020 266.68817100 444.28210400
v 270.24881000 122.62168900 444.28210400
v 270.24881000 122.62168900 444.28210400
v 270.24881000 122.62168900 444.28210400
v 332.88427700 122.62168900 444.28210400
v 332.88427700 122.62168900 444.28210400
v 332.88427700 122.62168900 444.28210400
v 270.24881000 266.68817100 444.28210400
v 270.24881000 266.68817100 444.28210400
v 270.24881000 266.68817100 444.28210400
v 332.88427700 266.68817100 444.28210400
v 332.88427700 266.68817100 444.28210400
v 332.88427700 266.68817100 444.28210400
v 457.75204500 122.62168900 444.28210400
v 457.75204500 122.62168900 444.28210400
v 457.75204500 122.62168900 444.28210400
v 457.75204500 266.68817100 444.28210400
v 457.75204500 266.68817100 444.28210400
v 457.75204500 266.68817100 444.28210400
v 578.27233900 122.62176500 102.65467100
v 578.27233900 122.62176500 102.65467100
v 578.27233900 122.62176500 102.65467100
v 547.62127700 122.62176500 102.65467100
v 547.62127700 122.62176500 102.65467100
v 547.62127700 266.68820200 102.65467100
v 547.62127700 266.68820200 102.65467100
v -233.59222400 229.01661700 569.11218300
v -233.59222400 229.01661700 569.11218300
v -233.59222400 229.01661700 569.11218300
v -233.59222400 54.79758450 569.11218300
v -233.59222400 54.79758450 569.11218300
v -233.59222400 54.79758450 569.11218300
v 578.27233900 122.62178800 -22.21318050
v 578.27233900 122.62178800 -22.21318050
v 578.27233900 122.62178800 -22.21318050
v 100.04251900 229.01675400 -373.07888800
v 100.04251900 229.01675400 -373.07888800
v 100.04251900 229.01675400 -373.07888800
v 20.18295290 229.01675400 -373.07888800
v 20.18295290 229.01675400 -373.07888800
v 20.18295290 229.01675400 -373.07888800
v -138.69842500 266.68826300 -373.07888800
v -138.69842500 266.68826300 -373.07888800
v -138.69842500 266.68826300 -373.07888800
v 316.28366100 266.68826300 -373.07888800
v 316.28366100 266.68826300 -373.07888800
v 316.28366100 266.68826300 -373.07888800
v 396.14328000 266.68826300 -373.07888800
v 396.14328000 266.68826300 -373.07888800
v 396.14328000 266.68826300 -373.07888800
v -218.55799900 266.68826300 -373.07888800
v -218.55799900 266.68826300 -373.07888800
v -218.55799900 266.68826300 -373.07888800
v -218.55799900 160.21577500 -373.07888800
v -218.55799900 160.21577500 -373.07888800
v -218.55799900 160.21577500 -373.07888800
v -138.69842500 160.21577500 -373.07888800
v -138.69842500 160.21577500 -373.07888800
v -138.69842500 160.21577500 -373.07888800
v 316.28366100 160.21577500 -373.07888800
v 316.28366100 160.21577500 -373.07888800
v 316.28366100 160.21577500 -373.07888800
v 396.14328000 160.21577500 -373.07888800
v 396.14328000 160.21577500 -373.07888800
v 396.14328000 160.21577500 -373.07888800
v 332.88427700 122.62168900 413.63104200
v 332.88427700 122.62168900 413.63104200
v 332.88427700 266.68817100 413.63104200
v 332.88427700 266.68817100 413.63104200
v -423.87661700 266.68811000 643.80047600
v -423.87661700 266.68811000 643.80047600
v -337.13751200 266.68811000 643.80047600
v -337.13751200 266.68811000 643.80047600
v -156.05944800 122.62168900 413.63104200
v -156.05944800 122.62168900 413.63104200
v -156.05944800 266.68817100 413.63104200
v -156.05944800 266.68817100 413.63104200
v 457.75204500 122.62168900 413.63104200
v 457.75204500 122.62168900 413.63104200
v 28.01984020 122.62168900 413.63104200
v 28.01984020 122.62168900 413.63104200
v 457.75204500 266.68817100 413.63104200
v 457.75204500 266.68817100 413.63104200
v 28.01984020 266.68817100 413.63104200
v 28.01984020 266.68817100 413.63104200
v 145.38105800 122.62168900 413.63104200
v 145.38105800 122.62168900 413.63104200
v 145.38105800 266.68817100 413.63104200
v 145.38105800 266.68817100 413.63104200
v -423.87661700 122.62164300 643.80047600
v -423.87661700 122.62164300 643.80047600
v 270.24881000 122.62168900 413.63104200
v 270.24881000 122.62168900 413.63104200
v -337.13751200 122.62164300 643.80047600
v -337.13751200 122.62164300 643.80047600
v 270.24881000 266.68817100 413.63104200
v 270.24881000 266.68817100 413.63104200
v -264.24325600 229.01663200 489.25262500
v -264.24325600 229.01663200 489.25262500
v -264.24325600 54.79759600 489.25256300
v -264.24325600 54.79759600 489.25256300
v 547.62127700 266.68823200 -22.21315570
v 547.62127700 266.68823200 -22.21315570
v -264.24325600 54.79758450 569.11218300
v -264.24325600 54.79758450 569.11218300
v -264.24325600 229.01661700 569.11218300
v -264.24325600 229.01661700 569.11218300
v 547.62127700 122.62178800 -22.21318050
v 547.62127700 122.62178800 -22.21318050
v 396.14328000 266.68826300 -342.42785600
v 396.14328000 266.68826300 -342.42785600
v 316.28366100 266.68826300 -342.42785600
v 316.28366100 266.68826300 -342.42785600
v 396.14328000 160.21577500 -342.42785600
v 396.14328000 160.21577500 -342.42785600
v -138.69842500 266.68826300 -342.42785600
v -138.69842500 266.68826300 -342.42785600
v -218.55799900 266.68826300 -342.42785600
v -218.55799900 266.68826300 -342.42785600
v 20.18295290 54.79773710 -342.42788700
v 20.18295290 54.79773710 -342.42788700
v 100.04251900 54.79773710 -342.42788700
v 100.04251900 54.79773710 -342.42788700
v -138.69842500 160.21577500 -342.42785600
v -138.69842500 160.21577500 -342.42785600
v 316.28366100 160.21577500 -342.42785600
v 316.28366100 160.21577500 -342.42785600
v 20.18295290 229.01675400 -342.42785600
v 20.18295290 229.01675400 -342.42785600
v -218.55799900 160.21577500 -342.42785600
v -218.55799900 160.21577500 -342.42785600
v 100.04251900 229.01675400 -342.42785600
v 100.04251900 229.01675400 -342.42785600
v -147.07763700 259.67065400 434.06506300
v -147.07763700 259.67065400 434.06506300
v -147.07763700 259.67065400 434.06506300
v -147.07763700 259.67065400 436.98364300
v -147.07763700 259.67065400 436.98364300
v -147.07763700 259.67065400 436.98364300
v -147.07763700 129.63917500 436.98364300
v -147.07763700 129.63917500 436.98364300
v -147.07763700 129.63917500 436.98364300
v -147.07763700 129.63917500 434.06506300
v -147.07763700 129.63917500 434.06506300
v -147.07763700 129.63917500 434.06506300
v 20.23985290 259.67065400 438.65762300
v 20.23985290 259.67065400 438.65762300
v 20.23985290 259.67065400 438.65762300
v -56.68699260 259.67065400 438.65762300
v -56.68699260 259.67065400 438.65762300
v -56.68699260 259.67065400 438.65762300
v -56.68699260 259.67065400 438.65762300
v -56.68699260 259.67065400 436.18450900
v -56.68699260 259.67065400 436.18450900
v -56.68699260 259.67065400 436.18450900
v 20.23985290 259.67065400 436.18450900
v 20.23985290 259.67065400 436.18450900
v 20.23985290 259.67065400 436.18450900
v -70.85635380 259.67065400 434.06506300
v -70.85635380 259.67065400 434.06506300
v -70.85635380 259.67065400 434.06506300
v -70.85635380 259.67065400 436.98364300
v -70.85635380 259.67065400 436.98364300
v -70.85635380 259.67065400 436.98364300
v -63.57135010 266.68817100 436.98364300
v -63.57135010 266.68817100 436.98364300
v -63.57137680 122.62168900 436.98364300
v -63.57137680 122.62168900 436.98364300
v -63.57137680 122.62168900 436.98364300
v -63.57137680 122.62168900 438.65762300
v -63.57137680 122.62168900 438.65762300
v -63.57137680 266.68817100 438.65762300
v -63.57137680 266.68817100 438.65762300
v -63.57137680 266.68817100 438.65762300
v -70.85635380 129.63917500 434.06506300
v -70.85635380 129.63917500 434.06506300
v -70.85635380 129.63917500 434.06506300
v -70.85635380 129.63917500 436.98364300
v -70.85635380 129.63917500 436.98364300
v -70.85635380 129.63917500 436.98364300
v -70.85635380 129.63917500 436.98364300
v -56.68699260 129.63917500 438.65762300
v -56.68699260 129.63917500 438.65762300
v -56.68699260 129.63917500 438.65762300
v -56.68699260 129.63917500 436.18450900
v -56.68699260 129.63917500 436.18450900
v -56.68699260 129.63917500 436.18450900
v 20.23985290 129.63917500 436.18450900
v 20.23985290 129.63917500 436.18450900
v 20.23985290 129.63917500 436.18450900
v 20.23985290 129.63917500 438.65762300
v 20.23985290 129.63917500 438.65762300
v 20.23985290 129.63917500 438.65762300
v 28.01985170 266.68817100 438.65762300
v 28.01985170 122.62168900 438.65762300
v -156.05944800 266.68817100 436.98364300
v -156.05944800 122.62168900 436.98364300
v -344.91751100 259.67062400 664.66418500
v -344.91751100 259.67062400 664.66418500
v -344.91751100 259.67062400 664.66418500
v -416.99227900 259.67062400 664.66418500
v -416.99227900 259.67062400 664.66418500
v -416.99227900 259.67062400 664.66418500
v -416.99227900 259.67062400 662.19104000
v -416.99227900 259.67062400 662.19104000
v -416.99227900 259.67062400 662.19104000
v -344.91751100 259.67062400 662.19104000
v -344.91751100 259.67062400 662.19104000
v -344.91751100 259.67062400 662.19104000
v -423.87661700 266.68811000 664.66418500
v -423.87661700 122.62164300 664.66418500
v -416.99227900 129.63913000 664.66418500
v -416.99227900 129.63913000 664.66418500
v -416.99227900 129.63913000 664.66418500
v -416.99227900 129.63913000 662.19104000
v -416.99227900 129.63913000 662.19104000
v -416.99227900 129.63913000 662.19104000
v -344.91751100 129.63913000 664.66418500
v -344.91751100 129.63913000 664.66418500
v -344.91751100 129.63913000 664.66418500
v -344.91751100 129.63913000 662.19104000
v -344.91751100 129.63913000 662.19104000
v -344.91751100 129.63913000 662.19104000
v -337.13745100 266.68811000 664.66418500
v -337.13745100 122.62164300 664.66418500
v -245.85258500 62.86050800 561.01367200
v -245.85258500 62.86050800 561.01367200
v -245.85258500 62.86050800 561.01367200
v -245.85258500 220.95367400 561.01367200
v -245.85258500 220.95367400 561.01367200
v -245.85258500 220.95367400 561.01367200
v -241.76580800 220.95367400 561.01367200
v -241.76580800 220.95367400 561.01367200
v -241.76580800 220.95367400 561.01367200
v -241.76580800 62.86050800 561.01367200
v -241.76580800 62.86050800 561.01367200
v -241.76580800 62.86050800 561.01367200
v -245.85258500 220.95367400 497.35101300
v -245.85258500 220.95367400 497.35101300
v -245.85258500 220.95367400 497.35101300
v -245.85258500 62.86051940 497.35092200
v -245.85258500 62.86051940 497.35092200
v -245.85258500 62.86051940 497.35092200
v -241.76580800 62.86051940 497.35098300
v -241.76580800 62.86051940 497.35098300
v -241.76580800 62.86051940 497.35098300
v -241.76580800 220.95367400 497.35101300
v -241.76580800 220.95367400 497.35101300
v -241.76580800 220.95367400 497.35101300
v -243.53836100 126.19420600 497.35101300
v -243.53836100 126.19420600 497.35101300
v -243.53836100 126.19420600 561.01367200
v -243.53836100 126.19420600 561.01367200
v -245.85258500 126.19420600 561.01367200
v -245.85258500 126.19420600 497.35101300
v -241.76580800 229.01661700 569.11218300
v -241.76580800 54.79758450 569.11212200
v -241.76580800 54.79759600 489.25253300
v -241.76580800 229.01663200 489.25256300
v -245.85258500 132.29631000 497.35101300
v -245.85258500 132.29631000 561.01367200
v -243.53836100 132.29631000 561.01367200
v -243.53836100 132.29631000 561.01367200
v -243.53836100 132.29631000 497.35101300
v -243.53836100 132.29631000 497.35101300
v 44.36696240 223.24006700 448.42938200
v 44.36696240 223.24006700 448.42938200
v 130.05554200 223.24006700 448.42944300
v 130.05554200 223.24006700 448.42944300
v 130.05554200 223.24006700 443.87341300
v 44.36696240 223.24006700 443.87341300
v 44.36696240 207.91456600 443.87341300
v 130.05554200 207.91455100 443.87341300
v 130.05554200 207.91455100 446.72860700
v 130.05554200 207.91455100 446.72860700
v 44.36696240 207.91456600 446.72857700
v 44.36696240 207.91456600 446.72857700
v 44.36696240 215.57731600 448.42938200
v 44.36696240 215.57731600 448.42938200
v 130.05554200 215.57731600 448.42944300
v 130.05554200 215.57731600 448.42944300
v 44.36696240 215.57731600 446.72857700
v 44.36696240 215.57731600 446.72857700
v 130.05554200 215.57731600 446.72860700
v 130.05554200 215.57731600 446.72860700
v 285.57440200 223.24006700 448.42938200
v 285.57440200 223.24006700 448.42938200
v 317.55874600 223.24006700 448.42944300
v 317.55874600 223.24006700 448.42944300
v 317.55874600 223.24006700 443.87341300
v 285.57440200 223.24006700 443.87341300
v 285.57440200 207.91456600 443.87341300
v 317.55874600 207.91455100 443.87341300
v 317.55874600 207.91455100 446.72860700
v 317.55874600 207.91455100 446.72860700
v 285.57440200 207.91456600 446.72857700
v 285.57440200 207.91456600 446.72857700
v 285.57440200 215.57731600 448.42938200
v 285.57440200 215.57731600 448.42938200
v 317.55874600 215.57731600 448.42944300
v 317.55874600 215.57731600 448.42944300
v 285.57440200 215.57731600 446.72857700
v 285.57440200 215.57731600 446.72857700
v 317.55874600 215.57731600 446.72860700
v 317.55874600 215.57731600 446.72860700
v -229.03619400 223.24006700 448.42938200
v -229.03619400 223.24006700 448.42938200
v -229.03619400 223.24006700 448.42938200
v -229.03619400 223.24006700 448.42938200
v -171.38508600 223.24006700 448.42944300
v -171.38508600 223.24006700 448.42944300
v -171.38508600 223.24006700 443.87341300
v -233.59227000 223.24006700 443.87341300
v -233.59227000 223.24006700 443.87341300
v -233.59227000 207.91455100 443.87341300
v -233.59227000 207.91455100 443.87341300
v -171.38508600 207.91455100 443.87341300
v -171.38508600 207.91455100 446.72860700
v -171.38508600 207.91455100 446.72860700
v -230.73701500 207.91456600 446.72857700
v -230.73701500 207.91456600 446.72857700
v -230.73701500 207.91456600 446.72857700
v -230.73701500 207.91456600 446.72857700
v -229.03619400 215.57731600 448.42938200
v -229.03619400 215.57731600 448.42938200
v -229.03619400 215.57731600 448.42938200
v -229.03619400 215.57731600 448.42938200
v -171.38508600 215.57731600 448.42944300
v -171.38508600 215.57731600 448.42944300
v -230.73701500 215.57731600 446.72857700
v -230.73701500 215.57731600 446.72857700
v -230.73701500 215.57731600 446.72857700
v -230.73701500 215.57731600 446.72857700
v -171.38508600 215.57731600 446.72860700
v -171.38508600 215.57731600 446.72860700
v -229.03619400 223.24006700 473.92712400
v -229.03619400 223.24006700 473.92712400
v -233.59227000 223.24006700 473.92712400
v -233.59227000 207.91455100 473.92712400
v -230.73701500 207.91455100 473.92712400
v -230.73701500 207.91455100 473.92712400
v -229.03619400 215.57731600 473.92712400
v -229.03619400 215.57731600 473.92712400
v -230.73701500 215.57731600 473.92712400
v -230.73701500 215.57731600 473.92712400
v -229.03619400 223.24003600 679.00750700
v -229.03619400 223.24003600 679.00750700
v -229.03619400 223.24003600 679.00750700
v -229.03619400 223.24003600 679.00750700
v -229.03619400 223.24003600 584.43768300
v -229.03619400 223.24003600 584.43768300
v -233.59227000 223.24003600 584.43768300
v -233.59227000 223.24003600 674.45141600
v -233.59227000 223.24003600 674.45141600
v -233.59227000 207.91452000 674.45141600
v -233.59227000 207.91452000 674.45141600
v -233.59227000 207.91452000 584.43768300
v -230.73701500 207.91455100 584.43768300
v -230.73701500 207.91455100 584.43768300
v -230.73701500 207.91452000 677.30670200
v -230.73701500 207.91452000 677.30670200
v -230.73701500 207.91452000 677.30670200
v -230.73701500 207.91452000 677.30670200
v -229.03619400 215.57727100 679.00750700
v -229.03619400 215.57727100 679.00750700
v -229.03619400 215.57727100 679.00750700
v -229.03619400 215.57727100 679.00750700
v -229.03619400 215.57728600 584.43768300
v -229.03619400 215.57728600 584.43768300
v -230.73701500 215.57727100 677.30670200
v -230.73701500 215.57727100 677.30670200
v -230.73701500 215.57727100 677.30670200
v -230.73701500 215.57727100 677.30670200
v -230.73701500 215.57728600 584.43768300
v -230.73701500 215.57728600 584.43768300
v -321.81204200 223.24002100 679.00750700
v -321.81204200 223.24002100 679.00750700
v -321.81204200 223.24003600 674.45141600
v -321.81204200 207.91452000 674.45141600
v -321.81204200 207.91452000 677.30670200
v -321.81204200 207.91452000 677.30670200
v -321.81204200 215.57727100 679.00750700
v -321.81204200 215.57727100 679.00750700
v -321.81204200 215.57727100 677.30670200
v -321.81204200 215.57727100 677.30670200
v -545.95178200 223.24015800 -46.42170720
v -545.95178200 223.24015800 -46.42170720
v -541.39569100 223.24014300 -46.42170720
v -541.39569100 223.24018900 -373.07879600
v -541.39569100 223.24018900 -373.07879600
v -545.95178200 223.24020400 -377.63491800
v -545.95178200 223.24020400 -377.63491800
v -545.95178200 223.24020400 -377.63491800
v -545.95178200 223.24020400 -377.63491800
v -541.39569100 207.91461200 -46.42170720
v -544.25097700 207.91464200 -46.42170720
v -544.25097700 207.91464200 -46.42170720
v -544.25097700 207.91468800 -375.93405200
v -544.25097700 207.91468800 -375.93405200
v -544.25097700 207.91468800 -375.93405200
v -544.25097700 207.91468800 -375.93405200
v -541.39569100 207.91468800 -373.07879600
v -541.39569100 207.91468800 -373.07879600
v -545.95178200 215.57743800 -377.63491800
v -545.95178200 215.57743800 -377.63491800
v -545.95178200 215.57743800 -377.63491800
v -545.95178200 215.57743800 -377.63491800
v -545.95178200 215.57739300 -46.42170720
v -545.95178200 215.57739300 -46.42170720
v -544.25097700 215.57739300 -46.42170720
v -544.25097700 215.57739300 -46.42170720
v -544.25097700 215.57743800 -375.93405200
v -544.25097700 215.57743800 -375.93405200
v -544.25097700 215.57743800 -375.93405200
v -544.25097700 215.57743800 -375.93405200
v -545.95178200 215.57736200 118.39461500
v -545.95178200 215.57736200 118.39461500
v -544.25097700 215.57736200 118.10724600
v -544.25097700 215.57736200 118.10724600
v -544.25097700 215.57727100 677.30670200
v -544.25097700 215.57727100 677.30670200
v -544.25097700 215.57727100 677.30670200
v -544.25097700 215.57727100 677.30670200
v -545.95178200 215.57727100 679.00750700
v -545.95178200 215.57727100 679.00750700
v -545.95178200 215.57727100 679.00750700
v -545.95178200 215.57727100 679.00750700
v -439.20211800 223.24002100 679.00750700
v -439.20211800 223.24002100 679.00750700
v -439.20211800 223.24002100 674.45141600
v -541.39569100 223.24003600 674.45141600
v -541.39569100 223.24003600 674.45141600
v -545.95178200 223.24003600 679.00750700
v -545.95178200 223.24003600 679.00750700
v -545.95178200 223.24003600 679.00750700
v -545.95178200 223.24003600 679.00750700
v -439.20211800 207.91452000 674.45141600
v -439.20211800 207.91452000 677.30670200
v -439.20211800 207.91452000 677.30670200
v -544.25097700 207.91449000 677.30670200
v -544.25097700 207.91449000 677.30670200
v -544.25097700 207.91449000 677.30670200
v -544.25097700 207.91449000 677.30670200
v -541.39569100 207.91449000 674.45141600
v -541.39569100 207.91449000 674.45141600
v -439.20211800 215.57727100 679.00750700
v -439.20211800 215.57727100 679.00750700
v -439.20211800 215.57727100 677.30670200
v -439.20211800 215.57727100 677.30670200
v -233.88366700 223.24018900 -377.63482700
v -233.88366700 223.24018900 -377.63482700
v -233.88366700 223.24018900 -373.07888800
v -233.88366700 207.91468800 -373.07888800
v -233.88366700 207.91468800 -375.93405200
v -233.88366700 207.91468800 -375.93405200
v -233.88366700 215.57743800 -377.63482700
v -233.88366700 215.57743800 -377.63482700
v -233.88366700 215.57743800 -375.93405200
v -233.88366700 215.57743800 -375.93405200
v -123.37299300 223.24018900 -377.22613500
v -123.37299300 223.24018900 -377.22613500
v -123.37299300 223.24018900 -372.67010500
v 4.85734510 223.24020400 -372.67010500
v 4.85734510 223.24020400 -377.22613500
v 4.85734510 223.24020400 -377.22613500
v -123.37299300 207.91468800 -372.67010500
v -123.37299300 207.91468800 -375.52526900
v -123.37299300 207.91468800 -375.52526900
v 4.85734510 207.91468800 -375.52536000
v 4.85734510 207.91468800 -375.52536000
v 4.85734510 207.91468800 -372.67010500
v 4.85734510 215.57743800 -377.22613500
v 4.85734510 215.57743800 -377.22613500
v -123.37299300 215.57743800 -377.22613500
v -123.37299300 215.57743800 -377.22613500
v -123.37299300 215.57743800 -375.52526900
v -123.37299300 215.57743800 -375.52526900
v 4.85734510 215.57743800 -375.52536000
v 4.85734510 215.57743800 -375.52536000
v 115.36787400 223.24018900 -377.22613500
v 115.36787400 223.24018900 -377.22613500
v 115.36787400 223.24018900 -372.67010500
v 300.95816000 223.24020400 -372.67013500
v 300.95816000 223.24020400 -377.22619600
v 300.95816000 223.24020400 -377.22619600
v 115.36787400 207.91468800 -372.67010500
v 115.36787400 207.91468800 -375.52526900
v 115.36787400 207.91468800 -375.52526900
v 300.95816000 207.91468800 -375.52539100
v 300.95816000 207.91468800 -375.52539100
v 300.95816000 207.91468800 -372.67013500
v 300.95816000 215.57743800 -377.22619600
v 300.95816000 215.57743800 -377.22619600
v 115.36787400 215.57743800 -377.22613500
v 115.36787400 215.57743800 -377.22613500
v 115.36787400 215.57743800 -375.52526900
v 115.36787400 215.57743800 -375.52526900
v 300.95816000 215.57743800 -375.52539100
v 300.95816000 215.57743800 -375.52539100
v 582.82855200 223.24015800 -37.53866580
v 582.82855200 223.24015800 -37.53866580
v 582.82855200 223.24020400 -377.63488800
v 582.82855200 223.24020400 -377.63488800
v 582.82855200 223.24020400 -377.63488800
v 582.82855200 223.24020400 -377.63488800
v 578.27252200 223.24018900 -373.07879600
v 578.27252200 223.24018900 -373.07879600
v 578.27252200 223.24015800 -37.53866580
v 578.27252200 207.91461200 -37.53866580
v 578.27252200 207.91468800 -373.07879600
v 578.27252200 207.91468800 -373.07879600
v 581.12774700 207.91468800 -375.93399000
v 581.12774700 207.91468800 -375.93399000
v 581.12774700 207.91468800 -375.93399000
v 581.12774700 207.91468800 -375.93399000
v 581.12768600 207.91461200 -37.53866580
v 581.12768600 207.91461200 -37.53866580
v 582.82855200 215.57739300 -37.53866580
v 582.82855200 215.57739300 -37.53866580
v 582.82855200 215.57743800 -377.63488800
v 582.82855200 215.57743800 -377.63488800
v 582.82855200 215.57743800 -377.63488800
v 582.82855200 215.57743800 -377.63488800
v 581.12768600 215.57739300 -37.53866580
v 581.12768600 215.57739300 -37.53866580
v 581.12774700 215.57743800 -375.93399000
v 581.12774700 215.57743800 -375.93399000
v 581.12774700 215.57743800 -375.93399000
v 581.12774700 215.57743800 -375.93399000
v 411.46878100 223.24018900 -377.63488800
v 411.46878100 223.24018900 -377.63488800
v 411.46878100 223.24018900 -373.07894900
v 411.46878100 207.91468800 -373.07894900
v 411.46878100 207.91468800 -375.93411300
v 411.46878100 207.91468800 -375.93411300
v 411.46878100 215.57743800 -377.63488800
v 411.46878100 215.57743800 -377.63488800
v 411.46878100 215.57743800 -375.93411300
v 411.46878100 215.57743800 -375.93411300
v 582.82855200 223.24014300 117.98021700
v 582.82855200 223.24014300 117.98021700
v 578.27246100 223.24014300 117.98021700
v 578.27252200 223.24006700 444.28204300
v 578.27252200 223.24006700 444.28204300
v 582.82855200 223.24006700 448.83813500
v 582.82855200 223.24006700 448.83813500
v 582.82855200 223.24006700 448.83813500
v 582.82855200 223.24006700 448.83813500
v 578.27246100 207.91459700 117.98021700
v 581.12768600 207.91459700 117.98021700
v 581.12768600 207.91459700 117.98021700
v 581.12768600 207.91456600 447.13726800
v 581.12768600 207.91456600 447.13726800
v 581.12768600 207.91456600 447.13726800
v 581.12768600 207.91456600 447.13726800
v 578.27252200 207.91455100 444.28204300
v 578.27252200 207.91455100 444.28204300
v 582.82855200 215.57731600 448.83813500
v 582.82855200 215.57731600 448.83813500
v 582.82855200 215.57731600 448.83813500
v 582.82855200 215.57731600 448.83813500
v 582.82855200 215.57736200 117.98021700
v 582.82855200 215.57736200 117.98021700
v 581.12768600 215.57736200 117.98021700
v 581.12768600 215.57736200 117.98021700
v 581.12768600 215.57731600 447.13726800
v 581.12768600 215.57731600 447.13726800
v 581.12768600 215.57731600 447.13726800
v 581.12768600 215.57731600 447.13726800
v 473.07763700 223.24006700 448.83813500
v 473.07763700 223.24006700 448.83813500
v 473.07763700 223.24006700 444.28219600
v 473.07763700 207.91456600 444.28219600
v 473.07763700 207.91456600 447.13729900
v 473.07763700 207.91456600 447.13729900
v 473.07763700 215.57731600 448.83813500
v 473.07763700 215.57731600 448.83813500
v 473.07763700 215.57731600 447.13729900
v 473.07763700 215.57731600 447.13729900
v -544.25097700 207.91461200 118.10724600
v -544.25097700 207.91461200 118.10724600
v -545.95178200 223.24014300 118.39461500
v -545.95178200 223.24014300 118.39461500
v -541.39569100 207.91459700 117.62487800
v -541.39569100 223.24011200 117.62490100
v 584.79248000 52.38230900 450.87442000
v 584.79248000 52.38230900 450.87442000
v 584.79248000 52.38230900 450.87442000
v 584.79248000 52.38230900 450.87442000
v 584.79248000 35.05921940 450.87442000
v 584.79248000 35.05921940 450.87442000
v 584.79248000 35.05921940 450.87442000
v 584.79248000 35.05921940 450.87442000
v 584.79248000 35.05936430 -373.07894900
v 584.79248000 35.05936430 -373.07894900
v 584.79248000 35.05936430 -373.07894900
v 584.79248000 52.38245010 -373.07894900
v 584.79248000 52.38245010 -373.07894900
v 584.79248000 52.38245010 -373.07894900
v 578.27246100 35.05936430 -373.07894900
v 578.27246100 35.05936430 -373.07894900
v 578.27246100 52.38245010 -373.07894900
v 578.27246100 52.38245010 -373.07894900
v -233.59227000 52.38230900 450.87442000
v -233.59227000 52.38230900 450.87442000
v -233.59227000 35.05921940 450.87442000
v -233.59227000 35.05921940 450.87442000
v -233.59227000 35.05921940 444.28210400
v 578.27240000 35.05921940 444.28210400
v 578.27240000 35.05921940 444.28210400
v 578.27240000 52.38230900 444.28210400
v 578.27240000 52.38230900 444.28210400
v -233.59227000 52.38230900 444.28210400
v -233.59227000 35.05918500 681.04382300
v -233.59227000 35.05918500 681.04382300
v -233.59227000 35.05918500 681.04382300
v -233.59227000 52.38227080 681.04382300
v -233.59227000 52.38227080 681.04382300
v -233.59227000 52.38227080 681.04382300
v -546.63598600 52.38227080 681.04382300
v -546.63598600 52.38227080 681.04382300
v -546.63598600 52.38227080 681.04382300
v -546.63598600 52.38227080 681.04382300
v -546.63598600 35.05918500 681.04382300
v -546.63598600 35.05918500 681.04382300
v -546.63598600 35.05918500 681.04382300
v -546.63598600 35.05918500 681.04382300
v -541.39550800 35.05918500 674.45141600
v -541.39550800 35.05918500 674.45141600
v -233.59227000 35.05918500 674.45141600
v -233.59227000 35.05918500 674.45141600
v -233.59227000 52.38227080 674.45141600
v -233.59227000 52.38227080 674.45141600
v -541.39550800 52.38227080 674.45141600
v -541.39550800 52.38227080 674.45141600
v -546.63598600 35.05930330 -46.42179110
v -546.63598600 35.05930330 -46.42179110
v -546.63598600 52.38239290 -46.42178340
v -546.63598600 52.38239290 -46.42178340
v -546.63592500 52.38245010 -373.07879600
v -546.63592500 52.38245010 -373.07879600
v -546.63592500 52.38245010 -373.07879600
v -546.63592500 35.05936430 -373.07879600
v -546.63592500 35.05936430 -373.07879600
v -546.63592500 35.05936430 -373.07879600
v -541.39544700 52.38245010 -373.07879600
v -541.39544700 52.38245010 -373.07879600
v -541.39544700 35.05936430 -373.07879600
v -541.39544700 35.05936430 -373.07879600
v -541.39550800 52.38239290 -46.42178340
v -541.39550800 35.05930330 -46.42179110
v -546.63598600 35.05928040 117.62483200
v -546.63598600 35.05928040 117.62483200
v -541.39550800 35.05928040 117.62483200
v -541.39550800 52.38236620 117.62483200
v -546.63598600 52.38236620 117.62483200
v -546.63598600 52.38236620 117.62483200
v -134.11036700 49.89019010 674.45141600
v -134.11036700 49.89019010 674.45141600
v -134.11036700 318.12811300 674.45147700
v -134.11036700 318.12811300 674.45147700
v -134.11036700 318.12814300 654.87310800
v -134.11036700 318.12814300 654.87310800
v -134.11036700 49.89020160 654.87310800
v -134.11036700 49.89020160 654.87310800
v -114.53193700 318.12814300 654.87310800
v -114.53193700 318.12814300 654.87310800
v -114.53193700 49.89020160 654.87310800
v -114.53193700 49.89020160 654.87310800
v -114.53193700 318.12811300 674.45147700
v -114.53193700 318.12811300 674.45147700
v -114.53193700 49.89019010 674.45141600
v -114.53193700 49.89019010 674.45141600
v -112.44085700 126.71331000 673.14001500
v -112.44085700 126.71331000 673.14001500
v -112.44085700 126.71331000 673.14001500
v -15.99162390 91.08612820 673.14001500
v -15.99162390 91.08612820 673.14001500
v -15.99162390 91.08612820 673.14001500
v -15.99162390 91.08612820 667.70184300
v -15.99162390 91.08612820 667.70184300
v -15.99162390 91.08612820 667.70184300
v -112.44085700 126.71331000 667.70196500
v -112.44085700 126.71331000 667.70196500
v -112.44085700 126.71331000 667.70196500
v -16.72446250 89.13820650 667.70184300
v -16.72446250 89.13820650 667.70184300
v -16.72446250 89.13820650 667.70184300
v -113.17363700 124.76535800 667.70196500
v -113.17363700 124.76535800 667.70196500
v -113.17363700 124.76535800 667.70196500
v -16.72446250 89.13820650 673.14001500
v -16.72446250 89.13820650 673.14001500
v -16.72446250 89.13820650 673.14001500
v -113.17363700 124.76535800 673.14001500
v -113.17363700 124.76535800 673.14001500
v -113.17363700 124.76535800 673.14001500
v -108.88701600 69.49641420 671.35955800
v -108.88701600 69.49641420 671.35955800
v -18.34184460 34.61903760 671.35949700
v -18.34184460 34.61903760 671.35949700
v -18.34184460 34.61903760 669.48223900
v -18.34184460 34.61903760 669.48223900
v -108.88701600 69.49641420 669.48230000
v -108.88701600 69.49641420 669.48230000
v -19.79858970 30.83713720 669.48223900
v -19.79858970 30.83713720 669.48223900
v -110.34378100 65.71449280 669.48230000
v -110.34378100 65.71449280 669.48230000
v -19.79858970 30.83713720 671.35949700
v -19.79858970 30.83713720 671.35949700
v -110.34378100 65.71449280 671.35955800
v -110.34378100 65.71449280 671.35955800
v -232.14816300 126.61011500 673.14001500
v -232.14816300 126.61011500 673.14001500
v -135.11796600 126.61011500 673.14001500
v -135.11796600 126.61011500 673.14001500
v -135.11796600 126.61011500 667.70184300
v -135.11796600 126.61011500 667.70184300
v -232.14816300 126.61011500 667.70196500
v -232.14816300 126.61011500 667.70196500
v -135.11796600 124.52887000 667.70184300
v -135.11796600 124.52887000 667.70184300
v -232.14816300 124.52886200 667.70196500
v -232.14816300 124.52886200 667.70196500
v -135.11796600 124.52887000 673.14001500
v -135.11796600 124.52887000 673.14001500
v -232.14816300 124.52886200 673.14001500
v -232.14816300 124.52886200 673.14001500
v -21.82219700 17.34511180 672.44726600
v -21.82219700 17.34511180 672.44726600
v -21.82219700 91.98381040 672.44732700
v -21.82219700 91.98381040 672.44732700
v -21.82219700 91.98381040 668.39453100
v -21.82219700 91.98381040 668.39453100
v -21.82219700 17.34511180 668.39447000
v -21.82219700 17.34511180 668.39447000
v -17.76943590 90.29338070 668.39453100
v -17.76943590 90.29338070 668.39453100
v -17.76943590 17.34511180 668.39447000
v -17.76943590 17.34511180 668.39447000
v -17.76943590 90.29338070 672.44732700
v -17.76943590 90.29338070 672.44732700
v -17.76943590 17.34511180 672.44726600
v -17.76943590 17.34511180 672.44726600
v -111.81293500 49.89019010 672.44726600
v -111.81293500 49.89019010 672.44726600
v -111.81293500 124.52887000 672.44732700
v -111.81293500 124.52887000 672.44732700
v -111.81293500 124.52887000 668.39459200
v -111.81293500 124.52887000 668.39459200
v -111.81293500 49.89019010 668.39453100
v -111.81293500 49.89019010 668.39453100
v -107.76015500 124.52887000 668.39459200
v -107.76015500 124.52887000 668.39459200
v -107.76015500 49.89019010 668.39453100
v -107.76015500 49.89019010 668.39453100
v -107.76015500 124.52887000 672.44732700
v -107.76015500 124.52887000 672.44732700
v -107.76015500 49.89019010 672.44726600
v -107.76015500 49.89019010 672.44726600
v -66.38490300 30.37982560 672.44726600
v -66.38490300 30.37982560 672.44726600
v -66.38490300 107.91638900 672.44732700
v -66.38490300 107.91638900 672.44732700
v -66.38490300 107.91638900 668.39459200
v -66.38490300 107.91638900 668.39459200
v -66.38490300 30.37982560 668.39453100
v -66.38490300 30.37982560 668.39453100
v -62.33220670 106.46746100 668.39459200
v -62.33220670 106.46746100 668.39459200
v -62.33220670 30.37985040 668.39453100
v -62.33220670 30.37985040 668.39453100
v -62.33220670 106.46746100 672.44732700
v -62.33220670 106.46746100 672.44732700
v -62.33220670 30.37985040 672.44726600
v -62.33220670 30.37985040 672.44726600
v -137.11122100 144.54408300 677.45239300
v -137.11122100 144.54408300 677.45239300
v -137.11122100 144.54408300 677.45239300
v -137.11122100 151.33609000 677.45239300
v -137.11122100 151.33609000 677.45239300
v -137.11122100 151.33609000 677.45239300
v -137.11122100 151.33609000 651.87225300
v -137.11122100 151.33609000 651.87225300
v -137.11122100 151.33609000 651.87225300
v -137.11122100 144.54409800 651.87225300
v -137.11122100 144.54409800 651.87225300
v -137.11122100 144.54409800 651.87225300
v -111.53108200 151.33609000 651.87225300
v -111.53108200 151.33609000 651.87225300
v -111.53108200 151.33609000 651.87225300
v -111.53108200 144.54409800 651.87225300
v -111.53108200 144.54409800 651.87225300
v -111.53108200 144.54409800 651.87225300
v -111.53108200 151.33609000 677.45239300
v -111.53108200 151.33609000 677.45239300
v -111.53108200 151.33609000 677.45239300
v -111.53108200 144.54408300 677.45239300
v -111.53108200 144.54408300 677.45239300
v -111.53108200 144.54408300 677.45239300
v -134.11036700 151.33609000 674.45147700
v -134.11036700 151.33609000 654.87310800
v -114.53193700 151.33609000 674.45147700
v -134.11036700 137.75212100 654.87310800
v -134.11036700 137.75212100 674.45147700
v -136.42814600 137.93345600 676.76940900
v -136.42814600 137.93345600 676.76940900
v -136.42814600 137.93345600 676.76940900
v -136.42814600 137.93347200 652.55529800
v -136.42814600 137.93347200 652.55529800
v -136.42814600 137.93347200 652.55529800
v -114.53193700 137.75212100 674.45147700
v -114.53193700 137.75212100 654.87310800
v -112.21407300 137.93347200 652.55529800
v -112.21407300 137.93347200 652.55529800
v -112.21407300 137.93347200 652.55529800
v -112.21407300 137.93345600 676.76928700
v -112.21407300 137.93345600 676.76928700
v -112.21407300 137.93345600 676.76928700
v -114.53193700 151.33609000 654.87310800
v -136.42814600 144.36271700 676.76928700
v -136.42814600 144.36271700 676.76928700
v -136.42814600 144.36271700 676.76928700
v -112.21407300 144.36271700 676.76928700
v -112.21407300 144.36271700 676.76928700
v -112.21407300 144.36271700 676.76928700
v -112.21407300 144.36273200 652.55529800
v -112.21407300 144.36273200 652.55529800
v -112.21407300 144.36273200 652.55529800
v -136.42814600 144.36273200 652.55529800
v -136.42814600 144.36273200 652.55529800
v -136.42814600 144.36273200 652.55529800
v -156.05957000 266.68817100 449.39059400
v -156.05957000 266.68817100 449.39059400
v -156.05957000 266.68817100 449.39059400
v -156.05957000 122.62168900 449.39059400
v -156.05957000 122.62168900 449.39059400
v -156.05957000 122.62168900 449.39059400
v -156.05957000 122.62168900 443.87344400
v -156.05957000 122.62168900 443.87344400
v -156.05957000 266.68817100 443.87344400
v -156.05957000 266.68817100 443.87344400
v -171.38508600 282.01364100 449.39059400
v -171.38508600 282.01364100 449.39059400
v -171.38508600 282.01364100 449.39059400
v -171.38508600 107.29615800 449.39059400
v -171.38508600 107.29615800 449.39059400
v -171.38508600 107.29615800 449.39059400
v -171.38508600 282.01364100 443.87344400
v -171.38508600 282.01364100 443.87344400
v -171.38508600 107.29615800 443.87344400
v -171.38508600 107.29615800 443.87344400
v 28.01976780 122.62168900 449.39065600
v 28.01976780 122.62168900 449.39065600
v 28.01976780 122.62168900 449.39065600
v 28.01976780 122.62168900 443.87344400
v 28.01976780 122.62168900 443.87344400
v 44.36696240 107.29615800 443.87344400
v 44.36696240 107.29615800 443.87344400
v 44.36696240 107.29615800 449.39065600
v 44.36696240 107.29615800 449.39065600
v 44.36696240 107.29615800 449.39065600
v 28.01976780 266.68817100 449.39065600
v 28.01976780 266.68817100 449.39065600
v 28.01976780 266.68817100 449.39065600
v 28.01976780 266.68817100 443.87344400
v 28.01976780 266.68817100 443.87344400
v 44.36696240 282.01364100 443.87344400
v 44.36696240 282.01364100 443.87344400
v 44.36696240 282.01364100 449.39065600
v 44.36696240 282.01364100 449.39065600
v 44.36696240 282.01364100 449.39065600
v -423.87658700 266.68811000 679.56005900
v -423.87658700 266.68811000 679.56005900
v -423.87658700 266.68811000 679.56005900
v -423.87658700 122.62164300 679.56005900
v -423.87658700 122.62164300 679.56005900
v -423.87658700 122.62164300 679.56005900
v -423.87658700 122.62164300 674.04284700
v -423.87658700 122.62164300 674.04284700
v -423.87658700 266.68811000 674.04284700
v -423.87658700 266.68811000 674.04284700
v -439.20211800 282.01364100 679.56005900
v -439.20211800 282.01364100 679.56005900
v -439.20211800 282.01364100 679.56005900
v -439.20211800 107.29612000 679.56005900
v -439.20211800 107.29612000 679.56005900
v -439.20211800 107.29612000 679.56005900
v -439.20211800 282.01364100 674.04284700
v -439.20211800 282.01364100 674.04284700
v -439.20211800 107.29612000 674.04284700
v -439.20211800 107.29612000 674.04284700
v -337.13763400 122.62164300 679.56005900
v -337.13763400 122.62164300 679.56005900
v -337.13763400 122.62164300 679.56005900
v -337.13763400 122.62164300 674.04284700
v -337.13763400 122.62164300 674.04284700
v -321.81204200 107.29612000 674.04284700
v -321.81204200 107.29612000 674.04284700
v -321.81204200 107.29612000 679.56005900
v -321.81204200 107.29612000 679.56005900
v -321.81204200 107.29612000 679.56005900
v -337.13763400 266.68811000 679.56005900
v -337.13763400 266.68811000 679.56005900
v -337.13763400 266.68811000 679.56005900
v -337.13763400 266.68811000 674.04284700
v -337.13763400 266.68811000 674.04284700
v -321.81204200 282.01364100 674.04284700
v -321.81204200 282.01364100 674.04284700
v -321.81204200 282.01364100 679.56005900
v -321.81204200 282.01364100 679.56005900
v -321.81204200 282.01364100 679.56005900
v -228.48371900 229.01663200 569.11218300
v -228.48371900 229.01663200 569.11218300
v -228.48371900 229.01663200 569.11218300
v -228.48371900 54.79758450 569.11218300
v -228.48371900 54.79758450 569.11218300
v -228.48371900 54.79758450 569.11218300
v -234.00091600 54.79758450 569.11218300
v -234.00091600 54.79758450 569.11218300
v -234.00091600 229.01663200 569.11218300
v -234.00091600 229.01663200 569.11218300
v -228.48371900 244.34213300 584.43768300
v -228.48371900 244.34213300 584.43768300
v -228.48371900 244.34213300 584.43768300
v -228.48371900 49.89020160 584.43768300
v -228.48371900 49.89020160 584.43768300
v -234.00091600 244.34213300 584.43768300
v -234.00091600 244.34213300 584.43768300
v -234.00091600 49.89020160 584.43768300
v -234.00091600 54.79759600 489.25262500
v -234.00091600 54.79759600 489.25262500
v -228.48371900 54.79759600 489.25262500
v -228.48371900 54.79759600 489.25262500
v -228.48371900 54.79759600 489.25262500
v -228.48371900 54.79759600 489.25262500
v -228.48371900 229.01663200 489.25265500
v -228.48371900 229.01663200 489.25265500
v -228.48371900 229.01663200 489.25265500
v -234.00091600 229.01663200 489.25265500
v -234.00091600 229.01663200 489.25265500
v -228.48371900 49.89022450 473.92706300
v -228.48371900 49.89022450 473.92706300
v -228.48371900 49.89022450 473.92706300
v -234.00091600 49.89022450 473.92706300
v -234.00091600 244.34216300 473.92712400
v -234.00091600 244.34216300 473.92712400
v -228.48371900 244.34216300 473.92712400
v -228.48371900 244.34216300 473.92712400
v -228.48371900 244.34216300 473.92712400
v -235.55310100 147.70216400 565.69476300
v -235.55310100 147.70216400 565.69476300
v -235.60316500 147.45329300 551.13507100
v -235.60316500 147.45329300 551.13507100
v -235.49189800 148.03469800 551.13494900
v -235.49189800 148.03469800 551.13494900
v -235.43284600 148.25305200 565.86444100
v -235.43284600 148.25305200 565.86444100
v -240.86415100 138.29051200 562.85058600
v -240.86415100 138.29049700 567.01367200
v -240.86415100 133.10540800 567.01367200
v -240.86415100 133.10540800 562.85040300
v -241.76573200 151.81916800 564.01116900
v -239.66453600 150.85893200 564.20214800
v -239.66453600 150.85893200 564.20214800
v -239.66453600 149.66694600 562.41851800
v -239.66453600 149.66694600 562.41851800
v -241.76573200 150.21087600 561.60443100
v -239.66453600 145.77911400 563.19213900
v -239.66453600 145.77911400 563.19213900
v -239.66453600 145.36070300 565.29614300
v -239.66453600 145.36070300 565.29614300
v -241.76573200 144.40048200 565.48730500
v -241.76573200 144.96508800 562.64825400
v -241.76573200 151.25462300 566.85015900
v -241.76573200 148.84787000 568.45861800
v -239.66453600 148.65681500 567.49823000
v -239.66453600 148.65681500 567.49823000
v -239.66453600 150.44052100 566.30627400
v -239.66453600 150.44052100 566.30627400
v -239.66296400 149.28060900 564.51623500
v -239.66296400 149.28060900 564.51623500
v -239.66296400 149.10243200 565.41235400
v -239.66296400 149.10243200 565.41235400
v -240.86415100 139.95808400 564.51806600
v -240.86415100 139.95808400 565.34625200
v -240.86415100 139.64117400 566.11120600
v -240.86415100 139.64117400 563.75305200
v -239.66296400 148.77298000 563.75659200
v -239.66296400 148.77298000 563.75659200
v -239.66296400 147.87689200 563.57836900
v -239.66296400 147.87689200 563.57836900
v -239.66296400 147.87689200 563.57836900
v -239.66453600 147.56283600 562.00006100
v -239.66453600 147.56283600 562.00006100
v -239.66296400 146.92372100 564.98522900
v -239.66296400 146.92372100 564.98522900
v -239.66296400 147.43800400 565.75482200
v -239.66296400 147.43800400 565.75482200
v -239.66453600 146.55268900 567.07995600
v -239.66453600 146.55268900 567.07995600
v -241.76573200 147.37178000 561.03985600
v -236.37957800 148.82960500 564.52734400
v -236.37957800 148.82960500 564.52734400
v -236.36787400 148.64321900 551.13494900
v -236.36787400 148.64321900 551.13494900
v -236.84179700 148.31388900 551.13494900
v -236.84179700 148.31388900 551.13494900
v -236.89196800 148.51750200 563.80377200
v -236.89196800 148.51750200 563.80377200
v -239.66296400 148.34581000 565.93524200
v -239.66296400 148.34581000 565.93524200
v -236.07711800 147.12394700 551.13507100
v -236.07711800 147.12394700 551.13507100
v -236.63630700 147.23957800 551.13507100
v -236.63630700 147.23957800 551.13507100
v -241.58207700 140.32417300 566.56768800
v -241.58207700 138.45076000 567.81933600
v -240.86415100 131.43786600 565.34625200
v -240.86415100 131.75476100 566.11120600
v -241.58207700 131.07174700 566.56768800
v -241.58207700 130.63220200 565.50640900
v -241.58207700 140.76374800 565.50640900
v -241.58207700 140.76374800 564.35791000
v -240.86415100 131.75476100 563.75305200
v -241.58207700 131.07176200 563.29663100
v -241.58207700 132.94514500 562.04486100
v -240.86415100 131.43786600 564.51806600
v -241.58207700 130.63220200 564.35791000
v -241.58207700 138.45076000 562.04486100
v -241.58207700 132.94516000 567.81933600
v -235.77513100 148.72006200 565.38085900
v -235.77513100 148.72006200 565.38085900
v -236.66980000 147.49957300 564.11755400
v -236.66980000 147.49957300 564.11755400
v -236.06543000 147.39009100 564.97106900
v -236.06543000 147.39009100 564.97106900
v -239.66296400 147.10426300 564.07739300
v -239.66296400 147.10426300 564.07739300
v -235.80870100 148.52755700 551.13494900
v -235.80870100 148.52755700 551.13494900
v -241.76573200 146.00880400 567.89386000
v -237.01223800 147.96661400 563.63397200
v -237.01223800 147.96661400 563.63397200
v -237.01223800 147.96661400 563.63397200
v -237.01223800 147.96661400 563.63397200
v -236.95304900 147.73248300 551.13507100
v -236.95304900 147.73248300 551.13507100
v -236.95304900 147.73248300 551.13507100
v -241.58207700 140.32417300 563.29663100
v -507.01046800 293.85437000 751.69714400
v -507.01046800 308.91204800 751.69714400
v -508.46225000 308.91983000 755.20227100
v -508.46225000 293.00177000 755.07061800
v -508.46225000 294.70697000 748.32360800
v -508.46234100 308.90426600 748.19220000
v -511.96710200 295.06015000 746.92633100
v -511.96710200 295.06015000 746.92633100
v -511.96710200 308.90106200 746.74041700
v -511.96710200 308.90106200 746.74041700
v -515.47210700 294.70697000 748.32360800
v -515.47210700 308.90426600 748.19220000
v -516.92401100 293.85437000 751.69714400
v -516.92401100 308.91204800 751.69714400
v -515.47210700 293.00177000 755.07061800
v -515.47210700 308.91983000 755.20227100
v -511.96710200 292.64859000 756.46801800
v -511.96710200 308.92309600 756.65399200
v -511.96710200 286.05194100 752.27520800
v -508.46225000 286.88305700 751.15802000
v -507.01040600 288.88955700 748.46051000
v -508.46225000 290.89599600 745.76342800
v -511.96719400 291.72705100 744.64587400
v -511.96719400 291.72705100 744.64587400
v -515.47210700 290.89599600 745.76342800
v -516.92407200 288.88955700 748.46057100
v -515.47210700 286.88305700 751.15802000
v -511.96710200 265.69305400 697.57653800
v -515.47210700 266.54919400 696.48309300
v -508.46225000 270.68304400 691.20312500
v -507.01040600 268.61618000 693.84307900
v -508.46234100 266.54919400 696.48309300
v -515.47210700 270.68304400 691.20318600
v -511.96710200 271.53924600 690.10955800
v -511.96710200 271.53924600 690.10955800
v -516.92407200 268.61618000 693.84307900
v -511.96710200 262.92587300 695.49896200
v -508.46225000 263.28424100 694.10327100
v -507.01040600 264.14947500 690.73382600
v -508.46225000 265.01464800 687.36419700
v -511.96710200 265.37304700 685.96868900
v -511.96710200 265.37304700 685.96868900
v -515.47210700 265.01464800 687.36431900
v -516.92401100 264.14947500 690.73364300
v -515.47210700 263.28424100 694.10327100
v -511.96710200 41.61332320 695.67730700
v -515.47210700 41.51860050 694.22930900
v -507.01040600 41.28973010 690.73345900
v -508.46225000 41.51860050 694.22930900
v -515.47210700 41.06079860 687.23785400
v -511.96719400 40.96613690 685.79003900
v -511.96719400 40.96613690 685.79003900
v -516.92401100 41.28973010 690.73352100
v -508.46225000 41.06079860 687.23785400
v -508.46225000 26.92565350 688.54809600
v -511.96710200 26.34689140 687.24774200
v -511.96710200 26.34689140 687.24774200
v -516.92401100 28.32275010 691.68750000
v -515.47210700 29.71986010 694.82696500
v -511.96710200 30.29859730 696.12738000
v -508.46225000 29.71986010 694.82696500
v -515.47210700 26.92565350 688.54809600
v -507.01040600 28.32275010 691.68750000
v -511.96710200 24.80239300 699.83142100
v -508.46225000 24.06698990 698.63330100
v -507.01040600 22.29196360 695.74115000
v -508.46225000 20.51684190 692.84918200
v -511.96694900 19.78151130 691.65124500
v -511.96694900 19.78151130 691.65124500
v -515.47210700 20.51684190 692.84918200
v -516.92401100 22.29196360 695.74133300
v -515.47210700 24.06698990 698.63330100
v -515.47210700 18.32705120 704.69287100
v -515.47210700 18.32705120 704.69287100
v -516.92401100 16.27499390 702.09686300
v -516.92401100 16.27499390 702.09686300
v -508.46225000 14.22290230 699.50085400
v -508.46225000 14.22290230 699.50085400
v -507.01037600 16.27499390 702.09686300
v -507.01037600 16.27499390 702.09686300
v -511.96694900 13.37284470 698.42547600
v -511.96694900 13.37284470 698.42547600
v -511.96694900 13.37284470 698.42547600
v -515.47210700 14.22290230 699.50085400
v -515.47210700 14.22290230 699.50085400
v -511.96710200 19.17718120 705.76831100
v -511.96710200 19.17718120 705.76831100
v -508.46225000 18.32705120 704.69287100
v -508.46225000 18.32705120 704.69287100
v 554.01831100 351.42126500 521.52764900
v 554.01831100 366.47897300 521.52771000
v 552.56652800 366.48675500 525.03283700
v 552.56652800 350.56869500 524.90118400
v 552.56652800 352.27386500 518.15417500
v 552.56646700 366.47116100 518.02276600
v 549.06158400 352.62704500 516.75689700
v 549.06158400 352.62704500 516.75689700
v 549.06158400 366.46798700 516.57116700
v 549.06158400 366.46798700 516.57116700
v 545.55664100 352.27386500 518.15417500
v 545.55664100 366.47116100 518.02276600
v 544.10479700 351.42126500 521.52764900
v 544.10479700 366.47897300 521.52771000
v 545.55664100 350.56869500 524.90118400
v 545.55664100 366.48675500 525.03283700
v 549.06158400 350.21548500 526.29864500
v 549.06158400 366.49002100 526.48455800
v 549.06158400 343.61883500 522.10577400
v 552.56652800 344.45001200 520.98858600
v 554.01843300 346.45642100 518.29107700
v 552.56652800 348.46286000 515.59393300
v 549.06152300 349.29388400 514.47650100
v 549.06152300 349.29388400 514.47650100
v 545.55664100 348.46286000 515.59399400
v 544.10467500 346.45642100 518.29113800
v 545.55664100 344.45001200 520.98858600
v 549.06158400 323.25997900 467.40728800
v 545.55664100 324.11615000 466.31366000
v 552.56652800 328.24993900 461.03378300
v 554.01843300 326.18313600 463.67367600
v 552.56646700 324.11615000 466.31366000
v 545.55664100 328.24993900 461.03378300
v 549.06158400 329.10614000 459.94015500
v 549.06158400 329.10614000 459.94015500
v 544.10467500 326.18313600 463.67367600
v 549.06158400 320.49273700 465.32959000
v 552.56652800 320.85116600 463.93383800
v 554.01843300 321.71637000 460.56442300
v 552.56652800 322.58157300 457.19479400
v 549.06158400 322.93997200 455.79928600
v 549.06158400 322.93997200 455.79928600
v 545.55664100 322.58157300 457.19488500
v 544.10479700 321.71637000 460.56436200
v 545.55664100 320.85116600 463.93383800
v 549.06158400 39.56127930 465.50787400
v 545.55664100 39.46655270 464.05981400
v 554.01843300 39.23768230 460.56402600
v 552.56652800 39.46655270 464.05981400
v 545.55664100 39.00873180 457.06845100
v 549.06152300 38.91407780 455.62051400
v 549.06152300 38.91407780 455.62051400
v 544.10479700 39.23768230 460.56408700
v 552.56652800 39.00873180 457.06835900
v 552.56652800 24.87359620 458.37860100
v 549.06158400 24.29482270 457.07836900
v 549.06158400 24.29482270 457.07836900
v 544.10479700 26.27069280 461.51825000
v 545.55664100 27.66782570 464.65750100
v 549.06158400 28.24654010 465.95797700
v 552.56652800 27.66782570 464.65750100
v 545.55664100 24.87359620 458.37866200
v 554.01843300 26.27069280 461.51809700
v 549.06158400 22.75033570 469.66198700
v 552.56652800 22.01495740 468.46383700
v 554.01843300 20.23990820 465.57168600
v 552.56652800 18.46479800 462.67971800
v 549.06170700 17.72944260 461.48175000
v 549.06170700 17.72944260 461.48175000
v 545.55664100 18.46479800 462.67977900
v 544.10479700 20.23990820 465.57193000
v 545.55664100 22.01495740 468.46383700
v 545.55664100 16.27499390 474.52340700
v 545.55664100 16.27499390 474.52340700
v 544.10479700 14.22295000 471.92746000
v 544.10479700 14.22295000 471.92746000
v 552.56652800 12.17088030 469.33145100
v 552.56652800 12.17088030 469.33145100
v 554.01843300 14.22295000 471.92739900
v 554.01843300 14.22295000 471.92739900
v 549.06170700 11.32079890 468.25610400
v 549.06170700 11.32079890 468.25610400
v 549.06170700 11.32079890 468.25610400
v 545.55664100 12.17088030 469.33145100
v 545.55664100 12.17088030 469.33145100
v 549.06158400 17.12514690 475.59884600
v 549.06158400 17.12514690 475.59884600
v 552.56652800 16.27499390 474.52340700
v 552.56652800 16.27499390 474.52340700
v 636.56945800 267.33645600 -657.50616500
v 636.56945800 267.33645600 -657.50616500
v 636.56945800 270.27426100 -657.30151400
v 636.56945800 270.27426100 -657.30151400
v 636.56945800 270.27426100 -657.30151400
v -601.13275100 270.27456700 -657.30133100
v -601.13275100 270.27456700 -657.30133100
v -601.13275100 270.27456700 -657.30133100
v -601.13275100 267.33685300 -657.50610400
v -601.13275100 267.33685300 -657.50610400
v -601.13275100 267.33676100 -679.06634500
v -601.13275100 267.33676100 -679.06634500
v -601.13275100 270.27450600 -679.27111800
v -601.13275100 270.27450600 -679.27111800
v -601.13275100 270.27450600 -679.27111800
v 636.56945800 270.27426100 -679.27142300
v 636.56945800 270.27426100 -679.27142300
v 636.56945800 270.27426100 -679.27142300
v 636.56945800 267.33645600 -679.06646700
v 636.56945800 267.33645600 -679.06646700
v 636.56945800 261.46060200 -676.01727300
v 636.56945800 261.46060200 -676.01727300
v 636.56921400 259.87036100 -672.87738000
v 636.56921400 259.87036100 -672.87738000
v -601.13275100 259.87066700 -672.87719700
v -601.13275100 259.87066700 -672.87719700
v -601.13275100 261.46090700 -676.01709000
v -601.13275100 261.46090700 -676.01709000
v 636.56921400 259.23172000 -668.11920200
v 636.56921400 259.23172000 -668.11920200
v 636.56921400 259.87036100 -663.36096200
v 636.56921400 259.87036100 -663.36096200
v -601.13275100 259.87042200 -663.36090100
v -601.13275100 259.87042200 -663.36090100
v -601.13275100 259.23199500 -668.11901900
v -601.13275100 259.23199500 -668.11901900
v 636.56921400 261.46060200 -660.38824500
v 636.56921400 261.46060200 -660.38824500
v -601.13275100 261.46090700 -660.38824500
v -601.13275100 261.46090700 -660.38824500
v -601.13275100 264.39874300 -678.20581100
v -601.13275100 264.39874300 -678.20581100
v 636.56945800 264.39846800 -678.20605500
v 636.56945800 264.39846800 -678.20605500
v 636.56945800 264.39846800 -658.50116000
v 636.56945800 264.39846800 -658.50116000
v -601.13275100 264.39874300 -658.50103800
v -601.13275100 264.39874300 -658.50103800
v -62.26869200 314.06265300 740.31713900
v -62.26869200 314.06265300 740.31713900
v -601.13275100 314.06304900 740.31713900
v -601.13275100 314.06304900 740.31713900
v -601.13275100 317.00073200 740.11218300
v -601.13275100 317.00073200 740.11218300
v -601.13275100 317.00073200 740.11218300
v -62.26869200 317.00042700 740.11242700
v -62.26869200 317.00042700 740.11242700
v -62.26869200 317.00042700 740.11242700
v -601.13275100 314.06292700 761.87731900
v -601.13275100 314.06292700 761.87731900
v -62.26869200 314.06265300 761.87744100
v -62.26869200 314.06265300 761.87744100
v -62.26869200 317.00042700 762.08245800
v -62.26869200 317.00042700 762.08245800
v -62.26869200 317.00042700 762.08245800
v -601.13275100 317.00073200 762.08203100
v -601.13275100 317.00073200 762.08203100
v -601.13275100 317.00073200 762.08203100
v -62.26869200 308.18679800 758.82818600
v -62.26869200 308.18679800 758.82818600
v -601.13275100 308.18704200 758.82818600
v -601.13275100 308.18704200 758.82818600
v -601.13275100 306.59686300 755.68811000
v -601.13275100 306.59686300 755.68811000
v -62.26882930 306.59652700 755.68829300
v -62.26882930 306.59652700 755.68829300
v -62.26882930 305.95794700 750.93023700
v -62.26882930 305.95794700 750.93023700
v -601.13275100 305.95819100 750.92981000
v -601.13275100 305.95819100 750.92981000
v -601.13275100 306.59664900 746.17193600
v -601.13275100 306.59664900 746.17193600
v -62.26882930 306.59652700 746.17193600
v -62.26882930 306.59652700 746.17193600
v -601.13275100 308.18707300 743.19915800
v -601.13275100 308.18707300 743.19915800
v -62.26882930 308.18679800 743.19915800
v -62.26882930 308.18679800 743.19915800
v -62.26869200 311.12463400 761.01702900
v -62.26869200 311.12463400 761.01702900
v -601.13275100 311.12493900 761.01672400
v -601.13275100 311.12493900 761.01672400
v -601.13275100 311.12493900 741.31201200
v -601.13275100 311.12493900 741.31201200
v -62.26869200 311.12463400 741.31213400
v -62.26869200 311.12463400 741.31213400
v 635.83648700 372.42654400 510.55511500
v 635.83648700 372.42654400 510.55511500
v -58.15114970 372.42700200 510.55511500
v -58.15114970 372.42700200 510.55511500
v -58.15114970 375.36468500 510.35018900
v -58.15114970 375.36468500 510.35018900
v -58.15114970 375.36468500 510.35018900
v 635.83648700 375.36438000 510.35046400
v 635.83648700 375.36438000 510.35046400
v 635.83648700 375.36438000 510.35046400
v -58.15114970 372.42688000 532.11535600
v -58.15114970 372.42688000 532.11535600
v 635.83648700 372.42654400 532.11547900
v 635.83648700 372.42654400 532.11547900
v 635.83648700 375.36434900 532.32043500
v 635.83648700 375.36434900 532.32043500
v 635.83648700 375.36434900 532.32043500
v -58.15114970 375.36462400 532.32006800
v -58.15114970 375.36462400 532.32006800
v -58.15114970 375.36462400 532.32006800
v 635.83648700 366.55072000 529.06616200
v 635.83648700 366.55072000 529.06616200
v -58.15114970 366.55099500 529.06610100
v -58.15114970 366.55099500 529.06610100
v -58.15114970 364.96081500 525.92608600
v -58.15114970 364.96081500 525.92608600
v 635.83636500 364.96048000 525.92633100
v 635.83636500 364.96048000 525.92633100
v 635.83636500 364.32183800 521.16821300
v 635.83636500 364.32183800 521.16821300
v -58.15114970 364.32211300 521.16790800
v -58.15114970 364.32211300 521.16790800
v -58.15114970 364.96054100 516.40991200
v -58.15114970 364.96054100 516.40991200
v 635.83636500 364.96048000 516.41003400
v 635.83636500 364.96048000 516.41003400
v -58.15114970 366.55099500 513.43719500
v -58.15114970 366.55099500 513.43719500
v 635.83636500 366.55072000 513.43719500
v 635.83636500 366.55072000 513.43719500
v 635.83648700 369.48858600 531.25506600
v 635.83648700 369.48858600 531.25506600
v -58.15114970 369.48886100 531.25476100
v -58.15114970 369.48886100 531.25476100
v -58.15114970 369.48886100 511.55004900
v -58.15114970 369.48886100 511.55004900
v 635.83648700 369.48858600 511.55014000
v 635.83648700 369.48858600 511.55014000
v -88.36065670 534.00207500 -329.03277600
v -88.36065670 534.00207500 -329.03277600
v -88.36065670 534.00207500 -329.03277600
v -88.36065670 534.00207500 -250.72784400
v -88.36065670 534.00207500 -250.72784400
v -88.36065670 534.00207500 -250.72784400
v -88.36065670 462.08175700 -250.72784400
v -88.36065670 462.08175700 -250.72784400
v -88.36065670 425.42877200 -329.03280600
v -88.36065670 425.42877200 -329.03280600
v -129.35258500 534.00207500 -250.72784400
v -129.35258500 534.00207500 -250.72784400
v -129.35258500 534.00207500 -250.72784400
v -129.35258500 462.08175700 -250.72784400
v -129.35258500 462.08175700 -250.72784400
v -129.35258500 534.00207500 -329.03277600
v -129.35258500 534.00207500 -329.03277600
v -129.35258500 534.00207500 -329.03277600
v -129.35258500 425.42877200 -329.03280600
v -129.35258500 425.42877200 -329.03280600
v -97.12867740 545.21606400 -318.90078700
v -97.12867740 545.21606400 -318.90078700
v -97.12867740 545.21606400 -318.90078700
v -120.58457200 545.21606400 -318.90078700
v -120.58457200 545.21606400 -318.90078700
v -120.58457200 545.21606400 -318.90078700
v -120.58457200 466.69860800 -318.90078700
v -120.58457200 466.69860800 -318.90078700
v -97.12867740 466.69860800 -318.90078700
v -97.12867740 466.69860800 -318.90078700
v -83.95819850 534.00207500 -242.31805400
v -83.95819850 534.00207500 -242.31805400
v -83.95819850 534.00207500 -242.31805400
v -83.95819850 534.00207500 -337.44256600
v -83.95819850 534.00207500 -337.44256600
v -83.95819850 534.00207500 -337.44256600
v -133.75503500 545.21606400 -337.44256600
v -133.75503500 545.21606400 -337.44256600
v -133.75503500 545.21606400 -337.44256600
v -83.95819850 545.21606400 -337.44256600
v -83.95819850 545.21606400 -337.44256600
v -83.95819850 545.21606400 -337.44256600
v -133.75503500 534.00207500 -337.44256600
v -133.75503500 534.00207500 -337.44256600
v -133.75503500 534.00207500 -337.44256600
v -83.95819850 545.21606400 -242.31805400
v -83.95819850 545.21606400 -242.31805400
v -83.95819850 545.21606400 -242.31805400
v -133.75503500 545.21606400 -242.31805400
v -133.75503500 545.21606400 -242.31805400
v -133.75503500 545.21606400 -242.31805400
v -133.75503500 534.00207500 -242.31805400
v -133.75503500 534.00207500 -242.31805400
v -133.75503500 534.00207500 -242.31805400
v -108.85662100 571.93133500 -259.78851300
v -108.85662100 571.93133500 -259.78851300
v -108.85662100 571.93133500 -259.78851300
v -133.75503500 559.67315700 -242.31805400
v -133.75503500 559.67315700 -242.31805400
v -133.75503500 559.67315700 -242.31805400
v -133.75503500 559.67315700 -242.31805400
v -83.95819850 559.67315700 -242.31805400
v -83.95819850 559.67315700 -242.31805400
v -83.95819850 559.67315700 -242.31805400
v -83.95819850 559.67315700 -242.31805400
v -83.95819850 557.00372300 -242.31805400
v -83.95819850 557.00372300 -242.31805400
v -83.95819850 557.00372300 -242.31805400
v -83.95819850 557.00372300 -337.44256600
v -83.95819850 557.00372300 -337.44256600
v -83.95819850 557.00372300 -337.44256600
v -83.95819850 559.67321800 -337.44256600
v -83.95819850 559.67321800 -337.44256600
v -83.95819850 559.67321800 -337.44256600
v -83.95819850 559.67321800 -337.44256600
v -133.75503500 557.00372300 -242.31805400
v -133.75503500 557.00372300 -242.31805400
v -133.75503500 557.00372300 -242.31805400
v -133.75503500 557.00372300 -337.44256600
v -133.75503500 557.00372300 -337.44256600
v -133.75503500 557.00372300 -337.44256600
v -133.75503500 559.67321800 -337.44256600
v -133.75503500 559.67321800 -337.44256600
v -133.75503500 559.67321800 -337.44256600
v -133.75503500 559.67321800 -337.44256600
v -108.85662100 571.93133500 -319.97210700
v -108.85662100 571.93133500 -319.97210700
v -108.85662100 571.93133500 -319.97210700
v -97.12867740 545.21606400 -260.85989400
v -97.12867740 545.21606400 -260.85989400
v -97.12867740 545.21606400 -260.85989400
v -120.58457200 545.21606400 -260.85989400
v -120.58457200 545.21606400 -260.85989400
v -120.58457200 545.21606400 -260.85989400
v -97.12867740 466.69860800 -260.85989400
v -97.12867740 466.69860800 -260.85989400
v -120.58457200 466.69860800 -260.85989400
v -120.58457200 466.69860800 -260.85989400
v -424.42636100 632.17150900 -97.30789950
v -424.42636100 632.17150900 -97.30789950
v -424.42636100 632.17150900 -97.30789950
v -424.42636100 632.17150900 -53.98626330
v -424.42636100 632.17150900 -53.98626330
v -424.42636100 632.17150900 -53.98626330
v -424.42636100 556.98449700 -53.98627470
v -424.42636100 556.98449700 -53.98627470
v -424.42636100 536.24200400 -97.30793000
v -424.42636100 536.24200400 -97.30793000
v -474.34878500 632.17150900 -53.98626330
v -474.34878500 632.17150900 -53.98626330
v -474.34878500 632.17150900 -53.98626330
v -474.34878500 556.98449700 -53.98627470
v -474.34878500 556.98449700 -53.98627470
v -474.34878500 632.17150900 -97.30789950
v -474.34878500 632.17150900 -97.30789950
v -474.34878500 632.17150900 -97.30789950
v -474.34878500 536.24200400 -97.30793000
v -474.34878500 536.24200400 -97.30793000
v -463.98181200 643.49548300 -88.31169130
v -463.98181200 643.49548300 -88.31169130
v -463.98181200 643.49548300 -88.31169130
v -463.98181200 643.49548300 -62.98247530
v -463.98181200 643.49548300 -62.98247530
v -463.98181200 643.49548300 -62.98247530
v -463.98181200 585.70611600 -62.98248670
v -463.98181200 585.70611600 -62.98248670
v -463.98181200 585.70611600 -88.31169890
v -463.98181200 585.70611600 -88.31169890
v -419.06475800 632.17150900 -49.33361820
v -419.06475800 632.17150900 -49.33361820
v -419.06475800 632.17150900 -49.33361820
v -419.06475800 632.17150900 -101.96054100
v -419.06475800 632.17150900 -101.96054100
v -419.06475800 632.17150900 -101.96054100
v -479.71044900 643.49548300 -101.96054100
v -479.71044900 643.49548300 -101.96054100
v -479.71044900 643.49548300 -101.96054100
v -419.06475800 643.49548300 -101.96054100
v -419.06475800 643.49548300 -101.96054100
v -419.06475800 643.49548300 -101.96054100
v -479.71044900 632.17150900 -101.96054100
v -479.71044900 632.17150900 -101.96054100
v -479.71044900 632.17150900 -101.96054100
v -419.06475800 643.49548300 -49.33361430
v -419.06475800 643.49548300 -49.33361430
v -419.06475800 643.49548300 -49.33361430
v -479.71044900 643.49548300 -49.33361430
v -479.71044900 643.49548300 -49.33361430
v -479.71044900 643.49548300 -49.33361430
v -479.71044900 632.17150900 -49.33361820
v -479.71044900 632.17150900 -49.33361820
v -479.71044900 632.17150900 -49.33361820
v -419.06475800 658.02124000 -49.33361430
v -419.06475800 658.02124000 -49.33361430
v -419.06475800 658.02124000 -49.33361430
v -419.06475800 658.02124000 -49.33361430
v -449.38754300 673.70678700 -75.64709470
v -449.38754300 673.70678700 -75.64709470
v -449.38754300 673.70678700 -75.64709470
v -449.38754300 673.70678700 -75.64709470
v -479.71044900 658.02124000 -49.33361430
v -479.71044900 658.02124000 -49.33361430
v -479.71044900 658.02124000 -49.33361430
v -479.71044900 658.02124000 -49.33361430
v -419.06475800 655.28320300 -49.33361430
v -419.06475800 655.28320300 -49.33361430
v -419.06475800 655.28320300 -49.33361430
v -419.06475800 655.28320300 -101.96054100
v -419.06475800 655.28320300 -101.96054100
v -419.06475800 655.28320300 -101.96054100
v -419.06475800 658.02124000 -101.96054100
v -419.06475800 658.02124000 -101.96054100
v -419.06475800 658.02124000 -101.96054100
v -419.06475800 658.02124000 -101.96054100
v -479.71044900 655.28320300 -49.33361430
v -479.71044900 655.28320300 -49.33361430
v -479.71044900 655.28320300 -49.33361430
v -479.71044900 658.02124000 -101.96054100
v -479.71044900 658.02124000 -101.96054100
v -479.71044900 658.02124000 -101.96054100
v -479.71044900 658.02124000 -101.96054100
v -479.71044900 655.28320300 -101.96054100
v -479.71044900 655.28320300 -101.96054100
v -479.71044900 655.28320300 -101.96054100
v -434.79327400 643.49548300 -88.31169130
v -434.79327400 643.49548300 -88.31169130
v -434.79327400 643.49548300 -88.31169130
v -434.79327400 643.49548300 -62.98247530
v -434.79327400 643.49548300 -62.98247530
v -434.79327400 643.49548300 -62.98247530
v -434.79327400 585.70611600 -88.31169890
v -434.79327400 585.70611600 -88.31169890
v -434.79327400 585.70611600 -62.98248670
v -434.79327400 585.70611600 -62.98248670
v -15.73617270 17.34517290 444.28204300
v -15.73617270 17.34517290 444.28204300
v -51.77050780 17.34517290 444.28204300
v -51.77050780 17.34513660 672.49523900
v -51.77050780 17.34513660 672.49523900
v -51.77050780 17.34513660 672.49523900
v -15.73617270 17.34513660 679.58300800
v -15.73617270 17.34513660 679.58300800
v -15.73617270 17.34513660 679.58300800
v -15.73617270 17.34513660 679.58300800
v -51.77050780 11.43352320 679.58300800
v -51.77050780 11.43352320 679.58300800
v -51.77050780 11.43352320 679.58300800
v -15.73617270 11.43352320 679.58300800
v -15.73617270 11.43352320 679.58300800
v -15.73617270 11.43352320 679.58300800
v -51.77050780 17.34513660 679.58300800
v -51.77050780 17.34513660 679.58300800
v -51.77050780 17.34513660 679.58300800
v -51.77050780 11.43352320 672.49523900
v -51.77050780 11.43352320 672.49523900
v -15.73617270 11.43354700 444.28204300
v -15.73617270 11.43354700 444.28204300
v -25.44555660 11.43352320 672.49523900
v -25.44555660 11.43354700 444.28204300
v 583.44421400 49.89039230 -612.28454600
v 583.44421400 49.89039230 -612.28454600
v 583.44421400 49.89039230 -612.28454600
v 189.24089100 49.89039230 -612.28454600
v 189.24089100 49.89039230 -612.28454600
v 189.24089100 49.89039230 -612.28454600
v 189.24089100 49.89039230 -612.28454600
v 583.44421400 49.89035800 -373.07894900
v 583.44421400 49.89035800 -373.07894900
v 583.44421400 49.89035800 -373.07894900
v -545.38580300 43.41797260 -612.28454600
v -545.38580300 43.41797260 -612.28454600
v -545.38580300 43.41797260 -612.28454600
v -545.38580300 49.89039230 -612.28454600
v -545.38580300 49.89039230 -612.28454600
v -545.38580300 49.89039230 -612.28454600
v -152.36407500 49.89039230 -612.28454600
v -152.36407500 49.89039230 -612.28454600
v -152.36407500 49.89039230 -612.28454600
v -152.36407500 43.41797260 -612.28454600
v -152.36407500 43.41797260 -612.28454600
v -152.36407500 43.41797260 -612.28454600
v -545.38580300 43.41793820 -373.07894900
v -545.38580300 43.41793820 -373.07894900
v -545.38580300 49.89035800 -373.07894900
v -545.38580300 49.89035800 -373.07894900
v 583.44421400 43.41796110 -373.07894900
v 583.44421400 43.41796110 -373.07894900
v 583.44421400 43.41797260 -612.28454600
v 583.44421400 43.41797260 -612.28454600
v 583.44421400 43.41797260 -612.28454600
v 189.24089100 43.41797260 -612.28454600
v 189.24089100 43.41797260 -612.28454600
v 189.24089100 43.41797260 -612.28454600
v 189.24089100 43.41797260 -643.32043500
v 189.24089100 43.41797260 -643.32043500
v 189.24089100 43.41797260 -643.32043500
v 189.24089100 49.89039230 -643.32043500
v 189.24089100 49.89039230 -643.32043500
v 189.24089100 49.89039230 -643.32043500
v -152.36407500 43.41797260 -643.32043500
v -152.36407500 43.41797260 -643.32043500
v -152.36407500 43.41797260 -643.32043500
v -152.36407500 49.89039230 -643.32043500
v -152.36407500 49.89039230 -643.32043500
v -152.36407500 49.89039230 -643.32043500
v -537.59167500 43.41797260 -603.06951900
v -537.59167500 43.41793820 -373.07894900
v 575.13952600 43.41796110 -373.07894900
v 575.13952600 43.41797260 -603.06951900
v 181.08674600 43.41797260 -603.06951900
v 181.08674600 43.41797260 -637.36779800
v -144.20994600 43.41797260 -637.36779800
v -144.20994600 43.41797260 -603.06951900
v -233.59222400 49.89020160 674.45141600
v -233.59222400 49.89020160 674.45141600
v -233.59222400 49.89020160 674.45141600
v -75.54442600 49.89020160 679.58300800
v -75.54442600 49.89020160 679.58300800
v -75.54442600 49.89020160 679.58300800
v -75.54442600 49.89020160 679.58300800
v -75.54442600 49.89023970 450.87442000
v -75.54442600 49.89023970 450.87442000
v -233.59222400 49.89023970 450.87442000
v -233.59225500 43.41778180 679.58300800
v -233.59225500 43.41778180 679.58300800
v -233.59225500 43.41778180 679.58300800
v -75.54442600 43.41778180 679.58300800
v -75.54442600 43.41778180 679.58300800
v -75.54442600 43.41778180 679.58300800
v -233.59225500 49.89020160 679.58300800
v -233.59225500 49.89020160 679.58300800
v -233.59225500 49.89020160 679.58300800
v -75.54442600 43.41781620 450.87442000
v -75.54442600 43.41781620 450.87442000
v -233.59225500 43.41778180 670.96868900
v -233.59225500 43.41778180 670.96868900
v -87.34490970 43.41778180 670.96868900
v -87.34490970 43.41781620 459.48883100
v -152.78703300 15.75743580 -702.50579800
v -152.78703300 15.75743580 -702.50579800
v -152.78703300 15.75743580 -702.50579800
v -152.78703300 15.75743580 -666.78283700
v -152.78703300 15.75743580 -666.78283700
v -152.78703300 15.75743580 -666.78283700
v -141.71995500 15.75743580 -666.78283700
v -141.71995500 15.75743580 -666.78283700
v 189.24089100 15.75743580 -702.50579800
v 189.24089100 15.75743580 -702.50579800
v 189.24089100 15.75743580 -702.50579800
v 189.24089100 9.67196751 -702.50579800
v 189.24089100 9.67196751 -702.50579800
v 189.24089100 9.67196751 -702.50579800
v -152.78703300 9.67196751 -702.50579800
v -152.78703300 9.67196751 -702.50579800
v -152.78703300 9.67196751 -702.50579800
v -152.78703300 9.67196751 -666.78283700
v -152.78703300 9.67196751 -666.78283700
v -152.78703300 9.67196751 -666.78283700
v 189.24089100 9.67196751 -666.78283700
v 189.24089100 9.67196751 -666.78283700
v 189.24089100 9.67196751 -666.78283700
v 189.24089100 15.75743580 -666.78283700
v 189.24089100 15.75743580 -666.78283700
v 189.24089100 15.75743580 -666.78283700
v -141.71995500 9.67196751 -666.78283700
v -141.71995500 9.67196751 -666.78283700
v 180.81417800 9.67196751 -666.78283700
v 180.81417800 9.67196751 -666.78283700
v 180.81417800 15.75743580 -666.78283700
v 180.81417800 15.75743580 -666.78283700
v -141.71995500 9.67196751 -695.81298800
v 180.81417800 9.67196751 -695.81298800
v -45.64030840 30.37986180 444.28204300
v -45.64030840 30.37986180 444.28204300
v -81.67464450 30.37986180 444.28204300
v -81.67464450 30.37982560 672.49523900
v -81.67464450 30.37982560 672.49523900
v -81.67464450 30.37982560 672.49523900
v -45.64030840 30.37982560 679.58300800
v -45.64030840 30.37982560 679.58300800
v -45.64030840 30.37982560 679.58300800
v -45.64030840 30.37982560 679.58300800
v -81.67464450 24.46822550 679.58300800
v -81.67464450 24.46822550 679.58300800
v -81.67464450 24.46822550 679.58300800
v -45.64030840 24.46822550 679.58300800
v -45.64030840 24.46822550 679.58300800
v -45.64030840 24.46822550 679.58300800
v -81.67464450 30.37982560 679.58300800
v -81.67464450 30.37982560 679.58300800
v -81.67464450 30.37982560 679.58300800
v -81.67464450 24.46822550 672.49523900
v -81.67464450 24.46822550 672.49523900
v -45.64030840 24.46826170 444.28204300
v -45.64030840 24.46826170 444.28204300
v -55.34968950 24.46822550 672.49523900
v -55.34968950 24.46826170 444.28204300
v -152.78703300 31.91953280 -672.91314700
v -152.78703300 31.91953280 -672.91314700
v -152.78703300 31.91953280 -672.91314700
v -152.78703300 31.91952130 -637.19024700
v -152.78703300 31.91952130 -637.19024700
v -152.78703300 31.91952130 -637.19024700
v -141.71995500 31.91952130 -637.19024700
v -141.71995500 31.91952130 -637.19024700
v 189.24089100 31.91953280 -672.91314700
v 189.24089100 31.91953280 -672.91314700
v 189.24089100 31.91953280 -672.91314700
v 189.24089100 31.91953280 -672.91314700
v 189.24089100 25.83405300 -672.91314700
v 189.24089100 25.83405300 -672.91314700
v 189.24089100 25.83405300 -672.91314700
v -152.78703300 25.83405300 -672.91314700
v -152.78703300 25.83405300 -672.91314700
v -152.78703300 25.83405300 -672.91314700
v -152.78703300 25.83404160 -637.19024700
v -152.78703300 25.83404160 -637.19024700
v -152.78703300 25.83404160 -637.19024700
v 189.24089100 25.83404160 -637.19024700
v 189.24089100 25.83404160 -637.19024700
v 189.24089100 25.83404160 -637.19024700
v 189.24089100 31.91952130 -637.19024700
v 189.24089100 31.91952130 -637.19024700
v 189.24089100 31.91952130 -637.19024700
v -141.71995500 25.83404160 -637.19024700
v -141.71995500 25.83404160 -637.19024700
v 180.81417800 25.83404160 -637.19024700
v 180.81417800 25.83404160 -637.19024700
v 180.81417800 31.91952130 -637.19024700
v 180.81417800 31.91952130 -637.19024700
v 180.81417800 31.91952130 -637.19024700
v -141.71995500 25.83405300 -666.22039800
v 180.81417800 25.83405300 -666.22039800
v 91.94412230 62.79225920 -363.56219500
v 91.94412230 62.79225920 -363.56219500
v 91.94412230 62.79225920 -363.56219500
v 91.94412230 220.88542200 -363.56216400
v 91.94412230 220.88542200 -363.56216400
v 91.94412230 220.88542200 -363.56216400
v 91.94412230 220.88542200 -367.64901700
v 91.94412230 220.88542200 -367.64901700
v 91.94412230 220.88542200 -367.64901700
v 91.94412230 62.79227070 -367.64904800
v 91.94412230 62.79227070 -367.64904800
v 91.94412230 62.79227070 -367.64904800
v 28.28141400 220.88542200 -363.56216400
v 28.28141400 220.88542200 -363.56216400
v 28.28141400 220.88542200 -363.56216400
v 28.28141400 62.79225920 -363.56219500
v 28.28141400 62.79225920 -363.56219500
v 28.28141400 62.79225920 -363.56219500
v 28.28141400 62.79227070 -367.64904800
v 28.28141400 62.79227070 -367.64904800
v 28.28141400 62.79227070 -367.64904800
v 28.28141400 220.88542200 -367.64901700
v 28.28141400 220.88542200 -367.64901700
v 28.28141400 220.88542200 -367.64901700
v 28.28141400 126.12594600 -365.87649500
v 28.28141400 126.12594600 -365.87649500
v 91.94412230 126.12594600 -365.87649500
v 91.94412230 126.12594600 -365.87649500
v 91.94412230 126.12594600 -363.56219500
v 28.28141400 126.12594600 -363.56219500
v 100.04251900 228.94838000 -367.64901700
v 100.04251900 54.72934720 -367.64904800
v 20.18300060 54.72934720 -367.64904800
v 20.18300060 228.94838000 -367.64901700
v 28.28141400 132.22805800 -363.56219500
v 91.94412230 132.22805800 -363.56219500
v 91.94412230 132.22805800 -365.87649500
v 91.94412230 132.22805800 -365.87649500
v 28.28141400 132.22805800 -365.87649500
v 28.28141400 132.22805800 -365.87649500
v 100.04251900 229.01678500 -378.43191500
v 100.04251900 229.01678500 -378.43191500
v 100.04251900 229.01678500 -378.43191500
v 100.04251900 54.79775240 -378.43197600
v 100.04251900 54.79775240 -378.43197600
v 100.04251900 54.79775240 -378.43197600
v 100.04251900 54.79775240 -372.91473400
v 100.04251900 54.79775240 -372.91473400
v 100.04251900 229.01678500 -372.91467300
v 100.04251900 229.01678500 -372.91467300
v 115.36797300 244.34230000 -378.43191500
v 115.36797300 244.34230000 -378.43191500
v 115.36797300 244.34230000 -378.43191500
v 115.36797300 49.89036940 -378.43197600
v 115.36797300 49.89036940 -378.43197600
v 115.36797300 244.34228500 -372.91467300
v 115.36797300 244.34228500 -372.91467300
v 115.36797300 49.89036940 -372.91473400
v 20.18289380 54.79775240 -372.91473400
v 20.18289380 54.79775240 -372.91473400
v 20.18289380 54.79775240 -378.43197600
v 20.18289380 54.79775240 -378.43197600
v 20.18289380 54.79775240 -378.43197600
v 20.18289380 54.79775240 -378.43197600
v 20.18289380 229.01678500 -378.43191500
v 20.18289380 229.01678500 -378.43191500
v 20.18289380 229.01678500 -378.43191500
v 20.18289380 229.01678500 -372.91467300
v 20.18289380 229.01678500 -372.91467300
v 4.85734797 49.89036940 -378.43197600
v 4.85734797 49.89036940 -378.43197600
v 4.85734797 49.89036940 -378.43197600
v 4.85734797 49.89036940 -372.91473400
v 4.85734797 244.34230000 -372.91467300
v 4.85734797 244.34230000 -372.91467300
v 4.85734797 244.34230000 -378.43191500
v 4.85734797 244.34230000 -378.43191500
v 4.85734797 244.34230000 -378.43191500
v 96.86145020 147.70230100 -373.67794800
v 96.86145020 147.70230100 -373.67794800
v 82.30171200 147.45344500 -373.62796000
v 82.30171200 147.45344500 -373.62796000
v 82.30171200 148.03485100 -373.73916600
v 82.30171200 148.03485100 -373.73916600
v 97.03120420 148.25320400 -373.79809600
v 97.03120420 148.25320400 -373.79809600
v 94.01721950 138.29064900 -368.36694300
v 98.18038180 138.29064900 -368.36694300
v 98.18038180 133.10554500 -368.36694300
v 94.01721950 133.10554500 -368.36694300
v 95.17784120 151.81930500 -367.46533200
v 95.36876680 150.85908500 -369.56646700
v 95.36876680 150.85908500 -369.56646700
v 93.58520510 149.66711400 -369.56646700
v 93.58520510 149.66711400 -369.56646700
v 92.77114870 150.21101400 -367.46533200
v 94.35882570 145.77926600 -369.56646700
v 94.35882570 145.77926600 -369.56646700
v 96.46281430 145.36084000 -369.56646700
v 96.46281430 145.36084000 -369.56646700
v 96.65393070 144.40065000 -367.46533200
v 93.81504060 144.96522500 -367.46533200
v 98.01692200 151.25477600 -367.46533200
v 99.62519840 148.84802200 -367.46533200
v 98.66503910 148.65695200 -369.56646700
v 98.66503910 148.65695200 -369.56646700
v 97.47294620 150.44067400 -369.56646700
v 97.47294620 150.44067400 -369.56646700
v 95.68309780 149.28074600 -369.56799300
v 95.68309780 149.28074600 -369.56799300
v 96.57897190 149.10258500 -369.56799300
v 96.57897190 149.10258500 -369.56799300
v 95.68481450 139.95822100 -368.36694300
v 96.51297760 139.95822100 -368.36694300
v 97.27801510 139.64132700 -368.36694300
v 94.91977690 139.64132700 -368.36694300
v 94.92321010 148.77313200 -369.56799300
v 94.92321010 148.77313200 -369.56799300
v 94.74506380 147.87704500 -369.56799300
v 94.74506380 147.87704500 -369.56799300
v 94.74506380 147.87704500 -369.56799300
v 93.16692350 147.56298800 -369.56646700
v 93.16692350 147.56298800 -369.56646700
v 96.15191650 146.92385900 -369.56799300
v 96.15191650 146.92385900 -369.56799300
v 96.92153170 147.43815600 -369.56799300
v 96.92153170 147.43815600 -369.56799300
v 98.24656680 146.55285600 -369.56646700
v 98.24656680 146.55285600 -369.56646700
v 92.20657350 147.37193300 -367.46533200
v 95.69396970 148.82975800 -372.85150100
v 95.69396970 148.82975800 -372.85150100
v 82.30171200 148.64335600 -372.86312900
v 82.30171200 148.64335600 -372.86312900
v 82.30171200 148.31404100 -372.38934300
v 82.30171200 148.31404100 -372.38934300
v 94.97051240 148.51763900 -372.33898900
v 94.97051240 148.51763900 -372.33898900
v 97.10196690 148.34596300 -369.56799300
v 97.10196690 148.34596300 -369.56799300
v 82.30171200 147.12410000 -373.15399200
v 82.30171200 147.12410000 -373.15399200
v 82.30171200 147.23971600 -372.59475700
v 82.30171200 147.23971600 -372.59475700
v 97.73444370 140.32432600 -367.64901700
v 98.98604580 138.45092800 -367.64901700
v 96.51297760 131.43800400 -368.36694300
v 97.27801510 131.75491300 -368.36694300
v 97.73444370 131.07191500 -367.64901700
v 96.67300420 130.63233900 -367.64901700
v 96.67300420 140.76388500 -367.64901700
v 95.52459720 140.76388500 -367.64901700
v 94.91977690 131.75491300 -368.36694300
v 94.46334840 131.07191500 -367.64901700
v 93.21155550 132.94528200 -367.64901700
v 95.68481450 131.43800400 -368.36694300
v 95.52459720 130.63233900 -367.64901700
v 93.21155550 138.45092800 -367.64901700
v 98.98604580 132.94531200 -367.64901700
v 96.54750060 148.72021500 -373.45593300
v 96.54750060 148.72021500 -373.45593300
v 95.28427120 147.49971000 -372.56118800
v 95.28427120 147.49971000 -372.56118800
v 96.13780210 147.39022800 -373.16561900
v 96.13780210 147.39022800 -373.16561900
v 95.24402620 147.10441600 -369.56799300
v 95.24402620 147.10441600 -369.56799300
v 82.30171200 148.52771000 -373.42236300
v 82.30171200 148.52771000 -373.42236300
v 99.06062320 146.00895700 -367.46533200
v 94.80056760 147.96675100 -372.21881100
v 94.80056760 147.96675100 -372.21881100
v 94.80056760 147.96675100 -372.21881100
v 94.80056760 147.96675100 -372.21881100
v 82.30171200 147.73262000 -372.27795400
v 82.30171200 147.73262000 -372.27795400
v 82.30171200 147.73262000 -372.27795400
v 94.46334840 140.32432600 -367.64901700
v -108.88701600 82.66944120 671.35955800
v -108.88701600 82.66944120 671.35955800
v -18.34184460 47.79209520 671.35949700
v -18.34184460 47.79209520 671.35949700
v -18.34184460 47.79209520 669.48223900
v -18.34184460 47.79209520 669.48223900
v -108.88701600 82.66944120 669.48230000
v -108.88701600 82.66944120 669.48230000
v -19.79858970 44.01018140 669.48223900
v -19.79858970 44.01018140 669.48223900
v -110.34378100 78.88755040 669.48230000
v -110.34378100 78.88755040 669.48230000
v -19.79858970 44.01018140 671.35949700
v -19.79858970 44.01018140 671.35949700
v -110.34378100 78.88755040 671.35955800
v -110.34378100 78.88755040 671.35955800
v -108.88701600 94.74475100 671.35955800
v -108.88701600 94.74475100 671.35955800
v -18.34184460 59.86737440 671.35949700
v -18.34184460 59.86737440 671.35949700
v -18.34184460 59.86737440 669.48223900
v -18.34184460 59.86737440 669.48223900
v -108.88701600 94.74475100 669.48230000
v -108.88701600 94.74475100 669.48230000
v -19.79858970 56.08547210 669.48223900
v -19.79858970 56.08547210 669.48223900
v -110.34378100 90.96282960 669.48230000
v -110.34378100 90.96282960 669.48230000
v -19.79858970 56.08547210 671.35949700
v -19.79858970 56.08547210 671.35949700
v -110.34378100 90.96282960 671.35955800
v -110.34378100 90.96282960 671.35955800
v -108.88701600 106.82002300 671.35955800
v -108.88701600 106.82002300 671.35955800
v -18.34184460 71.94267270 671.35955800
v -18.34184460 71.94267270 671.35955800
v -18.34184460 71.94267270 669.48230000
v -18.34184460 71.94267270 669.48230000
v -108.88701600 106.82002300 669.48230000
v -108.88701600 106.82002300 669.48230000
v -19.79858970 68.16078190 669.48223900
v -19.79858970 68.16078190 669.48223900
v -110.34378100 103.03811600 669.48230000
v -110.34378100 103.03811600 669.48230000
v -19.79858970 68.16078190 671.35949700
v -19.79858970 68.16078190 671.35949700
v -110.34378100 103.03811600 671.35955800
v -110.34378100 103.03811600 671.35955800
v -108.88701600 118.16349000 671.35955800
v -108.88701600 118.16349000 671.35955800
v -18.34184460 83.28612520 671.35955800
v -18.34184460 83.28612520 671.35955800
v -18.34184460 83.28612520 669.48230000
v -18.34184460 83.28612520 669.48230000
v -108.88701600 118.16349000 669.48230000
v -108.88701600 118.16349000 669.48230000
v -19.79858970 79.50421910 669.48230000
v -19.79858970 79.50421910 669.48230000
v -110.34378100 114.38157700 669.48230000
v -110.34378100 114.38157700 669.48230000
v -19.79858970 79.50421910 671.35955800
v -19.79858970 79.50421910 671.35955800
v -110.34378100 114.38157700 671.35955800
v -110.34378100 114.38157700 671.35955800
v 578.27276600 49.89028550 -574.39489700
v 578.27276600 49.89028550 -574.39489700
v 578.27276600 49.89029690 -606.15429700
v 578.27276600 49.89029690 -606.15429700
v 578.27276600 273.49499500 -606.15423600
v 578.27276600 273.49499500 -606.15423600
v 578.27276600 273.49499500 -574.39483600
v 578.27276600 273.49499500 -574.39483600
v 547.18402100 49.89029690 -606.15429700
v 547.18402100 49.89029690 -606.15429700
v 547.18402100 273.49499500 -606.15423600
v 547.18402100 273.49499500 -606.15423600
v 547.18402100 49.89028550 -574.39489700
v 547.18402100 49.89028550 -574.39489700
v 547.18402100 273.49499500 -574.39483600
v 547.18402100 273.49499500 -574.39483600
v 581.36981200 144.54420500 -571.23089600
v 581.36981200 144.54420500 -571.23089600
v 581.36981200 144.54420500 -571.23089600
v 581.36981200 144.54420500 -609.31805400
v 581.36981200 144.54420500 -609.31805400
v 581.36981200 144.54420500 -609.31805400
v 581.36981200 151.33621200 -609.31805400
v 581.36981200 151.33621200 -609.31805400
v 581.36981200 151.33621200 -609.31805400
v 581.36981200 151.33621200 -571.23089600
v 581.36981200 151.33621200 -571.23089600
v 581.36981200 151.33621200 -571.23089600
v 544.08703600 144.54420500 -609.31805400
v 544.08703600 144.54420500 -609.31805400
v 544.08703600 144.54420500 -609.31805400
v 544.08703600 151.33621200 -609.31805400
v 544.08703600 151.33621200 -609.31805400
v 544.08703600 151.33621200 -609.31805400
v 544.08703600 144.54420500 -571.23089600
v 544.08703600 144.54420500 -571.23089600
v 544.08703600 144.54420500 -571.23089600
v 544.08703600 151.33621200 -571.23089600
v 544.08703600 151.33621200 -571.23089600
v 544.08703600 151.33621200 -571.23089600
v 547.18402100 151.33621200 -606.15417500
v 547.18402100 151.33621200 -574.39477500
v 547.18402100 137.75222800 -606.15417500
v 545.31066900 137.97515900 -608.06793200
v 545.31066900 137.97515900 -608.06793200
v 545.31066900 137.97515900 -608.06793200
v 580.14617900 137.97515900 -608.06793200
v 580.14617900 137.97515900 -608.06793200
v 580.14617900 137.97515900 -608.06793200
v 578.27276600 137.75222800 -606.15417500
v 578.27276600 151.33621200 -574.39477500
v 578.27276600 151.33621200 -606.15417500
v 580.14617900 137.97514300 -572.48095700
v 580.14617900 137.97514300 -572.48095700
v 580.14617900 137.97514300 -572.48095700
v 578.27276600 137.75222800 -574.39477500
v 547.18402100 137.75222800 -574.39477500
v 545.31066900 137.97514300 -572.48095700
v 545.31066900 137.97514300 -572.48095700
v 545.31066900 137.97514300 -572.48095700
v 580.14617900 144.32128900 -608.06799300
v 580.14617900 144.32128900 -608.06799300
v 580.14617900 144.32128900 -608.06799300
v 545.31066900 144.32128900 -608.06799300
v 545.31066900 144.32128900 -608.06799300
v 545.31066900 144.32128900 -608.06799300
v 545.31066900 144.32128900 -572.48095700
v 545.31066900 144.32128900 -572.48095700
v 545.31066900 144.32128900 -572.48095700
v 580.14617900 144.32128900 -572.48095700
v 580.14617900 144.32128900 -572.48095700
v 580.14617900 144.32128900 -572.48095700
v 185.54063400 49.89028550 -574.39489700
v 185.54063400 49.89028550 -574.39489700
v 185.54063400 273.49499500 -574.39483600
v 185.54063400 273.49499500 -574.39483600
v 185.54063400 273.49499500 -606.15423600
v 185.54063400 273.49499500 -606.15423600
v 185.54063400 49.89029690 -606.15429700
v 185.54063400 49.89029690 -606.15429700
v 216.62937900 273.49499500 -606.15423600
v 216.62937900 273.49499500 -606.15423600
v 216.62937900 49.89029690 -606.15429700
v 216.62937900 49.89029690 -606.15429700
v 216.62937900 273.49499500 -574.39483600
v 216.62937900 273.49499500 -574.39483600
v 216.62937900 49.89028550 -574.39489700
v 216.62937900 49.89028550 -574.39489700
v 182.44358800 144.54420500 -571.23089600
v 182.44358800 144.54420500 -571.23089600
v 182.44358800 144.54420500 -571.23089600
v 182.44358800 151.33621200 -571.23089600
v 182.44358800 151.33621200 -571.23089600
v 182.44358800 151.33621200 -571.23089600
v 182.44358800 151.33621200 -609.31805400
v 182.44358800 151.33621200 -609.31805400
v 182.44358800 151.33621200 -609.31805400
v 182.44358800 144.54420500 -609.31805400
v 182.44358800 144.54420500 -609.31805400
v 182.44358800 144.54420500 -609.31805400
v 219.72639500 151.33621200 -609.31805400
v 219.72639500 151.33621200 -609.31805400
v 219.72639500 151.33621200 -609.31805400
v 219.72639500 144.54420500 -609.31805400
v 219.72639500 144.54420500 -609.31805400
v 219.72639500 144.54420500 -609.31805400
v 219.72639500 151.33621200 -571.23089600
v 219.72639500 151.33621200 -571.23089600
v 219.72639500 151.33621200 -571.23089600
v 219.72639500 144.54420500 -571.23089600
v 219.72639500 144.54420500 -571.23089600
v 219.72639500 144.54420500 -571.23089600
v 216.62937900 151.33621200 -606.15417500
v 216.62937900 151.33621200 -574.39477500
v 216.62937900 137.75222800 -606.15417500
v 185.54063400 137.75222800 -606.15417500
v 183.66723600 137.97515900 -608.06793200
v 183.66723600 137.97515900 -608.06793200
v 183.66723600 137.97515900 -608.06793200
v 218.50271600 137.97515900 -608.06793200
v 218.50271600 137.97515900 -608.06793200
v 218.50271600 137.97515900 -608.06793200
v 185.54063400 151.33621200 -574.39477500
v 185.54063400 151.33621200 -606.15417500
v 185.54063400 137.75222800 -574.39477500
v 183.66723600 137.97514300 -572.48095700
v 183.66723600 137.97514300 -572.48095700
v 183.66723600 137.97514300 -572.48095700
v 216.62937900 137.75222800 -574.39477500
v 218.50271600 137.97514300 -572.48095700
v 218.50271600 137.97514300 -572.48095700
v 218.50271600 137.97514300 -572.48095700
v 218.50271600 144.32128900 -608.06799300
v 218.50271600 144.32128900 -608.06799300
v 218.50271600 144.32128900 -608.06799300
v 183.66723600 144.32128900 -608.06799300
v 183.66723600 144.32128900 -608.06799300
v 183.66723600 144.32128900 -608.06799300
v 218.50271600 144.32128900 -572.48095700
v 218.50271600 144.32128900 -572.48095700
v 218.50271600 144.32128900 -572.48095700
v 183.66723600 144.32128900 -572.48095700
v 183.66723600 144.32128900 -572.48095700
v 183.66723600 144.32128900 -572.48095700
v -145.01373300 49.89028550 -574.39489700
v -145.01373300 49.89028550 -574.39489700
v -145.01373300 49.89029690 -606.15429700
v -145.01373300 49.89029690 -606.15429700
v -145.01373300 273.49499500 -606.15423600
v -145.01373300 273.49499500 -606.15423600
v -145.01373300 273.49499500 -574.39483600
v -145.01373300 273.49499500 -574.39483600
v -176.10246300 49.89029690 -606.15429700
v -176.10246300 49.89029690 -606.15429700
v -176.10246300 273.49499500 -606.15423600
v -176.10246300 273.49499500 -606.15423600
v -176.10246300 49.89028550 -574.39489700
v -176.10246300 49.89028550 -574.39489700
v -176.10246300 273.49499500 -574.39483600
v -176.10246300 273.49499500 -574.39483600
v -141.91667200 144.54420500 -571.23089600
v -141.91667200 144.54420500 -571.23089600
v -141.91667200 144.54420500 -571.23089600
v -141.91667200 144.54420500 -609.31805400
v -141.91667200 144.54420500 -609.31805400
v -141.91667200 144.54420500 -609.31805400
v -141.91667200 151.33621200 -609.31805400
v -141.91667200 151.33621200 -609.31805400
v -141.91667200 151.33621200 -609.31805400
v -141.91667200 151.33621200 -571.23089600
v -141.91667200 151.33621200 -571.23089600
v -141.91667200 151.33621200 -571.23089600
v -179.19946300 144.54420500 -609.31805400
v -179.19946300 144.54420500 -609.31805400
v -179.19946300 144.54420500 -609.31805400
v -179.19946300 151.33621200 -609.31805400
v -179.19946300 151.33621200 -609.31805400
v -179.19946300 151.33621200 -609.31805400
v -179.19946300 144.54420500 -571.23089600
v -179.19946300 144.54420500 -571.23089600
v -179.19946300 144.54420500 -571.23089600
v -179.19946300 151.33621200 -571.23089600
v -179.19946300 151.33621200 -571.23089600
v -179.19946300 151.33621200 -571.23089600
v -176.10246300 151.33621200 -606.15417500
v -176.10246300 151.33621200 -574.39477500
v -176.10246300 137.75222800 -606.15417500
v -177.97581500 137.97515900 -608.06793200
v -177.97581500 137.97515900 -608.06793200
v -177.97581500 137.97515900 -608.06793200
v -143.14033500 137.97515900 -608.06793200
v -143.14033500 137.97515900 -608.06793200
v -143.14033500 137.97515900 -608.06793200
v -145.01373300 137.75222800 -606.15417500
v -145.01373300 151.33621200 -574.39477500
v -145.01373300 151.33621200 -606.15417500
v -143.14033500 137.97514300 -572.48095700
v -143.14033500 137.97514300 -572.48095700
v -143.14033500 137.97514300 -572.48095700
v -145.01373300 137.75222800 -574.39477500
v -176.10246300 137.75222800 -574.39477500
v -177.97581500 137.97514300 -572.48095700
v -177.97581500 137.97514300 -572.48095700
v -177.97581500 137.97514300 -572.48095700
v -143.14033500 144.32128900 -608.06799300
v -143.14033500 144.32128900 -608.06799300
v -143.14033500 144.32128900 -608.06799300
v -177.97581500 144.32128900 -608.06799300
v -177.97581500 144.32128900 -608.06799300
v -177.97581500 144.32128900 -608.06799300
v -177.97581500 144.32128900 -572.48095700
v -177.97581500 144.32128900 -572.48095700
v -177.97581500 144.32128900 -572.48095700
v -143.14033500 144.32128900 -572.48095700
v -143.14033500 144.32128900 -572.48095700
v -143.14033500 144.32128900 -572.48095700
v -537.74554400 49.89028550 -574.39489700
v -537.74554400 49.89028550 -574.39489700
v -537.74554400 273.49499500 -574.39483600
v -537.74554400 273.49499500 -574.39483600
v -537.74554400 273.49499500 -606.15423600
v -537.74554400 273.49499500 -606.15423600
v -537.74554400 49.89029690 -606.15429700
v -537.74554400 49.89029690 -606.15429700
v -506.65679900 273.49499500 -606.15423600
v -506.65679900 273.49499500 -606.15423600
v -506.65679900 49.89029690 -606.15429700
v -506.65679900 49.89029690 -606.15429700
v -506.65679900 273.49499500 -574.39483600
v -506.65679900 273.49499500 -574.39483600
v -506.65679900 49.89028550 -574.39489700
v -506.65679900 49.89028550 -574.39489700
v -540.84259000 144.54420500 -571.23089600
v -540.84259000 144.54420500 -571.23089600
v -540.84259000 144.54420500 -571.23089600
v -540.84259000 151.33621200 -571.23089600
v -540.84259000 151.33621200 -571.23089600
v -540.84259000 151.33621200 -571.23089600
v -540.84259000 151.33621200 -609.31805400
v -540.84259000 151.33621200 -609.31805400
v -540.84259000 151.33621200 -609.31805400
v -540.84259000 144.54420500 -609.31805400
v -540.84259000 144.54420500 -609.31805400
v -540.84259000 144.54420500 -609.31805400
v -503.55978400 151.33621200 -609.31805400
v -503.55978400 151.33621200 -609.31805400
v -503.55978400 151.33621200 -609.31805400
v -503.55978400 144.54420500 -609.31805400
v -503.55978400 144.54420500 -609.31805400
v -503.55978400 144.54420500 -609.31805400
v -503.55978400 151.33621200 -571.23089600
v -503.55978400 151.33621200 -571.23089600
v -503.55978400 151.33621200 -571.23089600
v -503.55978400 144.54420500 -571.23089600
v -503.55978400 144.54420500 -571.23089600
v -503.55978400 144.54420500 -571.23089600
v -506.65679900 151.33621200 -606.15417500
v -506.65679900 151.33621200 -574.39477500
v -506.65679900 137.75222800 -606.15417500
v -537.74554400 137.75222800 -606.15417500
v -539.61889600 137.97515900 -608.06793200
v -539.61889600 137.97515900 -608.06793200
v -539.61889600 137.97515900 -608.06793200
v -504.78344700 137.97515900 -608.06793200
v -504.78344700 137.97515900 -608.06793200
v -504.78344700 137.97515900 -608.06793200
v -537.74554400 151.33621200 -574.39477500
v -537.74554400 151.33621200 -606.15417500
v -537.74554400 137.75222800 -574.39477500
v -539.61889600 137.97514300 -572.48095700
v -539.61889600 137.97514300 -572.48095700
v -539.61889600 137.97514300 -572.48095700
v -506.65679900 137.75222800 -574.39477500
v -504.78344700 137.97514300 -572.48095700
v -504.78344700 137.97514300 -572.48095700
v -504.78344700 137.97514300 -572.48095700
v -504.78344700 144.32128900 -608.06799300
v -504.78344700 144.32128900 -608.06799300
v -504.78344700 144.32128900 -608.06799300
v -539.61889600 144.32128900 -608.06799300
v -539.61889600 144.32128900 -608.06799300
v -539.61889600 144.32128900 -608.06799300
v -504.78344700 144.32128900 -572.48095700
v -504.78344700 144.32128900 -572.48095700
v -504.78344700 144.32128900 -572.48095700
v -539.61889600 144.32128900 -572.48095700
v -539.61889600 144.32128900 -572.48095700
v -539.61889600 144.32128900 -572.48095700
v -428.67684900 643.49542200 -56.85509490
v -428.67684900 643.49542200 -56.85509490
v -428.67684900 655.28314200 -56.85509490
v -428.67684900 655.28314200 -56.85509490
v -428.67684900 655.28314200 -60.98044970
v -428.67684900 655.28314200 -60.98044970
v -428.67684900 643.49542200 -60.98044970
v -428.67684900 643.49542200 -60.98044970
v -424.55148300 655.28314200 -60.98044970
v -424.55148300 655.28314200 -60.98044970
v -424.55148300 643.49542200 -60.98044970
v -424.55148300 643.49542200 -60.98044970
v -424.55148300 655.28314200 -56.85509490
v -424.55148300 655.28314200 -56.85509490
v -424.55148300 643.49542200 -56.85509490
v -424.55148300 643.49542200 -56.85509490
v -470.09826700 643.49542200 -56.85509490
v -470.09826700 643.49542200 -56.85509490
v -470.09826700 643.49542200 -60.98044970
v -470.09826700 643.49542200 -60.98044970
v -470.09826700 655.28314200 -60.98044970
v -470.09826700 655.28314200 -60.98044970
v -470.09826700 655.28314200 -56.85509490
v -470.09826700 655.28314200 -56.85509490
v -474.22360200 643.49542200 -60.98044970
v -474.22360200 643.49542200 -60.98044970
v -474.22360200 655.28314200 -60.98044970
v -474.22360200 655.28314200 -60.98044970
v -474.22360200 643.49542200 -56.85509490
v -474.22360200 643.49542200 -56.85509490
v -474.22360200 655.28314200 -56.85509490
v -474.22360200 655.28314200 -56.85509490
v -428.67684900 643.49542200 -94.43915560
v -428.67684900 643.49542200 -94.43915560
v -428.67684900 643.49542200 -90.31381230
v -428.67684900 643.49542200 -90.31381230
v -428.67684900 655.28314200 -90.31381230
v -428.67684900 655.28314200 -90.31381230
v -428.67684900 655.28314200 -94.43915560
v -428.67684900 655.28314200 -94.43915560
v -424.55148300 643.49542200 -90.31381230
v -424.55148300 643.49542200 -90.31381230
v -424.55148300 655.28314200 -90.31381230
v -424.55148300 655.28314200 -90.31381230
v -424.55148300 643.49542200 -94.43915560
v -424.55148300 643.49542200 -94.43915560
v -424.55148300 655.28314200 -94.43915560
v -424.55148300 655.28314200 -94.43915560
v -470.09826700 643.49542200 -94.43915560
v -470.09826700 643.49542200 -94.43915560
v -470.09826700 655.28314200 -94.43915560
v -470.09826700 655.28314200 -94.43915560
v -470.09826700 655.28314200 -90.31381230
v -470.09826700 655.28314200 -90.31381230
v -470.09826700 643.49542200 -90.31381230
v -470.09826700 643.49542200 -90.31381230
v -474.22360200 655.28314200 -90.31381230
v -474.22360200 655.28314200 -90.31381230
v -474.22360200 643.49542200 -90.31381230
v -474.22360200 643.49542200 -90.31381230
v -474.22360200 655.28314200 -94.43915560
v -474.22360200 655.28314200 -94.43915560
v -474.22360200 643.49542200 -94.43915560
v -474.22360200 643.49542200 -94.43915560
v 612.02252200 524.47631800 54.83935550
v 612.02252200 524.47631800 54.83935550
v 612.02252200 555.65655500 73.83776090
v 612.02252200 555.65655500 73.83776090
v 612.02252200 559.68811000 65.97017670
v 612.02252200 559.68811000 65.97017670
v 612.02252200 524.50659200 44.53380580
v 612.02252200 524.50659200 44.53380580
v 615.46160900 559.68811000 65.97017670
v 615.46160900 559.68811000 65.97017670
v 615.46160900 524.50659200 44.53380580
v 615.46160900 524.50659200 44.53380580
v 615.46160900 555.65655500 73.83776090
v 615.46160900 555.65655500 73.83776090
v 615.46160900 524.47631800 54.83935550
v 615.46160900 524.47631800 54.83935550
v 609.41668700 505.09103400 186.92808500
v 609.41668700 505.09103400 186.92808500
v 609.41668700 525.73516800 143.61979700
v 609.41668700 525.73516800 143.61979700
v 609.41668700 525.73522900 -71.30735780
v 609.41668700 525.73522900 -71.30735780
v 609.41668700 505.09103400 -114.61564600
v 609.41668700 505.09103400 -114.61564600
v 617.56774900 505.09103400 -114.61564600
v 617.56774900 505.09103400 -114.61564600
v 617.56774900 525.73522900 -71.30735780
v 617.56774900 525.73522900 -71.30735780
v 617.56774900 525.73516800 143.61979700
v 617.56774900 525.73516800 143.61979700
v 617.56774900 505.09103400 186.92808500
v 617.56774900 505.09103400 186.92808500
v 607.30102500 497.61346400 42.32948300
v 607.30102500 497.61346400 42.32948300
v 607.30102500 574.97113000 42.32949450
v 607.30102500 574.97113000 42.32949450
v 607.30102500 574.97113000 29.44741820
v 607.30102500 574.97113000 29.44741820
v 607.30102500 497.61346400 29.44739530
v 607.30102500 497.61346400 29.44739530
v 620.18310500 574.97113000 29.44741820
v 620.18310500 574.97113000 29.44741820
v 620.18310500 497.61346400 29.44739530
v 620.18310500 497.61346400 29.44739530
v 620.18310500 574.97113000 42.32949450
v 620.18310500 574.97113000 42.32949450
v 620.18310500 497.61346400 42.32948300
v 620.18310500 497.61346400 42.32948300
v 605.33734100 493.52398700 27.48377990
v 605.33734100 493.52398700 27.48377990
v 605.33734100 493.52398700 27.48377990
v 622.14672900 493.52398700 27.48377990
v 622.14672900 493.52398700 27.48377990
v 622.14672900 493.52398700 27.48377990
v 622.14672900 493.52398700 44.29309840
v 622.14672900 493.52398700 44.29309840
v 622.14672900 493.52398700 44.29309840
v 605.33734100 493.52398700 44.29309840
v 605.33734100 493.52398700 44.29309840
v 605.33734100 493.52398700 44.29309840
v 605.33734100 497.61346400 27.48377990
v 605.33734100 497.61346400 27.48377990
v 605.33734100 497.61346400 27.48377990
v 605.33734100 497.61346400 44.29309840
v 605.33734100 497.61346400 44.29309840
v 605.33734100 497.61346400 44.29309840
v 622.14672900 497.61346400 44.29309840
v 622.14672900 497.61346400 44.29309840
v 622.14672900 497.61346400 44.29309840
v 622.14672900 497.61346400 27.48377990
v 622.14672900 497.61346400 27.48377990
v 622.14672900 497.61346400 27.48377990
v 612.02252200 524.47631800 16.93754580
v 612.02252200 524.47631800 16.93754580
v 612.02252200 524.50659200 27.24309540
v 612.02252200 524.50659200 27.24309540
v 612.02252200 559.68811000 5.80673647
v 612.02252200 559.68811000 5.80673647
v 612.02252200 555.65655500 -2.06086183
v 612.02252200 555.65655500 -2.06086183
v 615.46160900 524.50659200 27.24309540
v 615.46160900 524.50659200 27.24309540
v 615.46160900 559.68811000 5.80673647
v 615.46160900 559.68811000 5.80673647
v 615.46160900 524.47631800 16.93754580
v 615.46160900 524.47631800 16.93754580
v 615.46160900 555.65655500 -2.06086183
v 615.46160900 555.65655500 -2.06086183
v -575.14575200 524.47631800 54.83935550
v -575.14575200 524.47631800 54.83935550
v -575.14575200 524.50659200 44.53380580
v -575.14575200 524.50659200 44.53380580
v -575.14575200 559.68811000 65.97017670
v -575.14575200 559.68811000 65.97017670
v -575.14575200 555.65655500 73.83776090
v -575.14575200 555.65655500 73.83776090
v -578.58483900 524.50659200 44.53380580
v -578.58483900 524.50659200 44.53380580
v -578.58483900 559.68811000 65.97017670
v -578.58483900 559.68811000 65.97017670
v -578.58483900 524.47631800 54.83935550
v -578.58483900 524.47631800 54.83935550
v -578.58483900 555.65655500 73.83776090
v -578.58483900 555.65655500 73.83776090
v -572.53997800 505.09103400 186.92808500
v -572.53997800 505.09103400 186.92808500
v -572.53997800 505.09103400 -114.61564600
v -572.53997800 505.09103400 -114.61564600
v -572.53997800 525.73522900 -71.30735780
v -572.53997800 525.73522900 -71.30735780
v -572.53997800 525.73516800 143.61979700
v -572.53997800 525.73516800 143.61979700
v -580.69097900 505.09103400 -114.61564600
v -580.69097900 505.09103400 -114.61564600
v -580.69097900 505.09103400 186.92808500
v -580.69097900 505.09103400 186.92808500
v -580.69097900 525.73516800 143.61979700
v -580.69097900 525.73516800 143.61979700
v -580.69097900 525.73522900 -71.30735780
v -580.69097900 525.73522900 -71.30735780
v -570.42425500 497.61346400 42.32948300
v -570.42425500 497.61346400 42.32948300
v -570.42425500 497.61346400 29.44739530
v -570.42425500 497.61346400 29.44739530
v -570.42425500 574.97113000 29.44741820
v -570.42425500 574.97113000 29.44741820
v -570.42425500 574.97113000 42.32949450
v -570.42425500 574.97113000 42.32949450
v -583.30633500 497.61346400 29.44739530
v -583.30633500 497.61346400 29.44739530
v -583.30633500 574.97113000 29.44741820
v -583.30633500 574.97113000 29.44741820
v -583.30633500 497.61346400 42.32948300
v -583.30633500 497.61346400 42.32948300
v -583.30633500 574.97113000 42.32949450
v -583.30633500 574.97113000 42.32949450
v -568.46063200 493.52398700 27.48377990
v -568.46063200 493.52398700 27.48377990
v -568.46063200 493.52398700 27.48377990
v -568.46063200 493.52398700 44.29309840
v -568.46063200 493.52398700 44.29309840
v -568.46063200 493.52398700 44.29309840
v -585.26995800 493.52398700 44.29309840
v -585.26995800 493.52398700 44.29309840
v -585.26995800 493.52398700 44.29309840
v -585.26995800 493.52398700 27.48377990
v -585.26995800 493.52398700 27.48377990
v -585.26995800 493.52398700 27.48377990
v -568.46063200 497.61346400 27.48377990
v -568.46063200 497.61346400 27.48377990
v -568.46063200 497.61346400 27.48377990
v -585.26995800 497.61346400 27.48377990
v -585.26995800 497.61346400 27.48377990
v -585.26995800 497.61346400 27.48377990
v -585.26995800 497.61346400 44.29309840
v -585.26995800 497.61346400 44.29309840
v -585.26995800 497.61346400 44.29309840
v -568.46063200 497.61346400 44.29309840
v -568.46063200 497.61346400 44.29309840
v -568.46063200 497.61346400 44.29309840
v -575.14575200 524.47631800 16.93754580
v -575.14575200 524.47631800 16.93754580
v -575.14575200 555.65655500 -2.06086183
v -575.14575200 555.65655500 -2.06086183
v -575.14575200 559.68811000 5.80673647
v -575.14575200 559.68811000 5.80673647
v -575.14575200 524.50659200 27.24309540
v -575.14575200 524.50659200 27.24309540
v -578.58483900 559.68811000 5.80673647
v -578.58483900 559.68811000 5.80673647
v -578.58483900 524.50659200 27.24309540
v -578.58483900 524.50659200 27.24309540
v -578.58483900 555.65655500 -2.06086183
v -578.58483900 555.65655500 -2.06086183
v -578.58483900 524.47631800 16.93754580
v -578.58483900 524.47631800 16.93754580
v -231.43129000 49.89029690 672.44714400
v -231.43129000 49.89029690 672.44714400
v -231.43129000 124.52896900 672.44720500
v -231.43129000 124.52896900 672.44720500
v -231.43129000 124.52896900 668.39447000
v -231.43129000 124.52896900 668.39447000
v -231.43129000 49.89029690 668.39440900
v -231.43129000 49.89029690 668.39440900
v -227.37854000 124.52896900 668.39447000
v -227.37854000 124.52896900 668.39447000
v -227.37854000 49.89029690 668.39440900
v -227.37854000 49.89029690 668.39440900
v -227.37854000 124.52896900 672.44720500
v -227.37854000 124.52896900 672.44720500
v -227.37854000 49.89029690 672.44714400
v -227.37854000 49.89029690 672.44714400
v -185.63523900 49.89029690 672.44714400
v -185.63523900 49.89029690 672.44714400
v -185.63523900 124.52896900 672.44720500
v -185.63523900 124.52896900 672.44720500
v -185.63523900 124.52896900 668.39447000
v -185.63523900 124.52896900 668.39447000
v -185.63523900 49.89029690 668.39440900
v -185.63523900 49.89029690 668.39440900
v -181.58248900 124.52896900 668.39447000
v -181.58248900 124.52896900 668.39447000
v -181.58248900 49.89029690 668.39440900
v -181.58248900 49.89029690 668.39440900
v -181.58248900 124.52896900 672.44720500
v -181.58248900 124.52896900 672.44720500
v -181.58248900 49.89029690 672.44714400
v -181.58248900 49.89029690 672.44714400
v -139.83915700 49.89029690 672.44714400
v -139.83915700 49.89029690 672.44714400
v -139.83915700 124.52896900 672.44720500
v -139.83915700 124.52896900 672.44720500
v -139.83915700 124.52896900 668.39447000
v -139.83915700 124.52896900 668.39447000
v -139.83915700 49.89029690 668.39440900
v -139.83915700 49.89029690 668.39440900
v -135.78642300 124.52896900 668.39447000
v -135.78642300 124.52896900 668.39447000
v -135.78642300 49.89029690 668.39440900
v -135.78642300 49.89029690 668.39440900
v -135.78642300 124.52896900 672.44720500
v -135.78642300 124.52896900 672.44720500
v -135.78642300 49.89029690 672.44714400
v -135.78642300 49.89029690 672.44714400
v -232.14805600 60.02964400 671.35937500
v -232.14805600 60.02964400 671.35937500
v -135.11782800 60.02965550 671.35937500
v -135.11782800 60.02965550 671.35937500
v -135.11782800 60.02965550 669.48217800
v -135.11782800 60.02965550 669.48217800
v -232.14805600 60.02964400 669.48217800
v -232.14805600 60.02964400 669.48217800
v -135.11782800 55.97690960 669.48217800
v -135.11782800 55.97690960 669.48217800
v -232.14805600 55.97688670 669.48217800
v -232.14805600 55.97688670 669.48217800
v -135.11782800 55.97690960 671.35937500
v -135.11782800 55.97690960 671.35937500
v -232.14805600 55.97688670 671.35937500
v -232.14805600 55.97688670 671.35937500
v -232.14805600 70.67221070 671.35937500
v -232.14805600 70.67221070 671.35937500
v -135.11782800 70.67221830 671.35937500
v -135.11782800 70.67221830 671.35937500
v -135.11782800 70.67221830 669.48223900
v -135.11782800 70.67221830 669.48223900
v -232.14805600 70.67221070 669.48223900
v -232.14805600 70.67221070 669.48223900
v -135.11782800 66.61947630 669.48217800
v -135.11782800 66.61947630 669.48217800
v -232.14805600 66.61945340 669.48217800
v -232.14805600 66.61945340 669.48217800
v -135.11782800 66.61947630 671.35937500
v -135.11782800 66.61947630 671.35937500
v -232.14805600 66.61945340 671.35937500
v -232.14805600 66.61945340 671.35937500
v -232.14805600 82.80982210 671.35937500
v -232.14805600 82.80982210 671.35937500
v -135.11782800 82.80984500 671.35937500
v -135.11782800 82.80984500 671.35937500
v -135.11782800 82.80984500 669.48223900
v -135.11782800 82.80984500 669.48223900
v -232.14805600 82.80982210 669.48223900
v -232.14805600 82.80982210 669.48223900
v -135.11782800 78.75710300 669.48223900
v -135.11782800 78.75710300 669.48223900
v -232.14805600 78.75708770 669.48223900
v -232.14805600 78.75708770 669.48223900
v -135.11782800 78.75710300 671.35937500
v -135.11782800 78.75710300 671.35937500
v -232.14805600 78.75708770 671.35937500
v -232.14805600 78.75708770 671.35937500
v -232.14805600 94.91249080 671.35937500
v -232.14805600 94.91249080 671.35937500
v -135.11782800 94.91251370 671.35937500
v -135.11782800 94.91251370 671.35937500
v -135.11782800 94.91251370 669.48223900
v -135.11782800 94.91251370 669.48223900
v -232.14805600 94.91249080 669.48223900
v -232.14805600 94.91249080 669.48223900
v -135.11782800 90.85975650 669.48223900
v -135.11782800 90.85975650 669.48223900
v -232.14805600 90.85972600 669.48223900
v -232.14805600 90.85972600 669.48223900
v -135.11782800 90.85975650 671.35937500
v -135.11782800 90.85975650 671.35937500
v -232.14805600 90.85972600 671.35937500
v -232.14805600 90.85972600 671.35937500
v -232.14805600 105.55504600 671.35937500
v -232.14805600 105.55504600 671.35937500
v -135.11782800 105.55506900 671.35937500
v -135.11782800 105.55506900 671.35937500
v -135.11782800 105.55506900 669.48223900
v -135.11782800 105.55506900 669.48223900
v -232.14805600 105.55504600 669.48223900
v -232.14805600 105.55504600 669.48223900
v -135.11782800 101.50231200 669.48223900
v -135.11782800 101.50231200 669.48223900
v -232.14805600 101.50228900 669.48223900
v -232.14805600 101.50228900 669.48223900
v -135.11782800 101.50231200 671.35937500
v -135.11782800 101.50231200 671.35937500
v -232.14805600 101.50228900 671.35937500
v -232.14805600 101.50228900 671.35937500
v -232.14805600 117.69267300 671.35937500
v -232.14805600 117.69267300 671.35937500
v -135.11782800 117.69269600 671.35937500
v -135.11782800 117.69269600 671.35937500
v -135.11782800 117.69269600 669.48223900
v -135.11782800 117.69269600 669.48223900
v -232.14805600 117.69267300 669.48223900
v -232.14805600 117.69267300 669.48223900
v -135.11782800 113.63993800 669.48223900
v -135.11782800 113.63993800 669.48223900
v -232.14805600 113.63992300 669.48223900
v -232.14805600 113.63992300 669.48223900
v -135.11782800 113.63993800 671.35937500
v -135.11782800 113.63993800 671.35937500
v -232.14805600 113.63992300 671.35937500
v -232.14805600 113.63992300 671.35937500
v 573.69543500 49.89027400 -374.80072000
v 573.69543500 49.89027400 -374.80072000
v 573.69543500 124.52894600 -374.80065900
v 573.69543500 124.52894600 -374.80065900
v 569.64270000 124.52894600 -374.80065900
v 569.64270000 124.52894600 -374.80065900
v 569.64270000 49.89027400 -374.80072000
v 569.64270000 49.89027400 -374.80072000
v 569.64270000 124.52894600 -378.85339400
v 569.64270000 124.52894600 -378.85339400
v 569.64270000 49.89027400 -378.85345500
v 569.64270000 49.89027400 -378.85345500
v 573.69543500 124.52894600 -378.85339400
v 573.69543500 124.52894600 -378.85339400
v 573.69543500 49.89027400 -378.85345500
v 573.69543500 49.89027400 -378.85345500
v 573.69543500 49.89027400 -439.64444000
v 573.69543500 49.89027400 -439.64444000
v 573.69543500 124.52896900 -439.64437900
v 573.69543500 124.52896900 -439.64437900
v 569.64270000 124.52896900 -439.64437900
v 569.64270000 124.52896900 -439.64437900
v 569.64270000 49.89027400 -439.64444000
v 569.64270000 49.89027400 -439.64444000
v 569.64270000 124.52896900 -443.69711300
v 569.64270000 124.52896900 -443.69711300
v 569.64270000 49.89028550 -443.69717400
v 569.64270000 49.89028550 -443.69717400
v 573.69543500 124.52896900 -443.69711300
v 573.69543500 124.52896900 -443.69711300
v 573.69543500 49.89028550 -443.69717400
v 573.69543500 49.89028550 -443.69717400
v 573.69543500 49.89028550 -504.48812900
v 573.69543500 49.89028550 -504.48812900
v 573.69543500 124.52896900 -504.48809800
v 573.69543500 124.52896900 -504.48809800
v 569.64270000 124.52896900 -504.48809800
v 569.64270000 124.52896900 -504.48809800
v 569.64270000 49.89028550 -504.48812900
v 569.64270000 49.89028550 -504.48812900
v 569.64270000 124.52896900 -508.54083300
v 569.64270000 124.52896900 -508.54083300
v 569.64270000 49.89028550 -508.54086300
v 569.64270000 49.89028550 -508.54086300
v 573.69543500 124.52896900 -508.54083300
v 573.69543500 124.52896900 -508.54083300
v 573.69543500 49.89028550 -508.54086300
v 573.69543500 49.89028550 -508.54086300
v 573.69543500 49.89029690 -569.33190900
v 573.69543500 49.89029690 -569.33190900
v 573.69543500 124.52899200 -569.33184800
v 573.69543500 124.52899200 -569.33184800
v 569.64270000 124.52899200 -569.33184800
v 569.64270000 124.52899200 -569.33184800
v 569.64270000 49.89029690 -569.33190900
v 569.64270000 49.89029690 -569.33190900
v 569.64270000 124.52899200 -573.38458300
v 569.64270000 124.52899200 -573.38458300
v 569.64270000 49.89029690 -573.38464400
v 569.64270000 49.89029690 -573.38464400
v 573.69543500 124.52899200 -573.38458300
v 573.69543500 124.52899200 -573.38458300
v 573.69543500 49.89029690 -573.38464400
v 573.69543500 49.89029690 -573.38464400
v -536.81872600 49.89027400 -374.80072000
v -536.81872600 49.89027400 -374.80072000
v -532.76599100 49.89027400 -374.80072000
v -532.76599100 49.89027400 -374.80072000
v -532.76599100 124.52894600 -374.80065900
v -532.76599100 124.52894600 -374.80065900
v -536.81872600 124.52894600 -374.80065900
v -536.81872600 124.52894600 -374.80065900
v -532.76599100 49.89027400 -378.85345500
v -532.76599100 49.89027400 -378.85345500
v -532.76599100 124.52894600 -378.85339400
v -532.76599100 124.52894600 -378.85339400
v -536.81872600 49.89027400 -378.85345500
v -536.81872600 49.89027400 -378.85345500
v -536.81872600 124.52894600 -378.85339400
v -536.81872600 124.52894600 -378.85339400
v -536.81872600 49.89027400 -439.64444000
v -536.81872600 49.89027400 -439.64444000
v -532.76599100 49.89027400 -439.64444000
v -532.76599100 49.89027400 -439.64444000
v -532.76599100 124.52896900 -439.64437900
v -532.76599100 124.52896900 -439.64437900
v -536.81872600 124.52896900 -439.64437900
v -536.81872600 124.52896900 -439.64437900
v -532.76599100 49.89028550 -443.69717400
v -532.76599100 49.89028550 -443.69717400
v -532.76599100 124.52896900 -443.69711300
v -532.76599100 124.52896900 -443.69711300
v -536.81872600 49.89028550 -443.69717400
v -536.81872600 49.89028550 -443.69717400
v -536.81872600 124.52896900 -443.69711300
v -536.81872600 124.52896900 -443.69711300
v -536.81872600 49.89028550 -504.48812900
v -536.81872600 49.89028550 -504.48812900
v -532.76599100 49.89028550 -504.48812900
v -532.76599100 49.89028550 -504.48812900
v -532.76599100 124.52896900 -504.48809800
v -532.76599100 124.52896900 -504.48809800
v -536.81872600 124.52896900 -504.48809800
v -536.81872600 124.52896900 -504.48809800
v -532.76599100 49.89028550 -508.54086300
v -532.76599100 49.89028550 -508.54086300
v -532.76599100 124.52896900 -508.54083300
v -532.76599100 124.52896900 -508.54083300
v -536.81872600 49.89028550 -508.54086300
v -536.81872600 49.89028550 -508.54086300
v -536.81872600 124.52896900 -508.54083300
v -536.81872600 124.52896900 -508.54083300
v -536.81872600 49.89029690 -569.33190900
v -536.81872600 49.89029690 -569.33190900
v -532.76599100 49.89029690 -569.33190900
v -532.76599100 49.89029690 -569.33190900
v -532.76599100 124.52899200 -569.33184800
v -532.76599100 124.52899200 -569.33184800
v -536.81872600 124.52899200 -569.33184800
v -536.81872600 124.52899200 -569.33184800
v -532.76599100 49.89029690 -573.38464400
v -532.76599100 49.89029690 -573.38464400
v -532.76599100 124.52899200 -573.38458300
v -532.76599100 124.52899200 -573.38458300
v -536.81872600 49.89029690 -573.38464400
v -536.81872600 49.89029690 -573.38464400
v -536.81872600 124.52899200 -573.38458300
v -536.81872600 124.52899200 -573.38458300
v 572.60772700 60.07152180 -374.05035400
v 572.60772700 60.07152180 -374.05035400
v 572.60772700 60.07155610 -574.17108200
v 572.60772700 60.07155610 -574.17108200
v 570.73053000 60.07155610 -574.17108200
v 570.73053000 60.07155610 -574.17108200
v 570.73053000 60.07152180 -374.05035400
v 570.73053000 60.07152180 -374.05035400
v 570.73053000 56.01881030 -574.17108200
v 570.73053000 56.01881030 -574.17108200
v 570.73053000 56.01877590 -374.05035400
v 570.73053000 56.01877590 -374.05035400
v 572.60772700 56.01881030 -574.17108200
v 572.60772700 56.01881030 -574.17108200
v 572.60772700 56.01877590 -374.05035400
v 572.60772700 56.01877590 -374.05035400
v 572.60772700 71.50086980 -374.05029300
v 572.60772700 71.50086980 -374.05029300
v 572.60772700 71.50091550 -574.17102100
v 572.60772700 71.50091550 -574.17102100
v 570.73053000 71.50091550 -574.17102100
v 570.73053000 71.50091550 -574.17102100
v 570.73053000 71.50086980 -374.05029300
v 570.73053000 71.50086980 -374.05029300
v 570.73053000 67.44815830 -574.17108200
v 570.73053000 67.44815830 -574.17108200
v 570.73053000 67.44812010 -374.05035400
v 570.73053000 67.44812010 -374.05035400
v 572.60772700 67.44815830 -574.17108200
v 572.60772700 67.44815830 -574.17108200
v 572.60772700 67.44812010 -374.05035400
v 572.60772700 67.44812010 -374.05035400
v 572.60772700 83.23064420 -374.05029300
v 572.60772700 83.23064420 -374.05029300
v 572.60772700 83.23068240 -574.17102100
v 572.60772700 83.23068240 -574.17102100
v 570.73053000 83.23068240 -574.17102100
v 570.73053000 83.23068240 -574.17102100
v 570.73053000 83.23064420 -374.05029300
v 570.73053000 83.23064420 -374.05029300
v 570.73053000 79.17793270 -574.17102100
v 570.73053000 79.17793270 -574.17102100
v 570.73053000 79.17788700 -374.05029300
v 570.73053000 79.17788700 -374.05029300
v 572.60772700 79.17793270 -574.17102100
v 572.60772700 79.17793270 -574.17102100
v 572.60772700 79.17788700 -374.05029300
v 572.60772700 79.17788700 -374.05029300
v -535.73071300 60.07152180 -374.05035400
v -535.73071300 60.07152180 -374.05035400
v -533.85351600 60.07152180 -374.05035400
v -533.85351600 60.07152180 -374.05035400
v -533.85351600 60.07155610 -574.17108200
v -533.85351600 60.07155610 -574.17108200
v -535.73071300 60.07155610 -574.17108200
v -535.73071300 60.07155610 -574.17108200
v -533.85351600 56.01877590 -374.05035400
v -533.85351600 56.01877590 -374.05035400
v -533.85351600 56.01881030 -574.17108200
v -533.85351600 56.01881030 -574.17108200
v -535.73071300 56.01877590 -374.05035400
v -535.73071300 56.01877590 -374.05035400
v -535.73071300 56.01881030 -574.17108200
v -535.73071300 56.01881030 -574.17108200
v -535.73071300 71.50086980 -374.05029300
v -535.73071300 71.50086980 -374.05029300
v -533.85351600 71.50086980 -374.05029300
v -533.85351600 71.50086980 -374.05029300
v -533.85351600 71.50091550 -574.17102100
v -533.85351600 71.50091550 -574.17102100
v -535.73071300 71.50091550 -574.17102100
v -535.73071300 71.50091550 -574.17102100
v -533.85351600 67.44812010 -374.05035400
v -533.85351600 67.44812010 -374.05035400
v -533.85351600 67.44815830 -574.17108200
v -533.85351600 67.44815830 -574.17108200
v -535.73071300 67.44812010 -374.05035400
v -535.73071300 67.44812010 -374.05035400
v -535.73071300 67.44815830 -574.17108200
v -535.73071300 67.44815830 -574.17108200
v -535.73071300 83.23064420 -374.05029300
v -535.73071300 83.23064420 -374.05029300
v -533.85351600 83.23064420 -374.05029300
v -533.85351600 83.23064420 -374.05029300
v -533.85351600 83.23068240 -574.17102100
v -533.85351600 83.23068240 -574.17102100
v -535.73071300 83.23068240 -574.17102100
v -535.73071300 83.23068240 -574.17102100
v -533.85351600 79.17788700 -374.05029300
v -533.85351600 79.17788700 -374.05029300
v -533.85351600 79.17793270 -574.17102100
v -533.85351600 79.17793270 -574.17102100
v -535.73071300 79.17788700 -374.05029300
v -535.73071300 79.17788700 -374.05029300
v -535.73071300 79.17793270 -574.17102100
v -535.73071300 79.17793270 -574.17102100
v 572.60772700 94.08638000 -374.05029300
v 572.60772700 94.08638000 -374.05029300
v 572.60772700 94.08642580 -574.17102100
v 572.60772700 94.08642580 -574.17102100
v 570.73053000 94.08642580 -574.17102100
v 570.73053000 94.08642580 -574.17102100
v 570.73053000 94.08638000 -374.05029300
v 570.73053000 94.08638000 -374.05029300
v 570.73053000 90.03366850 -574.17102100
v 570.73053000 90.03366850 -574.17102100
v 570.73053000 90.03363040 -374.05029300
v 570.73053000 90.03363040 -374.05029300
v 572.60772700 90.03366850 -574.17102100
v 572.60772700 90.03366850 -574.17102100
v 572.60772700 90.03363040 -374.05029300
v 572.60772700 90.03363040 -374.05029300
v 572.60772700 105.51573200 -374.05029300
v 572.60772700 105.51573200 -374.05029300
v 572.60772700 105.51577800 -574.17102100
v 572.60772700 105.51577800 -574.17102100
v 570.73053000 105.51577800 -574.17102100
v 570.73053000 105.51577800 -574.17102100
v 570.73053000 105.51573200 -374.05029300
v 570.73053000 105.51573200 -374.05029300
v 570.73053000 101.46302000 -574.17102100
v 570.73053000 101.46302000 -574.17102100
v 570.73053000 101.46298200 -374.05029300
v 570.73053000 101.46298200 -374.05029300
v 572.60772700 101.46302000 -574.17102100
v 572.60772700 101.46302000 -574.17102100
v 572.60772700 101.46298200 -374.05029300
v 572.60772700 101.46298200 -374.05029300
v 572.60772700 117.24549900 -374.05029300
v 572.60772700 117.24549900 -374.05029300
v 572.60772700 117.24554400 -574.17102100
v 572.60772700 117.24554400 -574.17102100
v 570.73053000 117.24554400 -574.17102100
v 570.73053000 117.24554400 -574.17102100
v 570.73053000 117.24549900 -374.05029300
v 570.73053000 117.24549900 -374.05029300
v 570.73053000 113.19279500 -574.17102100
v 570.73053000 113.19279500 -574.17102100
v 570.73053000 113.19274900 -374.05029300
v 570.73053000 113.19274900 -374.05029300
v 572.60772700 113.19279500 -574.17102100
v 572.60772700 113.19279500 -574.17102100
v 572.60772700 113.19274900 -374.05029300
v 572.60772700 113.19274900 -374.05029300
v -535.73071300 94.08638000 -374.05029300
v -535.73071300 94.08638000 -374.05029300
v -533.85351600 94.08638000 -374.05029300
v -533.85351600 94.08638000 -374.05029300
v -533.85351600 94.08642580 -574.17102100
v -533.85351600 94.08642580 -574.17102100
v -535.73071300 94.08642580 -574.17102100
v -535.73071300 94.08642580 -574.17102100
v -533.85351600 90.03363040 -374.05029300
v -533.85351600 90.03363040 -374.05029300
v -533.85351600 90.03366850 -574.17102100
v -533.85351600 90.03366850 -574.17102100
v -535.73071300 90.03363040 -374.05029300
v -535.73071300 90.03363040 -374.05029300
v -535.73071300 90.03366850 -574.17102100
v -535.73071300 90.03366850 -574.17102100
v -535.73071300 105.51573200 -374.05029300
v -535.73071300 105.51573200 -374.05029300
v -533.85351600 105.51573200 -374.05029300
v -533.85351600 105.51573200 -374.05029300
v -533.85351600 105.51577800 -574.17102100
v -533.85351600 105.51577800 -574.17102100
v -535.73071300 105.51577800 -574.17102100
v -535.73071300 105.51577800 -574.17102100
v -533.85351600 101.46298200 -374.05029300
v -533.85351600 101.46298200 -374.05029300
v -533.85351600 101.46302000 -574.17102100
v -533.85351600 101.46302000 -574.17102100
v -535.73071300 101.46298200 -374.05029300
v -535.73071300 101.46298200 -374.05029300
v -535.73071300 101.46302000 -574.17102100
v -535.73071300 101.46302000 -574.17102100
v -535.73071300 117.24549900 -374.05029300
v -535.73071300 117.24549900 -374.05029300
v -533.85351600 117.24549900 -374.05029300
v -533.85351600 117.24549900 -374.05029300
v -533.85351600 117.24554400 -574.17102100
v -533.85351600 117.24554400 -574.17102100
v -535.73071300 117.24554400 -574.17102100
v -535.73071300 117.24554400 -574.17102100
v -533.85351600 113.19274900 -374.05029300
v -533.85351600 113.19274900 -374.05029300
v -533.85351600 113.19279500 -574.17102100
v -533.85351600 113.19279500 -574.17102100
v -535.73071300 113.19274900 -374.05029300
v -535.73071300 113.19274900 -374.05029300
v -535.73071300 113.19279500 -574.17102100
v -535.73071300 113.19279500 -574.17102100
v 544.53869600 60.07155610 -602.28839100
v 544.53869600 60.07155610 -602.28839100
v 222.06488000 60.07157140 -602.28826900
v 222.06488000 60.07157140 -602.28826900
v 222.06488000 60.07157140 -600.41113300
v 222.06488000 60.07157140 -600.41113300
v 544.53869600 60.07155610 -600.41119400
v 544.53869600 60.07155610 -600.41119400
v 222.06488000 56.01882170 -600.41113300
v 222.06488000 56.01882170 -600.41113300
v 544.53869600 56.01881030 -600.41119400
v 544.53869600 56.01881030 -600.41119400
v 222.06488000 56.01882170 -602.28826900
v 222.06488000 56.01882170 -602.28826900
v 544.53869600 56.01881030 -602.28839100
v 544.53869600 56.01881030 -602.28839100
v 544.53869600 71.67552950 -602.28833000
v 544.53869600 71.67552950 -602.28833000
v 222.06488000 71.67554470 -602.28826900
v 222.06488000 71.67554470 -602.28826900
v 222.06488000 71.67554470 -600.41107200
v 222.06488000 71.67554470 -600.41107200
v 544.53869600 71.67552950 -600.41113300
v 544.53869600 71.67552950 -600.41113300
v 222.06488000 67.62279510 -600.41113300
v 222.06488000 67.62279510 -600.41113300
v 544.53869600 67.62277220 -600.41119400
v 544.53869600 67.62277220 -600.41119400
v 222.06488000 67.62279510 -602.28826900
v 222.06488000 67.62279510 -602.28826900
v 544.53869600 67.62277220 -602.28839100
v 544.53869600 67.62277220 -602.28839100
v 544.53869600 83.11011510 -602.28833000
v 544.53869600 83.11011510 -602.28833000
v 222.06488000 83.11014560 -602.28826900
v 222.06488000 83.11014560 -602.28826900
v 222.06488000 83.11014560 -600.41107200
v 222.06488000 83.11014560 -600.41107200
v 544.53869600 83.11011510 -600.41113300
v 544.53869600 83.11011510 -600.41113300
v 222.06488000 79.05738070 -600.41107200
v 222.06488000 79.05738070 -600.41107200
v 544.53869600 79.05736540 -600.41113300
v 544.53869600 79.05736540 -600.41113300
v 222.06488000 79.05738070 -602.28826900
v 222.06488000 79.05738070 -602.28826900
v 544.53869600 79.05736540 -602.28833000
v 544.53869600 79.05736540 -602.28833000
v -507.66171300 60.07155610 -602.28839100
v -507.66171300 60.07155610 -602.28839100
v -507.66171300 60.07155610 -600.41119400
v -507.66171300 60.07155610 -600.41119400
v -185.18798800 60.07157140 -600.41113300
v -185.18798800 60.07157140 -600.41113300
v -185.18798800 60.07157140 -602.28826900
v -185.18798800 60.07157140 -602.28826900
v -507.66171300 56.01881030 -600.41119400
v -507.66171300 56.01881030 -600.41119400
v -185.18798800 56.01882170 -600.41113300
v -185.18798800 56.01882170 -600.41113300
v -507.66171300 56.01881030 -602.28839100
v -507.66171300 56.01881030 -602.28839100
v -185.18798800 56.01882170 -602.28826900
v -185.18798800 56.01882170 -602.28826900
v -507.66171300 71.67552950 -602.28833000
v -507.66171300 71.67552950 -602.28833000
v -507.66171300 71.67552950 -600.41113300
v -507.66171300 71.67552950 -600.41113300
v -185.18798800 71.67554470 -600.41107200
v -185.18798800 71.67554470 -600.41107200
v -185.18798800 71.67554470 -602.28826900
v -185.18798800 71.67554470 -602.28826900
v -507.66171300 67.62277220 -600.41119400
v -507.66171300 67.62277220 -600.41119400
v -185.18798800 67.62279510 -600.41113300
v -185.18798800 67.62279510 -600.41113300
v -507.66171300 67.62277220 -602.28839100
v -507.66171300 67.62277220 -602.28839100
v -185.18798800 67.62279510 -602.28826900
v -185.18798800 67.62279510 -602.28826900
v -507.66171300 83.11011510 -602.28833000
v -507.66171300 83.11011510 -602.28833000
v -507.66171300 83.11011510 -600.41113300
v -507.66171300 83.11011510 -600.41113300
v -185.18798800 83.11014560 -600.41107200
v -185.18798800 83.11014560 -600.41107200
v -185.18798800 83.11014560 -602.28826900
v -185.18798800 83.11014560 -602.28826900
v -507.66171300 79.05736540 -600.41113300
v -507.66171300 79.05736540 -600.41113300
v -185.18798800 79.05738070 -600.41107200
v -185.18798800 79.05738070 -600.41107200
v -507.66171300 79.05736540 -602.28833000
v -507.66171300 79.05736540 -602.28833000
v -185.18798800 79.05738070 -602.28826900
v -185.18798800 79.05738070 -602.28826900
v 544.53869600 93.93572240 -602.28833000
v 544.53869600 93.93572240 -602.28833000
v 222.06488000 93.93573760 -602.28826900
v 222.06488000 93.93573760 -602.28826900
v 222.06488000 93.93573760 -600.41107200
v 222.06488000 93.93573760 -600.41107200
v 544.53869600 93.93572240 -600.41113300
v 544.53869600 93.93572240 -600.41113300
v 222.06488000 89.88298800 -600.41107200
v 222.06488000 89.88298800 -600.41107200
v 544.53869600 89.88297270 -600.41113300
v 544.53869600 89.88297270 -600.41113300
v 222.06488000 89.88298800 -602.28826900
v 222.06488000 89.88298800 -602.28826900
v 544.53869600 89.88297270 -602.28833000
v 544.53869600 89.88297270 -602.28833000
v 544.53869600 105.53968800 -602.28833000
v 544.53869600 105.53968800 -602.28833000
v 222.06488000 105.53971900 -602.28826900
v 222.06488000 105.53971900 -602.28826900
v 222.06488000 105.53971900 -600.41107200
v 222.06488000 105.53971900 -600.41107200
v 544.53869600 105.53968800 -600.41113300
v 544.53869600 105.53968800 -600.41113300
v 222.06488000 101.48695400 -600.41107200
v 222.06488000 101.48695400 -600.41107200
v 544.53869600 101.48694600 -600.41113300
v 544.53869600 101.48694600 -600.41113300
v 222.06488000 101.48695400 -602.28826900
v 222.06488000 101.48695400 -602.28826900
v 544.53869600 101.48694600 -602.28833000
v 544.53869600 101.48694600 -602.28833000
v 544.53869600 116.97427400 -602.28833000
v 544.53869600 116.97427400 -602.28833000
v 222.06488000 116.97429700 -602.28826900
v 222.06488000 116.97429700 -602.28826900
v 222.06488000 116.97429700 -600.41107200
v 222.06488000 116.97429700 -600.41107200
v 544.53869600 116.97427400 -600.41113300
v 544.53869600 116.97427400 -600.41113300
v 222.06488000 112.92156200 -600.41107200
v 222.06488000 112.92156200 -600.41107200
v 544.53869600 112.92153900 -600.41113300
v 544.53869600 112.92153900 -600.41113300
v 222.06488000 112.92156200 -602.28826900
v 222.06488000 112.92156200 -602.28826900
v 544.53869600 112.92153900 -602.28833000
v 544.53869600 112.92153900 -602.28833000
v -507.66171300 93.93572240 -602.28833000
v -507.66171300 93.93572240 -602.28833000
v -507.66171300 93.93572240 -600.41113300
v -507.66171300 93.93572240 -600.41113300
v -185.18798800 93.93573760 -600.41107200
v -185.18798800 93.93573760 -600.41107200
v -185.18798800 93.93573760 -602.28826900
v -185.18798800 93.93573760 -602.28826900
v -507.66171300 89.88297270 -600.41113300
v -507.66171300 89.88297270 -600.41113300
v -185.18798800 89.88298800 -600.41107200
v -185.18798800 89.88298800 -600.41107200
v -507.66171300 89.88297270 -602.28833000
v -507.66171300 89.88297270 -602.28833000
v -185.18798800 89.88298800 -602.28826900
v -185.18798800 89.88298800 -602.28826900
v -507.66171300 105.53968800 -602.28833000
v -507.66171300 105.53968800 -602.28833000
v -507.66171300 105.53968800 -600.41113300
v -507.66171300 105.53968800 -600.41113300
v -185.18798800 105.53971900 -600.41107200
v -185.18798800 105.53971900 -600.41107200
v -185.18798800 105.53971900 -602.28826900
v -185.18798800 105.53971900 -602.28826900
v -507.66171300 101.48694600 -600.41113300
v -507.66171300 101.48694600 -600.41113300
v -185.18798800 101.48695400 -600.41107200
v -185.18798800 101.48695400 -600.41107200
v -507.66171300 101.48694600 -602.28833000
v -507.66171300 101.48694600 -602.28833000
v -185.18798800 101.48695400 -602.28826900
v -185.18798800 101.48695400 -602.28826900
v -507.66171300 116.97427400 -602.28833000
v -507.66171300 116.97427400 -602.28833000
v -507.66171300 116.97427400 -600.41113300
v -507.66171300 116.97427400 -600.41113300
v -185.18798800 116.97429700 -600.41107200
v -185.18798800 116.97429700 -600.41107200
v -185.18798800 116.97429700 -602.28826900
v -185.18798800 116.97429700 -602.28826900
v -507.66171300 112.92153900 -600.41113300
v -507.66171300 112.92153900 -600.41113300
v -185.18798800 112.92156200 -600.41107200
v -185.18798800 112.92156200 -600.41107200
v -507.66171300 112.92153900 -602.28833000
v -507.66171300 112.92153900 -602.28833000
v -185.18798800 112.92156200 -602.28826900
v -185.18798800 112.92156200 -602.28826900
v 145.38110400 266.68823200 449.39065600
v 145.38110400 266.68823200 449.39065600
v 145.38110400 266.68823200 449.39065600
v 145.38110400 122.62176500 449.39065600
v 145.38110400 122.62176500 449.39065600
v 145.38110400 122.62176500 449.39065600
v 145.38110400 122.62176500 443.87344400
v 145.38110400 122.62176500 443.87344400
v 145.38110400 266.68823200 443.87344400
v 145.38110400 266.68823200 443.87344400
v 130.05558800 282.01376300 449.39065600
v 130.05558800 282.01376300 449.39065600
v 130.05558800 282.01376300 449.39065600
v 130.05558800 107.29624200 449.39065600
v 130.05558800 107.29624200 449.39065600
v 130.05558800 107.29624200 449.39065600
v 130.05558800 282.01376300 443.87344400
v 130.05558800 282.01376300 443.87344400
v 130.05558800 107.29624200 443.87344400
v 130.05558800 107.29624200 443.87344400
v 270.24887100 122.62176500 449.39065600
v 270.24887100 122.62176500 449.39065600
v 270.24887100 122.62176500 449.39065600
v 270.24887100 122.62176500 443.87344400
v 270.24887100 122.62176500 443.87344400
v 285.57440200 107.29624200 443.87344400
v 285.57440200 107.29624200 443.87344400
v 285.57440200 107.29624200 449.39065600
v 285.57440200 107.29624200 449.39065600
v 285.57440200 107.29624200 449.39065600
v 270.24887100 266.68820200 449.39065600
v 270.24887100 266.68820200 449.39065600
v 270.24887100 266.68820200 449.39065600
v 270.24887100 266.68820200 443.87344400
v 270.24887100 266.68820200 443.87344400
v 285.57440200 282.01376300 443.87344400
v 285.57440200 282.01376300 443.87344400
v 285.57440200 282.01376300 449.39065600
v 285.57440200 282.01376300 449.39065600
v 285.57440200 282.01376300 449.39065600
v 154.36290000 259.67071500 434.06515500
v 154.36290000 259.67071500 434.06515500
v 154.36290000 259.67071500 434.06515500
v 154.36290000 259.67071500 436.98376500
v 154.36290000 259.67071500 436.98376500
v 154.36290000 259.67071500 436.98376500
v 154.36290000 129.63925200 436.98376500
v 154.36290000 129.63925200 436.98376500
v 154.36290000 129.63925200 436.98376500
v 154.36290000 129.63925200 434.06509400
v 154.36290000 129.63925200 434.06509400
v 154.36290000 129.63925200 434.06509400
v 145.38110400 266.68820200 436.98376500
v 145.38110400 122.62176500 436.98376500
v 262.46887200 259.67071500 438.65771500
v 262.46887200 259.67071500 438.65771500
v 262.46887200 259.67071500 438.65771500
v 198.54646300 259.67071500 438.65771500
v 198.54646300 259.67071500 438.65771500
v 198.54646300 259.67071500 438.65771500
v 198.54646300 259.67071500 438.65771500
v 198.54646300 259.67071500 436.18463100
v 198.54646300 259.67071500 436.18463100
v 198.54646300 259.67071500 436.18463100
v 262.46887200 259.67071500 436.18463100
v 262.46887200 259.67071500 436.18463100
v 262.46887200 259.67071500 436.18463100
v 184.37706000 259.67071500 434.06515500
v 184.37706000 259.67071500 434.06515500
v 184.37706000 259.67071500 434.06515500
v 184.37706000 259.67071500 436.98376500
v 184.37706000 259.67071500 436.98376500
v 184.37706000 259.67071500 436.98376500
v 191.66207900 266.68820200 436.98376500
v 191.66207900 266.68820200 436.98376500
v 191.66206400 122.62176500 436.98373400
v 191.66206400 122.62176500 436.98373400
v 191.66206400 122.62176500 436.98373400
v 191.66206400 122.62176500 438.65771500
v 191.66206400 122.62176500 438.65771500
v 191.66206400 266.68820200 438.65771500
v 191.66206400 266.68820200 438.65771500
v 191.66206400 266.68820200 438.65771500
v 184.37706000 129.63925200 434.06509400
v 184.37706000 129.63925200 434.06509400
v 184.37706000 129.63925200 434.06509400
v 184.37706000 129.63925200 436.98376500
v 184.37706000 129.63925200 436.98376500
v 184.37706000 129.63925200 436.98376500
v 184.37706000 129.63925200 436.98376500
v 198.54646300 129.63925200 438.65771500
v 198.54646300 129.63925200 438.65771500
v 198.54646300 129.63925200 438.65771500
v 198.54646300 129.63925200 436.18463100
v 198.54646300 129.63925200 436.18463100
v 198.54646300 129.63925200 436.18463100
v 262.46887200 129.63925200 436.18463100
v 262.46887200 129.63925200 436.18463100
v 262.46887200 129.63925200 436.18463100
v 262.46887200 129.63925200 438.65771500
v 262.46887200 129.63925200 438.65771500
v 262.46887200 129.63925200 438.65771500
v 270.24887100 266.68820200 438.65771500
v 270.24887100 122.62176500 438.65771500
v 457.75213600 266.68823200 449.39065600
v 457.75213600 266.68823200 449.39065600
v 457.75213600 266.68823200 449.39065600
v 457.75213600 266.68823200 443.87344400
v 457.75213600 266.68823200 443.87344400
v 457.75213600 122.62176500 443.87344400
v 457.75213600 122.62176500 443.87344400
v 457.75213600 122.62176500 449.39065600
v 457.75213600 122.62176500 449.39065600
v 457.75213600 122.62176500 449.39065600
v 473.07763700 107.29624200 449.39065600
v 473.07763700 107.29624200 449.39065600
v 473.07763700 107.29624200 449.39065600
v 473.07763700 282.01376300 449.39065600
v 473.07763700 282.01376300 449.39065600
v 473.07763700 282.01376300 449.39065600
v 473.07763700 107.29624200 443.87344400
v 473.07763700 107.29624200 443.87344400
v 473.07763700 282.01376300 443.87344400
v 473.07763700 282.01376300 443.87344400
v 332.88433800 122.62176500 443.87344400
v 332.88433800 122.62176500 443.87344400
v 332.88433800 122.62176500 449.39065600
v 332.88433800 122.62176500 449.39065600
v 332.88433800 122.62176500 449.39065600
v 317.55877700 107.29624200 449.39065600
v 317.55877700 107.29624200 449.39065600
v 317.55877700 107.29624200 449.39065600
v 317.55877700 107.29624200 443.87344400
v 317.55877700 107.29624200 443.87344400
v 332.88433800 266.68820200 443.87344400
v 332.88433800 266.68820200 443.87344400
v 332.88433800 266.68820200 449.39065600
v 332.88433800 266.68820200 449.39065600
v 332.88433800 266.68820200 449.39065600
v 317.55877700 282.01376300 449.39065600
v 317.55877700 282.01376300 449.39065600
v 317.55877700 282.01376300 449.39065600
v 317.55877700 282.01376300 443.87344400
v 317.55877700 282.01376300 443.87344400
v 448.77032500 259.67071500 434.06515500
v 448.77032500 259.67071500 434.06515500
v 448.77032500 259.67071500 434.06515500
v 448.77032500 129.63925200 434.06509400
v 448.77032500 129.63925200 434.06509400
v 448.77032500 129.63925200 434.06509400
v 448.77032500 129.63925200 436.98376500
v 448.77032500 129.63925200 436.98376500
v 448.77032500 129.63925200 436.98376500
v 448.77032500 259.67071500 436.98376500
v 448.77032500 259.67071500 436.98376500
v 448.77032500 259.67071500 436.98376500
v 457.75213600 122.62176500 436.98376500
v 457.75213600 266.68820200 436.98376500
v 340.66436800 259.67071500 438.65771500
v 340.66436800 259.67071500 438.65771500
v 340.66436800 259.67071500 438.65771500
v 340.66436800 259.67071500 436.18463100
v 340.66436800 259.67071500 436.18463100
v 340.66436800 259.67071500 436.18463100
v 404.58673100 259.67071500 436.18463100
v 404.58673100 259.67071500 436.18463100
v 404.58673100 259.67071500 436.18463100
v 404.58673100 259.67071500 438.65771500
v 404.58673100 259.67071500 438.65771500
v 404.58673100 259.67071500 438.65771500
v 418.75616500 259.67071500 434.06515500
v 418.75616500 259.67071500 434.06515500
v 418.75616500 259.67071500 434.06515500
v 418.75616500 259.67071500 436.98376500
v 418.75616500 259.67071500 436.98376500
v 418.75616500 259.67071500 436.98376500
v 418.75616500 259.67071500 436.98376500
v 411.47113000 266.68820200 436.98376500
v 411.47113000 266.68820200 436.98376500
v 411.47113000 266.68820200 436.98376500
v 411.47119100 266.68820200 438.65771500
v 411.47119100 266.68820200 438.65771500
v 411.47119100 122.62176500 438.65771500
v 411.47119100 122.62176500 438.65771500
v 411.47119100 122.62176500 438.65771500
v 411.47119100 122.62176500 436.98373400
v 411.47119100 122.62176500 436.98373400
v 418.75616500 129.63925200 434.06509400
v 418.75616500 129.63925200 434.06509400
v 418.75616500 129.63925200 434.06509400
v 418.75616500 129.63925200 436.98376500
v 418.75616500 129.63925200 436.98376500
v 418.75616500 129.63925200 436.98376500
v 404.58673100 129.63925200 438.65771500
v 404.58673100 129.63925200 438.65771500
v 404.58673100 129.63925200 438.65771500
v 404.58673100 129.63925200 438.65771500
v 404.58673100 129.63925200 436.18463100
v 404.58673100 129.63925200 436.18463100
v 404.58673100 129.63925200 436.18463100
v 340.66436800 129.63925200 438.65771500
v 340.66436800 129.63925200 438.65771500
v 340.66436800 129.63925200 438.65771500
v 340.66436800 129.63925200 436.18463100
v 340.66436800 129.63925200 436.18463100
v 340.66436800 129.63925200 436.18463100
v 332.88433800 266.68820200 438.65771500
v 332.88433800 122.62176500 438.65771500
v 388.36319000 259.67074600 -363.29144300
v 388.36319000 259.67074600 -363.29144300
v 388.36319000 259.67074600 -363.29144300
v 388.36319000 259.67074600 -360.81835900
v 388.36319000 259.67074600 -360.81835900
v 388.36319000 259.67074600 -360.81835900
v 323.16809100 259.67074600 -360.81835900
v 323.16809100 259.67074600 -360.81835900
v 323.16809100 259.67074600 -360.81835900
v 323.16809100 259.67074600 -363.29144300
v 323.16809100 259.67074600 -363.29144300
v 323.16809100 259.67074600 -363.29144300
v 316.28360000 266.68820200 -363.29144300
v 323.16809100 167.23320000 -363.29144300
v 323.16809100 167.23320000 -363.29144300
v 323.16809100 167.23320000 -363.29144300
v 316.28360000 160.21571400 -363.29144300
v 323.16809100 167.23320000 -360.81835900
v 323.16809100 167.23320000 -360.81835900
v 323.16809100 167.23320000 -360.81835900
v 388.36319000 167.23320000 -363.29144300
v 388.36319000 167.23320000 -363.29144300
v 388.36319000 167.23320000 -363.29144300
v 388.36319000 167.23320000 -360.81835900
v 388.36319000 167.23320000 -360.81835900
v 388.36319000 167.23320000 -360.81835900
v 396.14328000 266.68820200 -363.29144300
v 396.14328000 160.21571400 -363.29144300
v -210.77807600 259.67074600 -363.29144300
v -210.77807600 259.67074600 -363.29144300
v -210.77807600 259.67074600 -363.29144300
v -145.58294700 259.67074600 -363.29144300
v -145.58294700 259.67074600 -363.29144300
v -145.58294700 259.67074600 -363.29144300
v -145.58294700 259.67074600 -360.81835900
v -145.58294700 259.67074600 -360.81835900
v -145.58294700 259.67074600 -360.81835900
v -210.77807600 259.67074600 -360.81835900
v -210.77807600 259.67074600 -360.81835900
v -210.77807600 259.67074600 -360.81835900
v -138.69851700 266.68820200 -363.29144300
v -138.69851700 160.21571400 -363.29144300
v -145.58294700 167.23320000 -363.29144300
v -145.58294700 167.23320000 -363.29144300
v -145.58294700 167.23320000 -363.29144300
v -145.58294700 167.23320000 -360.81835900
v -145.58294700 167.23320000 -360.81835900
v -145.58294700 167.23320000 -360.81835900
v -210.77807600 167.23320000 -360.81835900
v -210.77807600 167.23320000 -360.81835900
v -210.77807600 167.23320000 -360.81835900
v -210.77807600 167.23320000 -363.29144300
v -210.77807600 167.23320000 -363.29144300
v -210.77807600 167.23320000 -363.29144300
v -218.55809000 266.68820200 -363.29144300
v -218.55809000 160.21571400 -363.29144300
v 316.28366100 266.68823200 -378.18734700
v 316.28366100 266.68823200 -378.18734700
v 316.28366100 266.68823200 -378.18734700
v 316.28366100 266.68823200 -372.67013500
v 316.28366100 266.68823200 -372.67013500
v 316.28366100 160.21571400 -372.67013500
v 316.28366100 160.21571400 -372.67013500
v 316.28366100 160.21571400 -378.18734700
v 316.28366100 160.21571400 -378.18734700
v 316.28366100 160.21571400 -378.18734700
v 300.95809900 144.89019800 -378.18734700
v 300.95809900 144.89019800 -378.18734700
v 300.95809900 144.89019800 -378.18734700
v 300.95809900 282.01376300 -378.18734700
v 300.95809900 282.01376300 -378.18734700
v 300.95809900 282.01376300 -378.18734700
v 300.95809900 144.89019800 -372.67013500
v 300.95809900 144.89019800 -372.67013500
v 300.95809900 282.01376300 -372.67013500
v 300.95809900 282.01376300 -372.67013500
v 396.14328000 160.21571400 -372.67013500
v 396.14328000 160.21571400 -372.67013500
v 396.14328000 160.21571400 -378.18734700
v 396.14328000 160.21571400 -378.18734700
v 396.14328000 160.21571400 -378.18734700
v 411.46875000 144.89019800 -378.18734700
v 411.46875000 144.89019800 -378.18734700
v 411.46875000 144.89019800 -378.18734700
v 411.46875000 144.89019800 -372.67013500
v 411.46875000 144.89019800 -372.67013500
v 396.14328000 266.68823200 -372.67013500
v 396.14328000 266.68823200 -372.67013500
v 396.14328000 266.68823200 -378.18734700
v 396.14328000 266.68823200 -378.18734700
v 396.14328000 266.68823200 -378.18734700
v 411.46875000 282.01376300 -378.18734700
v 411.46875000 282.01376300 -378.18734700
v 411.46875000 282.01376300 -378.18734700
v 411.46875000 282.01376300 -372.67013500
v 411.46875000 282.01376300 -372.67013500
v -138.69842500 266.68823200 -378.18734700
v -138.69842500 266.68823200 -378.18734700
v -138.69842500 266.68823200 -378.18734700
v -138.69842500 160.21571400 -378.18734700
v -138.69842500 160.21571400 -378.18734700
v -138.69842500 160.21571400 -378.18734700
v -138.69842500 160.21571400 -372.67013500
v -138.69842500 160.21571400 -372.67013500
v -138.69842500 266.68823200 -372.67013500
v -138.69842500 266.68823200 -372.67013500
v -123.37287900 282.01376300 -378.18734700
v -123.37287900 282.01376300 -378.18734700
v -123.37287900 282.01376300 -378.18734700
v -123.37287900 144.89019800 -378.18734700
v -123.37287900 144.89019800 -378.18734700
v -123.37287900 144.89019800 -378.18734700
v -123.37287900 282.01376300 -372.67013500
v -123.37287900 282.01376300 -372.67013500
v -123.37287900 144.89019800 -372.67013500
v -123.37287900 144.89019800 -372.67013500
v -218.55802900 160.21571400 -378.18734700
v -218.55802900 160.21571400 -378.18734700
v -218.55802900 160.21571400 -378.18734700
v -218.55802900 160.21571400 -372.67013500
v -218.55802900 160.21571400 -372.67013500
v -233.88353000 144.89019800 -372.67013500
v -233.88353000 144.89019800 -372.67013500
v -233.88353000 144.89019800 -378.18734700
v -233.88353000 144.89019800 -378.18734700
v -233.88353000 144.89019800 -378.18734700
v -218.55802900 266.68823200 -378.18734700
v -218.55802900 266.68823200 -378.18734700
v -218.55802900 266.68823200 -378.18734700
v -218.55802900 266.68823200 -372.67013500
v -218.55802900 266.68823200 -372.67013500
v -233.88353000 282.01376300 -372.67013500
v -233.88353000 282.01376300 -372.67013500
v -233.88353000 282.01376300 -378.18734700
v -233.88353000 282.01376300 -378.18734700
v -233.88353000 282.01376300 -378.18734700
v -510.04318200 249.86000100 695.40679900
v -510.04318200 252.83165000 695.40679900
v -512.02606200 252.83165000 695.80127000
v -512.02606200 249.86000100 695.80127000
v -508.36215200 249.86000100 694.28375200
v -508.36215200 252.83165000 694.28375200
v -507.23895300 249.86000100 692.60266100
v -507.23895300 252.83165000 692.60266100
v -506.84472700 249.86000100 690.61987300
v -506.84472700 252.83165000 690.61987300
v -507.23895300 249.86000100 688.63714600
v -507.23895300 252.83165000 688.63714600
v -508.36218300 249.86000100 686.95636000
v -508.36218300 252.83165000 686.95636000
v -510.04318200 249.86000100 685.83288600
v -510.04318200 252.83165000 685.83288600
v -515.68969700 249.86000100 686.95617700
v -515.68969700 252.83165000 686.95617700
v -514.00891100 252.83165000 685.83300800
v -514.00891100 249.86000100 685.83300800
v -516.81286600 249.86000100 688.63702400
v -516.81286600 252.83165000 688.63702400
v -517.20727500 249.86000100 690.61969000
v -517.20727500 252.83165000 690.61969000
v -516.81286600 249.86000100 692.60260000
v -516.81286600 252.83165000 692.60260000
v -515.68969700 249.86000100 694.28375200
v -515.68969700 252.83165000 694.28375200
v -514.00891100 249.86000100 695.40679900
v -514.00891100 252.83165000 695.40679900
v -512.50323500 252.84623700 685.47015400
v -512.50323500 252.84623700 685.47015400
v -512.50323500 252.84623700 685.47015400
v -512.50323500 249.86000100 685.47015400
v -512.50323500 249.86000100 685.47015400
v -512.50323500 249.86000100 685.47015400
v -511.54867600 249.86000100 685.47015400
v -511.54867600 249.86000100 685.47015400
v -511.54867600 249.86000100 685.47015400
v -511.54867600 252.84623700 685.47015400
v -511.54867600 252.84623700 685.47015400
v -511.54867600 252.84623700 685.47015400
v -511.54855300 252.84623700 675.59887700
v -511.54855300 252.84623700 675.59887700
v -512.50323500 252.84623700 675.59887700
v -512.50323500 252.84623700 675.59887700
v -511.54855300 249.86000100 675.59887700
v -511.54855300 249.86000100 675.59887700
v -512.50323500 249.86000100 675.59887700
v -512.50323500 249.86000100 675.59887700
v -514.38592500 249.11224400 675.59887700
v -514.38592500 249.11224400 675.59887700
v -514.38592500 249.11224400 675.59887700
v -514.38592500 253.78289800 675.59887700
v -514.38592500 253.78289800 675.59887700
v -514.38592500 253.78289800 675.59887700
v -514.38592500 253.78289800 674.45147700
v -514.38592500 253.78289800 674.45147700
v -514.38592500 249.11224400 674.45147700
v -514.38592500 249.11224400 674.45147700
v -509.71517900 249.11224400 674.45147700
v -509.71517900 249.11224400 674.45147700
v -509.71517900 253.78289800 674.45147700
v -509.71517900 253.78289800 674.45147700
v -509.71517900 253.78289800 675.59887700
v -509.71517900 253.78289800 675.59887700
v -509.71517900 253.78289800 675.59887700
v -509.71517900 249.11224400 675.59887700
v -509.71517900 249.11224400 675.59887700
v -509.71517900 249.11224400 675.59887700
v 551.08056600 249.86004600 465.23733500
v 551.08056600 252.83169600 465.23733500
v 549.09771700 252.83169600 465.63177500
v 549.09771700 249.86004600 465.63177500
v 552.76159700 249.86004600 464.11428800
v 552.76159700 252.83169600 464.11428800
v 553.88476600 249.86004600 462.43322800
v 553.88476600 252.83169600 462.43322800
v 554.27899200 249.86004600 460.45050000
v 554.27899200 252.83169600 460.45050000
v 553.88476600 249.86004600 458.46777300
v 553.88476600 252.83169600 458.46777300
v 552.76153600 249.86004600 456.78686500
v 552.76153600 252.83169600 456.78686500
v 551.08056600 249.86004600 455.66345200
v 551.08056600 252.83169600 455.66345200
v 545.43408200 249.86004600 456.78668200
v 545.43408200 252.83169600 456.78668200
v 547.11492900 252.83169600 455.66354400
v 547.11492900 249.86004600 455.66354400
v 544.31091300 249.86004600 458.46759000
v 544.31091300 252.83169600 458.46759000
v 543.91650400 249.86004600 460.45031700
v 543.91650400 252.83169600 460.45031700
v 544.31091300 249.86004600 462.43310500
v 544.31091300 252.83169600 462.43310500
v 545.43408200 249.86004600 464.11428800
v 545.43408200 252.83169600 464.11428800
v 547.11492900 249.86004600 465.23733500
v 547.11492900 252.83169600 465.23733500
v 548.62048300 252.84626800 455.30072000
v 548.62048300 252.84626800 455.30072000
v 548.62048300 252.84626800 455.30072000
v 548.62048300 249.86004600 455.30072000
v 548.62048300 249.86004600 455.30072000
v 548.62048300 249.86004600 455.30072000
v 549.57513400 249.86004600 455.30072000
v 549.57513400 249.86004600 455.30072000
v 549.57513400 249.86004600 455.30072000
v 549.57513400 252.84626800 455.30072000
v 549.57513400 252.84626800 455.30072000
v 549.57513400 252.84626800 455.30072000
v 549.57519500 252.84626800 445.42947400
v 549.57519500 252.84626800 445.42947400
v 548.62048300 252.84626800 445.42947400
v 548.62048300 252.84626800 445.42947400
v 549.57519500 249.86004600 445.42947400
v 549.57519500 249.86004600 445.42947400
v 548.62048300 249.86004600 445.42947400
v 548.62048300 249.86004600 445.42947400
v 546.73785400 249.11227400 445.42947400
v 546.73785400 249.11227400 445.42947400
v 546.73785400 249.11227400 445.42947400
v 546.73785400 253.78291300 445.42947400
v 546.73785400 253.78291300 445.42947400
v 546.73785400 253.78291300 445.42947400
v 546.73785400 253.78291300 444.28204300
v 546.73785400 253.78291300 444.28204300
v 546.73785400 249.11227400 444.28204300
v 546.73785400 249.11227400 444.28204300
v 551.40856900 249.11227400 444.28204300
v 551.40856900 249.11227400 444.28204300
v 551.40856900 253.78291300 444.28204300
v 551.40856900 253.78291300 444.28204300
v 551.40856900 253.78291300 445.42947400
v 551.40856900 253.78291300 445.42947400
v 551.40856900 253.78291300 445.42947400
v 551.40856900 249.11227400 445.42947400
v 551.40856900 249.11227400 445.42947400
v 551.40856900 249.11227400 445.42947400
v -510.04318200 156.44714400 695.40679900
v -510.04318200 159.41879300 695.40679900
v -512.02606200 159.41879300 695.80127000
v -512.02606200 156.44714400 695.80127000
v -508.36215200 156.44714400 694.28375200
v -508.36215200 159.41879300 694.28375200
v -507.23895300 156.44714400 692.60266100
v -507.23895300 159.41879300 692.60266100
v -506.84472700 156.44714400 690.61987300
v -506.84472700 159.41879300 690.61987300
v -507.23895300 156.44714400 688.63714600
v -507.23895300 159.41879300 688.63714600
v -508.36218300 156.44714400 686.95636000
v -508.36218300 159.41879300 686.95636000
v -510.04318200 156.44714400 685.83288600
v -510.04318200 159.41879300 685.83288600
v -515.68969700 156.44714400 686.95617700
v -515.68969700 159.41879300 686.95617700
v -514.00891100 159.41879300 685.83300800
v -514.00891100 156.44714400 685.83300800
v -516.81286600 156.44714400 688.63702400
v -516.81286600 159.41879300 688.63702400
v -517.20727500 156.44714400 690.61969000
v -517.20727500 159.41879300 690.61969000
v -516.81286600 156.44714400 692.60260000
v -516.81286600 159.41879300 692.60260000
v -515.68969700 156.44714400 694.28375200
v -515.68969700 159.41879300 694.28375200
v -514.00891100 156.44714400 695.40679900
v -514.00891100 159.41879300 695.40679900
v -512.50323500 159.43333400 685.47015400
v -512.50323500 159.43333400 685.47015400
v -512.50323500 159.43333400 685.47015400
v -512.50323500 156.44714400 685.47015400
v -512.50323500 156.44714400 685.47015400
v -512.50323500 156.44714400 685.47015400
v -511.54867600 156.44714400 685.47015400
v -511.54867600 156.44714400 685.47015400
v -511.54867600 156.44714400 685.47015400
v -511.54867600 159.43333400 685.47015400
v -511.54867600 159.43333400 685.47015400
v -511.54867600 159.43333400 685.47015400
v -511.54855300 159.43335000 675.59887700
v -511.54855300 159.43335000 675.59887700
v -512.50323500 159.43335000 675.59887700
v -512.50323500 159.43335000 675.59887700
v -511.54855300 156.44714400 675.59887700
v -511.54855300 156.44714400 675.59887700
v -512.50323500 156.44714400 675.59887700
v -512.50323500 156.44714400 675.59887700
v -514.38592500 155.69935600 675.59887700
v -514.38592500 155.69935600 675.59887700
v -514.38592500 155.69935600 675.59887700
v -514.38592500 160.37001000 675.59887700
v -514.38592500 160.37001000 675.59887700
v -514.38592500 160.37001000 675.59887700
v -514.38592500 160.37001000 674.45147700
v -514.38592500 160.37001000 674.45147700
v -514.38592500 155.69935600 674.45147700
v -514.38592500 155.69935600 674.45147700
v -509.71517900 155.69935600 674.45147700
v -509.71517900 155.69935600 674.45147700
v -509.71517900 160.37001000 674.45147700
v -509.71517900 160.37001000 674.45147700
v -509.71517900 160.37001000 675.59887700
v -509.71517900 160.37001000 675.59887700
v -509.71517900 160.37001000 675.59887700
v -509.71517900 155.69935600 675.59887700
v -509.71517900 155.69935600 675.59887700
v -509.71517900 155.69935600 675.59887700
v 551.08056600 156.44715900 465.23733500
v 551.08056600 159.41880800 465.23733500
v 549.09771700 159.41880800 465.63177500
v 549.09771700 156.44715900 465.63177500
v 552.76159700 156.44715900 464.11428800
v 552.76159700 159.41880800 464.11428800
v 553.88476600 156.44715900 462.43322800
v 553.88476600 159.41880800 462.43322800
v 554.27899200 156.44715900 460.45050000
v 554.27899200 159.41880800 460.45050000
v 553.88476600 156.44715900 458.46777300
v 553.88476600 159.41880800 458.46777300
v 552.76153600 156.44715900 456.78686500
v 552.76153600 159.41880800 456.78686500
v 551.08056600 156.44717400 455.66345200
v 551.08056600 159.41882300 455.66345200
v 545.43408200 156.44715900 456.78668200
v 545.43408200 159.41880800 456.78668200
v 547.11492900 159.41882300 455.66354400
v 547.11492900 156.44717400 455.66354400
v 544.31091300 156.44715900 458.46759000
v 544.31091300 159.41880800 458.46759000
v 543.91650400 156.44715900 460.45031700
v 543.91650400 159.41880800 460.45031700
v 544.31091300 156.44715900 462.43310500
v 544.31091300 159.41880800 462.43310500
v 545.43408200 156.44715900 464.11428800
v 545.43408200 159.41880800 464.11428800
v 547.11492900 156.44715900 465.23733500
v 547.11492900 159.41880800 465.23733500
v 548.62048300 159.43338000 455.30072000
v 548.62048300 159.43338000 455.30072000
v 548.62048300 159.43338000 455.30072000
v 548.62048300 156.44717400 455.30072000
v 548.62048300 156.44717400 455.30072000
v 548.62048300 156.44717400 455.30072000
v 549.57513400 156.44717400 455.30072000
v 549.57513400 156.44717400 455.30072000
v 549.57513400 156.44717400 455.30072000
v 549.57513400 159.43338000 455.30072000
v 549.57513400 159.43338000 455.30072000
v 549.57513400 159.43338000 455.30072000
v 549.57519500 159.43338000 445.42947400
v 549.57519500 159.43338000 445.42947400
v 548.62048300 159.43338000 445.42947400
v 548.62048300 159.43338000 445.42947400
v 549.57519500 156.44717400 445.42947400
v 549.57519500 156.44717400 445.42947400
v 548.62048300 156.44717400 445.42947400
v 548.62048300 156.44717400 445.42947400
v 546.73785400 155.69938700 445.42947400
v 546.73785400 155.69938700 445.42947400
v 546.73785400 155.69938700 445.42947400
v 546.73785400 160.37002600 445.42947400
v 546.73785400 160.37002600 445.42947400
v 546.73785400 160.37002600 445.42947400
v 546.73785400 160.37002600 444.28204300
v 546.73785400 160.37002600 444.28204300
v 546.73785400 155.69938700 444.28204300
v 546.73785400 155.69938700 444.28204300
v 551.40856900 155.69938700 444.28204300
v 551.40856900 155.69938700 444.28204300
v 551.40856900 160.37002600 444.28204300
v 551.40856900 160.37002600 444.28204300
v 551.40856900 160.37002600 445.42947400
v 551.40856900 160.37002600 445.42947400
v 551.40856900 160.37002600 445.42947400
v 551.40856900 155.69938700 445.42947400
v 551.40856900 155.69938700 445.42947400
v 551.40856900 155.69938700 445.42947400
v -510.04318200 63.03424070 695.40673800
v -510.04318200 66.00588990 695.40673800
v -512.02606200 66.00588990 695.80120800
v -512.02606200 63.03424070 695.80120800
v -508.36215200 63.03424070 694.28369100
v -508.36215200 66.00588990 694.28369100
v -507.23895300 63.03424070 692.60266100
v -507.23895300 66.00588990 692.60266100
v -506.84472700 63.03424070 690.61987300
v -506.84472700 66.00588990 690.61987300
v -507.23895300 63.03424070 688.63708500
v -507.23895300 66.00588990 688.63708500
v -508.36218300 63.03424070 686.95629900
v -508.36218300 66.00588990 686.95629900
v -510.04318200 63.03424070 685.83282500
v -510.04318200 66.00588990 685.83282500
v -515.68969700 63.03424070 686.95611600
v -515.68969700 66.00588990 686.95611600
v -514.00891100 66.00588990 685.83294700
v -514.00891100 63.03424070 685.83294700
v -516.81286600 63.03424070 688.63696300
v -516.81286600 66.00588990 688.63696300
v -517.20727500 63.03424070 690.61962900
v -517.20727500 66.00588990 690.61962900
v -516.81286600 63.03424070 692.60253900
v -516.81286600 66.00588990 692.60253900
v -515.68969700 63.03424070 694.28369100
v -515.68969700 66.00588990 694.28369100
v -514.00891100 63.03424070 695.40673800
v -514.00891100 66.00588990 695.40673800
v -512.50323500 66.02046970 685.47009300
v -512.50323500 66.02046970 685.47009300
v -512.50323500 66.02046970 685.47009300
v -512.50323500 63.03424070 685.47009300
v -512.50323500 63.03424070 685.47009300
v -512.50323500 63.03424070 685.47009300
v -511.54867600 63.03424070 685.47009300
v -511.54867600 63.03424070 685.47009300
v -511.54867600 63.03424070 685.47009300
v -511.54867600 66.02046970 685.47009300
v -511.54867600 66.02046970 685.47009300
v -511.54867600 66.02046970 685.47009300
v -511.54855300 66.02046970 675.59887700
v -511.54855300 66.02046970 675.59887700
v -512.50323500 66.02046970 675.59887700
v -512.50323500 66.02046970 675.59887700
v -511.54855300 63.03424070 675.59887700
v -511.54855300 63.03424070 675.59887700
v -512.50323500 63.03424070 675.59887700
v -512.50323500 63.03424070 675.59887700
v -514.38592500 62.28647990 675.59887700
v -514.38592500 62.28647990 675.59887700
v -514.38592500 62.28647990 675.59887700
v -514.38592500 66.95710750 675.59887700
v -514.38592500 66.95710750 675.59887700
v -514.38592500 66.95710750 675.59887700
v -514.38592500 66.95710750 674.45141600
v -514.38592500 66.95710750 674.45141600
v -514.38592500 62.28647990 674.45141600
v -514.38592500 62.28647990 674.45141600
v -509.71517900 62.28647990 674.45141600
v -509.71517900 62.28647990 674.45141600
v -509.71517900 66.95710750 674.45141600
v -509.71517900 66.95710750 674.45141600
v -509.71517900 66.95710750 675.59887700
v -509.71517900 66.95710750 675.59887700
v -509.71517900 66.95710750 675.59887700
v -509.71517900 62.28647990 675.59887700
v -509.71517900 62.28647990 675.59887700
v -509.71517900 62.28647990 675.59887700
v 551.08056600 63.03427890 465.23727400
v 551.08056600 66.00592800 465.23727400
v 549.09771700 66.00592800 465.63171400
v 549.09771700 63.03427890 465.63171400
v 552.76159700 63.03427890 464.11422700
v 552.76159700 66.00592800 464.11422700
v 553.88476600 63.03427890 462.43319700
v 553.88476600 66.00592800 462.43319700
v 554.27899200 63.03427890 460.45047000
v 554.27899200 66.00592800 460.45047000
v 553.88476600 63.03427890 458.46771200
v 553.88476600 66.00592800 458.46771200
v 552.76153600 63.03427890 456.78683500
v 552.76153600 66.00592800 456.78683500
v 551.08056600 63.03427890 455.66339100
v 551.08056600 66.00592800 455.66339100
v 545.43408200 63.03427890 456.78662100
v 545.43408200 66.00592800 456.78662100
v 547.11492900 66.00592800 455.66348300
v 547.11492900 63.03427890 455.66348300
v 544.31091300 63.03427890 458.46752900
v 544.31091300 66.00592800 458.46752900
v 543.91650400 63.03427890 460.45025600
v 543.91650400 66.00592800 460.45025600
v 544.31091300 63.03427890 462.43304400
v 544.31091300 66.00592800 462.43304400
v 545.43408200 63.03427890 464.11422700
v 545.43408200 66.00592800 464.11422700
v 547.11492900 63.03427890 465.23727400
v 547.11492900 66.00592800 465.23727400
v 548.62048300 66.02050780 455.30065900
v 548.62048300 66.02050780 455.30065900
v 548.62048300 66.02050780 455.30065900
v 548.62048300 63.03427890 455.30065900
v 548.62048300 63.03427890 455.30065900
v 548.62048300 63.03427890 455.30065900
v 549.57513400 63.03427890 455.30065900
v 549.57513400 63.03427890 455.30065900
v 549.57513400 63.03427890 455.30065900
v 549.57513400 66.02050780 455.30065900
v 549.57513400 66.02050780 455.30065900
v 549.57513400 66.02050780 455.30065900
v 549.57519500 66.02050780 445.42941300
v 549.57519500 66.02050780 445.42941300
v 548.62048300 66.02050780 445.42941300
v 548.62048300 66.02050780 445.42941300
v 549.57519500 63.03427890 445.42941300
v 549.57519500 63.03427890 445.42941300
v 548.62048300 63.03427890 445.42941300
v 548.62048300 63.03427890 445.42941300
v 546.73785400 62.28651430 445.42941300
v 546.73785400 62.28651430 445.42941300
v 546.73785400 62.28651430 445.42941300
v 546.73785400 66.95714570 445.42941300
v 546.73785400 66.95714570 445.42941300
v 546.73785400 66.95714570 445.42941300
v 546.73785400 66.95714570 444.28201300
v 546.73785400 66.95714570 444.28201300
v 546.73785400 62.28651430 444.28201300
v 546.73785400 62.28651430 444.28201300
v 551.40856900 62.28651430 444.28201300
v 551.40856900 62.28651430 444.28201300
v 551.40856900 66.95714570 444.28201300
v 551.40856900 66.95714570 444.28201300
v 551.40856900 66.95714570 445.42941300
v 551.40856900 66.95714570 445.42941300
v 551.40856900 66.95714570 445.42941300
v 551.40856900 62.28651430 445.42941300
v 551.40856900 62.28651430 445.42941300
v 551.40856900 62.28651430 445.42941300
v -517.29028300 242.19526700 -668.07037400
v -518.74188200 241.34266700 -671.44390900
v -518.74188200 260.51565600 -671.57550000
v -517.29028300 260.50784300 -668.07037400
v -518.74188200 243.04785200 -664.69683800
v -518.74206500 260.50006100 -664.56549100
v -522.24682600 243.40104700 -663.29962200
v -522.24682600 243.40104700 -663.29962200
v -522.24682600 260.49688700 -663.11377000
v -522.24682600 260.49688700 -663.11377000
v -525.75195300 243.04785200 -664.69683800
v -525.75195300 260.50006100 -664.56549100
v -527.20373500 242.19526700 -668.07037400
v -527.20373500 260.50784300 -668.07037400
v -525.75195300 241.34266700 -671.44390900
v -525.75195300 260.51565600 -671.57550000
v -522.24682600 240.98950200 -672.84130900
v -522.24682600 260.51892100 -673.02728300
v -518.74188200 235.22398400 -667.53131100
v -522.24682600 234.39283800 -668.64849900
v -517.29022200 237.23043800 -664.83380100
v -518.74188200 239.23686200 -662.13659700
v -522.24694800 240.06793200 -661.01916500
v -522.24694800 240.06793200 -661.01916500
v -525.75195300 239.23686200 -662.13665800
v -527.20385700 237.23043800 -664.83386200
v -525.75195300 235.22398400 -667.53131100
v -522.24682600 219.04153400 -626.47821000
v -525.75195300 219.89767500 -625.38464400
v -518.74188200 224.03147900 -620.10473600
v -517.29022200 221.96461500 -622.74462900
v -518.74206500 219.89767500 -625.38464400
v -525.75195300 224.03147900 -620.10479700
v -522.24682600 224.88766500 -619.01110800
v -522.24682600 224.88766500 -619.01110800
v -527.20385700 221.96461500 -622.74462900
v -518.74188200 216.63270600 -623.00482200
v -522.24682600 216.27430700 -624.40057400
v -517.29022200 217.49792500 -619.63537600
v -518.74188200 218.36309800 -616.26574700
v -522.24682600 218.72151200 -614.87023900
v -522.24682600 218.72151200 -614.87023900
v -525.75195300 218.36309800 -616.26586900
v -527.20373500 217.49792500 -619.63525400
v -525.75195300 216.63270600 -623.00482200
v -522.24682600 37.53480150 -624.57897900
v -525.75189200 37.44004440 -623.13092000
v -517.29022200 37.21118550 -619.63513200
v -518.74188200 37.44004440 -623.13092000
v -525.75189200 36.98226930 -616.13952600
v -522.24694800 36.88761520 -614.69165000
v -522.24694800 36.88761520 -614.69165000
v -527.20373500 37.21118550 -619.63513200
v -518.74188200 36.98226930 -616.13946500
v -522.24682600 22.26834870 -616.14935300
v -522.24682600 22.26834870 -616.14935300
v -518.74188200 22.84712220 -617.44964600
v -525.75195300 25.64135170 -623.72863800
v -527.20373500 24.24419590 -620.58923300
v -518.74188200 25.64135170 -623.72863800
v -522.24682600 26.22007750 -625.02899200
v -525.75189200 22.84712220 -617.44964600
v -517.29022200 24.24419590 -620.58917200
v -518.74188200 19.98845860 -627.53491200
v -522.24682600 20.72386170 -628.73303200
v -517.29022200 18.21342090 -624.64282200
v -518.74188200 16.43828770 -621.75079300
v -522.24676500 15.70298100 -620.55285600
v -522.24676500 15.70298100 -620.55285600
v -525.75189200 16.43828770 -621.75085400
v -527.20373500 18.21342090 -624.64294400
v -525.75195300 19.98845860 -627.53491200
v -525.75189200 14.24853230 -633.59448200
v -525.75189200 14.24853230 -633.59448200
v -527.20373500 12.19648650 -630.99853500
v -527.20373500 12.19648650 -630.99853500
v -518.74188200 10.14444160 -628.40252700
v -518.74188200 10.14444160 -628.40252700
v -517.29010000 12.19648650 -630.99847400
v -517.29010000 12.19648650 -630.99847400
v -522.24676500 9.29433632 -627.32720900
v -522.24676500 9.29433632 -627.32720900
v -522.24676500 9.29433632 -627.32720900
v -525.75189200 10.14444160 -628.40252700
v -525.75189200 10.14444160 -628.40252700
v -522.24682600 15.09868530 -634.66992200
v -522.24682600 15.09868530 -634.66992200
v -518.74188200 14.24853230 -633.59448200
v -518.74188200 14.24853230 -633.59448200
v 554.16711400 242.19526700 -668.07037400
v 554.16711400 260.50784300 -668.07037400
v 555.61877400 260.51565600 -671.57550000
v 555.61877400 241.34266700 -671.44390900
v 555.61877400 243.04785200 -664.69683800
v 555.61895800 260.50006100 -664.56549100
v 559.12371800 243.40104700 -663.29962200
v 559.12371800 243.40104700 -663.29962200
v 559.12371800 260.49688700 -663.11377000
v 559.12371800 260.49688700 -663.11377000
v 562.62878400 243.04785200 -664.69683800
v 562.62878400 260.50006100 -664.56549100
v 564.08062700 242.19526700 -668.07037400
v 564.08062700 260.50784300 -668.07037400
v 562.62878400 241.34266700 -671.44390900
v 562.62878400 260.51565600 -671.57550000
v 559.12371800 240.98950200 -672.84130900
v 559.12371800 260.51892100 -673.02728300
v 559.12371800 234.39283800 -668.64849900
v 555.61877400 235.22398400 -667.53131100
v 554.16705300 237.23043800 -664.83380100
v 555.61877400 239.23686200 -662.13659700
v 559.12377900 240.06793200 -661.01916500
v 559.12377900 240.06793200 -661.01916500
v 562.62878400 239.23686200 -662.13665800
v 564.08068800 237.23043800 -664.83386200
v 562.62878400 235.22398400 -667.53131100
v 559.12371800 219.04153400 -626.47821000
v 562.62878400 219.89767500 -625.38464400
v 555.61877400 224.03147900 -620.10473600
v 554.16705300 221.96461500 -622.74462900
v 555.61895800 219.89767500 -625.38464400
v 562.62878400 224.03147900 -620.10479700
v 559.12371800 224.88766500 -619.01110800
v 559.12371800 224.88766500 -619.01110800
v 564.08068800 221.96461500 -622.74462900
v 559.12371800 216.27430700 -624.40057400
v 555.61877400 216.63270600 -623.00482200
v 554.16705300 217.49792500 -619.63537600
v 555.61877400 218.36309800 -616.26574700
v 559.12371800 218.72151200 -614.87023900
v 559.12371800 218.72151200 -614.87023900
v 562.62878400 218.36309800 -616.26586900
v 564.08062700 217.49792500 -619.63525400
v 562.62878400 216.63270600 -623.00482200
v 559.12371800 37.53480150 -624.57897900
v 562.62872300 37.44004440 -623.13092000
v 554.16705300 37.21118550 -619.63513200
v 555.61877400 37.44004440 -623.13092000
v 562.62872300 36.98226930 -616.13952600
v 559.12377900 36.88761520 -614.69165000
v 559.12377900 36.88761520 -614.69165000
v 564.08062700 37.21118550 -619.63513200
v 555.61877400 36.98226930 -616.13946500
v 555.61877400 22.84712220 -617.44964600
v 559.12371800 22.26834870 -616.14935300
v 559.12371800 22.26834870 -616.14935300
v 564.08062700 24.24419590 -620.58923300
v 562.62878400 25.64135170 -623.72863800
v 559.12371800 26.22007750 -625.02899200
v 555.61877400 25.64135170 -623.72863800
v 562.62872300 22.84712220 -617.44964600
v 554.16705300 24.24419590 -620.58917200
v 559.12371800 20.72386170 -628.73303200
v 555.61877400 19.98845860 -627.53491200
v 554.16705300 18.21342090 -624.64282200
v 555.61877400 16.43828770 -621.75079300
v 559.12365700 15.70298100 -620.55285600
v 559.12365700 15.70298100 -620.55285600
v 562.62872300 16.43828770 -621.75085400
v 564.08062700 18.21342090 -624.64294400
v 562.62878400 19.98845860 -627.53491200
v 562.62872300 14.24853230 -633.59448200
v 562.62872300 14.24853230 -633.59448200
v 564.08062700 12.19648650 -630.99853500
v 564.08062700 12.19648650 -630.99853500
v 555.61877400 10.14444160 -628.40252700
v 555.61877400 10.14444160 -628.40252700
v 554.16699200 12.19648650 -630.99847400
v 554.16699200 12.19648650 -630.99847400
v 559.12365700 9.29433632 -627.32720900
v 559.12365700 9.29433632 -627.32720900
v 559.12365700 9.29433632 -627.32720900
v 562.62872300 10.14444160 -628.40252700
v 562.62872300 10.14444160 -628.40252700
v 559.12371800 15.09868530 -634.66992200
v 559.12371800 15.09868530 -634.66992200
v 555.61877400 14.24853230 -633.59448200
v 555.61877400 14.24853230 -633.59448200
v -520.32287600 206.32345600 -624.51727300
v -522.30584700 206.32345600 -624.91174300
v -522.30584700 209.29513500 -624.91174300
v -520.32287600 209.29513500 -624.51727300
v -518.64196800 206.32345600 -623.39422600
v -518.64196800 209.29513500 -623.39422600
v -517.51873800 206.32345600 -621.71319600
v -517.51873800 209.29513500 -621.71319600
v -517.12439000 206.32345600 -619.73034700
v -517.12439000 209.29513500 -619.73034700
v -517.51873800 206.32345600 -617.74768100
v -517.51873800 209.29513500 -617.74768100
v -518.64196800 206.32345600 -616.06677200
v -518.64196800 209.29513500 -616.06677200
v -520.32287600 206.32345600 -614.94335900
v -520.32287600 209.29513500 -614.94335900
v -525.96948200 206.32345600 -616.06658900
v -524.28863500 206.32345600 -614.94348100
v -524.28863500 209.29513500 -614.94348100
v -525.96948200 209.29513500 -616.06658900
v -527.09259000 206.32345600 -617.74749800
v -527.09259000 209.29513500 -617.74749800
v -527.48706100 206.32345600 -619.73022500
v -527.48706100 209.29513500 -619.73022500
v -527.09259000 206.32345600 -621.71307400
v -527.09259000 209.29513500 -621.71307400
v -525.96948200 206.32345600 -623.39422600
v -525.96948200 209.29513500 -623.39422600
v -524.28863500 206.32345600 -624.51727300
v -524.28863500 209.29513500 -624.51727300
v -522.78302000 209.30969200 -614.58068800
v -522.78302000 209.30969200 -614.58068800
v -522.78302000 209.30969200 -614.58068800
v -522.78302000 206.32345600 -614.58068800
v -522.78302000 206.32345600 -614.58068800
v -522.78302000 206.32345600 -614.58068800
v -521.82843000 209.30969200 -614.58068800
v -521.82843000 209.30969200 -614.58068800
v -521.82843000 209.30969200 -614.58068800
v -521.82843000 206.32345600 -614.58068800
v -521.82843000 206.32345600 -614.58068800
v -521.82843000 206.32345600 -614.58068800
v -522.78302000 209.30969200 -607.30145300
v -522.78302000 209.30969200 -607.30145300
v -521.82830800 209.30969200 -607.30145300
v -521.82830800 209.30969200 -607.30145300
v -521.82830800 206.32345600 -607.30145300
v -521.82830800 206.32345600 -607.30145300
v -522.78302000 206.32345600 -607.30145300
v -522.78302000 206.32345600 -607.30145300
v -524.66564900 205.57568400 -607.30151400
v -524.66564900 205.57568400 -607.30151400
v -524.66564900 205.57568400 -607.30151400
v -524.66564900 205.57568400 -606.15411400
v -524.66564900 205.57568400 -606.15411400
v -524.66564900 210.24635300 -606.15411400
v -524.66564900 210.24635300 -606.15411400
v -524.66564900 210.24635300 -607.30151400
v -524.66564900 210.24635300 -607.30151400
v -524.66564900 210.24635300 -607.30151400
v -519.99499500 205.57568400 -606.15411400
v -519.99499500 205.57568400 -606.15411400
v -519.99499500 205.57568400 -607.30151400
v -519.99499500 205.57568400 -607.30151400
v -519.99499500 205.57568400 -607.30151400
v -519.99499500 210.24635300 -607.30151400
v -519.99499500 210.24635300 -607.30151400
v -519.99499500 210.24635300 -607.30151400
v -519.99499500 210.24635300 -606.15411400
v -519.99499500 210.24635300 -606.15411400
v -520.32287600 58.26350020 -624.51727300
v -522.30584700 58.26350020 -624.91180400
v -522.30584700 61.23514940 -624.91180400
v -520.32287600 61.23514940 -624.51727300
v -518.64196800 58.26350020 -623.39422600
v -518.64196800 61.23514940 -623.39422600
v -517.51873800 58.26350020 -621.71325700
v -517.51873800 61.23514940 -621.71325700
v -517.12439000 58.26350020 -619.73040800
v -517.12439000 61.23514940 -619.73040800
v -517.51873800 58.26350020 -617.74774200
v -517.51873800 61.23514940 -617.74774200
v -518.64196800 58.26350020 -616.06677200
v -518.64196800 61.23514940 -616.06677200
v -520.32287600 58.26350020 -614.94342000
v -520.32287600 61.23514940 -614.94342000
v -525.96948200 58.26350020 -616.06665000
v -524.28863500 58.26350020 -614.94348100
v -524.28863500 61.23514940 -614.94348100
v -525.96948200 61.23514940 -616.06665000
v -527.09259000 58.26350020 -617.74755900
v -527.09259000 61.23514940 -617.74755900
v -527.48706100 58.26350020 -619.73028600
v -527.48706100 61.23514940 -619.73028600
v -527.09259000 58.26350020 -621.71313500
v -527.09259000 61.23514940 -621.71313500
v -525.96948200 58.26350020 -623.39422600
v -525.96948200 61.23514940 -623.39422600
v -524.28863500 58.26350020 -624.51727300
v -524.28863500 61.23514940 -624.51727300
v -522.78302000 61.24974060 -614.58075000
v -522.78302000 61.24974060 -614.58075000
v -522.78302000 61.24974060 -614.58075000
v -522.78302000 58.26350020 -614.58075000
v -522.78302000 58.26350020 -614.58075000
v -522.78302000 58.26350020 -614.58075000
v -521.82843000 61.24974060 -614.58075000
v -521.82843000 61.24974060 -614.58075000
v -521.82843000 61.24974060 -614.58075000
v -521.82843000 58.26350020 -614.58075000
v -521.82843000 58.26350020 -614.58075000
v -521.82843000 58.26350020 -614.58075000
v -522.78302000 61.24974060 -607.30145300
v -522.78302000 61.24974060 -607.30145300
v -521.82830800 61.24974060 -607.30145300
v -521.82830800 61.24974060 -607.30145300
v -521.82830800 58.26350020 -607.30145300
v -521.82830800 58.26350020 -607.30145300
v -522.78302000 58.26350020 -607.30145300
v -522.78302000 58.26350020 -607.30145300
v -524.66564900 57.51572420 -607.30157500
v -524.66564900 57.51572420 -607.30157500
v -524.66564900 57.51572420 -607.30157500
v -524.66564900 57.51572420 -606.15417500
v -524.66564900 57.51572420 -606.15417500
v -524.66564900 62.18636700 -606.15417500
v -524.66564900 62.18636700 -606.15417500
v -524.66564900 62.18636700 -607.30157500
v -524.66564900 62.18636700 -607.30157500
v -524.66564900 62.18636700 -607.30157500
v -519.99499500 57.51572420 -606.15417500
v -519.99499500 57.51572420 -606.15417500
v -519.99499500 57.51572420 -607.30157500
v -519.99499500 57.51572420 -607.30157500
v -519.99499500 57.51572420 -607.30157500
v -519.99499500 62.18636700 -607.30157500
v -519.99499500 62.18636700 -607.30157500
v -519.99499500 62.18636700 -607.30157500
v -519.99499500 62.18636700 -606.15417500
v -519.99499500 62.18636700 -606.15417500
v 557.19976800 206.32345600 -624.51727300
v 557.19976800 209.29513500 -624.51727300
v 559.18267800 209.29513500 -624.91174300
v 559.18267800 206.32345600 -624.91174300
v 555.51879900 206.32345600 -623.39422600
v 555.51879900 209.29513500 -623.39422600
v 554.39563000 206.32345600 -621.71319600
v 554.39563000 209.29513500 -621.71319600
v 554.00128200 206.32345600 -619.73034700
v 554.00128200 209.29513500 -619.73034700
v 554.39563000 206.32345600 -617.74768100
v 554.39563000 209.29513500 -617.74768100
v 555.51879900 206.32345600 -616.06677200
v 555.51879900 209.29513500 -616.06677200
v 557.19976800 206.32345600 -614.94335900
v 557.19976800 209.29513500 -614.94335900
v 562.84631300 206.32345600 -616.06658900
v 562.84631300 209.29513500 -616.06658900
v 561.16546600 209.29513500 -614.94348100
v 561.16546600 206.32345600 -614.94348100
v 563.96948200 206.32345600 -617.74749800
v 563.96948200 209.29513500 -617.74749800
v 564.36389200 206.32345600 -619.73022500
v 564.36389200 209.29513500 -619.73022500
v 563.96948200 206.32345600 -621.71307400
v 563.96948200 209.29513500 -621.71307400
v 562.84631300 206.32345600 -623.39422600
v 562.84631300 209.29513500 -623.39422600
v 561.16546600 206.32345600 -624.51727300
v 561.16546600 209.29513500 -624.51727300
v 559.65991200 209.30969200 -614.58068800
v 559.65991200 209.30969200 -614.58068800
v 559.65991200 209.30969200 -614.58068800
v 559.65991200 206.32345600 -614.58068800
v 559.65991200 206.32345600 -614.58068800
v 559.65991200 206.32345600 -614.58068800
v 558.70526100 206.32345600 -614.58068800
v 558.70526100 206.32345600 -614.58068800
v 558.70526100 206.32345600 -614.58068800
v 558.70526100 209.30969200 -614.58068800
v 558.70526100 209.30969200 -614.58068800
v 558.70526100 209.30969200 -614.58068800
v 558.70520000 209.30969200 -607.30145300
v 558.70520000 209.30969200 -607.30145300
v 559.65991200 209.30969200 -607.30145300
v 559.65991200 209.30969200 -607.30145300
v 558.70520000 206.32345600 -607.30145300
v 558.70520000 206.32345600 -607.30145300
v 559.65991200 206.32345600 -607.30145300
v 559.65991200 206.32345600 -607.30145300
v 561.54248000 205.57568400 -607.30151400
v 561.54248000 205.57568400 -607.30151400
v 561.54248000 205.57568400 -607.30151400
v 561.54248000 210.24635300 -607.30151400
v 561.54248000 210.24635300 -607.30151400
v 561.54248000 210.24635300 -607.30151400
v 561.54248000 210.24635300 -606.15411400
v 561.54248000 210.24635300 -606.15411400
v 561.54248000 205.57568400 -606.15411400
v 561.54248000 205.57568400 -606.15411400
v 556.87182600 205.57568400 -606.15411400
v 556.87182600 205.57568400 -606.15411400
v 556.87182600 210.24635300 -606.15411400
v 556.87182600 210.24635300 -606.15411400
v 556.87182600 210.24635300 -607.30151400
v 556.87182600 210.24635300 -607.30151400
v 556.87182600 210.24635300 -607.30151400
v 556.87182600 205.57568400 -607.30151400
v 556.87182600 205.57568400 -607.30151400
v 556.87182600 205.57568400 -607.30151400
v 557.19976800 58.26350020 -624.51727300
v 557.19976800 61.23514940 -624.51727300
v 559.18267800 61.23514940 -624.91180400
v 559.18267800 58.26350020 -624.91180400
v 555.51879900 58.26350020 -623.39422600
v 555.51879900 61.23514940 -623.39422600
v 554.39563000 58.26350020 -621.71325700
v 554.39563000 61.23514940 -621.71325700
v 554.00128200 58.26350020 -619.73040800
v 554.00128200 61.23514940 -619.73040800
v 554.39563000 58.26350020 -617.74774200
v 554.39563000 61.23514940 -617.74774200
v 555.51879900 58.26350020 -616.06677200
v 555.51879900 61.23514940 -616.06677200
v 557.19976800 58.26350020 -614.94342000
v 557.19976800 61.23514940 -614.94342000
v 562.84631300 58.26350020 -616.06665000
v 562.84631300 61.23514940 -616.06665000
v 561.16546600 61.23514940 -614.94348100
v 561.16546600 58.26350020 -614.94348100
v 563.96948200 58.26350020 -617.74755900
v 563.96948200 61.23514940 -617.74755900
v 564.36389200 58.26350020 -619.73028600
v 564.36389200 61.23514940 -619.73028600
v 563.96948200 58.26350020 -621.71313500
v 563.96948200 61.23514940 -621.71313500
v 562.84631300 58.26350020 -623.39422600
v 562.84631300 61.23514940 -623.39422600
v 561.16546600 58.26350020 -624.51727300
v 561.16546600 61.23514940 -624.51727300
v 559.65991200 61.24974060 -614.58075000
v 559.65991200 61.24974060 -614.58075000
v 559.65991200 61.24974060 -614.58075000
v 559.65991200 58.26350020 -614.58075000
v 559.65991200 58.26350020 -614.58075000
v 559.65991200 58.26350020 -614.58075000
v 558.70526100 58.26350020 -614.58075000
v 558.70526100 58.26350020 -614.58075000
v 558.70526100 58.26350020 -614.58075000
v 558.70526100 61.24974060 -614.58075000
v 558.70526100 61.24974060 -614.58075000
v 558.70526100 61.24974060 -614.58075000
v 558.70520000 61.24974060 -607.30145300
v 558.70520000 61.24974060 -607.30145300
v 559.65991200 61.24974060 -607.30145300
v 559.65991200 61.24974060 -607.30145300
v 558.70520000 58.26350020 -607.30145300
v 558.70520000 58.26350020 -607.30145300
v 559.65991200 58.26350020 -607.30145300
v 559.65991200 58.26350020 -607.30145300
v 561.54248000 57.51572420 -607.30157500
v 561.54248000 57.51572420 -607.30157500
v 561.54248000 57.51572420 -607.30157500
v 561.54248000 62.18636700 -607.30157500
v 561.54248000 62.18636700 -607.30157500
v 561.54248000 62.18636700 -607.30157500
v 561.54248000 62.18636700 -606.15417500
v 561.54248000 62.18636700 -606.15417500
v 561.54248000 57.51572420 -606.15417500
v 561.54248000 57.51572420 -606.15417500
v 556.87182600 57.51572420 -606.15417500
v 556.87182600 57.51572420 -606.15417500
v 556.87182600 62.18636700 -606.15417500
v 556.87182600 62.18636700 -606.15417500
v 556.87182600 62.18636700 -607.30157500
v 556.87182600 62.18636700 -607.30157500
v 556.87182600 62.18636700 -607.30157500
v 556.87182600 57.51572420 -607.30157500
v 556.87182600 57.51572420 -607.30157500
v 556.87182600 57.51572420 -607.30157500
v 618.73016400 419.88378900 418.04620400
v 618.73016400 419.88378900 418.04620400
v 618.73016400 437.46887200 428.35873400
v 618.73016400 437.46887200 428.35873400
v 618.73016400 437.46887200 428.35873400
v 619.95477300 437.46887200 428.35873400
v 619.95477300 437.46887200 428.35873400
v 619.95477300 437.46887200 428.35873400
v 619.95477300 419.88378900 418.04620400
v 619.95477300 419.88378900 418.04620400
v 619.95477300 438.99536100 432.59777800
v 619.95477300 438.99536100 432.59777800
v 619.95477300 438.99536100 432.59777800
v 618.73028600 438.99536100 432.59777800
v 618.73028600 438.99536100 432.59777800
v 618.73028600 438.99536100 432.59777800
v 618.73028600 405.72561600 459.84893800
v 618.73028600 405.72561600 459.84893800
v 618.73028600 405.72561600 459.84893800
v 619.95477300 405.72561600 459.84893800
v 619.95477300 405.72561600 459.84893800
v 619.95477300 405.72561600 459.84893800
v 619.95477300 401.20877100 459.01516700
v 619.95477300 401.20877100 459.01516700
v 618.73028600 401.20877100 459.01516700
v 618.73028600 401.20877100 459.01516700
v 619.95477300 415.68389900 426.95483400
v 618.73016400 415.68389900 426.95483400
v 535.33239700 419.88378900 418.04620400
v 535.33239700 419.88378900 418.04620400
v 535.33239700 437.46887200 428.35873400
v 535.33239700 437.46887200 428.35873400
v 535.33239700 437.46887200 428.35873400
v 536.55700700 437.46887200 428.35873400
v 536.55700700 437.46887200 428.35873400
v 536.55700700 437.46887200 428.35873400
v 536.55700700 419.88378900 418.04620400
v 536.55700700 419.88378900 418.04620400
v 536.55700700 438.99536100 432.59777800
v 536.55700700 438.99536100 432.59777800
v 536.55700700 438.99536100 432.59777800
v 535.33252000 438.99536100 432.59777800
v 535.33252000 438.99536100 432.59777800
v 535.33252000 438.99536100 432.59777800
v 535.33252000 405.72561600 459.84893800
v 535.33252000 405.72561600 459.84893800
v 535.33252000 405.72561600 459.84893800
v 536.55700700 405.72561600 459.84893800
v 536.55700700 405.72561600 459.84893800
v 536.55700700 405.72561600 459.84893800
v 536.55700700 401.20877100 459.01516700
v 536.55700700 401.20877100 459.01516700
v 535.33252000 401.20877100 459.01516700
v 535.33252000 401.20877100 459.01516700
v 536.55700700 415.68389900 426.95483400
v 535.33239700 415.68389900 426.95483400
v 451.93463100 419.88378900 418.04620400
v 451.93463100 419.88378900 418.04620400
v 451.93463100 437.46887200 428.35873400
v 451.93463100 437.46887200 428.35873400
v 451.93463100 437.46887200 428.35873400
v 453.15924100 437.46887200 428.35873400
v 453.15924100 437.46887200 428.35873400
v 453.15924100 437.46887200 428.35873400
v 453.15924100 419.88378900 418.04620400
v 453.15924100 419.88378900 418.04620400
v 453.15924100 438.99536100 432.59777800
v 453.15924100 438.99536100 432.59777800
v 453.15924100 438.99536100 432.59777800
v 451.93472300 438.99536100 432.59777800
v 451.93472300 438.99536100 432.59777800
v 451.93472300 438.99536100 432.59777800
v 451.93472300 405.72561600 459.84893800
v 451.93472300 405.72561600 459.84893800
v 451.93472300 405.72561600 459.84893800
v 453.15924100 405.72561600 459.84893800
v 453.15924100 405.72561600 459.84893800
v 453.15924100 405.72561600 459.84893800
v 453.15924100 401.20877100 459.01516700
v 453.15924100 401.20877100 459.01516700
v 451.93472300 401.20877100 459.01516700
v 451.93472300 401.20877100 459.01516700
v 453.15924100 415.68389900 426.95483400
v 451.93463100 415.68389900 426.95483400
v 368.53683500 419.88378900 418.04620400
v 368.53683500 419.88378900 418.04620400
v 368.53683500 437.46887200 428.35873400
v 368.53683500 437.46887200 428.35873400
v 368.53683500 437.46887200 428.35873400
v 369.76150500 437.46887200 428.35873400
v 369.76150500 437.46887200 428.35873400
v 369.76150500 437.46887200 428.35873400
v 369.76150500 419.88378900 418.04620400
v 369.76150500 419.88378900 418.04620400
v 369.76150500 438.99536100 432.59777800
v 369.76150500 438.99536100 432.59777800
v 369.76150500 438.99536100 432.59777800
v 368.53698700 438.99536100 432.59777800
v 368.53698700 438.99536100 432.59777800
v 368.53698700 438.99536100 432.59777800
v 368.53698700 405.72561600 459.84893800
v 368.53698700 405.72561600 459.84893800
v 368.53698700 405.72561600 459.84893800
v 369.76150500 405.72561600 459.84893800
v 369.76150500 405.72561600 459.84893800
v 369.76150500 405.72561600 459.84893800
v 369.76150500 401.20877100 459.01516700
v 369.76150500 401.20877100 459.01516700
v 368.53698700 401.20877100 459.01516700
v 368.53698700 401.20877100 459.01516700
v 369.76150500 415.68389900 426.95483400
v 368.53683500 415.68389900 426.95483400
v 285.13906900 419.88378900 418.04620400
v 285.13906900 419.88378900 418.04620400
v 285.13906900 437.46887200 428.35873400
v 285.13906900 437.46887200 428.35873400
v 285.13906900 437.46887200 428.35873400
v 286.36370800 437.46887200 428.35873400
v 286.36370800 437.46887200 428.35873400
v 286.36370800 437.46887200 428.35873400
v 286.36370800 419.88378900 418.04620400
v 286.36370800 419.88378900 418.04620400
v 286.36370800 438.99536100 432.59777800
v 286.36370800 438.99536100 432.59777800
v 286.36370800 438.99536100 432.59777800
v 285.13916000 438.99536100 432.59777800
v 285.13916000 438.99536100 432.59777800
v 285.13916000 438.99536100 432.59777800
v 285.13916000 405.72561600 459.84893800
v 285.13916000 405.72561600 459.84893800
v 285.13916000 405.72561600 459.84893800
v 286.36370800 405.72561600 459.84893800
v 286.36370800 405.72561600 459.84893800
v 286.36370800 405.72561600 459.84893800
v 286.36370800 401.20877100 459.01516700
v 286.36370800 401.20877100 459.01516700
v 285.13916000 401.20877100 459.01516700
v 285.13916000 401.20877100 459.01516700
v 286.36370800 415.68389900 426.95483400
v 285.13906900 415.68389900 426.95483400
v 201.74128700 419.88378900 418.04620400
v 201.74128700 419.88378900 418.04620400
v 201.74128700 437.46887200 428.35873400
v 201.74128700 437.46887200 428.35873400
v 201.74128700 437.46887200 428.35873400
v 202.96595800 437.46887200 428.35873400
v 202.96595800 437.46887200 428.35873400
v 202.96595800 437.46887200 428.35873400
v 202.96595800 419.88378900 418.04620400
v 202.96595800 419.88378900 418.04620400
v 202.96595800 438.99536100 432.59777800
v 202.96595800 438.99536100 432.59777800
v 202.96595800 438.99536100 432.59777800
v 201.74137900 438.99536100 432.59777800
v 201.74137900 438.99536100 432.59777800
v 201.74137900 438.99536100 432.59777800
v 201.74137900 405.72561600 459.84893800
v 201.74137900 405.72561600 459.84893800
v 201.74137900 405.72561600 459.84893800
v 202.96595800 405.72561600 459.84893800
v 202.96595800 405.72561600 459.84893800
v 202.96595800 405.72561600 459.84893800
v 202.96595800 401.20877100 459.01516700
v 202.96595800 401.20877100 459.01516700
v 201.74137900 401.20877100 459.01516700
v 201.74137900 401.20877100 459.01516700
v 202.96595800 415.68389900 426.95483400
v 201.74128700 415.68389900 426.95483400
v 118.34352900 419.88378900 418.04620400
v 118.34352900 419.88378900 418.04620400
v 118.34352900 437.46887200 428.35873400
v 118.34352900 437.46887200 428.35873400
v 118.34352900 437.46887200 428.35873400
v 119.56816900 437.46887200 428.35873400
v 119.56816900 437.46887200 428.35873400
v 119.56816900 437.46887200 428.35873400
v 119.56816900 419.88378900 418.04620400
v 119.56816900 419.88378900 418.04620400
v 119.56816900 438.99536100 432.59777800
v 119.56816900 438.99536100 432.59777800
v 119.56816900 438.99536100 432.59777800
v 118.34360500 438.99536100 432.59777800
v 118.34360500 438.99536100 432.59777800
v 118.34360500 438.99536100 432.59777800
v 118.34360500 405.72561600 459.84893800
v 118.34360500 405.72561600 459.84893800
v 118.34360500 405.72561600 459.84893800
v 119.56816900 405.72561600 459.84893800
v 119.56816900 405.72561600 459.84893800
v 119.56816900 405.72561600 459.84893800
v 119.56816900 401.20877100 459.01516700
v 119.56816900 401.20877100 459.01516700
v 118.34360500 401.20877100 459.01516700
v 118.34360500 401.20877100 459.01516700
v 119.56816900 415.68389900 426.95483400
v 118.34352900 415.68389900 426.95483400
v 34.94576260 419.88378900 418.04620400
v 34.94576260 419.88378900 418.04620400
v 34.94576260 437.46887200 428.35873400
v 34.94576260 437.46887200 428.35873400
v 34.94576260 437.46887200 428.35873400
v 36.17040630 437.46887200 428.35873400
v 36.17040630 437.46887200 428.35873400
v 36.17040630 437.46887200 428.35873400
v 36.17040630 419.88378900 418.04620400
v 36.17040630 419.88378900 418.04620400
v 36.17040630 438.99536100 432.59777800
v 36.17040630 438.99536100 432.59777800
v 36.17040630 438.99536100 432.59777800
v 34.94585800 438.99536100 432.59777800
v 34.94585800 438.99536100 432.59777800
v 34.94585800 438.99536100 432.59777800
v 34.94585800 405.72561600 459.84893800
v 34.94585800 405.72561600 459.84893800
v 34.94585800 405.72561600 459.84893800
v 36.17040630 405.72561600 459.84893800
v 36.17040630 405.72561600 459.84893800
v 36.17040630 405.72561600 459.84893800
v 36.17040630 401.20877100 459.01516700
v 36.17040630 401.20877100 459.01516700
v 34.94585800 401.20877100 459.01516700
v 34.94585800 401.20877100 459.01516700
v 36.17040630 415.68389900 426.95483400
v 34.94576260 415.68389900 426.95483400
v -48.45200350 419.88378900 418.04620400
v -48.45200350 419.88378900 418.04620400
v -48.45200350 437.46887200 428.35873400
v -48.45200350 437.46887200 428.35873400
v -48.45200350 437.46887200 428.35873400
v -47.22735980 437.46887200 428.35873400
v -47.22735980 437.46887200 428.35873400
v -47.22735980 437.46887200 428.35873400
v -47.22735980 419.88378900 418.04620400
v -47.22735980 419.88378900 418.04620400
v -47.22735980 438.99536100 432.59777800
v -47.22735980 438.99536100 432.59777800
v -47.22735980 438.99536100 432.59777800
v -48.45190810 438.99536100 432.59777800
v -48.45190810 438.99536100 432.59777800
v -48.45190810 438.99536100 432.59777800
v -48.45190810 405.72561600 459.84893800
v -48.45190810 405.72561600 459.84893800
v -48.45190810 405.72561600 459.84893800
v -47.22735980 405.72561600 459.84893800
v -47.22735980 405.72561600 459.84893800
v -47.22735980 405.72561600 459.84893800
v -47.22735980 401.20877100 459.01516700
v -47.22735980 401.20877100 459.01516700
v -48.45190810 401.20877100 459.01516700
v -48.45190810 401.20877100 459.01516700
v -47.22735980 415.68389900 426.95483400
v -48.45200350 415.68389900 426.95483400
v 639.57446300 600.85742200 35.60160830
v 639.57446300 594.18566900 21.25551030
v -602.69763200 594.18566900 21.25551030
v -602.69763200 600.85742200 35.60160830
v -602.69763200 594.18566900 49.94770810
v 639.57446300 594.18566900 49.94770810
v 639.92218000 601.06066900 35.60160830
v 639.92218000 601.06066900 35.60160830
v 632.07208300 601.06066900 35.60160830
v 632.07208300 380.44418300 505.58413700
v 639.92218000 380.44418300 505.58413700
v 639.92218000 380.44418300 505.58413700
v 639.92218000 371.97106900 505.58413700
v 639.92218000 592.58758500 35.60160830
v -603.04541000 601.06066900 35.60160830
v -603.04541000 601.06066900 35.60160830
v -603.04541000 380.44418300 505.58413700
v -603.04541000 380.44418300 505.58413700
v -595.19531200 380.44418300 505.58413700
v -595.19531200 601.06066900 35.60160830
v -603.04541000 592.58758500 35.60160830
v -603.04541000 371.97106900 505.58413700
v 639.92218000 380.44433600 -434.38092000
v 639.92218000 380.44433600 -434.38092000
v 632.07208300 380.44433600 -434.38092000
v 639.92218000 371.97122200 -434.38092000
v -595.19531200 380.44433600 -434.38092000
v -603.04541000 380.44433600 -434.38092000
v -603.04541000 380.44433600 -434.38092000
v -603.04541000 371.97122200 -434.38092000
v -60.15320590 380.77478000 506.37353500
v -60.15320590 380.77478000 506.37353500
v -67.24813840 380.77478000 506.37353500
v -67.24813840 321.07254000 738.11590600
v -60.15320590 321.07254000 738.11590600
v -60.15320590 321.07254000 738.11590600
v -60.15320590 312.26898200 738.11590600
v -60.15320590 371.97122200 506.37353500
v -603.21911600 380.77478000 506.37353500
v -603.21911600 380.77478000 506.37353500
v -603.21911600 321.07254000 738.11590600
v -603.21911600 321.07254000 738.11590600
v -596.12414600 321.07254000 738.11590600
v -596.12414600 380.77478000 506.37353500
v -603.21911600 371.97122200 506.37353500
v -603.21911600 312.26898200 738.11590600
v -602.69763200 380.55462600 -434.67196700
v -602.69763200 380.55462600 -434.67196700
v -602.69763200 383.86377000 -427.65664700
v 639.57446300 383.86377000 -427.65664700
v 639.57446300 380.55462600 -434.67196700
v 639.57446300 380.55462600 -434.67196700
v 639.57446300 371.97125200 -434.67196700
v -602.69763200 371.97125200 -434.67196700
v -423.61029100 560.33062700 -53.27809520
v -423.61029100 560.33062700 -53.27809520
v -423.61029100 560.33062700 -53.27809520
v -423.61029100 560.33062700 -53.27809520
v -423.61029100 538.90997300 -98.01615140
v -423.61029100 538.90997300 -98.01615140
v -423.61029100 538.90997300 -98.01615140
v -423.61029100 538.90997300 -98.01615140
v -423.61029100 546.66168200 -98.01613620
v -423.61029100 546.66168200 -98.01613620
v -423.61029100 568.08227500 -53.27808760
v -423.61029100 568.08227500 -53.27808760
v -475.16488600 538.90997300 -98.01615140
v -475.16488600 538.90997300 -98.01615140
v -475.16488600 538.90997300 -98.01615140
v -475.16488600 538.90997300 -98.01615140
v -475.16488600 546.66168200 -98.01613620
v -475.16488600 546.66168200 -98.01613620
v -475.16488600 560.33062700 -53.27809520
v -475.16488600 560.33062700 -53.27809520
v -475.16488600 560.33062700 -53.27809520
v -475.16488600 560.33062700 -53.27809520
v -475.16488600 568.08227500 -53.27808760
v -475.16488600 568.08227500 -53.27808760
v -481.52890000 562.97473100 -47.75561520
v -481.52890000 562.97473100 -47.75561520
v -417.24633800 562.97473100 -47.75561520
v -417.24633800 562.97473100 -47.75561520
v -417.24633800 536.26580800 -103.53862000
v -417.24633800 536.26580800 -103.53862000
v -481.52890000 536.26580800 -103.53862000
v -481.52890000 536.26580800 -103.53862000
v -130.01600600 429.79303000 -330.30004900
v -130.01600600 429.79303000 -330.30004900
v -130.01600600 429.79303000 -330.30004900
v -130.01600600 429.79303000 -330.30004900
v -130.01600600 467.63235500 -249.46057100
v -130.01600600 467.63235500 -249.46057100
v -130.01600600 467.63235500 -249.46057100
v -130.01600600 467.63235500 -249.46057100
v -130.01600600 477.22854600 -249.46057100
v -130.01600600 477.22854600 -249.46057100
v -130.01600600 439.38919100 -330.30001800
v -130.01600600 439.38919100 -330.30001800
v -87.69728850 467.63235500 -249.46057100
v -87.69728850 467.63235500 -249.46057100
v -87.69728850 467.63235500 -249.46057100
v -87.69728850 467.63235500 -249.46057100
v -87.69728850 429.79303000 -330.30004900
v -87.69728850 429.79303000 -330.30004900
v -87.69728850 429.79303000 -330.30004900
v -87.69728850 429.79303000 -330.30004900
v -87.69728850 439.38919100 -330.30001800
v -87.69728850 439.38919100 -330.30001800
v -87.69728850 477.22854600 -249.46057100
v -87.69728850 477.22854600 -249.46057100
v -83.11564640 471.72903400 -240.70845000
v -83.11564640 471.72903400 -240.70845000
v -82.66376500 425.29229700 -339.91537500
v -82.66376500 425.29229700 -339.91537500
v -135.04957600 425.29229700 -339.91537500
v -135.04957600 425.29229700 -339.91537500
v -134.59767200 471.72903400 -240.70845000
v -134.59767200 471.72903400 -240.70845000
v 639.57446300 275.94445800 -656.48028600
v 639.57446300 275.94445800 -656.48028600
v -602.69763200 275.94445800 -656.48028600
v -602.69763200 275.94445800 -656.48028600
v -602.69763200 277.68231200 -650.23345900
v 639.57446300 277.68231200 -650.23345900
v 639.57446300 268.72665400 -656.48028600
v -602.69763200 268.72665400 -656.48028600
v -60.67489240 380.55447400 505.87530500
v -60.67489240 380.55447400 505.87530500
v 639.57446300 380.55447400 505.87530500
v 639.57446300 380.55447400 505.87530500
v 639.57446300 384.02413900 498.51965300
v -60.67489240 384.02413900 498.51965300
v -60.67489240 371.97110000 505.87530500
v 639.57446300 371.97110000 505.87530500
v -602.69763200 321.31796300 738.46533200
v -602.69763200 321.31796300 738.46533200
v -60.67489240 321.31796300 738.46533200
v -60.67489240 321.31796300 738.46533200
v -60.67489240 323.63330100 729.61560100
v -602.69763200 323.63330100 729.61560100
v -602.69763200 312.26886000 738.46533200
v -60.67489240 312.26886000 738.46533200
v -541.76519800 353.16967800 502.77267500
v -541.76519800 353.16967800 502.77267500
v -541.76519800 572.32696500 35.60166930
v -541.76519800 572.32696500 35.60166930
v -541.76519800 572.32696500 35.60166930
v -541.76519800 572.32696500 35.60166930
v -541.76519800 564.53900100 35.60165790
v -541.76519800 564.53900100 35.60165790
v -541.76519800 345.38174400 502.77267500
v -548.00390600 353.16967800 502.77267500
v -548.00390600 572.32696500 35.60166930
v -548.00390600 572.32696500 35.60166930
v -541.76519800 380.60870400 -373.07885700
v -541.76519800 380.60870400 -373.07885700
v -541.76519800 372.82077000 -373.07885700
v -548.00390600 380.60870400 -373.07885700
v 578.27246100 352.55813600 -373.44955400
v 578.27246100 352.55813600 -373.44955400
v 578.27246100 350.61431900 -380.84549000
v -541.39550800 350.61431900 -380.84549000
v -541.39550800 352.55813600 -373.44955400
v -541.39550800 352.55813600 -373.44955400
v -541.39550800 360.18591300 -373.44955400
v 578.27246100 360.18591300 -373.44955400
v 640.32562300 352.48059100 -373.07870500
v 640.32562300 352.48059100 -373.07870500
v 640.32562300 275.85815400 -656.14471400
v 640.32562300 275.85815400 -656.14471400
v 632.33905000 275.85815400 -656.14471400
v 632.33905000 352.48059100 -373.07870500
v 640.32562300 345.34899900 -373.07870500
v 640.32562300 268.72653200 -656.14471400
v 639.57446300 352.67877200 -372.96640000
v 639.57446300 352.67877200 -372.96640000
v 639.57446300 350.79711900 -380.12570200
v 578.27240000 350.79711900 -380.12570200
v 578.27240000 352.67877200 -372.96640000
v 578.27240000 352.67877200 -372.96640000
v 639.57446300 345.34899900 -372.96640000
v 578.27240000 345.34899900 -372.96640000
v -603.44879200 352.48059100 -373.07870500
v -603.44879200 352.48059100 -373.07870500
v -595.46215800 352.48059100 -373.07870500
v -595.46215800 275.85815400 -656.14471400
v -603.44879200 275.85815400 -656.14471400
v -603.44879200 275.85815400 -656.14471400
v -603.44879200 268.72653200 -656.14471400
v -603.44879200 345.34899900 -373.07870500
v -602.69763200 352.67877200 -372.96640000
v -602.69763200 352.67877200 -372.96640000
v -541.39550800 352.67877200 -372.96640000
v -541.39550800 352.67877200 -372.96640000
v -541.39550800 350.79711900 -380.12570200
v -602.69763200 350.79711900 -380.12570200
v -602.69763200 345.34899900 -372.96640000
v -541.39550800 345.34899900 -372.96640000
v 578.64209000 380.60852100 444.28204300
v 578.64209000 380.60852100 444.28204300
v 578.64209000 372.82055700 444.28204300
v 578.64209000 564.53894000 35.60159680
v 578.64209000 572.32690400 35.60159680
v 578.64209000 572.32690400 35.60159680
v 584.88073700 572.32690400 35.60159680
v 584.88073700 380.60852100 444.28204300
v 578.64209000 380.60864300 -373.07888800
v 578.64209000 380.60864300 -373.07888800
v 578.64209000 372.82070900 -373.07888800
v 584.88073700 380.60864300 -373.07888800
v -546.05200200 14.76416020 106.40402200
v -546.05200200 14.76416020 106.40402200
v -546.05200200 20.88404270 106.40404500
v -546.05200200 20.88404270 106.40404500
v -546.05200200 20.88406750 -35.20085140
v -546.05200200 20.88406750 -35.20085140
v -546.05200200 14.76416020 -35.20085910
v -546.05200200 14.76416020 -35.20085910
v -543.54870600 14.76416020 -35.20085910
v -543.54870600 14.76416020 -35.20085910
v -543.54870600 20.88406750 -35.20085140
v -543.54870600 20.88406750 -35.20085140
v -543.54870600 20.88404270 106.40404500
v -543.54870600 20.88404270 106.40404500
v -543.54870600 14.76416020 106.40402200
v -543.54870600 14.76416020 106.40402200
v -546.05200200 32.82212450 106.40404500
v -546.05200200 32.82212450 106.40404500
v -546.05200200 38.94200900 106.40404500
v -546.05200200 38.94200900 106.40404500
v -546.05200200 38.94203190 -35.20085140
v -546.05200200 38.94203190 -35.20085140
v -546.05200200 32.82215120 -35.20085140
v -546.05200200 32.82215120 -35.20085140
v -543.54870600 32.82215120 -35.20085140
v -543.54870600 32.82215120 -35.20085140
v -543.54870600 38.94203190 -35.20085140
v -543.54870600 38.94203190 -35.20085140
v -543.54870600 38.94200900 106.40404500
v -543.54870600 38.94200900 106.40404500
v -543.54870600 32.82212450 106.40404500
v -543.54870600 32.82212450 106.40404500
v -546.05200200 51.94230650 106.40404500
v -546.05200200 51.94230650 106.40404500
v -546.05200200 58.06219100 106.40404500
v -546.05200200 58.06219100 106.40404500
v -546.05200200 58.06221390 -35.20084760
v -546.05200200 58.06221390 -35.20084760
v -546.05200200 51.94232940 -35.20084760
v -546.05200200 51.94232940 -35.20084760
v -543.54870600 51.94232940 -35.20084760
v -543.54870600 51.94232940 -35.20084760
v -543.54870600 58.06221390 -35.20084760
v -543.54870600 58.06221390 -35.20084760
v -543.54870600 58.06219100 106.40404500
v -543.54870600 58.06219100 106.40404500
v -543.54870600 51.94230650 106.40404500
v -543.54870600 51.94230650 106.40404500
v -546.05200200 71.05159000 106.40404500
v -546.05200200 71.05159000 106.40404500
v -546.05200200 77.17147830 106.40404500
v -546.05200200 77.17147830 106.40404500
v -546.05200200 77.17150120 -35.20084760
v -546.05200200 77.17150120 -35.20084760
v -546.05200200 71.05161290 -35.20084760
v -546.05200200 71.05161290 -35.20084760
v -543.54870600 71.05161290 -35.20084760
v -543.54870600 71.05161290 -35.20084760
v -543.54870600 77.17150120 -35.20084760
v -543.54870600 77.17150120 -35.20084760
v -543.54870600 77.17147830 106.40404500
v -543.54870600 77.17147830 106.40404500
v -543.54870600 71.05159000 106.40404500
v -543.54870600 71.05159000 106.40404500
v -546.05200200 89.10955810 106.40404500
v -546.05200200 89.10955810 106.40404500
v -546.05200200 95.22943880 106.40404500
v -546.05200200 95.22943880 106.40404500
v -546.05200200 95.22946170 -35.20084000
v -546.05200200 95.22946170 -35.20084000
v -546.05200200 89.10958100 -35.20084000
v -546.05200200 89.10958100 -35.20084000
v -543.54870600 89.10958100 -35.20084000
v -543.54870600 89.10958100 -35.20084000
v -543.54870600 95.22946170 -35.20084000
v -543.54870600 95.22946170 -35.20084000
v -543.54870600 95.22943880 106.40404500
v -543.54870600 95.22943880 106.40404500
v -543.54870600 89.10955810 106.40404500
v -543.54870600 89.10955810 106.40404500
v -546.05200200 108.22972100 106.40404500
v -546.05200200 108.22972100 106.40404500
v -546.05200200 114.34961700 106.40404500
v -546.05200200 114.34961700 106.40404500
v -546.05200200 114.34964000 -35.20084000
v -546.05200200 114.34964000 -35.20084000
v -546.05200200 108.22974400 -35.20084000
v -546.05200200 108.22974400 -35.20084000
v -543.54870600 108.22974400 -35.20084000
v -543.54870600 108.22974400 -35.20084000
v -543.54870600 114.34964000 -35.20084000
v -543.54870600 114.34964000 -35.20084000
v -543.54870600 114.34961700 106.40404500
v -543.54870600 114.34961700 106.40404500
v -543.54870600 108.22972100 106.40404500
v -543.54870600 108.22972100 106.40404500
v -546.05200200 127.33900500 106.40404500
v -546.05200200 127.33900500 106.40404500
v -546.05200200 133.45889300 106.40404500
v -546.05200200 133.45889300 106.40404500
v -546.05200200 133.45890800 -35.20083620
v -546.05200200 133.45890800 -35.20083620
v -546.05200200 127.33902700 -35.20083620
v -546.05200200 127.33902700 -35.20083620
v -543.54870600 127.33902700 -35.20083620
v -543.54870600 127.33902700 -35.20083620
v -543.54870600 133.45890800 -35.20083620
v -543.54870600 133.45890800 -35.20083620
v -543.54870600 133.45889300 106.40404500
v -543.54870600 133.45889300 106.40404500
v -543.54870600 127.33900500 106.40404500
v -543.54870600 127.33900500 106.40404500
v -546.05200200 145.39698800 106.40404500
v -546.05200200 145.39698800 106.40404500
v -546.05200200 151.51686100 106.40404500
v -546.05200200 151.51686100 106.40404500
v -546.05200200 151.51689100 -35.20083620
v -546.05200200 151.51689100 -35.20083620
v -546.05200200 145.39700300 -35.20083620
v -546.05200200 145.39700300 -35.20083620
v -543.54870600 145.39700300 -35.20083620
v -543.54870600 145.39700300 -35.20083620
v -543.54870600 151.51689100 -35.20083620
v -543.54870600 151.51689100 -35.20083620
v -543.54870600 151.51686100 106.40404500
v -543.54870600 151.51686100 106.40404500
v -543.54870600 145.39698800 106.40404500
v -543.54870600 145.39698800 106.40404500
v -546.05200200 164.51716600 106.40404500
v -546.05200200 164.51716600 106.40404500
v -546.05200200 170.63705400 106.40404500
v -546.05200200 170.63705400 106.40404500
v -546.05200200 170.63707000 -35.20082860
v -546.05200200 170.63707000 -35.20082860
v -546.05200200 164.51718100 -35.20082860
v -546.05200200 164.51718100 -35.20082860
v -543.54870600 164.51718100 -35.20082860
v -543.54870600 164.51718100 -35.20082860
v -543.54870600 170.63707000 -35.20082860
v -543.54870600 170.63707000 -35.20082860
v -543.54870600 170.63705400 106.40404500
v -543.54870600 170.63705400 106.40404500
v -543.54870600 164.51716600 106.40404500
v -543.54870600 164.51716600 106.40404500
v -546.05200200 183.62643400 106.40404500
v -546.05200200 183.62643400 106.40404500
v -546.05200200 189.74632300 106.40404500
v -546.05200200 189.74632300 106.40404500
v -546.05200200 189.74633800 -35.20082860
v -546.05200200 189.74633800 -35.20082860
v -546.05200200 183.62646500 -35.20082860
v -546.05200200 183.62646500 -35.20082860
v -543.54870600 183.62646500 -35.20082860
v -543.54870600 183.62646500 -35.20082860
v -543.54870600 189.74633800 -35.20082860
v -543.54870600 189.74633800 -35.20082860
v -543.54870600 189.74632300 106.40404500
v -543.54870600 189.74632300 106.40404500
v -543.54870600 183.62643400 106.40404500
v -543.54870600 183.62643400 106.40404500
v -546.05200200 201.68443300 106.40406800
v -546.05200200 201.68443300 106.40406800
v -546.05200200 207.80429100 106.40406800
v -546.05200200 207.80429100 106.40406800
v -546.05200200 207.80432100 -35.20082090
v -546.05200200 207.80432100 -35.20082090
v -546.05200200 201.68444800 -35.20082090
v -546.05200200 201.68444800 -35.20082090
v -543.54870600 201.68444800 -35.20082090
v -543.54870600 201.68444800 -35.20082090
v -543.54870600 207.80432100 -35.20082090
v -543.54870600 207.80432100 -35.20082090
v -543.54870600 207.80429100 106.40406800
v -543.54870600 207.80429100 106.40406800
v -543.54870600 201.68443300 106.40406800
v -543.54870600 201.68443300 106.40406800
v -546.05200200 220.80459600 106.40406800
v -546.05200200 220.80459600 106.40406800
v -546.05200200 226.92448400 106.40406800
v -546.05200200 226.92448400 106.40406800
v -546.05200200 226.92451500 -35.20082090
v -546.05200200 226.92451500 -35.20082090
v -546.05200200 220.80462600 -35.20082090
v -546.05200200 220.80462600 -35.20082090
v -543.54870600 220.80462600 -35.20082090
v -543.54870600 220.80462600 -35.20082090
v -543.54870600 226.92451500 -35.20082090
v -543.54870600 226.92451500 -35.20082090
v -543.54870600 226.92448400 106.40406800
v -543.54870600 226.92448400 106.40406800
v -543.54870600 220.80459600 106.40406800
v -543.54870600 220.80459600 106.40406800
v -546.05200200 239.91386400 106.40406800
v -546.05200200 239.91386400 106.40406800
v -546.05200200 246.03378300 106.40406800
v -546.05200200 246.03378300 106.40406800
v -546.05200200 246.03381300 -35.20081710
v -546.05200200 246.03381300 -35.20081710
v -546.05200200 239.91389500 -35.20081710
v -546.05200200 239.91389500 -35.20081710
v -543.54870600 239.91389500 -35.20081710
v -543.54870600 239.91389500 -35.20081710
v -543.54870600 246.03381300 -35.20081710
v -543.54870600 246.03381300 -35.20081710
v -543.54870600 246.03378300 106.40406800
v -543.54870600 246.03378300 106.40406800
v -543.54870600 239.91386400 106.40406800
v -543.54870600 239.91386400 106.40406800
v -546.05200200 257.97183200 106.40406800
v -546.05200200 257.97183200 106.40406800
v -546.05200200 264.09176600 106.40406800
v -546.05200200 264.09176600 106.40406800
v -546.05200200 264.09176600 -35.20081710
v -546.05200200 264.09176600 -35.20081710
v -546.05200200 257.97186300 -35.20081710
v -546.05200200 257.97186300 -35.20081710
v -543.54870600 257.97186300 -35.20081710
v -543.54870600 257.97186300 -35.20081710
v -543.54870600 264.09176600 -35.20081710
v -543.54870600 264.09176600 -35.20081710
v -543.54870600 264.09176600 106.40406800
v -543.54870600 264.09176600 106.40406800
v -543.54870600 257.97183200 106.40406800
v -543.54870600 257.97183200 106.40406800
v -546.05200200 277.09204100 106.40406800
v -546.05200200 277.09204100 106.40406800
v -546.05200200 283.21191400 106.40406800
v -546.05200200 283.21191400 106.40406800
v -546.05200200 283.21194500 -35.20080950
v -546.05200200 283.21194500 -35.20080950
v -546.05200200 277.09207200 -35.20080950
v -546.05200200 277.09207200 -35.20080950
v -543.54870600 277.09207200 -35.20080950
v -543.54870600 277.09207200 -35.20080950
v -543.54870600 283.21194500 -35.20080950
v -543.54870600 283.21194500 -35.20080950
v -543.54870600 283.21191400 106.40406800
v -543.54870600 283.21191400 106.40406800
v -543.54870600 277.09204100 106.40406800
v -543.54870600 277.09204100 106.40406800
v -546.05200200 296.20132400 106.40406800
v -546.05200200 296.20132400 106.40406800
v -546.05200200 302.32122800 106.40406800
v -546.05200200 302.32122800 106.40406800
v -546.05200200 302.32122800 -35.20080950
v -546.05200200 302.32122800 -35.20080950
v -546.05200200 296.20135500 -35.20080950
v -546.05200200 296.20135500 -35.20080950
v -543.54870600 296.20135500 -35.20080950
v -543.54870600 296.20135500 -35.20080950
v -543.54870600 302.32122800 -35.20080950
v -543.54870600 302.32122800 -35.20080950
v -543.54870600 302.32122800 106.40406800
v -543.54870600 302.32122800 106.40406800
v -543.54870600 296.20132400 106.40406800
v -543.54870600 296.20132400 106.40406800
v -546.05200200 314.25927700 106.40409100
v -546.05200200 314.25927700 106.40409100
v -546.05200200 320.37915000 106.40409100
v -546.05200200 320.37915000 106.40409100
v -546.05200200 320.37921100 -35.20080570
v -546.05200200 320.37921100 -35.20080570
v -546.05200200 314.25927700 -35.20080570
v -546.05200200 314.25927700 -35.20080570
v -543.54870600 314.25927700 -35.20080570
v -543.54870600 314.25927700 -35.20080570
v -543.54870600 320.37921100 -35.20080570
v -543.54870600 320.37921100 -35.20080570
v -543.54870600 320.37915000 106.40409100
v -543.54870600 320.37915000 106.40409100
v -543.54870600 314.25927700 106.40409100
v -543.54870600 314.25927700 106.40409100
v -546.05200200 333.37948600 106.40409100
v -546.05200200 333.37948600 106.40409100
v -546.05200200 339.49935900 106.40409100
v -546.05200200 339.49935900 106.40409100
v -546.05200200 339.49939000 -35.20080570
v -546.05200200 339.49939000 -35.20080570
v -546.05200200 333.37951700 -35.20080570
v -546.05200200 333.37951700 -35.20080570
v -543.54870600 333.37951700 -35.20080570
v -543.54870600 333.37951700 -35.20080570
v -543.54870600 339.49939000 -35.20080570
v -543.54870600 339.49939000 -35.20080570
v -543.54870600 339.49935900 106.40409100
v -543.54870600 339.49935900 106.40409100
v -543.54870600 333.37948600 106.40409100
v -543.54870600 333.37948600 106.40409100
v -546.05200200 352.48873900 106.40409100
v -546.05200200 352.48873900 106.40409100
v -546.05200200 358.60864300 106.40409100
v -546.05200200 358.60864300 106.40409100
v -546.05200200 358.60867300 -35.20079800
v -546.05200200 358.60867300 -35.20079800
v -546.05200200 352.48877000 -35.20079800
v -546.05200200 352.48877000 -35.20079800
v -543.54870600 352.48877000 -35.20079800
v -543.54870600 352.48877000 -35.20079800
v -543.54870600 358.60867300 -35.20079800
v -543.54870600 358.60867300 -35.20079800
v -543.54870600 358.60864300 106.40409100
v -543.54870600 358.60864300 106.40409100
v -543.54870600 352.48873900 106.40409100
v -543.54870600 352.48873900 106.40409100
v -546.05200200 370.54672200 106.40409100
v -546.05200200 370.54672200 106.40409100
v -546.05200200 376.66662600 106.40409100
v -546.05200200 376.66662600 106.40409100
v -546.05200200 376.66662600 -35.20079800
v -546.05200200 376.66662600 -35.20079800
v -546.05200200 370.54675300 -35.20079800
v -546.05200200 370.54675300 -35.20079800
v -543.54870600 370.54675300 -35.20079800
v -543.54870600 370.54675300 -35.20079800
v -543.54870600 376.66662600 -35.20079800
v -543.54870600 376.66662600 -35.20079800
v -543.54870600 376.66662600 106.40409100
v -543.54870600 376.66662600 106.40409100
v -543.54870600 370.54672200 106.40409100
v -543.54870600 370.54672200 106.40409100
v -546.05200200 389.66690100 106.40409100
v -546.05200200 389.66690100 106.40409100
v -546.05200200 395.78677400 106.40409100
v -546.05200200 395.78677400 106.40409100
v -546.05200200 395.78680400 -35.20079420
v -546.05200200 395.78680400 -35.20079420
v -546.05200200 389.66690100 -35.20079420
v -546.05200200 389.66690100 -35.20079420
v -543.54870600 389.66690100 -35.20079420
v -543.54870600 389.66690100 -35.20079420
v -543.54870600 395.78680400 -35.20079420
v -543.54870600 395.78680400 -35.20079420
v -543.54870600 395.78677400 106.40409100
v -543.54870600 395.78677400 106.40409100
v -543.54870600 389.66690100 106.40409100
v -543.54870600 389.66690100 106.40409100
v -546.05200200 408.77618400 106.40409100
v -546.05200200 408.77618400 106.40409100
v -546.05200200 414.89605700 106.40409100
v -546.05200200 414.89605700 106.40409100
v -546.05200200 414.89611800 -35.20079420
v -546.05200200 414.89611800 -35.20079420
v -546.05200200 408.77618400 -35.20079420
v -546.05200200 408.77618400 -35.20079420
v -543.54870600 408.77618400 -35.20079420
v -543.54870600 408.77618400 -35.20079420
v -543.54870600 414.89611800 -35.20079420
v -543.54870600 414.89611800 -35.20079420
v -543.54870600 414.89605700 106.40409100
v -543.54870600 414.89605700 106.40409100
v -543.54870600 408.77618400 106.40409100
v -543.54870600 408.77618400 106.40409100
v -546.05200200 426.83416700 106.40409100
v -546.05200200 426.83416700 106.40409100
v -546.05200200 432.95407100 106.40409100
v -546.05200200 432.95407100 106.40409100
v -546.05200200 432.95407100 -35.20078660
v -546.05200200 432.95407100 -35.20078660
v -546.05200200 426.83416700 -35.20078660
v -546.05200200 426.83416700 -35.20078660
v -543.54870600 426.83416700 -35.20078660
v -543.54870600 426.83416700 -35.20078660
v -543.54870600 432.95407100 -35.20078660
v -543.54870600 432.95407100 -35.20078660
v -543.54870600 432.95407100 106.40409100
v -543.54870600 432.95407100 106.40409100
v -543.54870600 426.83416700 106.40409100
v -543.54870600 426.83416700 106.40409100
v -546.05200200 445.95431500 106.40409100
v -546.05200200 445.95431500 106.40409100
v -546.05200200 452.07428000 106.40409100
v -546.05200200 452.07428000 106.40409100
v -546.05200200 452.07428000 -35.20078660
v -546.05200200 452.07428000 -35.20078660
v -546.05200200 445.95431500 -35.20078660
v -546.05200200 445.95431500 -35.20078660
v -543.54870600 445.95431500 -35.20078660
v -543.54870600 445.95431500 -35.20078660
v -543.54870600 452.07428000 -35.20078660
v -543.54870600 452.07428000 -35.20078660
v -543.54870600 452.07428000 106.40409100
v -543.54870600 452.07428000 106.40409100
v -543.54870600 445.95431500 106.40409100
v -543.54870600 445.95431500 106.40409100
v -546.05200200 465.06362900 106.40409100
v -546.05200200 465.06362900 106.40409100
v -546.05200200 471.18344100 106.40409100
v -546.05200200 471.18344100 106.40409100
v -546.05200200 471.18344100 -35.20077900
v -546.05200200 471.18344100 -35.20077900
v -546.05200200 465.06362900 -35.20077900
v -546.05200200 465.06362900 -35.20077900
v -543.54870600 465.06362900 -35.20077900
v -543.54870600 465.06362900 -35.20077900
v -543.54870600 471.18344100 -35.20077900
v -543.54870600 471.18344100 -35.20077900
v -543.54870600 471.18344100 106.40409100
v -543.54870600 471.18344100 106.40409100
v -543.54870600 465.06362900 106.40409100
v -543.54870600 465.06362900 106.40409100
v -546.05200200 483.12155200 106.40409100
v -546.05200200 483.12155200 106.40409100
v -546.05200200 489.24145500 106.40409100
v -546.05200200 489.24145500 106.40409100
v -546.05200200 489.24145500 -35.20077900
v -546.05200200 489.24145500 -35.20077900
v -546.05200200 483.12155200 -35.20077900
v -546.05200200 483.12155200 -35.20077900
v -543.54870600 483.12155200 -35.20077900
v -543.54870600 483.12155200 -35.20077900
v -543.54870600 489.24145500 -35.20077900
v -543.54870600 489.24145500 -35.20077900
v -543.54870600 489.24145500 106.40409100
v -543.54870600 489.24145500 106.40409100
v -543.54870600 483.12155200 106.40409100
v -543.54870600 483.12155200 106.40409100
v -546.05200200 502.24176000 106.40411400
v -546.05200200 502.24176000 106.40411400
v -546.05200200 508.36166400 106.40411400
v -546.05200200 508.36166400 106.40411400
v -546.05200200 508.36166400 -35.20077510
v -546.05200200 508.36166400 -35.20077510
v -546.05200200 502.24176000 -35.20077510
v -546.05200200 502.24176000 -35.20077510
v -543.54870600 502.24176000 -35.20077510
v -543.54870600 502.24176000 -35.20077510
v -543.54870600 508.36166400 -35.20077510
v -543.54870600 508.36166400 -35.20077510
v -543.54870600 508.36166400 106.40411400
v -543.54870600 508.36166400 106.40411400
v -543.54870600 502.24176000 106.40411400
v -543.54870600 502.24176000 106.40411400
v -546.05200200 521.35107400 106.40411400
v -546.05200200 521.35107400 106.40411400
v -546.05200200 527.47094700 106.40411400
v -546.05200200 527.47094700 106.40411400
v -546.05200200 527.47094700 -35.20077510
v -546.05200200 527.47094700 -35.20077510
v -546.05200200 521.35107400 -35.20077510
v -546.05200200 521.35107400 -35.20077510
v -543.54870600 521.35107400 -35.20077510
v -543.54870600 521.35107400 -35.20077510
v -543.54870600 527.47094700 -35.20077510
v -543.54870600 527.47094700 -35.20077510
v -543.54870600 527.47094700 106.40411400
v -543.54870600 527.47094700 106.40411400
v -543.54870600 521.35107400 106.40411400
v -543.54870600 521.35107400 106.40411400
v -546.05200200 539.40899700 106.40411400
v -546.05200200 539.40899700 106.40411400
v -546.05200200 545.52887000 106.40411400
v -546.05200200 545.52887000 106.40411400
v -546.05200200 545.52887000 -35.20076750
v -546.05200200 545.52887000 -35.20076750
v -546.05200200 539.40899700 -35.20076750
v -546.05200200 539.40899700 -35.20076750
v -543.54870600 539.40899700 -35.20076750
v -543.54870600 539.40899700 -35.20076750
v -543.54870600 545.52887000 -35.20076750
v -543.54870600 545.52887000 -35.20076750
v -543.54870600 545.52887000 106.40411400
v -543.54870600 545.52887000 106.40411400
v -543.54870600 539.40899700 106.40411400
v -543.54870600 539.40899700 106.40411400
v -546.05200200 558.52923600 106.40411400
v -546.05200200 558.52923600 106.40411400
v -546.05200200 564.64910900 106.40411400
v -546.05200200 564.64910900 106.40411400
v -546.05200200 564.64910900 -35.20076370
v -546.05200200 564.64910900 -35.20076370
v -546.05200200 558.52923600 -35.20076750
v -546.05200200 558.52923600 -35.20076750
v -543.54870600 558.52923600 -35.20076750
v -543.54870600 558.52923600 -35.20076750
v -543.54870600 564.64910900 -35.20076370
v -543.54870600 564.64910900 -35.20076370
v -543.54870600 564.64910900 106.40411400
v -543.54870600 564.64910900 106.40411400
v -543.54870600 558.52923600 106.40411400
v -543.54870600 558.52923600 106.40411400
v -543.54870600 0.35571381 -17.57998660
v -543.54870600 0.35571381 -17.57998660
v -543.54870600 0.35571381 -8.20447922
v -543.54870600 0.35571381 -8.20447922
v -543.54870600 553.27459700 -8.20437813
v -543.54870600 553.27459700 -8.20437813
v -543.54870600 553.27459700 -17.57988550
v -543.54870600 553.27459700 -17.57988550
v -541.39569100 553.27459700 -17.57988550
v -541.39569100 0.35571381 -17.57998660
v -541.39569100 553.27459700 -8.20437813
v -541.39569100 0.35571381 -8.20447922
v -543.54870600 0.35571381 88.78318790
v -543.54870600 0.35571381 88.78318790
v -543.54870600 553.27459700 88.78327180
v -543.54870600 553.27459700 88.78327180
v -543.54870600 553.27459700 79.40776060
v -543.54870600 553.27459700 79.40776060
v -543.54870600 0.35571381 79.40767670
v -543.54870600 0.35571381 79.40767670
v -541.39569100 0.35571381 88.78318790
v -541.39569100 553.27459700 88.78327180
v -541.39569100 553.27459700 79.40776060
v -541.39569100 0.35571381 79.40767670
v -154.16342200 307.55926500 -585.72845500
v -154.16342200 307.55926500 -585.72845500
v 183.74664300 307.55957000 -585.72845500
v 183.74664300 307.55957000 -585.72845500
v 183.74664300 308.61822500 -585.28961200
v 183.74664300 308.61822500 -585.28961200
v -154.16342200 308.61788900 -585.28961200
v -154.16342200 308.61788900 -585.28961200
v 183.74664300 309.67718500 -585.72796600
v 183.74664300 309.67718500 -585.72796600
v 183.74653600 308.61935400 -588.28436300
v 183.74653600 308.61935400 -588.28436300
v 183.74682600 309.67794800 -587.84539800
v 183.74682600 309.67794800 -587.84539800
v 183.74664300 307.56036400 -587.84613000
v 183.74664300 307.56036400 -587.84613000
v -154.16342200 309.67688000 -585.72784400
v -154.16342200 309.67688000 -585.72784400
v -154.16342200 308.61898800 -588.28436300
v -154.16342200 308.61898800 -588.28436300
v -154.16342200 307.56002800 -587.84613000
v -154.16342200 307.56002800 -587.84613000
v 183.74664300 307.12142900 -586.78741500
v 183.74664300 307.12142900 -586.78741500
v 183.74664300 307.12142900 -586.78741500
v -154.16342200 307.12109400 -586.78741500
v -154.16342200 307.12109400 -586.78741500
v -154.16342200 307.12109400 -586.78741500
v -154.16342200 309.67761200 -587.84539800
v -154.16342200 309.67761200 -587.84539800
v -154.16368100 310.11584500 -586.78656000
v -154.16368100 310.11584500 -586.78656000
v 183.74664300 310.11615000 -586.78668200
v 183.74664300 310.11615000 -586.78668200
v -154.16342200 298.87362700 -585.72845500
v -154.16342200 298.87362700 -585.72845500
v 183.74664300 298.87396200 -585.72845500
v 183.74664300 298.87396200 -585.72845500
v 183.74664300 299.93258700 -585.28961200
v 183.74664300 299.93258700 -585.28961200
v -154.16342200 299.93228100 -585.28961200
v -154.16342200 299.93228100 -585.28961200
v 183.74664300 300.99154700 -585.72796600
v 183.74664300 300.99154700 -585.72796600
v 183.74653600 299.93371600 -588.28436300
v 183.74653600 299.93371600 -588.28436300
v 183.74682600 300.99231000 -587.84539800
v 183.74682600 300.99231000 -587.84539800
v 183.74664300 298.87472500 -587.84613000
v 183.74664300 298.87472500 -587.84613000
v -154.16342200 300.99127200 -585.72784400
v -154.16342200 300.99127200 -585.72784400
v -154.16342200 299.93335000 -588.28436300
v -154.16342200 299.93335000 -588.28436300
v -154.16342200 298.87442000 -587.84613000
v -154.16342200 298.87442000 -587.84613000
v 183.74664300 298.43582200 -586.78741500
v 183.74664300 298.43582200 -586.78741500
v 183.74664300 298.43582200 -586.78741500
v -154.16342200 298.43548600 -586.78741500
v -154.16342200 298.43548600 -586.78741500
v -154.16342200 298.43548600 -586.78741500
v -154.16342200 300.99200400 -587.84539800
v -154.16342200 300.99200400 -587.84539800
v -154.16368100 301.43020600 -586.78656000
v -154.16368100 301.43020600 -586.78656000
v 183.74664300 301.43054200 -586.78668200
v 183.74664300 301.43054200 -586.78668200
v 574.38824500 126.61013800 -373.84997600
v 574.38824500 126.61013800 -373.84997600
v 574.38824500 126.61018400 -574.13501000
v 574.38824500 126.61018400 -574.13501000
v 568.95007300 126.61018400 -574.13501000
v 568.95007300 126.61018400 -574.13501000
v 568.95007300 126.61013800 -373.84997600
v 568.95007300 126.61013800 -373.84997600
v 568.95007300 124.52893100 -574.13501000
v 568.95007300 124.52893100 -574.13501000
v 568.95007300 124.52890000 -373.84997600
v 568.95007300 124.52890000 -373.84997600
v 574.38824500 124.52893100 -574.13501000
v 574.38824500 124.52893100 -574.13501000
v 574.38824500 124.52890000 -373.84997600
v 574.38824500 124.52890000 -373.84997600
v 544.53869600 126.61016800 -604.06890900
v 544.53869600 126.61016800 -604.06890900
v 222.06488000 126.61018400 -604.06878700
v 222.06488000 126.61018400 -604.06878700
v 222.06488000 126.61018400 -598.63073700
v 222.06488000 126.61018400 -598.63073700
v 544.53869600 126.61016800 -598.63085900
v 544.53869600 126.61016800 -598.63085900
v 222.06488000 124.52893100 -598.63073700
v 222.06488000 124.52893100 -598.63073700
v 544.53869600 124.52893100 -598.63085900
v 544.53869600 124.52893100 -598.63085900
v 222.06488000 124.52893100 -604.06878700
v 222.06488000 124.52893100 -604.06878700
v 544.53869600 124.52893100 -604.06890900
v 544.53869600 124.52893100 -604.06890900
v 178.37902800 49.89029690 -610.56945800
v 178.37902800 49.89029690 -610.56945800
v 178.37902800 123.85817700 -610.56945800
v 178.37902800 123.85817700 -610.56945800
v 174.32624800 123.85817700 -610.56945800
v 174.32624800 123.85817700 -610.56945800
v 174.32624800 49.89029690 -610.56945800
v 174.32624800 49.89029690 -610.56945800
v 174.32624800 122.09731300 -614.62213100
v 174.32624800 122.09731300 -614.62213100
v 174.32624800 49.89029690 -614.62219200
v 174.32624800 49.89029690 -614.62219200
v 178.37902800 122.09731300 -614.62213100
v 178.37902800 122.09731300 -614.62213100
v 178.37902800 49.89029690 -614.62219200
v 178.37902800 49.89029690 -614.62219200
v 178.37902800 31.91943740 -652.39221200
v 178.37902800 31.91943740 -652.39221200
v 178.37902800 107.56431600 -652.39215100
v 178.37902800 107.56431600 -652.39215100
v 174.32624800 107.56431600 -652.39215100
v 174.32624800 107.56431600 -652.39215100
v 174.32624800 31.91943740 -652.39221200
v 174.32624800 31.91943740 -652.39221200
v 174.32624800 105.95439900 -656.44500700
v 174.32624800 105.95439900 -656.44500700
v 174.32624800 31.91943740 -656.44500700
v 174.32624800 31.91943740 -656.44500700
v 178.37902800 105.95439900 -656.44500700
v 178.37902800 105.95439900 -656.44500700
v 178.37902800 31.91943740 -656.44500700
v 178.37902800 31.91943740 -656.44500700
v 178.37902800 15.75738810 -695.65722700
v 178.37902800 15.75738810 -695.65722700
v 178.37902800 90.39604190 -695.65716600
v 178.37902800 90.39604190 -695.65716600
v 174.32624800 90.39604190 -695.65716600
v 174.32624800 90.39604190 -695.65716600
v 174.32624800 15.75738810 -695.65722700
v 174.32624800 15.75738810 -695.65722700
v 174.32624800 90.39604190 -699.70983900
v 174.32624800 90.39604190 -699.70983900
v 174.32624800 15.75738810 -699.70990000
v 174.32624800 15.75738810 -699.70990000
v 178.37902800 90.39604190 -699.70983900
v 178.37902800 90.39604190 -699.70983900
v 178.37902800 15.75738810 -699.70990000
v 178.37902800 15.75738810 -699.70990000
v 179.11967500 125.88168300 -609.34960900
v 179.11967500 125.88168300 -609.34960900
v 179.11967500 125.88168300 -609.34960900
v 179.11967500 89.76698300 -702.93389900
v 179.11967500 89.76698300 -702.93389900
v 179.11967500 89.76698300 -702.93389900
v 173.68145800 89.76698300 -702.93389900
v 173.68145800 89.76698300 -702.93389900
v 173.68145800 89.76698300 -702.93389900
v 173.68145800 125.88168300 -609.34960900
v 173.68145800 125.88168300 -609.34960900
v 173.68145800 125.88168300 -609.34960900
v 173.68145800 87.70436860 -702.13787800
v 173.68145800 87.70436860 -702.13787800
v 173.68145800 87.70436860 -702.13787800
v 173.68145800 123.81907700 -608.55358900
v 173.68145800 123.81907700 -608.55358900
v 173.68145800 123.81907700 -608.55358900
v 179.11967500 87.70436860 -702.13787800
v 179.11967500 87.70436860 -702.13787800
v 179.11967500 87.70436860 -702.13787800
v 179.11967500 123.81907700 -608.55358900
v 179.11967500 123.81907700 -608.55358900
v 179.11967500 123.81907700 -608.55358900
v 177.29124500 66.96762080 -614.41308600
v 177.29124500 66.96762080 -614.41308600
v 177.29124500 33.49664690 -699.38165300
v 177.29124500 33.49664690 -699.38165300
v 175.41400100 33.49664690 -699.38165300
v 175.41400100 33.49664690 -699.38165300
v 175.41407800 66.96762080 -614.41308600
v 175.41407800 66.96762080 -614.41308600
v 175.41400100 29.78907200 -697.92120400
v 175.41400100 29.78907200 -697.92120400
v 175.41407800 63.26004790 -612.95257600
v 175.41407800 63.26004790 -612.95257600
v 177.29124500 29.78907200 -697.92120400
v 177.29124500 29.78907200 -697.92120400
v 177.29124500 63.26004790 -612.95257600
v 177.29124500 63.26004790 -612.95257600
v 177.29124500 80.87223050 -614.41302500
v 177.29124500 80.87223050 -614.41302500
v 177.29124500 47.40125660 -699.38165300
v 177.29124500 47.40125660 -699.38165300
v 175.41400100 47.40125660 -699.38165300
v 175.41400100 47.40125660 -699.38165300
v 175.41407800 80.87223050 -614.41302500
v 175.41407800 80.87223050 -614.41302500
v 175.41400100 43.69367980 -697.92120400
v 175.41400100 43.69367980 -697.92120400
v 175.41407800 77.16465760 -612.95251500
v 175.41407800 77.16465760 -612.95251500
v 177.29124500 43.69367980 -697.92120400
v 177.29124500 43.69367980 -697.92120400
v 177.29124500 77.16465760 -612.95251500
v 177.29124500 77.16465760 -612.95251500
v 177.29124500 95.87458040 -614.41302500
v 177.29124500 95.87458040 -614.41302500
v 177.29124500 62.40360260 -699.38165300
v 177.29124500 62.40360260 -699.38165300
v 175.41400100 62.40360260 -699.38165300
v 175.41400100 62.40360260 -699.38165300
v 175.41407800 95.87458040 -614.41302500
v 175.41407800 95.87458040 -614.41302500
v 175.41400100 58.69601440 -697.92120400
v 175.41400100 58.69601440 -697.92120400
v 175.41407800 92.16699980 -612.95251500
v 175.41407800 92.16699980 -612.95251500
v 177.29124500 58.69601440 -697.92120400
v 177.29124500 58.69601440 -697.92120400
v 177.29124500 92.16699980 -612.95251500
v 177.29124500 92.16699980 -612.95251500
v 177.29124500 110.87691500 -614.41302500
v 177.29124500 110.87691500 -614.41302500
v 177.29124500 77.40593720 -699.38159200
v 177.29124500 77.40593720 -699.38159200
v 175.41400100 77.40593720 -699.38159200
v 175.41400100 77.40593720 -699.38159200
v 175.41407800 110.87691500 -614.41302500
v 175.41407800 110.87691500 -614.41302500
v 175.41400100 73.69837190 -697.92114300
v 175.41400100 73.69837190 -697.92114300
v 175.41407800 107.16932700 -612.95251500
v 175.41407800 107.16932700 -612.95251500
v 177.29124500 73.69837190 -697.92114300
v 177.29124500 73.69837190 -697.92114300
v 177.29124500 107.16932700 -612.95251500
v 177.29124500 107.16932700 -612.95251500
v -537.51141400 126.61013800 -373.84997600
v -537.51141400 126.61013800 -373.84997600
v -532.07324200 126.61013800 -373.84997600
v -532.07324200 126.61013800 -373.84997600
v -532.07324200 126.61018400 -574.13501000
v -532.07324200 126.61018400 -574.13501000
v -537.51141400 126.61018400 -574.13501000
v -537.51141400 126.61018400 -574.13501000
v -532.07324200 124.52890000 -373.84997600
v -532.07324200 124.52890000 -373.84997600
v -532.07324200 124.52893100 -574.13501000
v -532.07324200 124.52893100 -574.13501000
v -537.51141400 124.52890000 -373.84997600
v -537.51141400 124.52890000 -373.84997600
v -537.51141400 124.52893100 -574.13501000
v -537.51141400 124.52893100 -574.13501000
v -507.66180400 126.61016800 -604.06890900
v -507.66180400 126.61016800 -604.06890900
v -507.66180400 126.61016800 -598.63085900
v -507.66180400 126.61016800 -598.63085900
v -185.18811000 126.61018400 -598.63073700
v -185.18811000 126.61018400 -598.63073700
v -185.18811000 126.61018400 -604.06878700
v -185.18811000 126.61018400 -604.06878700
v -507.66180400 124.52893100 -598.63085900
v -507.66180400 124.52893100 -598.63085900
v -185.18811000 124.52893100 -598.63073700
v -185.18811000 124.52893100 -598.63073700
v -507.66180400 124.52893100 -604.06890900
v -507.66180400 124.52893100 -604.06890900
v -185.18811000 124.52893100 -604.06878700
v -185.18811000 124.52893100 -604.06878700
v -141.50227400 49.89029690 -610.56945800
v -141.50227400 49.89029690 -610.56945800
v -137.44946300 49.89029690 -610.56945800
v -137.44946300 49.89029690 -610.56945800
v -137.44946300 123.85817700 -610.56945800
v -137.44946300 123.85817700 -610.56945800
v -141.50227400 123.85817700 -610.56945800
v -141.50227400 123.85817700 -610.56945800
v -137.44946300 49.89029690 -614.62219200
v -137.44946300 49.89029690 -614.62219200
v -137.44946300 122.09731300 -614.62213100
v -137.44946300 122.09731300 -614.62213100
v -141.50227400 49.89029690 -614.62219200
v -141.50227400 49.89029690 -614.62219200
v -141.50227400 122.09731300 -614.62213100
v -141.50227400 122.09731300 -614.62213100
v -141.50227400 31.91943740 -652.39221200
v -141.50227400 31.91943740 -652.39221200
v -137.44946300 31.91943740 -652.39221200
v -137.44946300 31.91943740 -652.39221200
v -137.44946300 107.56431600 -652.39215100
v -137.44946300 107.56431600 -652.39215100
v -141.50227400 107.56431600 -652.39215100
v -141.50227400 107.56431600 -652.39215100
v -137.44946300 31.91943740 -656.44500700
v -137.44946300 31.91943740 -656.44500700
v -137.44946300 105.95439900 -656.44500700
v -137.44946300 105.95439900 -656.44500700
v -141.50227400 31.91943740 -656.44500700
v -141.50227400 31.91943740 -656.44500700
v -141.50227400 105.95439900 -656.44500700
v -141.50227400 105.95439900 -656.44500700
v -141.50227400 15.75738810 -695.65722700
v -141.50227400 15.75738810 -695.65722700
v -137.44946300 15.75738810 -695.65722700
v -137.44946300 15.75738810 -695.65722700
v -137.44946300 90.39604190 -695.65716600
v -137.44946300 90.39604190 -695.65716600
v -141.50227400 90.39604190 -695.65716600
v -141.50227400 90.39604190 -695.65716600
v -137.44946300 15.75738810 -699.70990000
v -137.44946300 15.75738810 -699.70990000
v -137.44946300 90.39604190 -699.70983900
v -137.44946300 90.39604190 -699.70983900
v -141.50227400 15.75738810 -699.70990000
v -141.50227400 15.75738810 -699.70990000
v -141.50227400 90.39604190 -699.70983900
v -141.50227400 90.39604190 -699.70983900
v -142.24288900 125.88168300 -609.34960900
v -142.24288900 125.88168300 -609.34960900
v -142.24288900 125.88168300 -609.34960900
v -136.80473300 125.88168300 -609.34960900
v -136.80473300 125.88168300 -609.34960900
v -136.80473300 125.88168300 -609.34960900
v -136.80473300 89.76698300 -702.93389900
v -136.80473300 89.76698300 -702.93389900
v -136.80473300 89.76698300 -702.93389900
v -142.24288900 89.76698300 -702.93389900
v -142.24288900 89.76698300 -702.93389900
v -142.24288900 89.76698300 -702.93389900
v -136.80473300 123.81907700 -608.55358900
v -136.80473300 123.81907700 -608.55358900
v -136.80473300 123.81907700 -608.55358900
v -136.80473300 87.70436860 -702.13787800
v -136.80473300 87.70436860 -702.13787800
v -136.80473300 87.70436860 -702.13787800
v -142.24288900 123.81907700 -608.55358900
v -142.24288900 123.81907700 -608.55358900
v -142.24288900 123.81907700 -608.55358900
v -142.24288900 87.70436860 -702.13787800
v -142.24288900 87.70436860 -702.13787800
v -142.24288900 87.70436860 -702.13787800
v -140.41449000 66.96762080 -614.41308600
v -140.41449000 66.96762080 -614.41308600
v -138.53729200 66.96762080 -614.41308600
v -138.53729200 66.96762080 -614.41308600
v -138.53723100 33.49664690 -699.38165300
v -138.53723100 33.49664690 -699.38165300
v -140.41449000 33.49664690 -699.38165300
v -140.41449000 33.49664690 -699.38165300
v -138.53729200 63.26004790 -612.95257600
v -138.53729200 63.26004790 -612.95257600
v -138.53723100 29.78907200 -697.92120400
v -138.53723100 29.78907200 -697.92120400
v -140.41449000 63.26004790 -612.95257600
v -140.41449000 63.26004790 -612.95257600
v -140.41449000 29.78907200 -697.92120400
v -140.41449000 29.78907200 -697.92120400
v -140.41449000 80.87223050 -614.41302500
v -140.41449000 80.87223050 -614.41302500
v -138.53729200 80.87223050 -614.41302500
v -138.53729200 80.87223050 -614.41302500
v -138.53723100 47.40125660 -699.38165300
v -138.53723100 47.40125660 -699.38165300
v -140.41449000 47.40125660 -699.38165300
v -140.41449000 47.40125660 -699.38165300
v -138.53729200 77.16465760 -612.95251500
v -138.53729200 77.16465760 -612.95251500
v -138.53723100 43.69367980 -697.92120400
v -138.53723100 43.69367980 -697.92120400
v -140.41449000 77.16465760 -612.95251500
v -140.41449000 77.16465760 -612.95251500
v -140.41449000 43.69367980 -697.92120400
v -140.41449000 43.69367980 -697.92120400
v -140.41449000 95.87458040 -614.41302500
v -140.41449000 95.87458040 -614.41302500
v -138.53729200 95.87458040 -614.41302500
v -138.53729200 95.87458040 -614.41302500
v -138.53723100 62.40360260 -699.38165300
v -138.53723100 62.40360260 -699.38165300
v -140.41449000 62.40360260 -699.38165300
v -140.41449000 62.40360260 -699.38165300
v -138.53729200 92.16699980 -612.95251500
v -138.53729200 92.16699980 -612.95251500
v -138.53723100 58.69601440 -697.92120400
v -138.53723100 58.69601440 -697.92120400
v -140.41449000 92.16699980 -612.95251500
v -140.41449000 92.16699980 -612.95251500
v -140.41449000 58.69601440 -697.92120400
v -140.41449000 58.69601440 -697.92120400
v -140.41449000 110.87691500 -614.41302500
v -140.41449000 110.87691500 -614.41302500
v -138.53729200 110.87691500 -614.41302500
v -138.53729200 110.87691500 -614.41302500
v -138.53723100 77.40593720 -699.38159200
v -138.53723100 77.40593720 -699.38159200
v -140.41449000 77.40593720 -699.38159200
v -140.41449000 77.40593720 -699.38159200
v -138.53729200 107.16932700 -612.95251500
v -138.53729200 107.16932700 -612.95251500
v -138.53723100 73.69837190 -697.92114300
v -138.53723100 73.69837190 -697.92114300
v -140.41449000 107.16932700 -612.95251500
v -140.41449000 107.16932700 -612.95251500
v -140.41449000 73.69837190 -697.92114300
v -140.41449000 73.69837190 -697.92114300
v -546.63604700 0.35578534 -46.42168810
v -546.63604700 0.35578534 -46.42168810
v -546.63604700 550.91088900 -46.42160030
v -546.63604700 550.91088900 -46.42160030
v -541.39575200 550.91088900 -46.42160030
v -541.39575200 0.35578534 -46.42164610
v -546.63604700 0.35576150 -35.20085140
v -546.63604700 0.35576150 -35.20085140
v -546.63604700 550.91088900 -35.20080570
v -546.63604700 550.91088900 -35.20080570
v -541.39575200 0.35576150 -35.20085140
v -541.39575200 550.91082800 -35.20080570
v -546.63604700 0.35573766 117.62487800
v -546.63604700 0.35573766 117.62487800
v -541.39575200 0.35573766 117.62483200
v -541.39575200 550.91082800 117.62497700
v -546.63604700 550.91082800 117.62497700
v -546.63604700 550.91082800 117.62497700
v -546.63604700 550.91088900 106.40418200
v -546.63604700 550.91088900 106.40418200
v -546.63604700 0.35576150 106.40404500
v -546.63604700 0.35576150 106.40404500
v -541.39575200 550.91082800 106.40418200
v -541.39575200 0.35576150 106.40404500
v 583.42181400 266.68820200 102.65455600
v 583.42181400 266.68820200 102.65455600
v 583.42181400 266.68820200 102.65455600
v 583.42181400 122.62171200 102.65455600
v 583.42181400 122.62171200 102.65455600
v 583.42181400 122.62171200 102.65455600
v 577.90466300 122.62171200 102.65455600
v 577.90466300 122.62171200 102.65455600
v 577.90460200 266.68820200 102.65455600
v 577.90460200 266.68820200 102.65455600
v 583.42181400 282.01370200 117.98007200
v 583.42181400 282.01370200 117.98007200
v 583.42181400 282.01370200 117.98007200
v 583.42181400 107.29621900 117.98007200
v 583.42181400 107.29621900 117.98007200
v 583.42181400 107.29621900 117.98007200
v 577.90460200 282.01370200 117.98007200
v 577.90460200 282.01370200 117.98007200
v 577.90466300 107.29621900 117.98007200
v 577.90466300 107.29621900 117.98007200
v 583.42181400 122.62174200 -22.21319770
v 583.42181400 122.62174200 -22.21319770
v 583.42181400 122.62174200 -22.21319770
v 577.90466300 122.62174200 -22.21319770
v 577.90466300 122.62174200 -22.21319770
v 577.90466300 107.29621900 -37.53873060
v 577.90466300 107.29621900 -37.53873060
v 583.42181400 107.29621900 -37.53873060
v 583.42181400 107.29621900 -37.53873060
v 583.42181400 107.29621900 -37.53873060
v 583.42181400 266.68817100 -22.21319770
v 583.42181400 266.68817100 -22.21319770
v 583.42181400 266.68817100 -22.21319770
v 577.90466300 266.68817100 -22.21319770
v 577.90466300 266.68817100 -22.21319770
v 577.90466300 282.01370200 -37.53872680
v 577.90466300 282.01370200 -37.53872680
v 583.42181400 282.01370200 -37.53872680
v 583.42181400 282.01370200 -37.53872680
v 583.42181400 282.01370200 -37.53872680
v 567.29595900 259.67068500 93.67278290
v 567.29595900 259.67068500 93.67278290
v 567.29595900 259.67068500 93.67278290
v 570.21466100 259.67068500 93.67278290
v 570.21466100 259.67068500 93.67278290
v 570.21466100 259.67068500 93.67278290
v 570.21466100 129.63920600 93.67278290
v 570.21466100 129.63920600 93.67278290
v 570.21466100 129.63920600 93.67278290
v 567.29602100 129.63920600 93.67278290
v 567.29602100 129.63920600 93.67278290
v 567.29602100 129.63920600 93.67278290
v 570.21466100 266.68817100 102.65455600
v 570.21466100 122.62171200 102.65455600
v 571.88861100 259.67068500 -14.43318840
v 571.88861100 259.67068500 -14.43318840
v 571.88861100 259.67068500 -14.43318840
v 571.88855000 259.67068500 49.48921970
v 571.88855000 259.67068500 49.48921970
v 571.88855000 259.67068500 49.48921970
v 571.88855000 259.67068500 49.48921970
v 569.41552700 259.67068500 49.48921970
v 569.41552700 259.67068500 49.48921970
v 569.41552700 259.67068500 49.48921970
v 569.41558800 259.67068500 -14.43318840
v 569.41558800 259.67068500 -14.43318840
v 569.41558800 259.67068500 -14.43318840
v 567.29595900 259.67068500 63.65859990
v 567.29595900 259.67068500 63.65859990
v 567.29595900 259.67068500 63.65859990
v 570.21466100 259.67068500 63.65859990
v 570.21466100 259.67068500 63.65859990
v 570.21466100 259.67068500 63.65859990
v 570.21466100 266.68817100 56.37357710
v 570.21466100 266.68817100 56.37357710
v 570.21466100 122.62171200 56.37361530
v 570.21466100 122.62171200 56.37361530
v 570.21466100 122.62171200 56.37361530
v 571.88861100 122.62171200 56.37361530
v 571.88861100 122.62171200 56.37361530
v 571.88855000 266.68817100 56.37361530
v 571.88855000 266.68817100 56.37361530
v 571.88855000 266.68817100 56.37361530
v 567.29602100 129.63920600 63.65859990
v 567.29602100 129.63920600 63.65859990
v 567.29602100 129.63920600 63.65859990
v 570.21466100 129.63920600 63.65859990
v 570.21466100 129.63920600 63.65859990
v 570.21466100 129.63920600 63.65859990
v 570.21466100 129.63920600 63.65859990
v 571.88861100 129.63920600 49.48921970
v 571.88861100 129.63920600 49.48921970
v 571.88861100 129.63920600 49.48921970
v 569.41558800 129.63920600 49.48921970
v 569.41558800 129.63920600 49.48921970
v 569.41558800 129.63920600 49.48921970
v 569.41558800 129.63920600 -14.43318840
v 569.41558800 129.63920600 -14.43318840
v 569.41558800 129.63920600 -14.43318840
v 571.88861100 129.63920600 -14.43318840
v 571.88861100 129.63920600 -14.43318840
v 571.88861100 129.63920600 -14.43318840
v 571.88861100 266.68817100 -22.21319770
v 571.88861100 122.62174200 -22.21320340
v 543.28027300 49.89029690 -599.31762700
v 543.28027300 49.89029690 -599.31762700
v 543.28027300 124.52896900 -599.31756600
v 543.28027300 124.52896900 -599.31756600
v 539.22753900 124.52896900 -599.31756600
v 539.22753900 124.52896900 -599.31756600
v 539.22753900 49.89029690 -599.31762700
v 539.22753900 49.89029690 -599.31762700
v 539.22753900 124.52896900 -603.37030000
v 539.22753900 124.52896900 -603.37030000
v 539.22753900 49.89029690 -603.37036100
v 539.22753900 49.89029690 -603.37036100
v 543.28027300 124.52896900 -603.37030000
v 543.28027300 124.52896900 -603.37030000
v 543.28027300 49.89029690 -603.37036100
v 543.28027300 49.89029690 -603.37036100
v 464.25198400 49.89029690 -599.31762700
v 464.25198400 49.89029690 -599.31762700
v 464.25198400 124.52896900 -599.31756600
v 464.25198400 124.52896900 -599.31756600
v 460.19924900 124.52896900 -599.31756600
v 460.19924900 124.52896900 -599.31756600
v 460.19924900 49.89029690 -599.31762700
v 460.19924900 49.89029690 -599.31762700
v 460.19924900 124.52896900 -603.37030000
v 460.19924900 124.52896900 -603.37030000
v 460.19924900 49.89029690 -603.37036100
v 460.19924900 49.89029690 -603.37036100
v 464.25198400 124.52896900 -603.37030000
v 464.25198400 124.52896900 -603.37030000
v 464.25198400 49.89029690 -603.37036100
v 464.25198400 49.89029690 -603.37036100
v 385.22366300 49.89029690 -599.31762700
v 385.22366300 49.89029690 -599.31762700
v 385.22366300 124.52896900 -599.31756600
v 385.22366300 124.52896900 -599.31756600
v 381.17092900 124.52896900 -599.31756600
v 381.17092900 124.52896900 -599.31756600
v 381.17092900 49.89029690 -599.31762700
v 381.17092900 49.89029690 -599.31762700
v 381.17092900 124.52896900 -603.37030000
v 381.17092900 124.52896900 -603.37030000
v 381.17092900 49.89029690 -603.37036100
v 381.17092900 49.89029690 -603.37036100
v 385.22366300 124.52896900 -603.37030000
v 385.22366300 124.52896900 -603.37030000
v 385.22366300 49.89029690 -603.37036100
v 385.22366300 49.89029690 -603.37036100
v 306.19534300 49.89029690 -599.31762700
v 306.19534300 49.89029690 -599.31762700
v 306.19534300 124.52896900 -599.31756600
v 306.19534300 124.52896900 -599.31756600
v 302.14260900 124.52896900 -599.31756600
v 302.14260900 124.52896900 -599.31756600
v 302.14260900 49.89029690 -599.31762700
v 302.14260900 49.89029690 -599.31762700
v 302.14260900 124.52896900 -603.37030000
v 302.14260900 124.52896900 -603.37030000
v 302.14260900 49.89029690 -603.37036100
v 302.14260900 49.89029690 -603.37036100
v 306.19534300 124.52896900 -603.37030000
v 306.19534300 124.52896900 -603.37030000
v 306.19534300 49.89029690 -603.37036100
v 306.19534300 49.89029690 -603.37036100
v 227.16703800 49.89029690 -599.31762700
v 227.16703800 49.89029690 -599.31762700
v 227.16703800 124.52896900 -599.31756600
v 227.16703800 124.52896900 -599.31756600
v 223.11430400 124.52896900 -599.31756600
v 223.11430400 124.52896900 -599.31756600
v 223.11430400 49.89029690 -599.31762700
v 223.11430400 49.89029690 -599.31762700
v 223.11430400 124.52896900 -603.37030000
v 223.11430400 124.52896900 -603.37030000
v 223.11430400 49.89029690 -603.37036100
v 223.11430400 49.89029690 -603.37036100
v 227.16703800 124.52896900 -603.37030000
v 227.16703800 124.52896900 -603.37030000
v 227.16703800 49.89029690 -603.37036100
v 227.16703800 49.89029690 -603.37036100
v -506.40341200 49.89029690 -599.31762700
v -506.40341200 49.89029690 -599.31762700
v -502.35067700 49.89029690 -599.31762700
v -502.35067700 49.89029690 -599.31762700
v -502.35067700 124.52896900 -599.31756600
v -502.35067700 124.52896900 -599.31756600
v -506.40341200 124.52896900 -599.31756600
v -506.40341200 124.52896900 -599.31756600
v -502.35067700 49.89029690 -603.37036100
v -502.35067700 49.89029690 -603.37036100
v -502.35067700 124.52896900 -603.37030000
v -502.35067700 124.52896900 -603.37030000
v -506.40341200 49.89029690 -603.37036100
v -506.40341200 49.89029690 -603.37036100
v -506.40341200 124.52896900 -603.37030000
v -506.40341200 124.52896900 -603.37030000
v -427.37512200 49.89029690 -599.31762700
v -427.37512200 49.89029690 -599.31762700
v -423.32238800 49.89029690 -599.31762700
v -423.32238800 49.89029690 -599.31762700
v -423.32238800 124.52896900 -599.31756600
v -423.32238800 124.52896900 -599.31756600
v -427.37512200 124.52896900 -599.31756600
v -427.37512200 124.52896900 -599.31756600
v -423.32238800 49.89029690 -603.37036100
v -423.32238800 49.89029690 -603.37036100
v -423.32238800 124.52896900 -603.37030000
v -423.32238800 124.52896900 -603.37030000
v -427.37512200 49.89029690 -603.37036100
v -427.37512200 49.89029690 -603.37036100
v -427.37512200 124.52896900 -603.37030000
v -427.37512200 124.52896900 -603.37030000
v -348.34683200 49.89029690 -599.31762700
v -348.34683200 49.89029690 -599.31762700
v -344.29409800 49.89029690 -599.31762700
v -344.29409800 49.89029690 -599.31762700
v -344.29409800 124.52896900 -599.31756600
v -344.29409800 124.52896900 -599.31756600
v -348.34683200 124.52896900 -599.31756600
v -348.34683200 124.52896900 -599.31756600
v -344.29409800 49.89029690 -603.37036100
v -344.29409800 49.89029690 -603.37036100
v -344.29409800 124.52896900 -603.37030000
v -344.29409800 124.52896900 -603.37030000
v -348.34683200 49.89029690 -603.37036100
v -348.34683200 49.89029690 -603.37036100
v -348.34683200 124.52896900 -603.37030000
v -348.34683200 124.52896900 -603.37030000
v -269.31854200 49.89029690 -599.31762700
v -269.31854200 49.89029690 -599.31762700
v -265.26580800 49.89029690 -599.31762700
v -265.26580800 49.89029690 -599.31762700
v -265.26580800 124.52896900 -599.31756600
v -265.26580800 124.52896900 -599.31756600
v -269.31854200 124.52896900 -599.31756600
v -269.31854200 124.52896900 -599.31756600
v -265.26580800 49.89029690 -603.37036100
v -265.26580800 49.89029690 -603.37036100
v -265.26580800 124.52896900 -603.37030000
v -265.26580800 124.52896900 -603.37030000
v -269.31854200 49.89029690 -603.37036100
v -269.31854200 49.89029690 -603.37036100
v -269.31854200 124.52896900 -603.37030000
v -269.31854200 124.52896900 -603.37030000
v -190.29022200 49.89029690 -599.31762700
v -190.29022200 49.89029690 -599.31762700
v -186.23748800 49.89029690 -599.31762700
v -186.23748800 49.89029690 -599.31762700
v -186.23748800 124.52896900 -599.31756600
v -186.23748800 124.52896900 -599.31756600
v -190.29022200 124.52896900 -599.31756600
v -190.29022200 124.52896900 -599.31756600
v -186.23748800 49.89029690 -603.37036100
v -186.23748800 49.89029690 -603.37036100
v -186.23748800 124.52896900 -603.37030000
v -186.23748800 124.52896900 -603.37030000
v -190.29022200 49.89029690 -603.37036100
v -190.29022200 49.89029690 -603.37036100
v -190.29022200 124.52896900 -603.37030000
v -190.29022200 124.52896900 -603.37030000
v 180.45965600 296.58743300 -575.99725300
v 180.45965600 296.58743300 -575.99725300
v 181.68426500 296.58743300 -575.99725300
v 181.68426500 296.58743300 -575.99725300
v 181.68426500 315.63531500 -583.26080300
v 181.68426500 315.63531500 -583.26080300
v 181.68426500 315.63531500 -583.26080300
v 180.45965600 315.63534500 -583.26080300
v 180.45965600 315.63534500 -583.26080300
v 180.45965600 315.63534500 -583.26080300
v 181.68426500 317.84161400 -587.18920900
v 181.68426500 317.84161400 -587.18920900
v 181.68426500 317.84161400 -587.18920900
v 180.45974700 317.84161400 -587.18920900
v 180.45974700 317.84161400 -587.18920900
v 180.45974700 317.84161400 -587.18920900
v 180.45974700 289.53457600 -619.56524700
v 180.45974700 289.53457600 -619.56524700
v 180.45974700 289.53457600 -619.56524700
v 181.68426500 289.53457600 -619.56524700
v 181.68426500 289.53457600 -619.56524700
v 181.68426500 289.53457600 -619.56524700
v 181.68426500 284.94201700 -619.48968500
v 181.68426500 284.94201700 -619.48968500
v 180.45974700 284.94201700 -619.48968500
v 180.45974700 284.94201700 -619.48968500
v 181.68426500 293.91799900 -585.47753900
v 180.45965600 293.91799900 -585.47753900
v 113.83940100 296.58743300 -575.99725300
v 113.83940100 296.58743300 -575.99725300
v 115.06403400 296.58743300 -575.99725300
v 115.06403400 296.58743300 -575.99725300
v 115.06403400 315.63531500 -583.26080300
v 115.06403400 315.63531500 -583.26080300
v 115.06403400 315.63531500 -583.26080300
v 113.83940100 315.63534500 -583.26080300
v 113.83940100 315.63534500 -583.26080300
v 113.83940100 315.63534500 -583.26080300
v 115.06403400 317.84161400 -587.18920900
v 115.06403400 317.84161400 -587.18920900
v 115.06403400 317.84161400 -587.18920900
v 113.83949300 317.84161400 -587.18920900
v 113.83949300 317.84161400 -587.18920900
v 113.83949300 317.84161400 -587.18920900
v 113.83949300 289.53454600 -619.56524700
v 113.83949300 289.53454600 -619.56524700
v 113.83949300 289.53454600 -619.56524700
v 115.06403400 289.53454600 -619.56524700
v 115.06403400 289.53454600 -619.56524700
v 115.06403400 289.53454600 -619.56524700
v 115.06403400 284.94201700 -619.48968500
v 115.06403400 284.94201700 -619.48968500
v 113.83949300 284.94201700 -619.48968500
v 113.83949300 284.94201700 -619.48968500
v 115.06403400 293.91799900 -585.47753900
v 113.83940100 293.91799900 -585.47753900
v 47.21916200 296.58743300 -575.99725300
v 47.21916200 296.58743300 -575.99725300
v 48.44379430 296.58743300 -575.99725300
v 48.44379430 296.58743300 -575.99725300
v 48.44379430 315.63531500 -583.26080300
v 48.44379430 315.63531500 -583.26080300
v 48.44379430 315.63531500 -583.26080300
v 47.21916200 315.63531500 -583.26080300
v 47.21916200 315.63531500 -583.26080300
v 47.21916200 315.63531500 -583.26080300
v 48.44379430 317.84158300 -587.18920900
v 48.44379430 317.84158300 -587.18920900
v 48.44379430 317.84158300 -587.18920900
v 47.21925350 317.84158300 -587.18920900
v 47.21925350 317.84158300 -587.18920900
v 47.21925350 317.84158300 -587.18920900
v 47.21925350 289.53454600 -619.56524700
v 47.21925350 289.53454600 -619.56524700
v 47.21925350 289.53454600 -619.56524700
v 48.44379430 289.53454600 -619.56524700
v 48.44379430 289.53454600 -619.56524700
v 48.44379430 289.53454600 -619.56524700
v 48.44379430 284.94201700 -619.48968500
v 48.44379430 284.94201700 -619.48968500
v 47.21925350 284.94201700 -619.48968500
v 47.21925350 284.94201700 -619.48968500
v 48.44379430 293.91796900 -585.47753900
v 47.21916200 293.91796900 -585.47753900
v -19.40107730 296.58740200 -575.99725300
v -19.40107730 296.58740200 -575.99725300
v -18.17644310 296.58740200 -575.99725300
v -18.17644310 296.58740200 -575.99725300
v -18.17644690 315.63531500 -583.26080300
v -18.17644690 315.63531500 -583.26080300
v -18.17644690 315.63531500 -583.26080300
v -19.40108300 315.63531500 -583.26080300
v -19.40108300 315.63531500 -583.26080300
v -19.40108300 315.63531500 -583.26080300
v -18.17644690 317.84158300 -587.18920900
v -18.17644690 317.84158300 -587.18920900
v -18.17644690 317.84158300 -587.18920900
v -19.40098760 317.84158300 -587.18920900
v -19.40098760 317.84158300 -587.18920900
v -19.40098760 317.84158300 -587.18920900
v -19.40098000 289.53451500 -619.56524700
v -19.40098000 289.53451500 -619.56524700
v -19.40098000 289.53451500 -619.56524700
v -18.17643740 289.53451500 -619.56524700
v -18.17643740 289.53451500 -619.56524700
v -18.17643740 289.53451500 -619.56524700
v -18.17643740 284.94201700 -619.48968500
v -18.17643740 284.94201700 -619.48968500
v -19.40098000 284.94201700 -619.48968500
v -19.40098000 284.94201700 -619.48968500
v -18.17644310 293.91793800 -585.47753900
v -19.40107730 293.91793800 -585.47753900
v -86.02133940 296.58740200 -575.99725300
v -86.02133940 296.58740200 -575.99725300
v -84.79669190 296.58740200 -575.99725300
v -84.79669190 296.58740200 -575.99725300
v -84.79669190 315.63531500 -583.26080300
v -84.79669190 315.63531500 -583.26080300
v -84.79669190 315.63531500 -583.26080300
v -86.02133940 315.63531500 -583.26080300
v -86.02133940 315.63531500 -583.26080300
v -86.02133940 315.63531500 -583.26080300
v -84.79669190 317.84158300 -587.18920900
v -84.79669190 317.84158300 -587.18920900
v -84.79669190 317.84158300 -587.18920900
v -86.02123260 317.84158300 -587.18920900
v -86.02123260 317.84158300 -587.18920900
v -86.02123260 317.84158300 -587.18920900
v -86.02123260 289.53451500 -619.56524700
v -86.02123260 289.53451500 -619.56524700
v -86.02123260 289.53451500 -619.56524700
v -84.79669190 289.53451500 -619.56524700
v -84.79669190 289.53451500 -619.56524700
v -84.79669190 289.53451500 -619.56524700
v -84.79669190 284.94201700 -619.48968500
v -84.79669190 284.94201700 -619.48968500
v -86.02123260 284.94201700 -619.48968500
v -86.02123260 284.94201700 -619.48968500
v -84.79669190 293.91793800 -585.47753900
v -86.02133940 293.91793800 -585.47753900
v -152.64160200 296.58737200 -575.99725300
v -152.64160200 296.58737200 -575.99725300
v -151.41696200 296.58737200 -575.99725300
v -151.41696200 296.58737200 -575.99725300
v -151.41696200 315.63528400 -583.26080300
v -151.41696200 315.63528400 -583.26080300
v -151.41696200 315.63528400 -583.26080300
v -152.64160200 315.63531500 -583.26080300
v -152.64160200 315.63531500 -583.26080300
v -152.64160200 315.63531500 -583.26080300
v -151.41696200 317.84158300 -587.18920900
v -151.41696200 317.84158300 -587.18920900
v -151.41696200 317.84158300 -587.18920900
v -152.64147900 317.84158300 -587.18920900
v -152.64147900 317.84158300 -587.18920900
v -152.64147900 317.84158300 -587.18920900
v -152.64147900 289.53451500 -619.56524700
v -152.64147900 289.53451500 -619.56524700
v -152.64147900 289.53451500 -619.56524700
v -151.41696200 289.53451500 -619.56524700
v -151.41696200 289.53451500 -619.56524700
v -151.41696200 289.53451500 -619.56524700
v -151.41696200 284.94198600 -619.48968500
v -151.41696200 284.94198600 -619.48968500
v -152.64147900 284.94198600 -619.48968500
v -152.64147900 284.94198600 -619.48968500
v -151.41696200 293.91793800 -585.47753900
v -152.64160200 293.91793800 -585.47753900
v -96.93929290 545.21600300 -248.96240200
v -96.93929290 545.21600300 -248.96240200
v -96.93929290 557.00366200 -248.96240200
v -96.93929290 557.00366200 -248.96240200
v -96.93929290 557.00366200 -253.08778400
v -96.93929290 557.00366200 -253.08778400
v -96.93929290 545.21600300 -253.08778400
v -96.93929290 545.21600300 -253.08778400
v -92.81393430 557.00366200 -253.08778400
v -92.81393430 557.00366200 -253.08778400
v -92.81393430 545.21600300 -253.08778400
v -92.81393430 545.21600300 -253.08778400
v -92.81393430 557.00366200 -248.96240200
v -92.81393430 557.00366200 -248.96240200
v -92.81393430 545.21600300 -248.96240200
v -92.81393430 545.21600300 -248.96240200
v -120.77397200 545.21600300 -248.96240200
v -120.77397200 545.21600300 -248.96240200
v -120.77397200 545.21600300 -253.08778400
v -120.77397200 545.21600300 -253.08778400
v -120.77397200 557.00366200 -253.08778400
v -120.77397200 557.00366200 -253.08778400
v -120.77397200 557.00366200 -248.96240200
v -120.77397200 557.00366200 -248.96240200
v -124.89933000 545.21600300 -253.08778400
v -124.89933000 545.21600300 -253.08778400
v -124.89933000 557.00366200 -253.08778400
v -124.89933000 557.00366200 -253.08778400
v -124.89933000 545.21600300 -248.96240200
v -124.89933000 545.21600300 -248.96240200
v -124.89933000 557.00366200 -248.96240200
v -124.89933000 557.00366200 -248.96240200
v -96.93929290 545.21606400 -330.79840100
v -96.93929290 545.21606400 -330.79840100
v -96.93929290 545.21600300 -326.67303500
v -96.93929290 545.21600300 -326.67303500
v -96.93929290 557.00366200 -326.67303500
v -96.93929290 557.00366200 -326.67303500
v -96.93929290 557.00372300 -330.79840100
v -96.93929290 557.00372300 -330.79840100
v -92.81393430 545.21600300 -326.67303500
v -92.81393430 545.21600300 -326.67303500
v -92.81393430 557.00366200 -326.67303500
v -92.81393430 557.00366200 -326.67303500
v -92.81393430 545.21606400 -330.79840100
v -92.81393430 545.21606400 -330.79840100
v -92.81393430 557.00372300 -330.79840100
v -92.81393430 557.00372300 -330.79840100
v -120.77397200 545.21606400 -330.79840100
v -120.77397200 545.21606400 -330.79840100
v -120.77397200 557.00372300 -330.79840100
v -120.77397200 557.00372300 -330.79840100
v -120.77397200 557.00366200 -326.67303500
v -120.77397200 557.00366200 -326.67303500
v -120.77397200 545.21600300 -326.67303500
v -120.77397200 545.21600300 -326.67303500
v -124.89933000 557.00366200 -326.67303500
v -124.89933000 557.00366200 -326.67303500
v -124.89933000 545.21600300 -326.67303500
v -124.89933000 545.21600300 -326.67303500
v -124.89933000 557.00372300 -330.79840100
v -124.89933000 557.00372300 -330.79840100
v -124.89933000 545.21606400 -330.79840100
v -124.89933000 545.21606400 -330.79840100
v -50.84167860 428.74102800 431.14013700
v -50.84167860 428.74102800 431.14013700
v 623.51306200 428.74139400 431.14007600
v 623.51306200 428.74139400 431.14007600
v 623.51306200 429.71740700 431.74075300
v 623.51306200 429.71740700 431.74075300
v -50.84167860 429.71710200 431.74075300
v -50.84167860 429.71710200 431.74075300
v 623.51306200 430.83227500 431.47515900
v 623.51306200 430.83227500 431.47515900
v 623.51293900 430.19165000 428.78375200
v 623.51293900 430.19165000 428.78375200
v 623.51336700 431.16754200 429.38446000
v 623.51336700 431.16754200 429.38446000
v 623.51306200 429.07672100 429.04919400
v 623.51306200 429.07672100 429.04919400
v -50.84167860 430.83197000 431.47534200
v -50.84167860 430.83197000 431.47534200
v -50.84167860 430.19128400 428.78381300
v -50.84167860 430.19128400 428.78381300
v -50.84167860 429.07638500 429.04919400
v -50.84167860 429.07638500 429.04919400
v 623.51306200 428.47604400 430.02520800
v 623.51306200 428.47604400 430.02520800
v 623.51306200 428.47604400 430.02520800
v -50.84167860 428.47570800 430.02523800
v -50.84167860 428.47570800 430.02523800
v -50.84167860 428.47570800 430.02523800
v -50.84167860 431.16726700 429.38443000
v -50.84167860 431.16726700 429.38443000
v -50.84192280 431.43267800 430.49920700
v -50.84192280 431.43267800 430.49920700
v 623.51306200 431.43301400 430.49917600
v 623.51306200 431.43301400 430.49917600
v -50.84167860 420.16455100 429.76794400
v -50.84167860 420.16455100 429.76794400
v 623.51306200 420.16482500 429.76788300
v 623.51306200 420.16482500 429.76788300
v 623.51306200 421.14080800 430.36862200
v 623.51306200 421.14080800 430.36862200
v -50.84167860 421.14053300 430.36856100
v -50.84167860 421.14053300 430.36856100
v 623.51306200 422.25576800 430.10302700
v 623.51306200 422.25576800 430.10302700
v 623.51293900 421.61508200 427.41156000
v 623.51293900 421.61508200 427.41156000
v 623.51336700 422.59106400 428.01226800
v 623.51336700 422.59106400 428.01226800
v 623.51306200 420.50018300 427.67697100
v 623.51306200 420.50018300 427.67697100
v -50.84167860 422.25546300 430.10314900
v -50.84167860 422.25546300 430.10314900
v -50.84167860 421.61468500 427.41165200
v -50.84167860 421.61468500 427.41165200
v -50.84167860 420.49984700 427.67706300
v -50.84167860 420.49984700 427.67706300
v 623.51306200 419.89950600 428.65304600
v 623.51306200 419.89950600 428.65304600
v 623.51306200 419.89950600 428.65304600
v -50.84167860 419.89913900 428.65304600
v -50.84167860 419.89913900 428.65304600
v -50.84167860 419.89913900 428.65304600
v -50.84167860 422.59079000 428.01226800
v -50.84167860 422.59079000 428.01226800
v -50.84192280 422.85614000 429.12701400
v -50.84192280 422.85614000 429.12701400
v 623.51306200 422.85647600 429.12701400
v 623.51306200 422.85647600 429.12701400
vt 0.41161743 0.41062662
vt 0.50314003 0.93489862
vt 0.60720164 0.39485311
vt 0.81016040 0.00027936
vt 0.41161743 0.51482487
vt 0.81016046 0.10447758
vt 0.90217662 0.20450150
vt 0.34530759 0.53184962
vt 0.90217662 0.27296194
vt 0.90054041 0.30804011
vt 0.32123584 0.41062662
vt 0.41275838 0.93489862
vt 0.94609344 0.72812712
vt 0.94609344 0.72812712
vt 0.85630697 0.08795183
vt 0.89036727 0.08795183
vt 0.94609344 0.76218730
vt 0.94609344 0.76218730
vt 0.27726403 0.66870672
vt 0.93102682 0.10447758
vt 0.78131062 0.20450157
vt 0.90054029 0.33465254
vt 0.32123584 0.54319751
vt 0.81120729 0.37717536
vt 0.81120729 0.37717536
vt 0.00027899 0.98935348
vt 0.81120729 0.37717536
vt 0.93102682 0.00027936
vt 0.27726403 0.56450850
vt 0.72806799 0.39485311
vt 0.72806799 0.39485311
vt 0.72806799 0.39485311
vt 0.50314003 0.91798925
vt 0.60720164 0.37794372
vt 0.71112710 0.52659553
vt 0.78131062 0.27296221
vt 0.34357393 0.68573159
vt 0.71112710 0.55320775
vt 0.48864532 0.82196790
vt 0.36764556 0.69707924
vt 0.02490779 0.71504474
vt 0.64322710 0.52659553
vt 0.71341038 0.27296221
vt 0.51651680 0.98266232
vt 0.92624819 0.17869140
vt 0.00027968 0.95701557
vt 0.53862929 0.31867129
vt 0.71341032 0.17869134
vt 0.21311751 0.95701557
vt 0.42224637 0.98266232
vt 0.41275838 0.91798925
vt 0.00027944 0.54319751
vt 0.46401322 0.73284638
vt 0.92830825 0.68815917
vt 0.92830825 0.55558860
vt 0.92830825 0.55558860
vt 0.09180193 0.93489862
vt 0.00027944 0.41062662
vt 0.70779091 0.56005710
vt 0.95812851 0.50220120
vt 0.95812851 0.50220120
vt 0.70779091 0.56005710
vt 0.95812851 0.67038232
vt 0.95812851 0.47084230
vt 0.67643207 0.56005710
vt 0.80960172 0.00027868
vt 0.48864350 0.55558860
vt 0.81321698 0.29149690
vt 0.81321698 0.29149690
vt 0.39232880 0.55320793
vt 0.80744380 0.82196790
vt 0.48864526 0.13284934
vt 0.62279344 0.08795114
vt 0.95709181 0.47018507
vt 0.95709181 0.25897801
vt 0.95709181 0.42115262
vt 0.95709181 0.42115262
vt 0.67182583 0.08795112
vt 0.80960172 0.13284934
vt 0.02435020 0.73284650
vt 0.48864350 0.68815917
vt 0.49226070 0.27458757
vt 0.79770225 0.34560671
vt 0.49226070 0.29149702
vt 0.79770225 0.36251614
vt 0.80744380 0.68939716
vt 0.48864526 0.00027868
vt 0.79770225 0.36251614
vt 0.79770225 0.36251614
vt 0.09066042 0.99447179
vt 0.56204337 0.34995669
vt 0.56204337 0.34995669
vt 0.09066042 0.98935348
vt 0.56204337 0.34483838
vt 0.90473956 0.27458757
vt 0.90473956 0.27458757
vt 0.77853608 0.91798914
vt 0.93363875 0.93582976
vt 0.00027923 0.91798925
vt 0.89998287 0.52578151
vt 0.00027935 0.94588780
vt 0.89553553 0.31775090
vt 0.93322843 0.76299310
vt 0.41217491 0.52578151
vt 0.48808616 0.94588780
vt 0.41217485 0.41062865
vt 0.81807566 0.76299310
vt 0.48808461 0.90460825
vt 0.78038275 0.31775087
vt 0.89998287 0.41062853
vt 0.00027790 0.90460825
vt 0.92461222 0.30804011
vt 0.63289970 0.31867138
vt 0.63653362 0.97252536
vt 0.92624843 0.27296191
vt 0.64119715 0.96259046
vt 0.63562906 0.30804104
vt 0.23774616 0.61914742
vt 0.48808622 0.40932483
vt 0.00027968 0.96799058
vt 0.23774613 0.71341813
vt 0.54135865 0.30804104
vt 0.42497566 0.99329245
vt 0.21311751 0.96799070
vt 0.02490786 0.71341813
vt 0.02490786 0.61914742
vt 0.51924604 0.99329257
vt 0.27524799 0.40932483
vt 0.02490779 0.72601974
vt 0.48808759 0.76076174
vt 0.89290720 0.30804118
vt 0.00027935 0.93582869
vt 0.00027790 0.91466731
vt 0.48808759 0.87591463
vt 0.77775437 0.30804118
vt 0.00027976 0.87591469
vt 0.81544733 0.77270281
vt 0.48808461 0.91466731
vt 0.48808616 0.93582869
vt 0.00027976 0.76076174
vt 0.93060011 0.77270281
vt 0.21849944 0.97810268
vt 0.29987749 0.72601974
vt 0.00027823 0.40932476
vt 0.21383584 0.96816778
vt 0.36825708 0.52659559
vt 0.29987749 0.71504474
vt 0.43670821 0.96259063
vt 0.00027808 0.55558789
vt 0.41770649 0.96816778
vt 0.36825675 0.73046708
vt 0.00027899 0.20414910
vt 0.00027823 0.20545352
vt 0.43204459 0.97252554
vt 0.42237014 0.97810274
vt 0.84506786 0.96259034
vt 0.00043891 0.96928257
vt 0.48808703 0.20414910
vt 0.48808634 0.20545352
vt 0.48808536 0.55558699
vt 0.92461222 0.51191104
vt 0.84040433 0.97252536
vt 0.00510258 0.97921753
vt 0.00027854 0.75945878
vt 0.48808181 0.90331596
vt 0.64057904 0.96259063
vt 0.63591540 0.97252566
vt 0.00027894 0.00027781
vt 0.48808181 0.89234102
vt 0.20430967 0.96928257
vt 0.00027891 0.89234102
vt 0.48808697 0.00027785
vt 0.20897326 0.97921747
vt 0.48808512 0.75945884
vt 0.00027899 0.90331638
vt 0.96672148 0.10004816
vt 0.96672148 0.10004816
vt 0.34998691 0.63738835
vt 0.96672148 0.03163686
vt 0.96672148 0.03163686
vt 0.34998691 0.56897700
vt 0.34998691 0.56897700
vt 0.36764556 0.56450850
vt 0.36764556 0.56450850
vt 0.48864537 0.68939722
vt 0.46401349 0.55558699
vt 0.90054065 0.51191104
vt 0.16075747 0.61848009
vt 0.64912343 0.20813222
vt 0.02434972 0.55558783
vt 0.39232853 0.73046714
vt 0.78772211 0.38741210
vt 0.78772211 0.38741210
vt 0.61758202 0.25563237
vt 0.78772211 0.38741210
vt 0.70537490 0.25979119
vt 0.70537490 0.26307338
vt 0.78772211 0.39485311
vt 0.61758202 0.26307338
vt 0.55030078 0.34995669
vt 0.18159957 0.98935396
vt 0.55030078 0.35507512
vt 0.18159957 0.99447233
vt 0.55030078 0.35507512
vt 0.09121793 0.99447233
vt 0.79946476 0.38741210
vt 0.09121793 0.98935396
vt 0.79946470 0.38229376
vt 0.79946470 0.38229376
vt 0.81120729 0.38229376
vt 0.00027899 0.99447179
vt 0.70796353 0.25979119
vt 0.53855825 0.35923389
vt 0.53855825 0.35507512
vt 0.70796353 0.25563237
vt 0.93363875 0.95273912
vt 0.00027923 0.93489862
vt 0.77846897 0.95273912
vt 0.56401843 0.77607942
vt 0.58938247 0.77607942
vt 0.77846897 0.93582976
vt 0.58938247 0.77607942
vt 0.90473956 0.29149702
vt 0.77853602 0.93489850
vt 0.93370587 0.91798914
vt 0.52002835 0.74985063
vt 0.52002835 0.74985063
vt 0.52002835 0.74985063
vt 0.93370587 0.93489850
vt 0.52002835 0.77521467
vt 0.36031979 0.99402738
vt 0.56401843 0.75779891
vt 0.36031979 0.98712259
vt 0.57437563 0.75779891
vt 0.53830886 0.77521467
vt 0.23099482 0.99402738
vt 0.23099482 0.98712259
vt 0.53830886 0.76485753
vt 0.53830886 0.76485753
vt 0.51987600 0.98712248
vt 0.55573916 0.75533795
vt 0.55573916 0.75533795
vt 0.55573916 0.76485753
vt 0.51987600 0.99346900
vt 0.51779932 0.98258507
vt 0.57378125 0.74985063
vt 0.51779932 0.98624325
vt 0.57378125 0.75533795
vt 0.58389533 0.74036861
vt 0.58389533 0.74036861
vt 0.64920121 0.98712248
vt 0.57437563 0.74036861
vt 0.64920121 0.99346900
vt 0.64712435 0.98258507
vt 0.58938247 0.72232652
vt 0.64712435 0.98624325
vt 0.58389533 0.72232652
vt 0.85630697 0.03138071
vt 0.94609344 0.67155588
vt 0.94609344 0.85281861
vt 0.94609344 0.81875849
vt 0.94609344 0.81875849
vt 0.89036727 0.03138071
vt 0.94209182 0.07256173
vt 0.51909047 0.72049844
vt 0.94209182 0.07256173
vt 0.51909047 0.77706975
vt 0.94209182 0.12913293
vt 0.94209182 0.12913293
vt 0.59137380 0.72049844
vt 0.94209194 0.25798711
vt 0.94209182 0.00027836
vt 0.94553572 0.52741319
vt 0.94553572 0.52741319
vt 0.63745844 0.72049844
vt 0.63745844 0.77706963
vt 0.94553572 0.68204892
vt 0.94553572 0.47084203
vt 0.94209194 0.20141606
vt 0.59137380 0.77706975
vt 0.94209194 0.20141606
vt 0.94553572 0.57644552
vt 0.68649077 0.72049838
vt 0.94553572 0.57644552
vt 0.71108615 0.72049844
vt 0.93246233 0.41361317
vt 0.93246233 0.41361317
vt 0.94553572 0.63301665
vt 0.68649077 0.77706963
vt 0.94553572 0.63301665
vt 0.71108615 0.77706963
vt 0.93246233 0.47018433
vt 0.93246233 0.25897732
vt 0.93246233 0.36458081
vt 0.76011836 0.72049844
vt 0.93246233 0.36458081
vt 0.76011836 0.77706975
vt 0.93246233 0.30800962
vt 0.93246233 0.30800962
vt 0.95709181 0.31554910
vt 0.95709181 0.31554910
vt 0.62279344 0.03137999
vt 0.94505590 0.31554910
vt 0.94505590 0.31554910
vt 0.94505590 0.25897801
vt 0.94505590 0.47018507
vt 0.96672148 0.13140695
vt 0.96672148 0.13140695
vt 0.31862804 0.63738835
vt 0.96672148 0.00027804
vt 0.31862804 0.56897700
vt 0.96672148 0.19981812
vt 0.95709181 0.36458144
vt 0.67182577 0.03137999
vt 0.95709181 0.36458144
vt 0.67643207 0.62846839
vt 0.95812851 0.60197127
vt 0.95812851 0.60197127
vt 0.95812851 0.57061249
vt 0.70779091 0.62846839
vt 0.95812851 0.57061249
vt 0.96728009 0.07344577
vt 0.96728009 0.07344577
vt 0.77017963 0.64326096
vt 0.59151971 0.64326096
vt 0.96727949 0.22063609
vt 0.96727949 0.22063609
vt 0.56016082 0.64326096
vt 0.96727949 0.18927728
vt 0.96727949 0.18927728
vt 0.80153823 0.64326096
vt 0.96728009 0.10480456
vt 0.96728009 0.10480456
vt 0.96728009 0.00027792
vt 0.80153823 0.60145199
vt 0.96728009 0.14661355
vt 0.77017963 0.60145199
vt 0.96728009 0.03163674
vt 0.96728009 0.03163674
vt 0.96727949 0.26244509
vt 0.59151971 0.60145199
vt 0.96727949 0.26244509
vt 0.56016082 0.60145199
vt 0.96727949 0.14746825
vt 0.96727949 0.29380390
vt 0.94449812 0.41361317
vt 0.94449812 0.41361317
vt 0.94449812 0.25897732
vt 0.94449812 0.47018433
vt 0.95812935 0.72812712
vt 0.95812935 0.72812712
vt 0.95812935 0.76218730
vt 0.95812935 0.76218730
vt 0.95412773 0.07256173
vt 0.95412773 0.07256173
vt 0.95412773 0.12913293
vt 0.95412773 0.12913293
vt 0.94449812 0.36458081
vt 0.94449812 0.36458081
vt 0.95412773 0.00027838
vt 0.95412773 0.25798711
vt 0.94449812 0.30800968
vt 0.94449812 0.30800968
vt 0.95412773 0.20141606
vt 0.95412773 0.20141606
vt 0.93349981 0.52741319
vt 0.93349981 0.52741319
vt 0.93349981 0.47084203
vt 0.93349981 0.68204892
vt 0.95812935 0.67155588
vt 0.95812935 0.85281861
vt 0.93349981 0.57644552
vt 0.93349981 0.57644552
vt 0.95812935 0.81875849
vt 0.95812935 0.81875849
vt 0.93349981 0.63301665
vt 0.93349981 0.63301665
vt 0.95468569 0.10004816
vt 0.95468569 0.10004816
vt 0.95468569 0.03163686
vt 0.95468569 0.03163686
vt 0.94505590 0.42115262
vt 0.94505590 0.42115262
vt 0.95468569 0.19981812
vt 0.95468569 0.00027804
vt 0.95468569 0.13140695
vt 0.95468569 0.13140695
vt 0.94505590 0.36458144
vt 0.94505590 0.36458144
vt 0.97931528 0.18927728
vt 0.97931528 0.18927728
vt 0.97931528 0.22063609
vt 0.97931528 0.22063609
vt 0.97931528 0.14746825
vt 0.97931528 0.29380390
vt 0.97931606 0.07344577
vt 0.97931606 0.07344577
vt 0.97931606 0.10480456
vt 0.97931606 0.10480456
vt 0.94609261 0.50220120
vt 0.94609261 0.50220120
vt 0.94609261 0.47084230
vt 0.94609272 0.67038232
vt 0.97931606 0.03163674
vt 0.97931606 0.03163674
vt 0.97931528 0.26244509
vt 0.97931528 0.26244509
vt 0.94609261 0.57061249
vt 0.94609261 0.57061249
vt 0.97931606 0.14661355
vt 0.97931606 0.00027792
vt 0.94609261 0.60197127
vt 0.94609261 0.60197127
vt 0.93176192 0.47002166
vt 0.93459344 0.11250894
vt 0.93176192 0.30803937
vt 0.93061590 0.30803937
vt 0.93061578 0.47002166
vt 0.84213877 0.39976770
vt 0.93061578 0.41895708
vt 0.84213877 0.34870791
vt 0.93061578 0.41895708
vt 0.93459344 0.16600169
vt 0.93176192 0.41895708
vt 0.93176192 0.41895708
vt 0.99711007 0.45931014
vt 0.99711007 0.45931014
vt 0.42785680 0.63416964
vt 0.99710971 0.32699627
vt 0.45806393 0.63416964
vt 0.45806393 0.63416964
vt 0.99711007 0.48952696
vt 0.99613863 0.48952696
vt 0.85780102 0.08603472
vt 0.99613881 0.32699627
vt 0.99613869 0.45931014
vt 0.99613869 0.45931014
vt 0.88906461 0.08603472
vt 0.93176186 0.33796787
vt 0.93176186 0.33796787
vt 0.90323710 0.11250894
vt 0.87206882 0.39976770
vt 0.93061602 0.33796787
vt 0.93061602 0.33796787
vt 0.93658733 0.05684781
vt 0.87492943 0.40252328
vt 0.87492943 0.34595224
vt 0.87492943 0.34595224
vt 0.93658745 0.00027989
vt 0.93724471 0.00027989
vt 0.46076724 0.68798512
vt 0.46076724 0.63141400
vt 0.46076724 0.63141400
vt 0.93724471 0.05684781
vt 0.93176186 0.38902733
vt 0.90323710 0.16600171
vt 0.93176186 0.38902733
vt 0.87206876 0.34870788
vt 0.93061590 0.38902733
vt 0.93061590 0.38902733
vt 0.87206876 0.34870788
vt 0.45806396 0.68522954
vt 0.99710995 0.37804151
vt 0.99710995 0.37804151
vt 0.85780102 0.03318904
vt 0.99613881 0.37804151
vt 0.99613881 0.37804151
vt 0.99613881 0.40824926
vt 0.99613881 0.40824926
vt 0.88906461 0.03318904
vt 0.99710995 0.40824926
vt 0.99710995 0.40824926
vt 0.42785683 0.68522954
vt 0.42480177 0.63141400
vt 0.42480186 0.68798512
vt 0.83861184 0.40252328
vt 0.83861178 0.34595230
vt 0.99863893 0.45740661
vt 0.99863893 0.45740661
vt 0.83900666 0.75882322
vt 0.99863893 0.48571661
vt 0.99863851 0.32699716
vt 0.81070483 0.75882322
vt 0.99766761 0.32699716
vt 0.99766749 0.48571655
vt 0.59380102 0.20181791
vt 0.56424779 0.20181793
vt 0.99766761 0.45740661
vt 0.99766761 0.45740661
vt 0.80800146 0.76157880
vt 0.80800152 0.70500779
vt 0.99863869 0.37804398
vt 0.81070489 0.70776337
vt 0.99863869 0.37804398
vt 0.59380102 0.25513533
vt 0.99766761 0.37804398
vt 0.99766761 0.37804398
vt 0.83900672 0.70776337
vt 0.99863881 0.40634617
vt 0.99863881 0.40634617
vt 0.99766761 0.40634617
vt 0.56424779 0.25513533
vt 0.99766761 0.40634617
vt 0.84206170 0.76157880
vt 0.84206170 0.70500779
vt 0.98264742 0.35673925
vt 0.99397594 0.50115484
vt 0.99397582 0.32699743
vt 0.99397564 0.43907747
vt 0.98264742 0.29466018
vt 0.99397564 0.43907747
vt 0.39606610 0.69665730
vt 0.99558044 0.43907747
vt 0.99558044 0.43907747
vt 0.39606607 0.63457817
vt 0.99558055 0.50115484
vt 0.99558061 0.32699743
vt 0.99397564 0.41407955
vt 0.99397564 0.41407955
vt 0.95764881 0.29466018
vt 0.99397552 0.35199732
vt 0.99397552 0.35199732
vt 0.95764870 0.35673925
vt 0.99558032 0.35199732
vt 0.42106473 0.63457817
vt 0.99558032 0.35199732
vt 0.42106476 0.69665724
vt 0.99558032 0.41407955
vt 0.99558032 0.41407955
vt 0.58112508 0.39274600
vt 0.58112508 0.39274600
vt 0.60612369 0.39274603
vt 0.60612369 0.39274603
vt 0.60612369 0.39365476
vt 0.58112508 0.39365476
vt 0.39288604 0.69982338
vt 0.39288595 0.63141203
vt 0.42424479 0.63141203
vt 0.42424479 0.69982332
vt 0.58112508 0.38944110
vt 0.60612369 0.38944113
vt 0.60612369 0.39034990
vt 0.60612369 0.39034990
vt 0.58112508 0.39034987
vt 0.58112508 0.39034987
vt 0.80002332 0.39167276
vt 0.80002332 0.39167276
vt 0.83367097 0.39167273
vt 0.83367097 0.39167273
vt 0.83367097 0.39346176
vt 0.80002332 0.39346179
vt 0.80002326 0.38386577
vt 0.83367097 0.38386577
vt 0.83367097 0.38498694
vt 0.83367097 0.38498694
vt 0.80002326 0.38498697
vt 0.80002326 0.38498697
vt 0.80002332 0.38866380
vt 0.80002332 0.38866380
vt 0.83367097 0.38866377
vt 0.83367097 0.38866377
vt 0.80002332 0.38799593
vt 0.80002332 0.38799593
vt 0.83367097 0.38799590
vt 0.83367097 0.38799590
vt 0.87904435 0.23374309
vt 0.87904435 0.23374309
vt 0.89332163 0.23374312
vt 0.89332163 0.23374312
vt 0.89332163 0.23577687
vt 0.87904435 0.23577680
vt 0.87904435 0.22486833
vt 0.89332163 0.22486833
vt 0.89332163 0.22614284
vt 0.89332163 0.22614284
vt 0.87904435 0.22614284
vt 0.87904435 0.22614284
vt 0.87904435 0.23032258
vt 0.87904435 0.23032258
vt 0.89332163 0.23032261
vt 0.89332163 0.23032261
vt 0.87904435 0.22956334
vt 0.87904435 0.22956334
vt 0.89332163 0.22956339
vt 0.89332163 0.22956339
vt 0.74601036 0.17200322
vt 0.69994849 0.25228787
vt 0.69994849 0.25228787
vt 0.74601036 0.17200322
vt 0.76864839 0.17200317
vt 0.76864839 0.17200317
vt 0.76864839 0.17379221
vt 0.74422121 0.17379227
vt 0.70173746 0.25407696
vt 0.70173746 0.24448089
vt 0.74422121 0.16419622
vt 0.76864839 0.16419627
vt 0.76864839 0.16531743
vt 0.76864839 0.16531743
vt 0.70061630 0.24560206
vt 0.74534243 0.16531740
vt 0.74534243 0.16531740
vt 0.70061630 0.24560206
vt 0.74601036 0.16899426
vt 0.74601036 0.16899426
vt 0.69994849 0.24927892
vt 0.69994849 0.24927892
vt 0.76864839 0.16899422
vt 0.76864839 0.16899422
vt 0.74534243 0.16832638
vt 0.70061630 0.24861103
vt 0.70061630 0.24861103
vt 0.74534243 0.16832638
vt 0.76864839 0.16832641
vt 0.76864839 0.16832641
vt 0.68993616 0.25228787
vt 0.68993616 0.25228787
vt 0.68993616 0.25407696
vt 0.68993616 0.24448089
vt 0.68993616 0.24560206
vt 0.68993616 0.24560206
vt 0.68993616 0.24927892
vt 0.68993616 0.24927892
vt 0.68993616 0.24861103
vt 0.68993616 0.24861103
vt 0.55487841 0.19095883
vt 0.55487841 0.19095883
vt 0.89691001 0.32699838
vt 0.89691001 0.32699838
vt 0.59201390 0.19095877
vt 0.59201390 0.19095877
vt 0.59201390 0.19274783
vt 0.55666745 0.19274791
vt 0.89512092 0.32878742
vt 0.89512080 0.31919131
vt 0.55666721 0.18315195
vt 0.59201390 0.18315195
vt 0.59201390 0.18427312
vt 0.59201390 0.18427312
vt 0.89624196 0.32031244
vt 0.55554599 0.18427315
vt 0.55554599 0.18427315
vt 0.89624196 0.32031244
vt 0.89691001 0.32398945
vt 0.89691001 0.32398945
vt 0.55487841 0.18794981
vt 0.55487841 0.18794981
vt 0.59201390 0.18794978
vt 0.59201390 0.18794978
vt 0.89624208 0.32332140
vt 0.55554605 0.18728216
vt 0.89624208 0.32332140
vt 0.55554605 0.18728216
vt 0.59201390 0.18728213
vt 0.59201390 0.18728213
vt 0.86047941 0.32699829
vt 0.86047941 0.32699829
vt 0.86047941 0.32878727
vt 0.86047941 0.31919131
vt 0.86047941 0.32031253
vt 0.86047941 0.32031253
vt 0.86047941 0.32398933
vt 0.86047941 0.32398933
vt 0.86047941 0.32332146
vt 0.86047941 0.32332146
vt 0.84578645 0.96438104
vt 0.84578645 0.96438104
vt 0.84578645 0.96259201
vt 0.24009271 0.70389229
vt 0.97405094 0.96259201
vt 0.97584021 0.96438122
vt 0.23830372 0.70568132
vt 0.23830372 0.70568132
vt 0.97584021 0.96438122
vt 0.84578651 0.97218889
vt 0.84578651 0.97106773
vt 0.84578651 0.97106773
vt 0.97517228 0.97106677
vt 0.97517228 0.97106677
vt 0.23897032 0.71236587
vt 0.23897032 0.71236587
vt 0.97405112 0.97218800
vt 0.24009152 0.71348703
vt 0.23830369 0.70868981
vt 0.23830369 0.70868981
vt 0.97584021 0.96739006
vt 0.97584021 0.96739006
vt 0.84578645 0.96739048
vt 0.84578645 0.96739048
vt 0.84578645 0.96805906
vt 0.84578645 0.96805906
vt 0.23897038 0.70935655
vt 0.97517228 0.96805793
vt 0.97517228 0.96805793
vt 0.23897038 0.70935655
vt 0.43382481 0.96181327
vt 0.43382481 0.96181327
vt 0.43393764 0.96248120
vt 0.43393764 0.96248120
vt 0.90421897 0.75527215
vt 0.21434148 0.96247846
vt 0.21434148 0.96247846
vt 0.90421897 0.75527215
vt 0.90355110 0.75594002
vt 0.90355110 0.75594002
vt 0.21367648 0.96181351
vt 0.21367648 0.96181351
vt 0.94546866 0.75894898
vt 0.94546866 0.75894898
vt 0.94546866 0.76073802
vt 0.21546565 0.95701534
vt 0.90534019 0.76073808
vt 0.21367653 0.95880443
vt 0.90355110 0.75894898
vt 0.90355110 0.75894898
vt 0.21367653 0.95880443
vt 0.94546866 0.75114203
vt 0.94546866 0.75226319
vt 0.94546866 0.75226319
vt 0.90421897 0.75226319
vt 0.90421897 0.75226319
vt 0.21434145 0.96548867
vt 0.21434145 0.96548867
vt 0.90534031 0.75114191
vt 0.21546270 0.96660996
vt 0.94546866 0.75594008
vt 0.94546866 0.75594008
vt 0.94546866 0.75527215
vt 0.94546866 0.75527215
vt 0.36084503 0.70568156
vt 0.36084503 0.70568156
vt 0.36084503 0.70389205
vt 0.36084491 0.71348923
vt 0.36084497 0.71236742
vt 0.36084497 0.71236742
vt 0.36084503 0.70869052
vt 0.36084503 0.70869052
vt 0.36084497 0.70935839
vt 0.36084497 0.70935839
vt 0.31527108 0.54845548
vt 0.31527108 0.54845548
vt 0.31527108 0.54666644
vt 0.36562383 0.54666627
vt 0.36562383 0.54845542
vt 0.36562383 0.54845542
vt 0.31527105 0.55626226
vt 0.31527108 0.55514109
vt 0.31527108 0.55514109
vt 0.36562383 0.55514121
vt 0.36562383 0.55514121
vt 0.36562383 0.55626249
vt 0.36562383 0.55146444
vt 0.36562383 0.55146444
vt 0.31527108 0.55146444
vt 0.31527108 0.55146444
vt 0.31527108 0.55213219
vt 0.31527108 0.55213219
vt 0.36562383 0.55213225
vt 0.36562383 0.55213225
vt 0.68937826 0.25228926
vt 0.68937826 0.25228926
vt 0.68937826 0.25407824
vt 0.61650389 0.25407773
vt 0.61650389 0.25228879
vt 0.61650389 0.25228879
vt 0.68937832 0.24448170
vt 0.68937832 0.24560280
vt 0.68937832 0.24560280
vt 0.61650389 0.24560314
vt 0.61650389 0.24560314
vt 0.61650389 0.24448174
vt 0.61650389 0.24927987
vt 0.61650389 0.24927987
vt 0.68937832 0.24928010
vt 0.68937832 0.24928010
vt 0.68937832 0.24861200
vt 0.68937832 0.24861200
vt 0.61650389 0.24861205
vt 0.61650389 0.24861205
vt 0.94154519 0.80571896
vt 0.94154519 0.80571896
vt 0.60584498 0.38007975
vt 0.60584498 0.38007975
vt 0.80800062 0.80571902
vt 0.80800062 0.80571902
vt 0.80978996 0.80392963
vt 0.60405594 0.37829071
vt 0.94154519 0.80392963
vt 0.94154519 0.81352556
vt 0.80978972 0.81352615
vt 0.60405564 0.38788697
vt 0.80866861 0.81240499
vt 0.60517710 0.38676548
vt 0.60517710 0.38676548
vt 0.80866861 0.81240499
vt 0.94154519 0.81240475
vt 0.94154519 0.81240475
vt 0.94154519 0.80872792
vt 0.94154519 0.80872792
vt 0.80800062 0.80872762
vt 0.60584498 0.38308865
vt 0.60584498 0.38308865
vt 0.80800062 0.80872762
vt 0.94154519 0.80939579
vt 0.94154519 0.80939579
vt 0.80866861 0.80939561
vt 0.60517710 0.38375655
vt 0.60517710 0.38375655
vt 0.80866861 0.80939561
vt 0.53855765 0.38007966
vt 0.53855765 0.38007966
vt 0.53855765 0.37829071
vt 0.53855765 0.38788673
vt 0.53855765 0.38676560
vt 0.53855765 0.38676560
vt 0.53855765 0.38308865
vt 0.53855765 0.38308865
vt 0.53855765 0.38375652
vt 0.53855765 0.38375652
vt 0.63361740 0.92579561
vt 0.63361740 0.92579561
vt 0.63361740 0.92758471
vt 0.49043331 0.15415902
vt 0.50548488 0.92758471
vt 0.48864421 0.15594807
vt 0.50369591 0.92579573
vt 0.48864421 0.15594807
vt 0.50369591 0.92579573
vt 0.63361740 0.91798884
vt 0.63361740 0.91911012
vt 0.63361740 0.91911012
vt 0.48931235 0.16263421
vt 0.48931235 0.16263421
vt 0.50436377 0.91910976
vt 0.50436377 0.91910976
vt 0.49043351 0.16375539
vt 0.50548476 0.91798884
vt 0.48864421 0.15895706
vt 0.48864421 0.15895706
vt 0.50369585 0.92278677
vt 0.50369585 0.92278677
vt 0.63361740 0.92278689
vt 0.63361740 0.92278689
vt 0.63361740 0.92211896
vt 0.63361740 0.92211896
vt 0.50436377 0.92211884
vt 0.48931235 0.15962526
vt 0.48931235 0.15962526
vt 0.50436377 0.92211884
vt 0.53174025 0.15594825
vt 0.53174025 0.15594825
vt 0.53174025 0.15415928
vt 0.53174025 0.16375507
vt 0.53174025 0.16263399
vt 0.53174025 0.16263399
vt 0.53174019 0.15895717
vt 0.53174019 0.15895717
vt 0.53174019 0.15962504
vt 0.53174019 0.15962504
vt 0.43393761 0.96549040
vt 0.43393761 0.96549040
vt 0.43382481 0.95880425
vt 0.43382481 0.95880425
vt 0.43412703 0.96661174
vt 0.43412703 0.95701534
vt 0.89230871 0.33513540
vt 0.85992110 0.32969832
vt 0.89230871 0.33513540
vt 0.85992110 0.32969832
vt 0.85992110 0.32289586
vt 0.89230871 0.34193659
vt 0.89230871 0.34193659
vt 0.85992110 0.32289586
vt 0.56881875 0.34193537
vt 0.56881875 0.34193537
vt 0.56881875 0.34193537
vt 0.56881875 0.33513486
vt 0.56881875 0.33513486
vt 0.56881875 0.33513486
vt 0.56881869 0.34449816
vt 0.56625921 0.34193537
vt 0.56625927 0.33513486
vt 0.56881875 0.33257508
vt 0.53855753 0.32969785
vt 0.53855753 0.32969785
vt 0.53855759 0.32289577
vt 0.53855759 0.32289577
vt 0.53855759 0.32030719
vt 0.85736084 0.32030719
vt 0.88971746 0.34449935
vt 0.88971752 0.33257264
vt 0.85736096 0.33228684
vt 0.53855759 0.33228636
vt 0.76965654 0.30393889
vt 0.76965654 0.30393889
vt 0.76965654 0.30393889
vt 0.76965654 0.31074128
vt 0.76965654 0.31074128
vt 0.76965654 0.31074128
vt 0.71168351 0.54426247
vt 0.64673054 0.31074119
vt 0.64673054 0.31074119
vt 0.71168351 0.54426247
vt 0.71168351 0.55106539
vt 0.64673054 0.30393889
vt 0.64673054 0.30393889
vt 0.71168351 0.55106539
vt 0.64878821 0.30135038
vt 0.71427071 0.55312204
vt 0.76965654 0.30135038
vt 0.77224523 0.30393889
vt 0.76965654 0.31332982
vt 0.77224523 0.31074131
vt 0.71427059 0.54220581
vt 0.64878833 0.31332987
vt 0.80800193 0.80137855
vt 0.80800193 0.80137855
vt 0.80800193 0.79457635
vt 0.80800193 0.79457635
vt 0.93626946 0.79457617
vt 0.93626946 0.79457617
vt 0.93626946 0.79457617
vt 0.93626946 0.80137867
vt 0.93626946 0.80137867
vt 0.93626946 0.80137867
vt 0.93626946 0.79251838
vt 0.93832737 0.79457617
vt 0.93832737 0.80137867
vt 0.93626946 0.80343640
vt 0.80800193 0.79251838
vt 0.80800193 0.80343652
vt 0.93294191 0.55106562
vt 0.93294191 0.55106562
vt 0.93294191 0.55312359
vt 0.93294191 0.54220575
vt 0.93294191 0.54426241
vt 0.93294191 0.54426241
vt 0.25169322 0.58011866
vt 0.25169322 0.58011866
vt 0.25169313 0.68544889
vt 0.25169313 0.68544889
vt 0.27475700 0.68544889
vt 0.24400520 0.68544889
vt 0.24400534 0.58011866
vt 0.27475691 0.58011866
vt 0.26706904 0.68544889
vt 0.26706904 0.68544889
vt 0.26706901 0.58011866
vt 0.26706901 0.58011866
vt 0.25938111 0.68544889
vt 0.25938111 0.68544889
vt 0.25938111 0.58011866
vt 0.25938111 0.58011866
vt 0.39772433 0.72618335
vt 0.39772433 0.72618335
vt 0.39772433 0.72618335
vt 0.45828515 0.72618341
vt 0.45828515 0.72618341
vt 0.45828515 0.72618341
vt 0.45828515 0.72938651
vt 0.45828515 0.72938651
vt 0.45828515 0.72938651
vt 0.39772433 0.72938651
vt 0.39772433 0.72938651
vt 0.39772433 0.72938651
vt 0.45827788 0.72175449
vt 0.45951110 0.72938651
vt 0.45827788 0.73061258
vt 0.39649838 0.72938651
vt 0.39771706 0.73061234
vt 0.39771706 0.72175449
vt 0.45827788 0.72495753
vt 0.45951110 0.72618341
vt 0.45827788 0.72495753
vt 0.39649838 0.72618324
vt 0.39771706 0.72495741
vt 0.39771706 0.72495741
vt 0.36636457 0.56039065
vt 0.36636457 0.56039065
vt 0.30921388 0.56039065
vt 0.30921388 0.56039065
vt 0.30921388 0.55928493
vt 0.30921388 0.55928493
vt 0.36636457 0.55928493
vt 0.36636457 0.55928493
vt 0.30921388 0.56388342
vt 0.30921385 0.55689776
vt 0.36636454 0.56388396
vt 0.36636457 0.55689776
vt 0.30921388 0.56277776
vt 0.30921388 0.56277776
vt 0.36636454 0.56277788
vt 0.36636454 0.56277788
vt 0.32952353 0.54292893
vt 0.32952353 0.54292893
vt 0.36762482 0.54292893
vt 0.36762482 0.54292893
vt 0.36762482 0.54506433
vt 0.36762482 0.54506433
vt 0.32952353 0.54506433
vt 0.32952353 0.54506433
vt 0.36762482 0.53997630
vt 0.36762482 0.54588157
vt 0.32952353 0.53997630
vt 0.32952353 0.54588157
vt 0.36762482 0.54211170
vt 0.36762482 0.54211170
vt 0.32952353 0.54211170
vt 0.32952353 0.54211170
vt 0.44286373 0.55614585
vt 0.44286373 0.55614585
vt 0.44286373 0.61476272
vt 0.44286373 0.61476272
vt 0.45241216 0.61476272
vt 0.43968084 0.61476272
vt 0.43968072 0.55614585
vt 0.45241216 0.55614585
vt 0.44922939 0.61343515
vt 0.44922939 0.61343515
vt 0.44922939 0.55614585
vt 0.44922939 0.55614585
vt 0.44604650 0.61343515
vt 0.44604650 0.61343515
vt 0.44604650 0.55614585
vt 0.44604650 0.55614585
vt 0.33913469 0.57391721
vt 0.33913469 0.57391721
vt 0.33913469 0.63253456
vt 0.33913469 0.63253456
vt 0.33595180 0.63253456
vt 0.34868312 0.63253456
vt 0.33595180 0.57391721
vt 0.34868312 0.57391721
vt 0.34550035 0.63253456
vt 0.34550035 0.63253456
vt 0.34550035 0.57391721
vt 0.34550035 0.57391721
vt 0.34231746 0.63253456
vt 0.34231746 0.63253456
vt 0.34231746 0.57391721
vt 0.34231746 0.57391721
vt 0.32416111 0.57228231
vt 0.32416111 0.57228231
vt 0.32416111 0.63317549
vt 0.32416111 0.63317549
vt 0.33370942 0.63317549
vt 0.32097822 0.63317549
vt 0.32097822 0.57228231
vt 0.33370942 0.57228231
vt 0.33052665 0.63203752
vt 0.33052665 0.63203752
vt 0.33052665 0.57228231
vt 0.33052665 0.57228231
vt 0.32734388 0.63203752
vt 0.32734388 0.63203752
vt 0.32734388 0.57228243
vt 0.32734388 0.57228243
vt 0.69893634 0.62637263
vt 0.96552610 0.52382100
vt 0.96552610 0.52382100
vt 0.96019197 0.52382100
vt 0.70215881 0.56644636
vt 0.96019197 0.52382100
vt 0.96019185 0.50373161
vt 0.96019197 0.58408868
vt 0.68206918 0.56644636
vt 0.67866743 0.62637263
vt 0.96552610 0.58408868
vt 0.96552598 0.50373161
vt 0.96019208 0.56399953
vt 0.96019208 0.56399953
vt 0.68206918 0.58653563
vt 0.96552622 0.56399953
vt 0.67866743 0.60610372
vt 0.96552622 0.56399953
vt 0.70215881 0.58653563
vt 0.96019208 0.54391038
vt 0.96019208 0.54391038
vt 0.69893634 0.60610372
vt 0.96552622 0.54391038
vt 0.96552622 0.54391038
vt 0.69980180 0.56880307
vt 0.68442619 0.56880307
vt 0.69980180 0.58417898
vt 0.77872723 0.63279814
vt 0.79411238 0.63279814
vt 0.79593676 0.63462251
vt 0.96548486 0.72773075
vt 0.96548486 0.72773075
vt 0.96548462 0.78478050
vt 0.96548462 0.70871449
vt 0.77690285 0.63462251
vt 0.79411238 0.61741322
vt 0.77872723 0.61741322
vt 0.96548498 0.76576376
vt 0.77690285 0.61558872
vt 0.96548498 0.76576376
vt 0.96548510 0.74674749
vt 0.79593676 0.61558872
vt 0.96548510 0.74674749
vt 0.68442619 0.58417898
vt 0.96043563 0.72773099
vt 0.69838607 0.62582225
vt 0.96043563 0.72773099
vt 0.96043587 0.74674749
vt 0.96043587 0.74674749
vt 0.69838607 0.60665405
vt 0.96043575 0.76576376
vt 0.67921770 0.60665405
vt 0.96043575 0.76576376
vt 0.67921770 0.62582225
vt 0.96043539 0.78478026
vt 0.96043539 0.70871449
vt 0.81617767 0.16768597
vt 0.99125093 0.05685167
vt 0.99125093 0.05685167
vt 0.99125099 0.00027886
vt 0.99125111 0.25798616
vt 0.81617767 0.11111481
vt 0.99341750 0.00027886
vt 0.99341750 0.25798616
vt 0.99341744 0.05685167
vt 0.99341744 0.05685167
vt 0.98796761 0.06889205
vt 0.81015968 0.17370389
vt 0.98796761 0.06889205
vt 0.81015968 0.10509688
vt 0.98796773 0.00027888
vt 0.98796773 0.30692965
vt 0.98580098 0.06889205
vt 0.98580098 0.06889205
vt 0.98580110 0.00027890
vt 0.98580140 0.30692965
vt 0.88846081 0.11111481
vt 0.99125099 0.18570526
vt 0.99125099 0.18570526
vt 0.99341750 0.18570526
vt 0.99341750 0.18570526
vt 0.98580128 0.22221775
vt 0.98580128 0.22221775
vt 0.98796773 0.22221772
vt 0.98796773 0.22221772
vt 0.89487994 0.10509686
vt 0.99125099 0.12913401
vt 0.88846081 0.16768597
vt 0.99125099 0.12913401
vt 0.99341744 0.12913401
vt 0.99341744 0.12913401
vt 0.98580122 0.15361015
vt 0.98580122 0.15361015
vt 0.89487994 0.17370389
vt 0.98796761 0.15361015
vt 0.98796761 0.15361015
vt 0.90145594 0.16768426
vt 0.98651147 0.43273088
vt 0.98651147 0.43273088
vt 0.90145594 0.11111321
vt 0.98651135 0.30803993
vt 0.98651147 0.48930261
vt 0.98434496 0.48930261
vt 0.98434496 0.30803993
vt 0.98434496 0.43273088
vt 0.98434496 0.43273088
vt 0.99341786 0.32758537
vt 0.99341786 0.32758537
vt 0.89543801 0.17370220
vt 0.99341774 0.25897747
vt 0.99341786 0.48838365
vt 0.89543790 0.10509525
vt 0.99125135 0.32758534
vt 0.99125135 0.32758534
vt 0.99125147 0.48838365
vt 0.99125135 0.25897747
vt 0.98651135 0.34209979
vt 0.93551606 0.11111320
vt 0.98651135 0.34209979
vt 0.98434496 0.34209979
vt 0.98434496 0.34209979
vt 0.99125135 0.44228855
vt 0.99125135 0.44228855
vt 0.99341786 0.44228855
vt 0.99341786 0.44228855
vt 0.94153392 0.10509525
vt 0.98651147 0.39867100
vt 0.98651147 0.39867100
vt 0.93551606 0.16768424
vt 0.98434496 0.39867100
vt 0.98434496 0.39867100
vt 0.99125135 0.37368059
vt 0.99125135 0.37368059
vt 0.99341774 0.37368059
vt 0.94153392 0.17370216
vt 0.99341774 0.37368059
vt 0.99069220 0.39233491
vt 0.99069220 0.39233491
vt 0.39890602 0.62481022
vt 0.99069220 0.26120681
vt 0.39890602 0.55639899
vt 0.99069220 0.46074390
vt 0.98852581 0.26120684
vt 0.98852587 0.46074396
vt 0.98852557 0.39233491
vt 0.98852557 0.39233491
vt 0.92789161 0.42778325
vt 0.92789161 0.42778325
vt 0.39288813 0.63082814
vt 0.39288810 0.55447197
vt 0.92789131 0.50414216
vt 0.93005812 0.42778325
vt 0.93005812 0.42778325
vt 0.93005812 0.50414223
vt 0.98852581 0.29256475
vt 0.98852581 0.29256475
vt 0.99069220 0.29256475
vt 0.43026480 0.55639899
vt 0.99069220 0.29256475
vt 0.43026480 0.55639899
vt 0.43026480 0.62481022
vt 0.99069220 0.36097401
vt 0.99069220 0.36097401
vt 0.98852557 0.36097401
vt 0.98852557 0.36097401
vt 0.43628278 0.55447197
vt 0.43628278 0.55447197
vt 0.92789173 0.30804116
vt 0.93005794 0.30804116
vt 0.93005800 0.38438773
vt 0.93005800 0.38438773
vt 0.43628275 0.63082814
vt 0.92789161 0.38438773
vt 0.92789161 0.38438773
vt 0.44598672 0.70808518
vt 0.40687168 0.62166452
vt 0.40723136 0.56659865
vt 0.40662014 0.56808436
vt 0.40879837 0.56811118
vt 0.40879837 0.56811118
vt 0.44547874 0.70562899
vt 0.40893820 0.62231469
vt 0.45158216 0.67114079
vt 0.43466535 0.67112821
vt 0.43466935 0.64996904
vt 0.45158967 0.64997995
vt 0.58231324 0.60798496
vt 0.57921570 0.61475217
vt 0.57921570 0.61475217
vt 0.57342595 0.61417139
vt 0.57342595 0.61417139
vt 0.57086819 0.60697925
vt 0.56854600 0.62371671
vt 0.56854600 0.62371671
vt 0.57259816 0.62794823
vt 0.57259816 0.62794823
vt 0.56934041 0.63465971
vt 0.56134003 0.62636667
vt 0.59010190 0.61637998
vt 0.59010190 0.62831438
vt 0.58281392 0.62480199
vt 0.58281392 0.62480199
vt 0.58306378 0.61909354
vt 0.58306378 0.61909354
vt 0.57728261 0.61856544
vt 0.46316606 0.69739771
vt 0.57896298 0.62041152
vt 0.46345469 0.70127851
vt 0.44480389 0.67795956
vt 0.44142204 0.67792624
vt 0.43834260 0.67661315
vt 0.44788984 0.67663699
vt 0.57475537 0.61831230
vt 0.46248740 0.69356519
vt 0.46162358 0.68977100
vt 0.46203739 0.72081810
vt 0.57283658 0.61985457
vt 0.56881589 0.61774123
vt 0.56881589 0.61774123
vt 0.46337709 0.71307933
vt 0.57445782 0.62416655
vt 0.57699269 0.62444490
vt 0.46350020 0.70913869
vt 0.57839078 0.62855953
vt 0.57839078 0.62855953
vt 0.56129426 0.61430538
vt 0.44912544 0.69886070
vt 0.41333470 0.61740506
vt 0.41305509 0.56812459
vt 0.41243625 0.56663889
vt 0.41237626 0.56451648
vt 0.41517839 0.56809550
vt 0.41551015 0.61471653
vt 0.45074552 0.69519937
vt 0.46350020 0.70519626
vt 0.57888287 0.62287337
vt 0.40717140 0.56447631
vt 0.40449664 0.56806648
vt 0.40239602 0.56807989
vt 0.40865338 0.56298614
vt 0.43564585 0.68041187
vt 0.43022174 0.67215157
vt 0.44145614 0.64320415
vt 0.43835765 0.64447254
vt 0.43564838 0.64066589
vt 0.44050825 0.63855064
vt 0.44045308 0.68256891
vt 0.44576937 0.68263102
vt 0.44791594 0.64448458
vt 0.45063677 0.64070445
vt 0.45603329 0.64896381
vt 0.44482043 0.64319712
vt 0.44581848 0.63857394
vt 0.45603329 0.67217451
vt 0.43022072 0.64893717
vt 0.41108161 0.62055063
vt 0.44687641 0.70273501
vt 0.45009792 0.71550429
vt 0.40240273 0.61586040
vt 0.44799992 0.71154594
vt 0.40468317 0.61898589
vt 0.46287277 0.71698987
vt 0.57270306 0.62229192
vt 0.41095427 0.56812906
vt 0.41095427 0.56812906
vt 0.58077878 0.63576949
vt 0.45070675 0.69269145
vt 0.41757053 0.61404628
vt 0.40024012 0.61412001
vt 0.45095763 0.71860063
vt 0.41735604 0.56804860
vt 0.41080925 0.56300271
vt 0.40024012 0.56812012
vt 0.45059913 0.68045276
vt 0.94134796 0.78249198
vt 0.94489443 0.78193134
vt 0.94502491 0.78290111
vt 0.94147366 0.78323710
vt 0.94116324 0.78161788
vt 0.94473869 0.78095823
vt 0.94101107 0.78060895
vt 0.94112676 0.78728467
vt 0.94457108 0.77998185
vt 0.94471067 0.78778481
vt 0.94124383 0.78626966
vt 0.94484365 0.78680193
vt 0.94139814 0.78538913
vt 0.94496453 0.78582287
vt 0.94149786 0.78463989
vt 0.94506013 0.78484815
vt 0.94152296 0.78393781
vt 0.94510126 0.78387308
vt 0.94031102 0.78395903
vt 0.94023305 0.78323799
vt 0.94005418 0.78251731
vt 0.93987733 0.78166932
vt 0.93981755 0.78065562
vt 0.93992955 0.78727931
vt 0.93995541 0.78626245
vt 0.94010365 0.78540844
vt 0.94025785 0.78468221
vt 0.92440468 0.78421003
vt 0.92443496 0.78563678
vt 0.92446154 0.78049064
vt 0.92440671 0.78156513
vt 0.92439884 0.78278494
vt 0.92455590 0.78793848
vt 0.92475390 0.78896880
vt 0.92463171 0.77946156
vt 0.92447346 0.78686035
vt 0.92275435 0.78422999
vt 0.92269444 0.78264391
vt 0.92261958 0.78122819
vt 0.92264468 0.77992213
vt 0.92278945 0.77860445
vt 0.92291212 0.78986943
vt 0.92273986 0.78855002
vt 0.92268682 0.78724015
vt 0.92273033 0.78581899
vt 0.82371205 0.78513056
vt 0.82370239 0.78680646
vt 0.82367873 0.78181493
vt 0.82370114 0.78346056
vt 0.82367855 0.79010802
vt 0.82365632 0.77860439
vt 0.82368457 0.79173356
vt 0.82368392 0.78846842
vt 0.82366472 0.78020006
vt 0.81797946 0.78008741
vt 0.81783116 0.77866489
vt 0.81761581 0.79168731
vt 0.81801575 0.78867102
vt 0.81822282 0.78697658
vt 0.81833845 0.78508192
vt 0.81829452 0.78320336
vt 0.81779832 0.79019207
vt 0.81814915 0.78155059
vt 0.81513709 0.78499013
vt 0.81520200 0.78336823
vt 0.81525123 0.78188562
vt 0.81522471 0.78051090
vt 0.81506103 0.77917498
vt 0.81463951 0.79105538
vt 0.81489253 0.78962845
vt 0.81501108 0.78817600
vt 0.81507206 0.78663504
vt 0.80943489 0.78738260
vt 0.81183004 0.78612930
vt 0.81078130 0.78760964
vt 0.81171846 0.78742129
vt 0.81206280 0.78106391
vt 0.81007332 0.79096895
vt 0.80872685 0.79074192
vt 0.81208843 0.78230107
vt 0.81189108 0.77977508
vt 0.81123269 0.79014569
vt 0.81123269 0.79014569
vt 0.81152606 0.78875411
vt 0.81152606 0.78875411
vt 0.81193095 0.78481674
vt 0.80827534 0.78820586
vt 0.80798215 0.78959751
vt 0.81202275 0.78352803
vt 0.80529827 0.97764307
vt 0.80864406 0.97713476
vt 0.80876023 0.97804916
vt 0.80541354 0.97834831
vt 0.80512863 0.97681510
vt 0.80850428 0.97621656
vt 0.80507708 0.98217559
vt 0.80499285 0.97586000
vt 0.80845469 0.98264849
vt 0.80835342 0.97529501
vt 0.80518729 0.98121625
vt 0.80858034 0.98172224
vt 0.80533475 0.98038357
vt 0.80869484 0.98079979
vt 0.80543131 0.97967535
vt 0.80878568 0.97988188
vt 0.80545747 0.97901136
vt 0.80882549 0.97896445
vt 0.80431253 0.97902679
vt 0.80424100 0.97834372
vt 0.80407363 0.97766006
vt 0.80391037 0.97685409
vt 0.80394483 0.98217505
vt 0.80386305 0.97589076
vt 0.80396736 0.98120946
vt 0.80410963 0.98039913
vt 0.80425906 0.97971153
vt 0.78911233 0.97921193
vt 0.78914297 0.98060173
vt 0.78921062 0.97558451
vt 0.78913873 0.97663271
vt 0.78911549 0.97782308
vt 0.78928250 0.98284489
vt 0.78948927 0.98384428
vt 0.78939635 0.97458530
vt 0.78918970 0.98179442
vt 0.78750008 0.97922725
vt 0.78744906 0.97767079
vt 0.78738850 0.97627717
vt 0.78742749 0.97498661
vt 0.78768015 0.98478126
vt 0.78758425 0.97368205
vt 0.78750175 0.98347580
vt 0.78744084 0.98218310
vt 0.78747696 0.98078567
vt 0.66271609 0.98015231
vt 0.66270494 0.98181039
vt 0.66267979 0.97686845
vt 0.66270459 0.97849923
vt 0.66267151 0.98507714
vt 0.66264886 0.97368211
vt 0.66266960 0.98668629
vt 0.66268283 0.98345452
vt 0.66266203 0.97526640
vt 0.65703636 0.97518796
vt 0.65687805 0.97378296
vt 0.65669614 0.98659408
vt 0.65710199 0.98363733
vt 0.65730685 0.98197383
vt 0.65741766 0.98011065
vt 0.65736723 0.97826070
vt 0.65688360 0.98512882
vt 0.65721428 0.97663140
vt 0.65427482 0.98003376
vt 0.65432751 0.97844189
vt 0.65436333 0.97698414
vt 0.65432406 0.97563130
vt 0.65414846 0.97431701
vt 0.65379596 0.98595709
vt 0.65404648 0.98456752
vt 0.65416282 0.98315054
vt 0.65421903 0.98164451
vt 0.64874905 0.98238742
vt 0.65105373 0.98117000
vt 0.65095574 0.98242694
vt 0.65005529 0.98260903
vt 0.65122265 0.97621042
vt 0.64936489 0.98586798
vt 0.65126300 0.97742504
vt 0.64805859 0.98564637
vt 0.65049070 0.98507029
vt 0.65049070 0.98507029
vt 0.65103835 0.97494507
vt 0.65077668 0.98372030
vt 0.65077668 0.98372030
vt 0.64762312 0.98318505
vt 0.65113884 0.97988933
vt 0.64733726 0.98453498
vt 0.65121371 0.97862840
vt 0.48533621 0.88961071
vt 0.49174833 0.94706148
vt 0.49059448 0.94698107
vt 0.49059448 0.94698107
vt 0.48533627 0.89076489
vt 0.00027800 0.89078951
vt 0.00461623 0.94698119
vt 0.00461623 0.94698119
vt 0.00027795 0.88961714
vt 0.00346277 0.94706160
vt 0.00027856 0.87788480
vt 0.00346271 0.95552707
vt 0.00461621 0.95560747
vt 0.00027864 0.87673068
vt 0.00461621 0.95560747
vt 0.49059448 0.95561004
vt 0.48533696 0.87673068
vt 0.49059448 0.95561004
vt 0.49174833 0.95552951
vt 0.48533696 0.87790298
vt 0.48533675 0.88056290
vt 0.49405616 0.95433188
vt 0.48533663 0.88194227
vt 0.49468070 0.95309877
vt 0.00027827 0.88190144
vt 0.00053121 0.95309705
vt 0.00027840 0.88052046
vt 0.00115559 0.95432985
vt 0.49493152 0.95122987
vt 0.48533642 0.88382375
vt 0.49468070 0.94936103
vt 0.48533627 0.88570529
vt 0.00053110 0.94936049
vt 0.00027803 0.88567620
vt 0.00028037 0.95122874
vt 0.00027816 0.88378882
vt 0.48533621 0.88702655
vt 0.49405605 0.94819349
vt 0.00027798 0.88700551
vt 0.00115554 0.94819331
vt 0.00027851 0.87908465
vt 0.00230911 0.95518923
vt 0.48533696 0.87912226
vt 0.49290225 0.95519167
vt 0.48533621 0.88839495
vt 0.49290225 0.94745231
vt 0.00027795 0.88838655
vt 0.00230906 0.94745231
vt 0.70932370 0.27309918
vt 0.92328650 0.52775466
vt 0.49541953 0.27309910
vt 0.71168315 0.52775288
vt 0.49657303 0.27317953
vt 0.71168321 0.52659649
vt 0.49657303 0.27317953
vt 0.92328650 0.52659720
vt 0.70817006 0.27317956
vt 0.70817006 0.27317956
vt 0.71168321 0.53945869
vt 0.49541941 0.26463285
vt 0.92328650 0.53945816
vt 0.70932370 0.26463303
vt 0.70817006 0.26455253
vt 0.92328650 0.54061454
vt 0.70817006 0.26455253
vt 0.71168321 0.54061621
vt 0.49657303 0.26455247
vt 0.49657303 0.26455247
vt 0.92328650 0.53681731
vt 0.71163100 0.26583034
vt 0.71168321 0.53681868
vt 0.49311212 0.26583022
vt 0.49248767 0.26706326
vt 0.71168315 0.53543657
vt 0.71225542 0.26706338
vt 0.92328638 0.53543496
vt 0.71250623 0.26893169
vt 0.92328638 0.53355086
vt 0.71168321 0.53355128
vt 0.49223685 0.26893169
vt 0.49248758 0.27080002
vt 0.71168321 0.53166616
vt 0.92328638 0.53166676
vt 0.71225542 0.27080011
vt 0.49311212 0.27196738
vt 0.71168315 0.53034216
vt 0.71163100 0.27196753
vt 0.92328638 0.53034359
vt 0.92328650 0.53825593
vt 0.71047735 0.26497087
vt 0.71168321 0.53825593
vt 0.49426570 0.26497078
vt 0.49426570 0.27270839
vt 0.71168315 0.52897102
vt 0.71047735 0.27270848
vt 0.92328650 0.52897280
vt 0.81114721 0.36384657
vt 0.49729839 0.95263678
vt 0.77211493 0.95263678
vt 0.53855884 0.36383569
vt 0.53855884 0.36267898
vt 0.77096146 0.95255631
vt 0.77096146 0.95255631
vt 0.49845192 0.95255643
vt 0.49845192 0.95255643
vt 0.81114721 0.36269003
vt 0.53855872 0.37554517
vt 0.77211499 0.96110302
vt 0.49729839 0.96110290
vt 0.81114721 0.37554041
vt 0.49845192 0.96118343
vt 0.81114721 0.37669715
vt 0.49845192 0.96118343
vt 0.77096146 0.96118343
vt 0.53855878 0.37670171
vt 0.77096146 0.96118343
vt 0.49499106 0.95990551
vt 0.81114709 0.37289888
vt 0.77442235 0.95990568
vt 0.53855866 0.37290385
vt 0.53855866 0.37152135
vt 0.77504677 0.95867270
vt 0.49436665 0.95867258
vt 0.81114709 0.37151885
vt 0.81114709 0.36963651
vt 0.49411589 0.95680422
vt 0.53855866 0.36963561
vt 0.77529758 0.95680422
vt 0.77504688 0.95493591
vt 0.53855866 0.36774996
vt 0.81114709 0.36775416
vt 0.49436665 0.95493579
vt 0.53855872 0.36642566
vt 0.77442235 0.95376849
vt 0.81114709 0.36643317
vt 0.49499106 0.95376837
vt 0.81114715 0.37433794
vt 0.49614468 0.96076506
vt 0.53855866 0.37434357
vt 0.77326876 0.96076506
vt 0.77326876 0.95302749
vt 0.53855878 0.36505413
vt 0.49614471 0.95302749
vt 0.81114715 0.36506280
vt 0.66568601 0.24401385
vt 0.87789679 0.24002330
vt 0.66568601 0.24401385
vt 0.63493770 0.24401385
vt 0.63493770 0.24401385
vt 0.87789673 0.20847885
vt 0.63493770 0.21577261
vt 0.63493770 0.21577261
vt 0.66568601 0.20137995
vt 0.66568601 0.20137995
vt 0.71253085 0.24401385
vt 0.61884123 0.24401385
vt 0.89440990 0.20847885
vt 0.71253085 0.21577261
vt 0.61884123 0.21577261
vt 0.89440990 0.24002330
vt 0.68178248 0.24401385
vt 0.68178248 0.24401385
vt 0.68178248 0.20137995
vt 0.68178248 0.20137995
vt 0.81673485 0.14261745
vt 0.87003624 0.23552455
vt 0.88073820 0.14261745
vt 0.87152761 0.14261745
vt 0.86082566 0.23552455
vt 0.87152761 0.14261745
vt 0.87152761 0.11178567
vt 0.87152761 0.11178567
vt 0.88073820 0.11178567
vt 0.81673485 0.11178567
vt 0.99838054 0.23169756
vt 0.87612325 0.20509104
vt 0.99838054 0.23169756
vt 0.99838054 0.26905042
vt 0.87612325 0.24341109
vt 0.99838054 0.26905042
vt 0.85565400 0.24280542
vt 0.99397707 0.28860441
vt 0.99397707 0.28860441
vt 0.99397707 0.26905042
vt 0.87520790 0.24280542
vt 0.99397707 0.26905042
vt 0.89618349 0.24341109
vt 0.99838054 0.28860441
vt 0.99838054 0.28860441
vt 0.99397707 0.23169756
vt 0.87520790 0.20545252
vt 0.99397707 0.23169756
vt 0.85565400 0.20545252
vt 0.99397707 0.21214369
vt 0.99397707 0.32595745
vt 0.89618349 0.20509100
vt 0.99838054 0.21214367
vt 0.99838054 0.32595745
vt 0.95524561 0.23390806
vt 0.68492478 0.73570651
vt 0.74491215 0.73468697
vt 0.67075783 0.72678822
vt 0.96614015 0.22119802
vt 0.64250380 0.30206540
vt 0.49489102 0.30206525
vt 0.52025080 0.30206552
vt 0.75907874 0.72576869
vt 0.96614015 0.24661812
vt 0.52025080 0.30206552
vt 0.52025086 0.30070603
vt 0.52025086 0.30070603
vt 0.80933595 0.15293028
vt 0.56869519 0.30070606
vt 0.56869519 0.30070606
vt 0.76954258 0.15293028
vt 0.92361319 0.27408448
vt 0.75907874 0.77432752
vt 0.56869519 0.30206561
vt 0.56869519 0.30206561
vt 0.49489102 0.30070582
vt 0.80933595 0.17376177
vt 0.64250380 0.30070582
vt 0.59405655 0.30070609
vt 0.76954258 0.17376177
vt 0.59405655 0.30070609
vt 0.67075783 0.77534705
vt 0.92361319 0.30295843
vt 0.59405655 0.30206564
vt 0.59405655 0.30206564
vt 0.91123849 0.28852147
vt 0.74491215 0.76540923
vt 0.68492478 0.76642877
vt 0.87003624 0.21273343
vt 0.83952600 0.14261745
vt 0.83952600 0.14261745
vt 0.84873646 0.14261745
vt 0.84873646 0.14261745
vt 0.86082572 0.21273340
vt 0.83952600 0.11178567
vt 0.83952600 0.11178567
vt 0.84873646 0.11178567
vt 0.84873646 0.11178567
vt 0.86765993 0.37888101
vt 0.79887933 0.24312307
vt 0.79887933 0.24312307
vt 0.86765993 0.39743790
vt 0.78186810 0.24312307
vt 0.85509711 0.24312307
vt 0.85509711 0.21359906
vt 0.78186810 0.21359906
vt 0.79887938 0.20545405
vt 0.79887938 0.20545405
vt 0.83549392 0.24312307
vt 0.83549392 0.24312307
vt 0.84627563 0.39743790
vt 0.83549392 0.21359906
vt 0.83549392 0.21359906
vt 0.81848264 0.24312307
vt 0.84627563 0.37888104
vt 0.81848264 0.24312307
vt 0.81848264 0.20545405
vt 0.81848264 0.20545405
vt 0.66008472 0.75266784
vt 0.81673569 0.16681535
vt 0.85955113 0.16681535
vt 0.84960496 0.16681535
vt 0.66008472 0.76261395
vt 0.84960496 0.16681535
vt 0.84960496 0.14412299
vt 0.84960496 0.14412299
vt 0.85955113 0.14412296
vt 0.81673569 0.14412296
vt 0.86995649 0.39943084
vt 0.93158424 0.08923767
vt 0.93158424 0.00027914
vt 0.86995655 0.37688807
vt 0.93158424 0.06857245
vt 0.93158424 0.06857245
vt 0.93603086 0.04475841
vt 0.66626096 0.74730820
vt 0.93603086 0.04475841
vt 0.64244700 0.74730820
vt 0.93603086 0.06857244
vt 0.93603086 0.06857244
vt 0.84397894 0.37688807
vt 0.93158424 0.04475841
vt 0.93158424 0.04475841
vt 0.64244700 0.76797348
vt 0.93603086 0.08923767
vt 0.93603086 0.00027916
vt 0.93603086 0.02409315
vt 0.93603086 0.02409315
vt 0.66626096 0.76797348
vt 0.93158424 0.02409319
vt 0.93158424 0.02409319
vt 0.84397900 0.39943084
vt 0.90428585 0.30079877
vt 0.86817706 0.37561202
vt 0.86817706 0.37561202
vt 0.77506369 0.30079880
vt 0.85721731 0.36266697
vt 0.85721731 0.36266697
vt 0.85721731 0.36266697
vt 0.85721731 0.36266697
vt 0.86817706 0.34972185
vt 0.80965680 0.30079901
vt 0.80965680 0.30079901
vt 0.86817706 0.34972185
vt 0.77506369 0.30236053
vt 0.90428585 0.30236056
vt 0.86077428 0.14362669
vt 0.86077428 0.16683626
vt 0.87426782 0.30236074
vt 0.87426782 0.30236074
vt 0.87426782 0.30079898
vt 0.87426782 0.30079898
vt 0.84620792 0.37526682
vt 0.84620792 0.37526682
vt 0.80965680 0.30236077
vt 0.80965680 0.30236077
vt 0.88752031 0.14362669
vt 0.84620792 0.35006702
vt 0.83967489 0.30079892
vt 0.83967489 0.30079892
vt 0.84620792 0.35006702
vt 0.83967489 0.30236065
vt 0.83967489 0.30236065
vt 0.88752031 0.16683626
vt 0.64862317 0.75266784
vt 0.82819730 0.16681535
vt 0.82819730 0.16681535
vt 0.64862317 0.76261395
vt 0.83814341 0.16681535
vt 0.83814341 0.16681535
vt 0.82819730 0.14412296
vt 0.82819730 0.14412296
vt 0.83814341 0.14412296
vt 0.83814341 0.14412296
vt 0.97179931 0.45061535
vt 0.75702947 0.31617922
vt 0.95764953 0.45061535
vt 0.64769918 0.31617922
vt 0.95764953 0.36100191
vt 0.95764953 0.36100191
vt 0.66463178 0.31617922
vt 0.97179931 0.35821870
vt 0.66463178 0.31617922
vt 0.97179931 0.35821870
vt 0.65048230 0.31385791
vt 0.65048230 0.31385791
vt 0.98356938 0.50385016
vt 0.66463178 0.31385788
vt 0.99926364 0.50385016
vt 0.66463178 0.31385788
vt 0.65048230 0.31617922
vt 0.65048230 0.31617922
vt 0.95764953 0.35821870
vt 0.98356938 0.50693709
vt 0.64769918 0.31385791
vt 0.75702947 0.31385788
vt 0.99926364 0.60633171
vt 0.99503475 0.50693709
vt 0.99503475 0.60633171
vt 0.89763194 0.40982339
vt 0.46412653 0.99492824
vt 0.93190771 0.91713566
vt 0.77711427 0.91713566
vt 0.30932498 0.99492770
vt 0.77711427 0.91713566
vt 0.48864362 0.40982464
vt 0.93190771 0.82320583
vt 0.80370206 0.40982336
vt 0.93190771 0.82320583
vt 0.48864186 0.30718771
vt 0.11883669 0.61611301
vt 0.46468532 0.99746907
vt 0.46468532 0.99492759
vt 0.48864537 0.91713566
vt 0.11883667 0.61357153
vt 0.64297497 0.91713566
vt 0.61901110 0.99492759
vt 0.64714396 0.40982559
vt 0.64714396 0.40728337
vt 0.64297134 0.30718771
vt 0.61901110 0.99746925
vt 0.48864186 0.21325783
vt 0.02490636 0.61611307
vt 0.02490636 0.61357153
vt 0.48864537 0.82320583
vt 0.80370206 0.40728185
vt 0.93190414 0.21325783
vt 0.89763194 0.40728185
vt 0.93190426 0.30718771
vt 0.46412653 0.99746937
vt 0.30932498 0.99746937
vt 0.48864368 0.40728337
vt 0.77711070 0.30718771
vt 0.50082934 0.40728346
vt 0.50082934 0.40728346
vt 0.77711070 0.31937468
vt 0.50082934 0.40982473
vt 0.77711427 0.92932266
vt 0.50082934 0.40982473
vt 0.64297134 0.31937468
vt 0.63495356 0.40728337
vt 0.63495356 0.40728337
vt 0.63495350 0.40982559
vt 0.64297491 0.92932266
vt 0.63495350 0.40982559
vt 0.49170238 0.30356923
vt 0.49170238 0.21325783
vt 0.92864317 0.21325783
vt 0.92864317 0.30356923
vt 0.77390885 0.30356923
vt 0.77390885 0.31703722
vt 0.64617324 0.31703722
vt 0.64617324 0.30356923
vt 0.64925742 0.40982425
vt 0.49225974 0.16732544
vt 0.49225974 0.16732544
vt 0.71333092 0.40982416
vt 0.55432099 0.16531043
vt 0.71333092 0.40982416
vt 0.55432099 0.16531043
vt 0.55432099 0.25511834
vt 0.80314326 0.40982434
vt 0.49225974 0.25511834
vt 0.65127248 0.40728271
vt 0.93246549 0.90000141
vt 0.65127248 0.40728271
vt 0.99452680 0.90000147
vt 0.71333092 0.40728274
vt 0.71333092 0.40728274
vt 0.65127248 0.40982425
vt 0.49225974 0.16531043
vt 0.65127248 0.40982425
vt 0.99452680 0.98980933
vt 0.80314326 0.40728271
vt 0.64788979 0.40728274
vt 0.93246549 0.90338403
vt 0.98989302 0.90338403
vt 0.98989302 0.98642671
vt 0.80800152 0.70342451
vt 0.73891377 0.17534664
vt 0.73891377 0.17534664
vt 0.80800152 0.68939710
vt 0.72488803 0.17534667
vt 0.72488803 0.17534667
vt 0.72054285 0.17534664
vt 0.81234729 0.68939704
vt 0.87322652 0.17534648
vt 0.94230706 0.70342451
vt 0.87322652 0.17534648
vt 0.94539708 0.77718222
vt 0.87322652 0.17773621
vt 0.87322652 0.17773621
vt 0.80798936 0.77718222
vt 0.73891377 0.17773597
vt 0.73891377 0.17773597
vt 0.80798936 0.76283073
vt 0.72488803 0.17773594
vt 0.72488803 0.17773594
vt 0.94539708 0.76283073
vt 0.88725478 0.17773619
vt 0.88725478 0.17773619
vt 0.88725478 0.17534645
vt 0.88725478 0.17534645
vt 0.94230706 0.68939710
vt 0.72054285 0.17773597
vt 0.81243551 0.76283073
vt 0.89056385 0.17773621
vt 0.94201154 0.76283073
vt 0.93899810 0.68939710
vt 0.89056385 0.17534645
vt 0.81243551 0.77449340
vt 0.94201154 0.77449340
vt 0.97179931 0.45061535
vt 0.75702947 0.31617922
vt 0.95764953 0.45061535
vt 0.95764953 0.36100191
vt 0.64769918 0.31617922
vt 0.95764953 0.36100191
vt 0.66463178 0.31617922
vt 0.66463178 0.31617922
vt 0.97179931 0.35821870
vt 0.97179931 0.35821870
vt 0.65048230 0.31385791
vt 0.65048230 0.31385791
vt 0.98356938 0.50385016
vt 0.66463178 0.31385788
vt 0.99926364 0.50385016
vt 0.66463178 0.31385788
vt 0.65048230 0.31617922
vt 0.95764953 0.35821870
vt 0.65048230 0.31617922
vt 0.98356938 0.50693709
vt 0.64769918 0.31385791
vt 0.99926364 0.60633171
vt 0.75702947 0.31385788
vt 0.99503475 0.50693709
vt 0.99503475 0.60633171
vt 0.80800152 0.70342451
vt 0.73891377 0.17534664
vt 0.73891377 0.17534664
vt 0.72488803 0.17534667
vt 0.80800152 0.68939710
vt 0.72488803 0.17534667
vt 0.72054285 0.17534664
vt 0.81234729 0.68939704
vt 0.94230706 0.70342451
vt 0.87322652 0.17534648
vt 0.94230706 0.70342451
vt 0.87322652 0.17534648
vt 0.87322652 0.17773621
vt 0.94539708 0.77718222
vt 0.87322652 0.17773621
vt 0.73891377 0.17773597
vt 0.73891377 0.17773597
vt 0.80798936 0.77718222
vt 0.72488803 0.17773594
vt 0.80798936 0.76283073
vt 0.72488803 0.17773594
vt 0.88725478 0.17773619
vt 0.88725478 0.17773619
vt 0.94539708 0.76283073
vt 0.94230706 0.68939710
vt 0.88725478 0.17534645
vt 0.88725478 0.17534645
vt 0.72054285 0.17773597
vt 0.81243551 0.76283073
vt 0.89056385 0.17773621
vt 0.94201154 0.76283073
vt 0.93899810 0.68939710
vt 0.93899810 0.68939710
vt 0.89056385 0.17534645
vt 0.81243551 0.77449340
vt 0.94201154 0.77449340
vt 0.99397594 0.50115484
vt 0.98264742 0.35673925
vt 0.99397582 0.32699743
vt 0.99397564 0.43907747
vt 0.99397564 0.43907747
vt 0.98264742 0.29466018
vt 0.99558044 0.43907747
vt 0.39606610 0.69665730
vt 0.99558044 0.43907747
vt 0.99558061 0.32699743
vt 0.39606607 0.63457817
vt 0.99558055 0.50115484
vt 0.99397564 0.41407955
vt 0.99397564 0.41407955
vt 0.95764881 0.29466018
vt 0.95764870 0.35673925
vt 0.99397552 0.35199732
vt 0.99397552 0.35199732
vt 0.42106473 0.63457817
vt 0.99558032 0.35199732
vt 0.99558032 0.35199732
vt 0.99558032 0.41407955
vt 0.99558032 0.41407955
vt 0.42106476 0.69665724
vt 0.58112508 0.39274600
vt 0.58112508 0.39274600
vt 0.60612369 0.39274603
vt 0.60612369 0.39274603
vt 0.60612369 0.39365476
vt 0.58112508 0.39365476
vt 0.39288604 0.69982338
vt 0.39288595 0.63141203
vt 0.42424479 0.63141203
vt 0.42424479 0.69982332
vt 0.58112508 0.38944110
vt 0.60612369 0.38944113
vt 0.60612369 0.39034990
vt 0.60612369 0.39034990
vt 0.58112508 0.39034987
vt 0.58112508 0.39034987
vt 0.39890602 0.62481022
vt 0.99069220 0.39233491
vt 0.99069220 0.39233491
vt 0.99069220 0.46074390
vt 0.99069220 0.26120681
vt 0.39890602 0.55639899
vt 0.98852581 0.26120684
vt 0.98852587 0.46074396
vt 0.98852557 0.39233491
vt 0.98852557 0.39233491
vt 0.92789161 0.42778325
vt 0.39288813 0.63082814
vt 0.92789161 0.42778325
vt 0.92789131 0.50414216
vt 0.39288810 0.55447197
vt 0.93005812 0.42778325
vt 0.93005812 0.42778325
vt 0.93005812 0.50414223
vt 0.98852581 0.29256475
vt 0.98852581 0.29256475
vt 0.99069220 0.29256475
vt 0.43026480 0.55639899
vt 0.43026480 0.55639899
vt 0.99069220 0.29256475
vt 0.43026480 0.62481022
vt 0.99069220 0.36097401
vt 0.99069220 0.36097401
vt 0.98852557 0.36097401
vt 0.98852557 0.36097401
vt 0.92789173 0.30804116
vt 0.43628278 0.55447197
vt 0.43628278 0.55447197
vt 0.93005794 0.30804116
vt 0.93005800 0.38438773
vt 0.93005800 0.38438773
vt 0.92789161 0.38438773
vt 0.43628275 0.63082814
vt 0.92789161 0.38438773
vt 0.44598672 0.70808518
vt 0.40687168 0.62166452
vt 0.40662014 0.56808436
vt 0.40723136 0.56659865
vt 0.40879837 0.56811118
vt 0.40879837 0.56811118
vt 0.40893820 0.62231469
vt 0.44547874 0.70562899
vt 0.45158216 0.67114079
vt 0.43466535 0.67112821
vt 0.43466935 0.64996904
vt 0.45158967 0.64997995
vt 0.58231324 0.60798496
vt 0.57921570 0.61475217
vt 0.57921570 0.61475217
vt 0.57342595 0.61417139
vt 0.57342595 0.61417139
vt 0.57086819 0.60697925
vt 0.56854600 0.62371671
vt 0.56854600 0.62371671
vt 0.57259816 0.62794823
vt 0.57259816 0.62794823
vt 0.56934041 0.63465971
vt 0.56134003 0.62636667
vt 0.59010190 0.61637998
vt 0.59010190 0.62831438
vt 0.58281392 0.62480199
vt 0.58281392 0.62480199
vt 0.58306378 0.61909354
vt 0.58306378 0.61909354
vt 0.46316606 0.69739771
vt 0.57728261 0.61856544
vt 0.57896298 0.62041152
vt 0.46345469 0.70127851
vt 0.44480389 0.67795956
vt 0.44142204 0.67792624
vt 0.43834260 0.67661315
vt 0.44788984 0.67663699
vt 0.46248740 0.69356519
vt 0.57475537 0.61831230
vt 0.57283658 0.61985457
vt 0.46203739 0.72081810
vt 0.46162358 0.68977100
vt 0.56881589 0.61774123
vt 0.56881589 0.61774123
vt 0.57445782 0.62416655
vt 0.46337709 0.71307933
vt 0.57699269 0.62444490
vt 0.46350020 0.70913869
vt 0.57839078 0.62855953
vt 0.57839078 0.62855953
vt 0.56129426 0.61430538
vt 0.44912544 0.69886070
vt 0.41333470 0.61740506
vt 0.41243625 0.56663889
vt 0.41305509 0.56812459
vt 0.41237626 0.56451648
vt 0.41517839 0.56809550
vt 0.41551015 0.61471653
vt 0.45074552 0.69519937
vt 0.57888287 0.62287337
vt 0.46350020 0.70519626
vt 0.40717140 0.56447631
vt 0.40449664 0.56806648
vt 0.40865338 0.56298614
vt 0.40239602 0.56807989
vt 0.43564585 0.68041187
vt 0.43022174 0.67215157
vt 0.44145614 0.64320415
vt 0.43835765 0.64447254
vt 0.43564838 0.64066589
vt 0.44050825 0.63855064
vt 0.44045308 0.68256891
vt 0.44576937 0.68263102
vt 0.44791594 0.64448458
vt 0.45063677 0.64070445
vt 0.45603329 0.64896381
vt 0.44482043 0.64319712
vt 0.44581848 0.63857394
vt 0.45603329 0.67217451
vt 0.43022072 0.64893717
vt 0.44687641 0.70273501
vt 0.41108161 0.62055063
vt 0.40240273 0.61586040
vt 0.45009792 0.71550429
vt 0.40468317 0.61898589
vt 0.44799992 0.71154594
vt 0.57270306 0.62229192
vt 0.46287277 0.71698987
vt 0.41095427 0.56812906
vt 0.41095427 0.56812906
vt 0.58077878 0.63576949
vt 0.45070675 0.69269145
vt 0.45095763 0.71860063
vt 0.40024012 0.61412001
vt 0.41757053 0.61404628
vt 0.41735604 0.56804860
vt 0.41080925 0.56300271
vt 0.40024012 0.56812012
vt 0.45059913 0.68045276
vt 0.36636457 0.56039065
vt 0.36636457 0.56039065
vt 0.30921388 0.56039065
vt 0.30921388 0.56039065
vt 0.30921388 0.55928493
vt 0.30921388 0.55928493
vt 0.36636457 0.55928493
vt 0.36636457 0.55928493
vt 0.30921385 0.55689776
vt 0.30921388 0.56388342
vt 0.36636457 0.55689776
vt 0.36636454 0.56388396
vt 0.30921388 0.56277776
vt 0.30921388 0.56277776
vt 0.36636454 0.56277788
vt 0.36636454 0.56277788
vt 0.36636457 0.56039065
vt 0.36636457 0.56039065
vt 0.30921388 0.56039065
vt 0.30921388 0.56039065
vt 0.30921388 0.55928493
vt 0.30921388 0.55928493
vt 0.36636457 0.55928493
vt 0.36636457 0.55928493
vt 0.30921388 0.56388342
vt 0.30921385 0.55689776
vt 0.36636454 0.56388396
vt 0.36636457 0.55689776
vt 0.30921388 0.56277776
vt 0.30921388 0.56277776
vt 0.36636454 0.56277788
vt 0.36636454 0.56277788
vt 0.36636457 0.56039065
vt 0.36636457 0.56039065
vt 0.30921388 0.56039065
vt 0.30921388 0.56039065
vt 0.30921388 0.55928493
vt 0.30921388 0.55928493
vt 0.36636457 0.55928493
vt 0.36636457 0.55928493
vt 0.30921388 0.56388342
vt 0.30921385 0.55689776
vt 0.36636454 0.56388396
vt 0.36636457 0.55689776
vt 0.30921388 0.56277776
vt 0.30921388 0.56277776
vt 0.36636454 0.56277788
vt 0.36636454 0.56277788
vt 0.36636457 0.56039065
vt 0.36636457 0.56039065
vt 0.30921388 0.56039065
vt 0.30921388 0.56039065
vt 0.30921388 0.55928493
vt 0.30921388 0.55928493
vt 0.36636457 0.55928493
vt 0.36636457 0.55928493
vt 0.30921388 0.56388342
vt 0.30921385 0.55689776
vt 0.36636457 0.55689776
vt 0.36636454 0.56388396
vt 0.30921388 0.56277776
vt 0.30921388 0.56277776
vt 0.36636454 0.56277788
vt 0.36636454 0.56277788
vt 0.53800070 0.30774882
vt 0.48864299 0.30774880
vt 0.52552962 0.30774880
vt 0.52552962 0.30774880
vt 0.52552962 0.39555252
vt 0.52552962 0.39555252
vt 0.53800070 0.39555252
vt 0.48864302 0.39555252
vt 0.51332188 0.30774880
vt 0.51332188 0.30774880
vt 0.51332188 0.39555252
vt 0.51332188 0.39555252
vt 0.50085080 0.30774880
vt 0.50085080 0.30774880
vt 0.50085080 0.39555252
vt 0.50085080 0.39555252
vt 0.98266554 0.62189978
vt 0.98266554 0.50351661
vt 0.66906935 0.74294996
vt 0.66906911 0.77298891
vt 0.98266554 0.59198803
vt 0.98266554 0.59198803
vt 0.70687091 0.59149080
vt 0.97733140 0.59198803
vt 0.97733140 0.59198803
vt 0.67695940 0.59149080
vt 0.97733140 0.50351661
vt 0.97733140 0.62189978
vt 0.98266554 0.56270832
vt 0.98266554 0.56270832
vt 0.63966399 0.77298891
vt 0.97733140 0.56270832
vt 0.97733140 0.56270832
vt 0.70687091 0.56221086
vt 0.98266554 0.53279656
vt 0.63966399 0.74294996
vt 0.98266554 0.53279656
vt 0.97733140 0.53279656
vt 0.67695940 0.56221086
vt 0.97733140 0.53279656
vt 0.70438659 0.56464309
vt 0.67944419 0.56464309
vt 0.77400810 0.63621628
vt 0.96931213 0.55894792
vt 0.96931213 0.55894792
vt 0.77252895 0.63772690
vt 0.79993945 0.63772690
vt 0.96931201 0.53159034
vt 0.96931201 0.53159034
vt 0.79846030 0.63621628
vt 0.67944419 0.58905852
vt 0.70438659 0.58905852
vt 0.79993945 0.60972583
vt 0.96931201 0.61425436
vt 0.96931201 0.50364196
vt 0.79846030 0.61123645
vt 0.77400810 0.61123645
vt 0.96931201 0.58689630
vt 0.96931201 0.58689630
vt 0.77252895 0.60972583
vt 0.66809636 0.77199554
vt 0.97429603 0.53159034
vt 0.97429603 0.53159034
vt 0.97429603 0.55894792
vt 0.97429603 0.55894792
vt 0.64063674 0.77199554
vt 0.97429603 0.58689630
vt 0.64063674 0.74394333
vt 0.97429603 0.58689630
vt 0.66809636 0.74394333
vt 0.97429579 0.61425436
vt 0.97429579 0.50364196
vt 0.53800070 0.30774882
vt 0.48864299 0.30774880
vt 0.53800070 0.39555252
vt 0.48864302 0.39555252
vt 0.52552962 0.39555252
vt 0.52552962 0.39555252
vt 0.52552962 0.30774880
vt 0.52552962 0.30774880
vt 0.51332188 0.39555252
vt 0.51332188 0.39555252
vt 0.51332188 0.30774880
vt 0.51332188 0.30774880
vt 0.50085080 0.39555252
vt 0.50085080 0.39555252
vt 0.50085080 0.30774880
vt 0.50085080 0.30774880
vt 0.98266554 0.50351661
vt 0.98266554 0.62189978
vt 0.66906935 0.74294996
vt 0.97733140 0.62189978
vt 0.67695940 0.59149080
vt 0.97733140 0.50351661
vt 0.97733140 0.59198803
vt 0.97733140 0.59198803
vt 0.70687091 0.59149080
vt 0.98266554 0.59198803
vt 0.98266554 0.59198803
vt 0.66906911 0.77298891
vt 0.97733140 0.56270832
vt 0.70687091 0.56221086
vt 0.97733140 0.56270832
vt 0.98266554 0.56270832
vt 0.63966399 0.77298891
vt 0.98266554 0.56270832
vt 0.67695940 0.56221086
vt 0.97733140 0.53279656
vt 0.97733140 0.53279656
vt 0.63966399 0.74294996
vt 0.98266554 0.53279656
vt 0.98266554 0.53279656
vt 0.70438659 0.56464309
vt 0.67944419 0.56464309
vt 0.77400810 0.63621628
vt 0.79846030 0.63621628
vt 0.96931201 0.53159034
vt 0.79993945 0.63772690
vt 0.96931201 0.53159034
vt 0.96931213 0.55894792
vt 0.96931213 0.55894792
vt 0.77252895 0.63772690
vt 0.67944419 0.58905852
vt 0.70438659 0.58905852
vt 0.79846030 0.61123645
vt 0.96931201 0.50364196
vt 0.96931201 0.61425436
vt 0.79993945 0.60972583
vt 0.77400810 0.61123645
vt 0.77252895 0.60972583
vt 0.96931201 0.58689630
vt 0.96931201 0.58689630
vt 0.64063674 0.77199554
vt 0.97429603 0.55894792
vt 0.97429603 0.55894792
vt 0.97429603 0.53159034
vt 0.66809636 0.77199554
vt 0.97429603 0.53159034
vt 0.97429603 0.58689630
vt 0.64063674 0.74394333
vt 0.97429603 0.58689630
vt 0.97429579 0.61425436
vt 0.66809636 0.74394333
vt 0.97429579 0.50364196
vt 0.53800070 0.30774882
vt 0.48864299 0.30774880
vt 0.52552962 0.30774880
vt 0.52552962 0.30774880
vt 0.52552962 0.39555252
vt 0.52552962 0.39555252
vt 0.48864302 0.39555252
vt 0.53800070 0.39555252
vt 0.51332188 0.30774880
vt 0.51332188 0.30774880
vt 0.51332188 0.39555252
vt 0.51332188 0.39555252
vt 0.50085080 0.30774880
vt 0.50085080 0.30774880
vt 0.50085080 0.39555252
vt 0.50085080 0.39555252
vt 0.98266554 0.62189978
vt 0.98266554 0.50351661
vt 0.66906935 0.74294996
vt 0.98266554 0.59198803
vt 0.66906911 0.77298891
vt 0.98266554 0.59198803
vt 0.97733140 0.59198803
vt 0.70687091 0.59149080
vt 0.97733140 0.59198803
vt 0.67695940 0.59149080
vt 0.97733140 0.62189978
vt 0.97733140 0.50351661
vt 0.98266554 0.56270832
vt 0.98266554 0.56270832
vt 0.63966399 0.77298891
vt 0.97733140 0.56270832
vt 0.97733140 0.56270832
vt 0.70687091 0.56221086
vt 0.98266554 0.53279656
vt 0.63966399 0.74294996
vt 0.98266554 0.53279656
vt 0.97733140 0.53279656
vt 0.67695940 0.56221086
vt 0.97733140 0.53279656
vt 0.70438659 0.56464309
vt 0.67944419 0.56464309
vt 0.77400810 0.63621628
vt 0.96931213 0.55894792
vt 0.96931213 0.55894792
vt 0.77252895 0.63772690
vt 0.79993945 0.63772690
vt 0.96931201 0.53159034
vt 0.96931201 0.53159034
vt 0.79846030 0.63621628
vt 0.67944419 0.58905852
vt 0.70438659 0.58905852
vt 0.79993945 0.60972583
vt 0.96931201 0.50364196
vt 0.96931201 0.61425436
vt 0.79846030 0.61123645
vt 0.77400810 0.61123645
vt 0.96931201 0.58689630
vt 0.77252895 0.60972583
vt 0.96931201 0.58689630
vt 0.97429603 0.53159034
vt 0.97429603 0.53159034
vt 0.66809636 0.77199554
vt 0.64063674 0.77199554
vt 0.97429603 0.55894792
vt 0.97429603 0.55894792
vt 0.97429603 0.58689630
vt 0.97429603 0.58689630
vt 0.64063674 0.74394333
vt 0.66809636 0.74394333
vt 0.97429579 0.61425436
vt 0.97429579 0.50364196
vt 0.53800070 0.30774882
vt 0.48864299 0.30774880
vt 0.53800070 0.39555252
vt 0.48864302 0.39555252
vt 0.52552962 0.39555252
vt 0.52552962 0.39555252
vt 0.52552962 0.30774880
vt 0.52552962 0.30774880
vt 0.51332188 0.39555252
vt 0.51332188 0.39555252
vt 0.51332188 0.30774880
vt 0.51332188 0.30774880
vt 0.50085080 0.39555252
vt 0.50085080 0.39555252
vt 0.50085080 0.30774880
vt 0.50085080 0.30774880
vt 0.98266554 0.50351661
vt 0.98266554 0.62189978
vt 0.66906935 0.74294996
vt 0.67695940 0.59149080
vt 0.97733140 0.62189978
vt 0.97733140 0.50351661
vt 0.70687091 0.59149080
vt 0.97733140 0.59198803
vt 0.97733140 0.59198803
vt 0.66906911 0.77298891
vt 0.98266554 0.59198803
vt 0.98266554 0.59198803
vt 0.97733140 0.56270832
vt 0.97733140 0.56270832
vt 0.70687091 0.56221086
vt 0.98266554 0.56270832
vt 0.63966399 0.77298891
vt 0.98266554 0.56270832
vt 0.97733140 0.53279656
vt 0.67695940 0.56221086
vt 0.97733140 0.53279656
vt 0.63966399 0.74294996
vt 0.98266554 0.53279656
vt 0.98266554 0.53279656
vt 0.70438659 0.56464309
vt 0.67944419 0.56464309
vt 0.77400810 0.63621628
vt 0.79846030 0.63621628
vt 0.96931201 0.53159034
vt 0.96931201 0.53159034
vt 0.79993945 0.63772690
vt 0.77252895 0.63772690
vt 0.96931213 0.55894792
vt 0.96931213 0.55894792
vt 0.67944419 0.58905852
vt 0.70438659 0.58905852
vt 0.79846030 0.61123645
vt 0.79993945 0.60972583
vt 0.96931201 0.61425436
vt 0.96931201 0.50364196
vt 0.77400810 0.61123645
vt 0.77252895 0.60972583
vt 0.96931201 0.58689630
vt 0.96931201 0.58689630
vt 0.97429603 0.55894792
vt 0.97429603 0.55894792
vt 0.64063674 0.77199554
vt 0.66809636 0.77199554
vt 0.97429603 0.53159034
vt 0.97429603 0.53159034
vt 0.97429603 0.58689630
vt 0.97429603 0.58689630
vt 0.64063674 0.74394333
vt 0.97429579 0.61425436
vt 0.97429579 0.50364196
vt 0.66809636 0.74394333
vt 0.89560229 0.73115683
vt 0.89560229 0.73115683
vt 0.89560229 0.71171594
vt 0.89560229 0.71171594
vt 0.90240592 0.71171594
vt 0.87519127 0.71171594
vt 0.87519127 0.73115683
vt 0.90240592 0.73115683
vt 0.88199490 0.71171594
vt 0.88199490 0.71171594
vt 0.88199490 0.73115683
vt 0.88199490 0.73115683
vt 0.88879853 0.71171594
vt 0.88879853 0.71171594
vt 0.88879853 0.73115683
vt 0.88879853 0.73115683
vt 0.89560229 0.73115683
vt 0.89560229 0.73115683
vt 0.90240592 0.73115683
vt 0.87519127 0.73115683
vt 0.87519127 0.71171594
vt 0.90240592 0.71171594
vt 0.89560229 0.71171594
vt 0.89560229 0.71171594
vt 0.88199490 0.73115683
vt 0.88199490 0.73115683
vt 0.88199490 0.71171594
vt 0.88199490 0.71171594
vt 0.88879853 0.73115683
vt 0.88879853 0.73115683
vt 0.88879853 0.71171594
vt 0.88879853 0.71171594
vt 0.89560229 0.73115683
vt 0.89560229 0.73115683
vt 0.90240592 0.73115683
vt 0.87519127 0.73115683
vt 0.90240592 0.71171594
vt 0.87519127 0.71171594
vt 0.89560229 0.71171594
vt 0.89560229 0.71171594
vt 0.88199490 0.73115683
vt 0.88199490 0.73115683
vt 0.88199490 0.71171594
vt 0.88199490 0.71171594
vt 0.88879853 0.73115683
vt 0.88879853 0.73115683
vt 0.88879853 0.71171594
vt 0.88879853 0.71171594
vt 0.89560229 0.73115683
vt 0.89560229 0.73115683
vt 0.89560229 0.71171594
vt 0.89560229 0.71171594
vt 0.90240592 0.71171594
vt 0.87519127 0.71171594
vt 0.90240592 0.73115683
vt 0.87519127 0.73115683
vt 0.88199490 0.71171594
vt 0.88199490 0.71171594
vt 0.88199490 0.73115683
vt 0.88199490 0.73115683
vt 0.88879853 0.71171594
vt 0.88879853 0.71171594
vt 0.88879853 0.73115683
vt 0.88879853 0.73115683
vt 0.86063749 0.74616557
vt 0.86063749 0.74616557
vt 0.86063749 0.71499401
vt 0.86063749 0.71499401
vt 0.86816430 0.71554971
vt 0.84723854 0.71554971
vt 0.86816430 0.75072140
vt 0.84723854 0.75072140
vt 0.85017478 0.71554971
vt 0.85017478 0.71554971
vt 0.85017478 0.75072140
vt 0.85017478 0.75072140
vt 0.85770154 0.71499401
vt 0.85770154 0.71499401
vt 0.85770154 0.74616557
vt 0.85770154 0.74616557
vt 0.78186715 0.24448068
vt 0.78186715 0.26709497
vt 0.79887319 0.25898853
vt 0.79887319 0.25898853
vt 0.88326937 0.25898853
vt 0.88326937 0.25898853
vt 0.90027529 0.26709494
vt 0.90027529 0.24448068
vt 0.90027529 0.24768139
vt 0.90027529 0.24768139
vt 0.88326931 0.25578785
vt 0.88326931 0.25578785
vt 0.79887319 0.25578803
vt 0.79887319 0.25578803
vt 0.78186721 0.24768166
vt 0.78186721 0.24768166
vt 0.71321636 0.77169943
vt 0.74356717 0.77169943
vt 0.71321636 0.72613490
vt 0.74356717 0.72613490
vt 0.72080404 0.72613490
vt 0.72080404 0.72613490
vt 0.72080404 0.77169943
vt 0.72080404 0.77169943
vt 0.72839171 0.72613490
vt 0.72839171 0.72613490
vt 0.72839159 0.77169943
vt 0.72839159 0.77169943
vt 0.73597938 0.72613490
vt 0.73597938 0.72613490
vt 0.73597938 0.77169943
vt 0.73597938 0.77169943
vt 0.87458688 0.74857056
vt 0.92739171 0.74857056
vt 0.88778812 0.76177180
vt 0.88778812 0.74857056
vt 0.88778812 0.74857056
vt 0.88778812 0.74857056
vt 0.90098923 0.74857056
vt 0.90098923 0.74857056
vt 0.90098923 0.74857056
vt 0.90098923 0.76177180
vt 0.91419059 0.74857056
vt 0.91419059 0.74857056
vt 0.92739171 0.74535894
vt 0.88778812 0.73215771
vt 0.87458688 0.74535894
vt 0.91419059 0.74535894
vt 0.90098923 0.73215771
vt 0.91419059 0.74535894
vt 0.90098923 0.74535894
vt 0.90098923 0.74535894
vt 0.90098923 0.74535894
vt 0.88778812 0.74535894
vt 0.88778812 0.74535894
vt 0.88778812 0.74535894
vt 0.86063749 0.74616557
vt 0.86063749 0.74616557
vt 0.86816430 0.75072140
vt 0.84723854 0.75072140
vt 0.84723854 0.71554971
vt 0.86816430 0.71554971
vt 0.86063749 0.71499401
vt 0.86063749 0.71499401
vt 0.85017478 0.75072140
vt 0.85017478 0.75072140
vt 0.85017478 0.71554971
vt 0.85017478 0.71554971
vt 0.85770154 0.74616557
vt 0.85770154 0.74616557
vt 0.85770154 0.71499401
vt 0.85770154 0.71499401
vt 0.86063749 0.74616557
vt 0.86063749 0.74616557
vt 0.84723854 0.75072140
vt 0.86816430 0.75072140
vt 0.86816430 0.71554971
vt 0.84723854 0.71554971
vt 0.86063749 0.71499401
vt 0.86063749 0.71499401
vt 0.85017478 0.75072140
vt 0.85017478 0.75072140
vt 0.85017478 0.71554971
vt 0.85017478 0.71554971
vt 0.85770154 0.74616557
vt 0.85770154 0.74616557
vt 0.85770154 0.71499401
vt 0.85770154 0.71499401
vt 0.78186715 0.26709497
vt 0.78186715 0.24448068
vt 0.90027529 0.26709494
vt 0.90027529 0.24448068
vt 0.88326937 0.25898853
vt 0.88326937 0.25898853
vt 0.79887319 0.25898853
vt 0.79887319 0.25898853
vt 0.90027529 0.24768139
vt 0.90027529 0.24768139
vt 0.78186721 0.24768166
vt 0.78186721 0.24768166
vt 0.79887319 0.25578803
vt 0.79887319 0.25578803
vt 0.88326931 0.25578785
vt 0.88326931 0.25578785
vt 0.74356717 0.77169943
vt 0.71321636 0.77169943
vt 0.72080404 0.77169943
vt 0.72080404 0.77169943
vt 0.72080404 0.72613490
vt 0.72080404 0.72613490
vt 0.71321636 0.72613490
vt 0.74356717 0.72613490
vt 0.72839159 0.77169943
vt 0.72839159 0.77169943
vt 0.72839171 0.72613490
vt 0.72839171 0.72613490
vt 0.73597938 0.77169943
vt 0.73597938 0.77169943
vt 0.73597938 0.72613490
vt 0.73597938 0.72613490
vt 0.87458688 0.74857056
vt 0.88778812 0.76177180
vt 0.92739171 0.74857056
vt 0.91419059 0.74857056
vt 0.91419059 0.74857056
vt 0.90098923 0.76177180
vt 0.90098923 0.74857056
vt 0.90098923 0.74857056
vt 0.90098923 0.74857056
vt 0.88778812 0.74857056
vt 0.88778812 0.74857056
vt 0.88778812 0.74857056
vt 0.92739171 0.74535894
vt 0.88778812 0.73215771
vt 0.87458688 0.74535894
vt 0.88778812 0.74535894
vt 0.88778812 0.74535894
vt 0.88778812 0.74535894
vt 0.90098923 0.74535894
vt 0.90098923 0.74535894
vt 0.90098923 0.74535894
vt 0.91419059 0.74535894
vt 0.90098923 0.73215771
vt 0.91419059 0.74535894
vt 0.86063749 0.74616557
vt 0.86063749 0.74616557
vt 0.86063749 0.71499401
vt 0.86063749 0.71499401
vt 0.86816430 0.71554971
vt 0.84723854 0.71554971
vt 0.84723854 0.75072140
vt 0.86816430 0.75072140
vt 0.85017478 0.71554971
vt 0.85017478 0.71554971
vt 0.85017478 0.75072140
vt 0.85017478 0.75072140
vt 0.85770154 0.71499401
vt 0.85770154 0.71499401
vt 0.85770154 0.74616557
vt 0.85770154 0.74616557
vt 0.40094757 0.64386117
vt 0.40094757 0.64386117
vt 0.40094757 0.68782437
vt 0.40094757 0.68782437
vt 0.39856052 0.68782431
vt 0.40810895 0.68782437
vt 0.39856052 0.64386117
vt 0.40810895 0.64386117
vt 0.40572178 0.68782437
vt 0.40572178 0.68782437
vt 0.40572178 0.64386117
vt 0.40572178 0.64386117
vt 0.40333474 0.68782437
vt 0.40333474 0.68782437
vt 0.40333474 0.64386117
vt 0.40333474 0.64386117
vt 0.40094757 0.64386117
vt 0.40094757 0.64386117
vt 0.40094757 0.68782437
vt 0.40094757 0.68782437
vt 0.39856052 0.68782431
vt 0.40810895 0.68782437
vt 0.39856052 0.64386117
vt 0.40810895 0.64386117
vt 0.40572178 0.68782437
vt 0.40572178 0.68782437
vt 0.40572178 0.64386117
vt 0.40572178 0.64386117
vt 0.40333474 0.68782437
vt 0.40333474 0.68782437
vt 0.40333474 0.64386117
vt 0.40333474 0.64386117
vt 0.40094757 0.64386117
vt 0.40094757 0.64386117
vt 0.40094757 0.68782437
vt 0.40094757 0.68782437
vt 0.40810895 0.68782437
vt 0.39856052 0.68782431
vt 0.39856052 0.64386117
vt 0.40810895 0.64386117
vt 0.40572178 0.68782437
vt 0.40572178 0.68782437
vt 0.40572178 0.64386117
vt 0.40572178 0.64386117
vt 0.40333474 0.68782437
vt 0.40333474 0.68782437
vt 0.40333474 0.64386117
vt 0.40333474 0.64386117
vt 0.11421563 0.60924941
vt 0.11421563 0.60924941
vt 0.05706407 0.60924935
vt 0.05706407 0.60924935
vt 0.05706407 0.60814369
vt 0.05706407 0.60814369
vt 0.11421561 0.60814369
vt 0.11421561 0.60814369
vt 0.05706407 0.61274219
vt 0.05706406 0.60575652
vt 0.11421561 0.61274231
vt 0.11421563 0.60575652
vt 0.05706407 0.61163652
vt 0.05706407 0.61163652
vt 0.11421561 0.61163658
vt 0.11421561 0.61163658
vt 0.11414790 0.60133696
vt 0.11414790 0.60133696
vt 0.05699635 0.60133696
vt 0.05699635 0.60133696
vt 0.05699635 0.60023129
vt 0.05699635 0.60023129
vt 0.11414789 0.60023129
vt 0.11414789 0.60023129
vt 0.05699634 0.59784412
vt 0.05699635 0.60482979
vt 0.11414789 0.60482991
vt 0.11414790 0.59784412
vt 0.05699635 0.60372412
vt 0.05699635 0.60372412
vt 0.11414789 0.60372418
vt 0.11414789 0.60372418
vt 0.57971257 0.72540909
vt 0.57971257 0.72540909
vt 0.52256101 0.72540903
vt 0.52256101 0.72540903
vt 0.52256101 0.72430337
vt 0.52256101 0.72430337
vt 0.57971257 0.72430337
vt 0.57971257 0.72430337
vt 0.52256101 0.72890186
vt 0.52256101 0.72191620
vt 0.57971257 0.72191620
vt 0.57971257 0.72890198
vt 0.52256101 0.72779620
vt 0.52256101 0.72779620
vt 0.57971257 0.72779626
vt 0.57971257 0.72779626
vt 0.11421563 0.60924941
vt 0.11421563 0.60924941
vt 0.05706407 0.60924935
vt 0.05706407 0.60924935
vt 0.05706407 0.60814369
vt 0.05706407 0.60814369
vt 0.11421561 0.60814369
vt 0.11421561 0.60814369
vt 0.05706406 0.60575652
vt 0.05706407 0.61274219
vt 0.11421561 0.61274231
vt 0.11421563 0.60575652
vt 0.05706407 0.61163652
vt 0.05706407 0.61163652
vt 0.11421561 0.61163658
vt 0.11421561 0.61163658
vt 0.11414790 0.60133696
vt 0.11414790 0.60133696
vt 0.05699635 0.60133696
vt 0.05699635 0.60133696
vt 0.05699635 0.60023129
vt 0.05699635 0.60023129
vt 0.11414789 0.60023129
vt 0.11414789 0.60023129
vt 0.05699634 0.59784412
vt 0.05699635 0.60482979
vt 0.11414789 0.60482991
vt 0.11414790 0.59784412
vt 0.05699635 0.60372412
vt 0.05699635 0.60372412
vt 0.11414789 0.60372418
vt 0.11414789 0.60372418
vt 0.57971257 0.72540909
vt 0.57971257 0.72540909
vt 0.52256101 0.72540903
vt 0.52256101 0.72540903
vt 0.52256101 0.72430337
vt 0.52256101 0.72430337
vt 0.57971257 0.72430337
vt 0.57971257 0.72430337
vt 0.52256101 0.72191620
vt 0.52256101 0.72890186
vt 0.57971257 0.72890198
vt 0.57971257 0.72191620
vt 0.52256101 0.72779620
vt 0.52256101 0.72779620
vt 0.57971257 0.72779626
vt 0.57971257 0.72779626
vt 0.88220346 0.35003126
vt 0.88220346 0.35003126
vt 0.88220346 0.37933999
vt 0.88220346 0.37933999
vt 0.88697773 0.37933999
vt 0.88061208 0.37933999
vt 0.88061208 0.35003126
vt 0.88697767 0.35003126
vt 0.88538629 0.37933999
vt 0.88538629 0.37933999
vt 0.88538629 0.35003126
vt 0.88538629 0.35003126
vt 0.88379490 0.37933999
vt 0.88379490 0.37933999
vt 0.88379490 0.35003126
vt 0.88379490 0.35003126
vt 0.88220346 0.35003126
vt 0.88220346 0.35003126
vt 0.88220346 0.37933999
vt 0.88220346 0.37933999
vt 0.88697773 0.37933999
vt 0.88061208 0.37933999
vt 0.88697767 0.35003126
vt 0.88061208 0.35003126
vt 0.88538629 0.37933999
vt 0.88538629 0.37933999
vt 0.88538629 0.35003126
vt 0.88538629 0.35003126
vt 0.88379490 0.37933999
vt 0.88379490 0.37933999
vt 0.88379490 0.35003126
vt 0.88379490 0.35003126
vt 0.88220346 0.35003126
vt 0.88220346 0.35003126
vt 0.88220346 0.37933999
vt 0.88220346 0.37933999
vt 0.88697773 0.37933999
vt 0.88061208 0.37933999
vt 0.88697767 0.35003126
vt 0.88061208 0.35003126
vt 0.88538629 0.37933999
vt 0.88538629 0.37933999
vt 0.88538629 0.35003126
vt 0.88538629 0.35003126
vt 0.88379490 0.37933999
vt 0.88379490 0.37933999
vt 0.88379490 0.35003126
vt 0.88379490 0.35003126
vt 0.88220346 0.35003126
vt 0.88220346 0.35003126
vt 0.88220346 0.37933999
vt 0.88220346 0.37933999
vt 0.88061208 0.37933999
vt 0.88697773 0.37933999
vt 0.88697767 0.35003126
vt 0.88061208 0.35003126
vt 0.88538629 0.37933999
vt 0.88538629 0.37933999
vt 0.88538629 0.35003126
vt 0.88538629 0.35003126
vt 0.88379490 0.37933999
vt 0.88379490 0.37933999
vt 0.88379490 0.35003126
vt 0.88379490 0.35003126
vt 0.88220346 0.35003126
vt 0.88220346 0.35003126
vt 0.88061208 0.35003126
vt 0.88697767 0.35003126
vt 0.88061208 0.37933999
vt 0.88697773 0.37933999
vt 0.88220346 0.37933999
vt 0.88220346 0.37933999
vt 0.88538629 0.35003126
vt 0.88538629 0.35003126
vt 0.88538629 0.37933999
vt 0.88538629 0.37933999
vt 0.88379490 0.35003126
vt 0.88379490 0.35003126
vt 0.88379490 0.37933999
vt 0.88379490 0.37933999
vt 0.88220346 0.35003126
vt 0.88220346 0.35003126
vt 0.88061208 0.35003126
vt 0.88697767 0.35003126
vt 0.88061208 0.37933999
vt 0.88697773 0.37933999
vt 0.88220346 0.37933999
vt 0.88220346 0.37933999
vt 0.88538629 0.35003126
vt 0.88538629 0.35003126
vt 0.88538629 0.37933999
vt 0.88538629 0.37933999
vt 0.88379490 0.35003126
vt 0.88379490 0.35003126
vt 0.88379490 0.37933999
vt 0.88379490 0.37933999
vt 0.88220346 0.35003126
vt 0.88220346 0.35003126
vt 0.88061208 0.35003126
vt 0.88697767 0.35003126
vt 0.88061208 0.37933999
vt 0.88697773 0.37933999
vt 0.88220346 0.37933999
vt 0.88220346 0.37933999
vt 0.88538629 0.35003126
vt 0.88538629 0.35003126
vt 0.88538629 0.37933999
vt 0.88538629 0.37933999
vt 0.88379490 0.35003126
vt 0.88379490 0.35003126
vt 0.88379490 0.37933999
vt 0.88379490 0.37933999
vt 0.88220346 0.35003126
vt 0.88220346 0.35003126
vt 0.88061208 0.35003126
vt 0.88697767 0.35003126
vt 0.88697773 0.37933999
vt 0.88061208 0.37933999
vt 0.88220346 0.37933999
vt 0.88220346 0.37933999
vt 0.88538629 0.35003126
vt 0.88538629 0.35003126
vt 0.88538629 0.37933999
vt 0.88538629 0.37933999
vt 0.88379490 0.35003126
vt 0.88379490 0.35003126
vt 0.88379490 0.37933999
vt 0.88379490 0.37933999
vt 0.96398491 0.70575613
vt 0.96398491 0.70575613
vt 0.96398514 0.58788162
vt 0.96398514 0.58788162
vt 0.96509069 0.58788162
vt 0.96509069 0.58788162
vt 0.96509045 0.70575613
vt 0.96509045 0.70575613
vt 0.96747786 0.58788162
vt 0.96049207 0.58788162
vt 0.96049231 0.70575613
vt 0.96747750 0.70575613
vt 0.96159774 0.58788162
vt 0.96159774 0.58788162
vt 0.96159774 0.70575613
vt 0.96159774 0.70575613
vt 0.97222227 0.73528552
vt 0.97222227 0.73528552
vt 0.97222251 0.61741102
vt 0.97222251 0.61741102
vt 0.97332805 0.61741102
vt 0.97332805 0.61741102
vt 0.97332782 0.73528552
vt 0.97332782 0.73528552
vt 0.96872944 0.61741102
vt 0.97571522 0.61741102
vt 0.97571486 0.73528552
vt 0.96872967 0.73528552
vt 0.96983510 0.61741102
vt 0.96983510 0.61741102
vt 0.96983510 0.73528552
vt 0.96983510 0.73528552
vt 0.98801673 0.89896953
vt 0.98801673 0.89896953
vt 0.98801696 0.78109503
vt 0.98801696 0.78109503
vt 0.98912251 0.78109503
vt 0.98912251 0.78109503
vt 0.98912227 0.89896953
vt 0.98912227 0.89896953
vt 0.98452389 0.78109503
vt 0.99150968 0.78109503
vt 0.99150932 0.89896953
vt 0.98452413 0.89896953
vt 0.98562956 0.78109503
vt 0.98562956 0.78109503
vt 0.98562956 0.89896953
vt 0.98562956 0.89896953
vt 0.96398491 0.70575613
vt 0.96398491 0.70575613
vt 0.96509045 0.70575613
vt 0.96509045 0.70575613
vt 0.96509069 0.58788162
vt 0.96509069 0.58788162
vt 0.96398514 0.58788162
vt 0.96398514 0.58788162
vt 0.96747750 0.70575613
vt 0.96049231 0.70575613
vt 0.96049207 0.58788162
vt 0.96747786 0.58788162
vt 0.96159774 0.70575613
vt 0.96159774 0.70575613
vt 0.96159774 0.58788162
vt 0.96159774 0.58788162
vt 0.97222227 0.73528552
vt 0.97222227 0.73528552
vt 0.97332782 0.73528552
vt 0.97332782 0.73528552
vt 0.97332805 0.61741102
vt 0.97332805 0.61741102
vt 0.97222251 0.61741102
vt 0.97222251 0.61741102
vt 0.96872967 0.73528552
vt 0.97571486 0.73528552
vt 0.97571522 0.61741102
vt 0.96872944 0.61741102
vt 0.96983510 0.73528552
vt 0.96983510 0.73528552
vt 0.96983510 0.61741102
vt 0.96983510 0.61741102
vt 0.98801673 0.89896953
vt 0.98801673 0.89896953
vt 0.98912227 0.89896953
vt 0.98912227 0.89896953
vt 0.98912251 0.78109503
vt 0.98912251 0.78109503
vt 0.98801696 0.78109503
vt 0.98801696 0.78109503
vt 0.99150932 0.89896953
vt 0.98452413 0.89896953
vt 0.99150968 0.78109503
vt 0.98452389 0.78109503
vt 0.98562956 0.89896953
vt 0.98562956 0.89896953
vt 0.98562956 0.78109503
vt 0.98562956 0.78109503
vt 0.96398491 0.70575613
vt 0.96398491 0.70575613
vt 0.96398514 0.58788162
vt 0.96398514 0.58788162
vt 0.96509069 0.58788162
vt 0.96509069 0.58788162
vt 0.96509045 0.70575613
vt 0.96509045 0.70575613
vt 0.96747786 0.58788162
vt 0.96049207 0.58788162
vt 0.96747750 0.70575613
vt 0.96049231 0.70575613
vt 0.96159774 0.58788162
vt 0.96159774 0.58788162
vt 0.96159774 0.70575613
vt 0.96159774 0.70575613
vt 0.97222227 0.73528552
vt 0.97222227 0.73528552
vt 0.97222251 0.61741102
vt 0.97222251 0.61741102
vt 0.97332805 0.61741102
vt 0.97332805 0.61741102
vt 0.97332782 0.73528552
vt 0.97332782 0.73528552
vt 0.97571522 0.61741102
vt 0.96872944 0.61741102
vt 0.97571486 0.73528552
vt 0.96872967 0.73528552
vt 0.96983510 0.61741102
vt 0.96983510 0.61741102
vt 0.96983510 0.73528552
vt 0.96983510 0.73528552
vt 0.98801673 0.89896953
vt 0.98801673 0.89896953
vt 0.98801696 0.78109503
vt 0.98801696 0.78109503
vt 0.98912251 0.78109503
vt 0.98912251 0.78109503
vt 0.98912227 0.89896953
vt 0.98912227 0.89896953
vt 0.98452389 0.78109503
vt 0.99150968 0.78109503
vt 0.99150932 0.89896953
vt 0.98452413 0.89896953
vt 0.98562956 0.78109503
vt 0.98562956 0.78109503
vt 0.98562956 0.89896953
vt 0.98562956 0.89896953
vt 0.96398491 0.70575613
vt 0.96398491 0.70575613
vt 0.96509045 0.70575613
vt 0.96509045 0.70575613
vt 0.96509069 0.58788162
vt 0.96509069 0.58788162
vt 0.96398514 0.58788162
vt 0.96398514 0.58788162
vt 0.96747750 0.70575613
vt 0.96049231 0.70575613
vt 0.96747786 0.58788162
vt 0.96049207 0.58788162
vt 0.96159774 0.70575613
vt 0.96159774 0.70575613
vt 0.96159774 0.58788162
vt 0.96159774 0.58788162
vt 0.97222227 0.73528552
vt 0.97222227 0.73528552
vt 0.97332782 0.73528552
vt 0.97332782 0.73528552
vt 0.97332805 0.61741102
vt 0.97332805 0.61741102
vt 0.97222251 0.61741102
vt 0.97222251 0.61741102
vt 0.97571486 0.73528552
vt 0.96872967 0.73528552
vt 0.96872944 0.61741102
vt 0.97571522 0.61741102
vt 0.96983510 0.73528552
vt 0.96983510 0.73528552
vt 0.96983510 0.61741102
vt 0.96983510 0.61741102
vt 0.98801673 0.89896953
vt 0.98801673 0.89896953
vt 0.98912227 0.89896953
vt 0.98912227 0.89896953
vt 0.98912251 0.78109503
vt 0.98912251 0.78109503
vt 0.98801696 0.78109503
vt 0.98801696 0.78109503
vt 0.98452413 0.89896953
vt 0.99150932 0.89896953
vt 0.98452389 0.78109503
vt 0.99150968 0.78109503
vt 0.98562956 0.89896953
vt 0.98562956 0.89896953
vt 0.98562956 0.78109503
vt 0.98562956 0.78109503
vt 0.98756659 0.70077050
vt 0.98756659 0.70077050
vt 0.98756707 0.51085228
vt 0.98756707 0.51085228
vt 0.98867273 0.51085228
vt 0.98867273 0.51085228
vt 0.98867345 0.70077056
vt 0.98867345 0.70077056
vt 0.99105954 0.51085228
vt 0.98407471 0.51085228
vt 0.98407257 0.70077050
vt 0.99106038 0.70077050
vt 0.98518026 0.51085228
vt 0.98518026 0.51085228
vt 0.98517954 0.70077050
vt 0.98517954 0.70077050
vt 0.99564820 0.79715365
vt 0.99564820 0.79715365
vt 0.99564868 0.60723543
vt 0.99564868 0.60723543
vt 0.99675435 0.60723543
vt 0.99675435 0.60723543
vt 0.99675506 0.79715371
vt 0.99675506 0.79715371
vt 0.99215633 0.60723543
vt 0.99914110 0.60723543
vt 0.99215418 0.79715365
vt 0.99914193 0.79715365
vt 0.99326187 0.60723543
vt 0.99326187 0.60723543
vt 0.99326116 0.79715365
vt 0.99326116 0.79715365
vt 0.98008472 0.81277215
vt 0.98008472 0.81277215
vt 0.98008519 0.62285393
vt 0.98008519 0.62285393
vt 0.98119086 0.62285393
vt 0.98119086 0.62285393
vt 0.98119158 0.81277221
vt 0.98119158 0.81277221
vt 0.97659284 0.62285393
vt 0.98357767 0.62285393
vt 0.98357850 0.81277215
vt 0.97659069 0.81277215
vt 0.97769839 0.62285393
vt 0.97769839 0.62285393
vt 0.97769767 0.81277215
vt 0.97769767 0.81277215
vt 0.98756659 0.70077050
vt 0.98756659 0.70077050
vt 0.98867345 0.70077056
vt 0.98867345 0.70077056
vt 0.98867273 0.51085228
vt 0.98867273 0.51085228
vt 0.98756707 0.51085228
vt 0.98756707 0.51085228
vt 0.98407257 0.70077050
vt 0.99106038 0.70077050
vt 0.99105954 0.51085228
vt 0.98407471 0.51085228
vt 0.98517954 0.70077050
vt 0.98517954 0.70077050
vt 0.98518026 0.51085228
vt 0.98518026 0.51085228
vt 0.99564820 0.79715365
vt 0.99564820 0.79715365
vt 0.99675506 0.79715371
vt 0.99675506 0.79715371
vt 0.99675435 0.60723543
vt 0.99675435 0.60723543
vt 0.99564868 0.60723543
vt 0.99564868 0.60723543
vt 0.99914193 0.79715365
vt 0.99215418 0.79715365
vt 0.99215633 0.60723543
vt 0.99914110 0.60723543
vt 0.99326116 0.79715365
vt 0.99326116 0.79715365
vt 0.99326187 0.60723543
vt 0.99326187 0.60723543
vt 0.98008472 0.81277215
vt 0.98008472 0.81277215
vt 0.98119158 0.81277221
vt 0.98119158 0.81277221
vt 0.98119086 0.62285393
vt 0.98119086 0.62285393
vt 0.98008519 0.62285393
vt 0.98008519 0.62285393
vt 0.97659069 0.81277215
vt 0.98357850 0.81277215
vt 0.98357767 0.62285393
vt 0.97659284 0.62285393
vt 0.97769767 0.81277215
vt 0.97769767 0.81277215
vt 0.97769839 0.62285393
vt 0.97769839 0.62285393
vt 0.98756659 0.70077050
vt 0.98756659 0.70077050
vt 0.98756707 0.51085228
vt 0.98756707 0.51085228
vt 0.98867273 0.51085228
vt 0.98867273 0.51085228
vt 0.98867345 0.70077056
vt 0.98867345 0.70077056
vt 0.99105954 0.51085228
vt 0.98407471 0.51085228
vt 0.98407257 0.70077050
vt 0.99106038 0.70077050
vt 0.98518026 0.51085228
vt 0.98518026 0.51085228
vt 0.98517954 0.70077050
vt 0.98517954 0.70077050
vt 0.99564820 0.79715365
vt 0.99564820 0.79715365
vt 0.99564868 0.60723543
vt 0.99564868 0.60723543
vt 0.99675435 0.60723543
vt 0.99675435 0.60723543
vt 0.99675506 0.79715371
vt 0.99675506 0.79715371
vt 0.99914110 0.60723543
vt 0.99215633 0.60723543
vt 0.99914193 0.79715365
vt 0.99215418 0.79715365
vt 0.99326187 0.60723543
vt 0.99326187 0.60723543
vt 0.99326116 0.79715365
vt 0.99326116 0.79715365
vt 0.98008472 0.81277215
vt 0.98008472 0.81277215
vt 0.98008519 0.62285393
vt 0.98008519 0.62285393
vt 0.98119086 0.62285393
vt 0.98119086 0.62285393
vt 0.98119158 0.81277221
vt 0.98119158 0.81277221
vt 0.98357767 0.62285393
vt 0.97659284 0.62285393
vt 0.97659069 0.81277215
vt 0.98357850 0.81277215
vt 0.97769839 0.62285393
vt 0.97769839 0.62285393
vt 0.97769767 0.81277215
vt 0.97769767 0.81277215
vt 0.98756659 0.70077050
vt 0.98756659 0.70077050
vt 0.98867345 0.70077056
vt 0.98867345 0.70077056
vt 0.98867273 0.51085228
vt 0.98867273 0.51085228
vt 0.98756707 0.51085228
vt 0.98756707 0.51085228
vt 0.99106038 0.70077050
vt 0.98407257 0.70077050
vt 0.98407471 0.51085228
vt 0.99105954 0.51085228
vt 0.98517954 0.70077050
vt 0.98517954 0.70077050
vt 0.98518026 0.51085228
vt 0.98518026 0.51085228
vt 0.99564820 0.79715365
vt 0.99564820 0.79715365
vt 0.99675506 0.79715371
vt 0.99675506 0.79715371
vt 0.99675435 0.60723543
vt 0.99675435 0.60723543
vt 0.99564868 0.60723543
vt 0.99564868 0.60723543
vt 0.99215418 0.79715365
vt 0.99914193 0.79715365
vt 0.99215633 0.60723543
vt 0.99914110 0.60723543
vt 0.99326116 0.79715365
vt 0.99326116 0.79715365
vt 0.99326187 0.60723543
vt 0.99326187 0.60723543
vt 0.98008472 0.81277215
vt 0.98008472 0.81277215
vt 0.98119158 0.81277221
vt 0.98119158 0.81277221
vt 0.98119086 0.62285393
vt 0.98119086 0.62285393
vt 0.98008519 0.62285393
vt 0.98008519 0.62285393
vt 0.98357850 0.81277215
vt 0.97659069 0.81277215
vt 0.97659284 0.62285393
vt 0.98357767 0.62285393
vt 0.97769767 0.81277215
vt 0.97769767 0.81277215
vt 0.97769839 0.62285393
vt 0.97769839 0.62285393
vt 0.56089675 0.25689188
vt 0.99397433 0.10588267
vt 0.99397433 0.10588267
vt 0.56089675 0.20032074
vt 0.99397433 0.04931100
vt 0.99397433 0.04931100
vt 0.99614084 0.04931100
vt 0.99614084 0.04931100
vt 0.99614072 0.10588267
vt 0.99614072 0.10588267
vt 0.55487883 0.26290980
vt 0.98852652 0.12995376
vt 0.98852652 0.12995376
vt 0.98852664 0.19855970
vt 0.55487883 0.19430283
vt 0.98852664 0.19855970
vt 0.99069303 0.12995376
vt 0.99069303 0.12995376
vt 0.99069315 0.19855970
vt 0.99069315 0.19855970
vt 0.60992908 0.20032072
vt 0.99397433 0.00027836
vt 0.99397433 0.21148510
vt 0.99614084 0.21148510
vt 0.99614084 0.00027836
vt 0.99069327 0.00027847
vt 0.99069327 0.25962844
vt 0.61594701 0.19430278
vt 0.98852688 0.25962844
vt 0.98852676 0.00027847
vt 0.99397433 0.15491314
vt 0.99397433 0.15491314
vt 0.60992908 0.25689185
vt 0.99614072 0.15491314
vt 0.99614072 0.15491314
vt 0.99069303 0.06888469
vt 0.99069303 0.06888469
vt 0.98852652 0.06888469
vt 0.98852652 0.06888469
vt 0.61594701 0.26290980
vt 0.46132517 0.68016040
vt 0.46132553 0.55447322
vt 0.59616762 0.25550199
vt 0.89013225 0.34870964
vt 0.46247143 0.55447322
vt 0.46247143 0.68016040
vt 0.89013225 0.39976943
vt 0.46247134 0.60552549
vt 0.46247134 0.60552549
vt 0.59616762 0.20142113
vt 0.46132523 0.60552549
vt 0.46132523 0.60552549
vt 0.89365911 0.34595403
vt 0.89365911 0.40252501
vt 0.12230362 0.99796849
vt 0.87042302 0.75882316
vt 0.12230362 0.99796849
vt 0.84532243 0.75882316
vt 0.24953641 0.99796885
vt 0.09720816 0.99796861
vt 0.84532243 0.75882316
vt 0.24953641 0.99699753
vt 0.95868790 0.50294542
vt 0.09720816 0.99699765
vt 0.12230362 0.99699765
vt 0.98378855 0.50294542
vt 0.12230362 0.99699765
vt 0.46132511 0.66837245
vt 0.46132511 0.66837245
vt 0.60865068 0.25550199
vt 0.46247137 0.66837245
vt 0.46247137 0.66837245
vt 0.87834650 0.34870961
vt 0.93846118 0.00027843
vt 0.87548584 0.34595403
vt 0.87548578 0.40252504
vt 0.87548578 0.40252504
vt 0.93846118 0.05685818
vt 0.84261912 0.70500779
vt 0.93780374 0.05685818
vt 0.93780422 0.00027844
vt 0.84261912 0.76157880
vt 0.84261912 0.76157880
vt 0.60865068 0.20142113
vt 0.46132523 0.61731154
vt 0.46132523 0.61731154
vt 0.87834650 0.39976943
vt 0.87834650 0.39976943
vt 0.46247128 0.61731154
vt 0.46247128 0.61731154
vt 0.19846500 0.99796861
vt 0.19846500 0.99796861
vt 0.84532243 0.70776337
vt 0.19846500 0.99699765
vt 0.95868790 0.45188540
vt 0.19846500 0.99699765
vt 0.17336406 0.99699753
vt 0.98378855 0.45188540
vt 0.17336406 0.99699753
vt 0.17336406 0.99796873
vt 0.87042302 0.70776337
vt 0.17336406 0.99796873
vt 0.87347805 0.76157880
vt 0.87347805 0.70500779
vt 0.99397433 0.10588267
vt 0.99397433 0.10588267
vt 0.56089675 0.25689188
vt 0.99614072 0.10588267
vt 0.99614072 0.10588267
vt 0.99614084 0.04931100
vt 0.99614084 0.04931100
vt 0.99397433 0.04931100
vt 0.99397433 0.04931100
vt 0.56089675 0.20032074
vt 0.55487883 0.19430283
vt 0.98852664 0.19855970
vt 0.98852664 0.19855970
vt 0.98852652 0.12995376
vt 0.98852652 0.12995376
vt 0.55487883 0.26290980
vt 0.99069315 0.19855970
vt 0.99069315 0.19855970
vt 0.99069303 0.12995376
vt 0.99069303 0.12995376
vt 0.99614084 0.00027836
vt 0.99614084 0.21148510
vt 0.99397433 0.21148510
vt 0.99397433 0.00027836
vt 0.60992908 0.20032072
vt 0.61594701 0.19430278
vt 0.98852676 0.00027847
vt 0.98852688 0.25962844
vt 0.99069327 0.00027847
vt 0.99069327 0.25962844
vt 0.99614072 0.15491314
vt 0.99614072 0.15491314
vt 0.99397433 0.15491314
vt 0.60992908 0.25689185
vt 0.99397433 0.15491314
vt 0.98852652 0.06888469
vt 0.61594701 0.26290980
vt 0.98852652 0.06888469
vt 0.99069303 0.06888469
vt 0.99069303 0.06888469
vt 0.46132517 0.68016040
vt 0.59616762 0.25550199
vt 0.46132553 0.55447322
vt 0.46132523 0.60552549
vt 0.46132523 0.60552549
vt 0.59616762 0.20142113
vt 0.89013225 0.39976943
vt 0.46247134 0.60552549
vt 0.46247134 0.60552549
vt 0.89013225 0.34870964
vt 0.46247143 0.68016040
vt 0.46247143 0.55447322
vt 0.89365911 0.40252501
vt 0.89365911 0.34595403
vt 0.12230362 0.99796849
vt 0.12230362 0.99796849
vt 0.87042302 0.75882316
vt 0.12230362 0.99699765
vt 0.98378855 0.50294542
vt 0.12230362 0.99699765
vt 0.95868790 0.50294542
vt 0.09720816 0.99699765
vt 0.24953641 0.99699753
vt 0.24953641 0.99796885
vt 0.84532243 0.75882316
vt 0.09720816 0.99796861
vt 0.60865068 0.25550199
vt 0.46132511 0.66837245
vt 0.46132511 0.66837245
vt 0.46247137 0.66837245
vt 0.87834650 0.34870961
vt 0.87834650 0.34870961
vt 0.46247137 0.66837245
vt 0.93846118 0.00027843
vt 0.87548584 0.34595403
vt 0.87548584 0.34595403
vt 0.84261912 0.76157880
vt 0.93780422 0.00027844
vt 0.93780374 0.05685818
vt 0.84261912 0.70500779
vt 0.84261912 0.70500779
vt 0.93846118 0.05685818
vt 0.87548578 0.40252504
vt 0.46132523 0.61731154
vt 0.46132523 0.61731154
vt 0.60865068 0.20142113
vt 0.46247128 0.61731154
vt 0.87834650 0.39976943
vt 0.46247128 0.61731154
vt 0.84532243 0.70776337
vt 0.84532243 0.70776337
vt 0.19846500 0.99796861
vt 0.19846500 0.99796861
vt 0.19846500 0.99699765
vt 0.95868790 0.45188540
vt 0.19846500 0.99699765
vt 0.87042302 0.70776337
vt 0.17336406 0.99796873
vt 0.17336406 0.99796873
vt 0.98378855 0.45188540
vt 0.17336406 0.99699753
vt 0.17336406 0.99699753
vt 0.87347805 0.76157880
vt 0.87347805 0.70500779
vt 0.02796239 0.57395387
vt 0.92886698 0.58007973
vt 0.92886698 0.58007973
vt 0.63173240 0.04000926
vt 0.92983830 0.58007973
vt 0.92983830 0.58007973
vt 0.65909654 0.04000925
vt 0.92983842 0.67826784
vt 0.92983842 0.55447346
vt 0.92886710 0.55447346
vt 0.05356277 0.57395387
vt 0.92886752 0.67826784
vt 0.05626613 0.57119822
vt 0.05356276 0.61025155
vt 0.92886734 0.64197814
vt 0.92886734 0.64197814
vt 0.05626609 0.61300713
vt 0.92983830 0.64197808
vt 0.92983830 0.64197808
vt 0.65909654 0.07880777
vt 0.92886710 0.61637771
vt 0.92886710 0.61637771
vt 0.02796237 0.61025155
vt 0.92983824 0.61637771
vt 0.92983824 0.61637771
vt 0.63173240 0.07880777
vt 0.02490737 0.57119822
vt 0.02490735 0.61300719
vt 0.92886698 0.58007973
vt 0.02796239 0.57395387
vt 0.92886698 0.58007973
vt 0.05356277 0.57395387
vt 0.92886752 0.67826784
vt 0.92886710 0.55447346
vt 0.92983842 0.67826784
vt 0.65909654 0.04000925
vt 0.92983842 0.55447346
vt 0.92983830 0.58007973
vt 0.63173240 0.04000926
vt 0.92983830 0.58007973
vt 0.05626613 0.57119822
vt 0.05626609 0.61300713
vt 0.05356276 0.61025155
vt 0.92886734 0.64197814
vt 0.92886734 0.64197814
vt 0.92983830 0.64197808
vt 0.65909654 0.07880777
vt 0.92983830 0.64197808
vt 0.92983824 0.61637771
vt 0.63173240 0.07880777
vt 0.92983824 0.61637771
vt 0.92886710 0.61637771
vt 0.92886710 0.61637771
vt 0.02796237 0.61025155
vt 0.02490737 0.57119822
vt 0.02490735 0.61300719
vt 0.66072875 0.03863413
vt 0.99886477 0.07344636
vt 0.99886477 0.07344636
vt 0.99669838 0.07344636
vt 0.99669838 0.07344636
vt 0.99669826 0.11525551
vt 0.99669826 0.11525551
vt 0.99886477 0.11525551
vt 0.66072881 0.08044311
vt 0.99886477 0.11525551
vt 0.92516893 0.50251961
vt 0.92516875 0.30803967
vt 0.66674680 0.08646103
vt 0.92516881 0.44867608
vt 0.92516881 0.44867608
vt 0.66674674 0.03261618
vt 0.92733526 0.50251961
vt 0.92733526 0.30803967
vt 0.92733526 0.44867608
vt 0.92733526 0.44867608
vt 0.99669838 0.00027879
vt 0.99669838 0.14661448
vt 0.99886477 0.14661445
vt 0.62937003 0.08044311
vt 0.99886477 0.00027879
vt 0.92516875 0.35143587
vt 0.62335211 0.08646103
vt 0.92516875 0.35143587
vt 0.92733526 0.35143587
vt 0.92733526 0.35143587
vt 0.99669838 0.04208778
vt 0.99669838 0.04208778
vt 0.99886477 0.04208779
vt 0.99886477 0.04208779
vt 0.62937003 0.03863413
vt 0.92516875 0.40528178
vt 0.62335205 0.03261620
vt 0.92516875 0.40528178
vt 0.92733526 0.40528181
vt 0.92733526 0.40528181
vt 0.99886477 0.07344636
vt 0.66072875 0.03863413
vt 0.99886477 0.07344636
vt 0.99886477 0.11525551
vt 0.99886477 0.11525551
vt 0.66072881 0.08044311
vt 0.99669826 0.11525551
vt 0.99669826 0.11525551
vt 0.99669838 0.07344636
vt 0.99669838 0.07344636
vt 0.92516881 0.44867608
vt 0.66674674 0.03261618
vt 0.92516881 0.44867608
vt 0.66674680 0.08646103
vt 0.92516893 0.50251961
vt 0.92516875 0.30803967
vt 0.92733526 0.44867608
vt 0.92733526 0.44867608
vt 0.92733526 0.50251961
vt 0.92733526 0.30803967
vt 0.62937003 0.08044311
vt 0.99886477 0.14661445
vt 0.99886477 0.00027879
vt 0.99669838 0.14661448
vt 0.99669838 0.00027879
vt 0.92733526 0.35143587
vt 0.92733526 0.35143587
vt 0.92516875 0.35143587
vt 0.92516875 0.35143587
vt 0.62335211 0.08646103
vt 0.99886477 0.04208779
vt 0.62937003 0.03863413
vt 0.99886477 0.04208779
vt 0.99669838 0.04208778
vt 0.99669838 0.04208778
vt 0.92733526 0.40528181
vt 0.92733526 0.40528181
vt 0.62335205 0.03261620
vt 0.92516875 0.40528178
vt 0.92516875 0.40528178
vt 0.91322988 0.70492959
vt 0.91322988 0.71076405
vt 0.90926021 0.71076405
vt 0.90926021 0.70492959
vt 0.91719955 0.70492959
vt 0.91719896 0.71076405
vt 0.92116803 0.70492959
vt 0.92116803 0.71076405
vt 0.92513770 0.70492959
vt 0.92513770 0.71076405
vt 0.92910618 0.70492959
vt 0.92910618 0.71076405
vt 0.93307584 0.70492959
vt 0.93307584 0.71076405
vt 0.93704551 0.70492947
vt 0.93704551 0.71076405
vt 0.88544458 0.70492959
vt 0.88544458 0.71076405
vt 0.88147610 0.71076405
vt 0.88147610 0.70492947
vt 0.88941425 0.70492947
vt 0.88941425 0.71076405
vt 0.89338273 0.70492959
vt 0.89338273 0.71076405
vt 0.89735240 0.70492959
vt 0.89735240 0.71076405
vt 0.90132207 0.70492959
vt 0.90132207 0.71076405
vt 0.90529114 0.70492947
vt 0.90529114 0.71076405
vt 0.90897298 0.72724229
vt 0.90897298 0.72724229
vt 0.87843507 0.71079266
vt 0.90897298 0.73603678
vt 0.90897298 0.73603678
vt 0.87843507 0.70492959
vt 0.90897298 0.71563637
vt 0.94008595 0.70492959
vt 0.90897298 0.73884821
vt 0.90897298 0.72443092
vt 0.90897298 0.72443092
vt 0.94008595 0.71079254
vt 0.93804455 0.72443044
vt 0.93804455 0.72443044
vt 0.93804455 0.72724229
vt 0.93804455 0.72724229
vt 0.93804455 0.73884869
vt 0.93804455 0.71563590
vt 0.93804455 0.73603678
vt 0.93804455 0.73603678
vt 0.83124816 0.73830611
vt 0.83124816 0.73830611
vt 0.83124816 0.73830611
vt 0.81749201 0.73830611
vt 0.81749201 0.73830611
vt 0.81749201 0.73830611
vt 0.81749201 0.73492694
vt 0.81411243 0.73830611
vt 0.83462775 0.73830611
vt 0.83124816 0.73492694
vt 0.83462775 0.75206178
vt 0.83124816 0.75544119
vt 0.81749201 0.75544119
vt 0.81411243 0.75206178
vt 0.81749201 0.75206178
vt 0.81749201 0.75206178
vt 0.81749201 0.75206178
vt 0.83124816 0.75206178
vt 0.83124816 0.75206178
vt 0.83124816 0.75206178
vt 0.91322988 0.70492959
vt 0.91322988 0.71076405
vt 0.90926021 0.71076405
vt 0.90926021 0.70492959
vt 0.91719955 0.70492959
vt 0.91719896 0.71076405
vt 0.92116803 0.70492959
vt 0.92116803 0.71076405
vt 0.92513770 0.70492959
vt 0.92513770 0.71076405
vt 0.92910618 0.70492959
vt 0.92910618 0.71076405
vt 0.93307584 0.70492959
vt 0.93307584 0.71076405
vt 0.93704551 0.70492947
vt 0.93704551 0.71076405
vt 0.88544458 0.70492959
vt 0.88544458 0.71076405
vt 0.88147610 0.71076405
vt 0.88147610 0.70492947
vt 0.88941425 0.70492947
vt 0.88941425 0.71076405
vt 0.89338273 0.70492959
vt 0.89338273 0.71076405
vt 0.89735240 0.70492959
vt 0.89735240 0.71076405
vt 0.90132207 0.70492959
vt 0.90132207 0.71076405
vt 0.90529114 0.70492947
vt 0.90529114 0.71076405
vt 0.90897298 0.72724229
vt 0.87843507 0.71079266
vt 0.90897298 0.72724229
vt 0.87843507 0.70492959
vt 0.90897298 0.73603678
vt 0.90897298 0.73603678
vt 0.94008595 0.70492959
vt 0.90897298 0.71563637
vt 0.90897298 0.73884821
vt 0.90897298 0.72443092
vt 0.90897298 0.72443092
vt 0.94008595 0.71079254
vt 0.93804455 0.72443044
vt 0.93804455 0.72443044
vt 0.93804455 0.72724229
vt 0.93804455 0.72724229
vt 0.93804455 0.73884869
vt 0.93804455 0.71563590
vt 0.93804455 0.73603678
vt 0.93804455 0.73603678
vt 0.83124816 0.73830611
vt 0.83124816 0.73830611
vt 0.83124816 0.73830611
vt 0.81749201 0.73830611
vt 0.81749201 0.73830611
vt 0.81749201 0.73830611
vt 0.81411243 0.73830611
vt 0.81749201 0.73492694
vt 0.83124816 0.73492694
vt 0.83462775 0.73830611
vt 0.83124816 0.75544119
vt 0.83462775 0.75206178
vt 0.81749201 0.75544119
vt 0.81411243 0.75206178
vt 0.81749201 0.75206178
vt 0.81749201 0.75206178
vt 0.81749201 0.75206178
vt 0.83124816 0.75206178
vt 0.83124816 0.75206178
vt 0.83124816 0.75206178
vt 0.91322988 0.70492959
vt 0.91322988 0.71076405
vt 0.90926021 0.71076405
vt 0.90926021 0.70492959
vt 0.91719955 0.70492959
vt 0.91719896 0.71076405
vt 0.92116803 0.70492959
vt 0.92116803 0.71076405
vt 0.92513770 0.70492959
vt 0.92513770 0.71076405
vt 0.92910618 0.70492959
vt 0.92910618 0.71076405
vt 0.93307584 0.70492959
vt 0.93307584 0.71076405
vt 0.93704551 0.70492947
vt 0.93704551 0.71076405
vt 0.88544458 0.70492959
vt 0.88544458 0.71076405
vt 0.88147610 0.71076405
vt 0.88147610 0.70492947
vt 0.88941425 0.70492947
vt 0.88941425 0.71076405
vt 0.89338273 0.70492959
vt 0.89338273 0.71076405
vt 0.89735240 0.70492959
vt 0.89735240 0.71076405
vt 0.90132207 0.70492959
vt 0.90132207 0.71076405
vt 0.90529114 0.70492947
vt 0.90529114 0.71076405
vt 0.87843507 0.71079266
vt 0.90897298 0.72724229
vt 0.90897298 0.72724229
vt 0.90897298 0.73603678
vt 0.90897298 0.73603678
vt 0.87843507 0.70492959
vt 0.94008595 0.70492959
vt 0.90897298 0.73884821
vt 0.90897298 0.71563637
vt 0.90897298 0.72443092
vt 0.90897298 0.72443092
vt 0.94008595 0.71079254
vt 0.93804455 0.72443044
vt 0.93804455 0.72443044
vt 0.93804455 0.72724229
vt 0.93804455 0.72724229
vt 0.93804455 0.71563590
vt 0.93804455 0.73884869
vt 0.93804455 0.73603678
vt 0.93804455 0.73603678
vt 0.83124816 0.73830611
vt 0.83124816 0.73830611
vt 0.83124816 0.73830611
vt 0.81749201 0.73830611
vt 0.81749201 0.73830611
vt 0.81749201 0.73830611
vt 0.81749201 0.73492694
vt 0.81411243 0.73830611
vt 0.83124816 0.73492694
vt 0.83462775 0.73830611
vt 0.83124816 0.75544119
vt 0.83462775 0.75206178
vt 0.81411243 0.75206178
vt 0.81749201 0.75544119
vt 0.81749201 0.75206178
vt 0.81749201 0.75206178
vt 0.81749201 0.75206178
vt 0.83124816 0.75206178
vt 0.83124816 0.75206178
vt 0.83124816 0.75206178
vt 0.91322988 0.70492959
vt 0.91322988 0.71076405
vt 0.90926021 0.71076405
vt 0.90926021 0.70492959
vt 0.91719955 0.70492959
vt 0.91719896 0.71076405
vt 0.92116803 0.70492959
vt 0.92116803 0.71076405
vt 0.92513770 0.70492959
vt 0.92513770 0.71076405
vt 0.92910618 0.70492959
vt 0.92910618 0.71076405
vt 0.93307584 0.70492959
vt 0.93307584 0.71076405
vt 0.93704551 0.70492947
vt 0.93704551 0.71076405
vt 0.88544458 0.70492959
vt 0.88544458 0.71076405
vt 0.88147610 0.71076405
vt 0.88147610 0.70492947
vt 0.88941425 0.70492947
vt 0.88941425 0.71076405
vt 0.89338273 0.70492959
vt 0.89338273 0.71076405
vt 0.89735240 0.70492959
vt 0.89735240 0.71076405
vt 0.90132207 0.70492959
vt 0.90132207 0.71076405
vt 0.90529114 0.70492947
vt 0.90529114 0.71076405
vt 0.90897298 0.72724229
vt 0.90897298 0.72724229
vt 0.87843507 0.71079266
vt 0.90897298 0.73603678
vt 0.87843507 0.70492959
vt 0.90897298 0.73603678
vt 0.90897298 0.71563637
vt 0.94008595 0.70492959
vt 0.90897298 0.73884821
vt 0.90897298 0.72443092
vt 0.90897298 0.72443092
vt 0.94008595 0.71079254
vt 0.93804455 0.72443044
vt 0.93804455 0.72443044
vt 0.93804455 0.72724229
vt 0.93804455 0.72724229
vt 0.93804455 0.71563590
vt 0.93804455 0.73884869
vt 0.93804455 0.73603678
vt 0.93804455 0.73603678
vt 0.83124816 0.73830611
vt 0.83124816 0.73830611
vt 0.83124816 0.73830611
vt 0.81749201 0.73830611
vt 0.81749201 0.73830611
vt 0.81749201 0.73830611
vt 0.81411243 0.73830611
vt 0.81749201 0.73492694
vt 0.83124816 0.73492694
vt 0.83462775 0.73830611
vt 0.83462775 0.75206178
vt 0.83124816 0.75544119
vt 0.81749201 0.75544119
vt 0.81411243 0.75206178
vt 0.81749201 0.75206178
vt 0.81749201 0.75206178
vt 0.81749201 0.75206178
vt 0.83124816 0.75206178
vt 0.83124816 0.75206178
vt 0.83124816 0.75206178
vt 0.91322988 0.70492959
vt 0.91322988 0.71076405
vt 0.90926021 0.71076405
vt 0.90926021 0.70492959
vt 0.91719955 0.70492959
vt 0.91719896 0.71076405
vt 0.92116803 0.70492959
vt 0.92116803 0.71076405
vt 0.92513770 0.70492959
vt 0.92513770 0.71076405
vt 0.92910618 0.70492959
vt 0.92910618 0.71076405
vt 0.93307584 0.70492959
vt 0.93307584 0.71076405
vt 0.93704551 0.70492947
vt 0.93704551 0.71076405
vt 0.88544458 0.70492959
vt 0.88544458 0.71076405
vt 0.88147610 0.71076405
vt 0.88147610 0.70492947
vt 0.88941425 0.70492947
vt 0.88941425 0.71076405
vt 0.89338273 0.70492959
vt 0.89338273 0.71076405
vt 0.89735240 0.70492959
vt 0.89735240 0.71076405
vt 0.90132207 0.70492959
vt 0.90132207 0.71076405
vt 0.90529114 0.70492947
vt 0.90529114 0.71076405
vt 0.90897298 0.72724229
vt 0.90897298 0.72724229
vt 0.87843507 0.71079266
vt 0.87843507 0.70492959
vt 0.90897298 0.73603678
vt 0.90897298 0.73603678
vt 0.90897298 0.71563637
vt 0.90897298 0.73884821
vt 0.94008595 0.70492959
vt 0.94008595 0.71079254
vt 0.90897298 0.72443092
vt 0.90897298 0.72443092
vt 0.93804455 0.72443044
vt 0.93804455 0.72443044
vt 0.93804455 0.72724229
vt 0.93804455 0.72724229
vt 0.93804455 0.73884869
vt 0.93804455 0.71563590
vt 0.93804455 0.73603678
vt 0.93804455 0.73603678
vt 0.83124816 0.73830611
vt 0.83124816 0.73830611
vt 0.83124816 0.73830611
vt 0.81749201 0.73830611
vt 0.81749201 0.73830611
vt 0.81749201 0.73830611
vt 0.81411243 0.73830611
vt 0.81749201 0.73492694
vt 0.83124816 0.73492694
vt 0.83462775 0.73830611
vt 0.83124816 0.75544119
vt 0.83462775 0.75206178
vt 0.81749201 0.75544119
vt 0.81411243 0.75206178
vt 0.81749201 0.75206178
vt 0.81749201 0.75206178
vt 0.81749201 0.75206178
vt 0.83124816 0.75206178
vt 0.83124816 0.75206178
vt 0.83124816 0.75206178
vt 0.91322988 0.70492959
vt 0.91322988 0.71076405
vt 0.90926021 0.71076405
vt 0.90926021 0.70492959
vt 0.91719955 0.70492959
vt 0.91719896 0.71076405
vt 0.92116803 0.70492959
vt 0.92116803 0.71076405
vt 0.92513770 0.70492959
vt 0.92513770 0.71076405
vt 0.92910618 0.70492959
vt 0.92910618 0.71076405
vt 0.93307584 0.70492959
vt 0.93307584 0.71076405
vt 0.93704551 0.70492947
vt 0.93704551 0.71076405
vt 0.88544458 0.70492959
vt 0.88544458 0.71076405
vt 0.88147610 0.71076405
vt 0.88147610 0.70492947
vt 0.88941425 0.70492947
vt 0.88941425 0.71076405
vt 0.89338273 0.70492959
vt 0.89338273 0.71076405
vt 0.89735240 0.70492959
vt 0.89735240 0.71076405
vt 0.90132207 0.70492959
vt 0.90132207 0.71076405
vt 0.90529114 0.70492947
vt 0.90529114 0.71076405
vt 0.87843507 0.71079266
vt 0.90897298 0.72724229
vt 0.90897298 0.72724229
vt 0.87843507 0.70492959
vt 0.90897298 0.73603678
vt 0.90897298 0.73603678
vt 0.90897298 0.73884821
vt 0.94008595 0.70492959
vt 0.90897298 0.71563637
vt 0.90897298 0.72443092
vt 0.94008595 0.71079254
vt 0.90897298 0.72443092
vt 0.93804455 0.72443044
vt 0.93804455 0.72443044
vt 0.93804455 0.72724229
vt 0.93804455 0.72724229
vt 0.93804455 0.73884869
vt 0.93804455 0.71563590
vt 0.93804455 0.73603678
vt 0.93804455 0.73603678
vt 0.83124816 0.73830611
vt 0.83124816 0.73830611
vt 0.83124816 0.73830611
vt 0.81749201 0.73830611
vt 0.81749201 0.73830611
vt 0.81749201 0.73830611
vt 0.81749201 0.73492694
vt 0.81411243 0.73830611
vt 0.83124816 0.73492694
vt 0.83462775 0.73830611
vt 0.83124816 0.75544119
vt 0.83462775 0.75206178
vt 0.81411243 0.75206178
vt 0.81749201 0.75544119
vt 0.81749201 0.75206178
vt 0.81749201 0.75206178
vt 0.81749201 0.75206178
vt 0.83124816 0.75206178
vt 0.83124816 0.75206178
vt 0.83124816 0.75206178
vt 0.34954718 0.69342291
vt 0.34966534 0.69414854
vt 0.35388499 0.69379795
vt 0.35377365 0.69285774
vt 0.34937814 0.69257384
vt 0.35364646 0.69191450
vt 0.34938946 0.69809490
vt 0.34925214 0.69159329
vt 0.35367820 0.69853145
vt 0.35351109 0.69096905
vt 0.34947375 0.69710785
vt 0.35377190 0.69757944
vt 0.34960684 0.69625151
vt 0.35385740 0.69663018
vt 0.34969434 0.69552123
vt 0.35392705 0.69568473
vt 0.34971365 0.69483411
vt 0.35395888 0.69473952
vt 0.34845504 0.69415581
vt 0.34853268 0.69485933
vt 0.34828180 0.69344938
vt 0.34811974 0.69261235
vt 0.34808645 0.69161624
vt 0.34821934 0.69812155
vt 0.34821239 0.69712180
vt 0.34834045 0.69627804
vt 0.34848443 0.69556528
vt 0.33639890 0.69508600
vt 0.33643788 0.69652498
vt 0.33647826 0.69133431
vt 0.33641121 0.69241673
vt 0.33639497 0.69364881
vt 0.33659029 0.69884872
vt 0.33666739 0.69030428
vt 0.33681250 0.69988030
vt 0.33649069 0.69776165
vt 0.33467904 0.69350451
vt 0.33473906 0.69510973
vt 0.33460763 0.69207341
vt 0.33463779 0.69075507
vt 0.33493304 0.70080966
vt 0.33478844 0.68942714
vt 0.33475015 0.69947904
vt 0.33468708 0.69815594
vt 0.33472154 0.69671804
vt 0.25432175 0.69595092
vt 0.25431317 0.69764167
vt 0.25429252 0.69260949
vt 0.25431192 0.69426715
vt 0.25429875 0.70097244
vt 0.25428042 0.68938053
vt 0.25431275 0.70261186
vt 0.25429821 0.69931841
vt 0.25428316 0.69098467
vt 0.24815819 0.70261186
vt 0.24841018 0.68939704
vt 0.24854758 0.69083512
vt 0.24876079 0.69781739
vt 0.24855170 0.69954020
vt 0.24884483 0.69398975
vt 0.24888152 0.69589412
vt 0.24833548 0.70108873
vt 0.24870783 0.69231576
vt 0.24570383 0.69413686
vt 0.24562599 0.69578677
vt 0.24576697 0.69263136
vt 0.24575397 0.69123667
vt 0.24510975 0.70198607
vt 0.24560317 0.68988079
vt 0.24536486 0.70052344
vt 0.24548565 0.69903767
vt 0.24555150 0.69746357
vt 0.24223664 0.69692659
vt 0.23975332 0.69821453
vt 0.24113840 0.69844663
vt 0.24211119 0.69825232
vt 0.24041361 0.70190263
vt 0.24253520 0.69176132
vt 0.24254540 0.69301939
vt 0.23902851 0.70167047
vt 0.24160533 0.70105463
vt 0.24237707 0.69045031
vt 0.24160533 0.70105463
vt 0.24190553 0.69962305
vt 0.24190553 0.69962305
vt 0.24235360 0.69558340
vt 0.23856154 0.69906259
vt 0.23826140 0.70049411
vt 0.24246281 0.69426846
vt 0.34954718 0.69342291
vt 0.35377365 0.69285774
vt 0.35388499 0.69379795
vt 0.34966534 0.69414854
vt 0.34937814 0.69257384
vt 0.35364646 0.69191450
vt 0.34925214 0.69159329
vt 0.34938946 0.69809490
vt 0.35351109 0.69096905
vt 0.35367820 0.69853145
vt 0.34947375 0.69710785
vt 0.35377190 0.69757944
vt 0.34960684 0.69625151
vt 0.35385740 0.69663018
vt 0.34969434 0.69552123
vt 0.35392705 0.69568473
vt 0.34971365 0.69483411
vt 0.35395888 0.69473952
vt 0.34853268 0.69485933
vt 0.34845504 0.69415581
vt 0.34828180 0.69344938
vt 0.34811974 0.69261235
vt 0.34808645 0.69161624
vt 0.34821934 0.69812155
vt 0.34821239 0.69712180
vt 0.34834045 0.69627804
vt 0.34848443 0.69556528
vt 0.33639890 0.69508600
vt 0.33643788 0.69652498
vt 0.33647826 0.69133431
vt 0.33641121 0.69241673
vt 0.33639497 0.69364881
vt 0.33659029 0.69884872
vt 0.33681250 0.69988030
vt 0.33666739 0.69030428
vt 0.33649069 0.69776165
vt 0.33473906 0.69510973
vt 0.33467904 0.69350451
vt 0.33460763 0.69207341
vt 0.33463779 0.69075507
vt 0.33493304 0.70080966
vt 0.33478844 0.68942714
vt 0.33475015 0.69947904
vt 0.33468708 0.69815594
vt 0.33472154 0.69671804
vt 0.25432175 0.69595092
vt 0.25431317 0.69764167
vt 0.25429252 0.69260949
vt 0.25431192 0.69426715
vt 0.25429875 0.70097244
vt 0.25431275 0.70261186
vt 0.25428042 0.68938053
vt 0.25429821 0.69931841
vt 0.25428316 0.69098467
vt 0.24854758 0.69083512
vt 0.24841018 0.68939704
vt 0.24815819 0.70261186
vt 0.24855170 0.69954020
vt 0.24876079 0.69781739
vt 0.24888152 0.69589412
vt 0.24884483 0.69398975
vt 0.24833548 0.70108873
vt 0.24870783 0.69231576
vt 0.24562599 0.69578677
vt 0.24570383 0.69413686
vt 0.24576697 0.69263136
vt 0.24575397 0.69123667
vt 0.24560317 0.68988079
vt 0.24510975 0.70198607
vt 0.24536486 0.70052344
vt 0.24548565 0.69903767
vt 0.24555150 0.69746357
vt 0.23975332 0.69821453
vt 0.24223664 0.69692659
vt 0.24113840 0.69844663
vt 0.24211119 0.69825232
vt 0.24253520 0.69176132
vt 0.24041361 0.70190263
vt 0.23902851 0.70167047
vt 0.24254540 0.69301939
vt 0.24237707 0.69045031
vt 0.24160533 0.70105463
vt 0.24160533 0.70105463
vt 0.24190553 0.69962305
vt 0.24190553 0.69962305
vt 0.23856154 0.69906259
vt 0.24235360 0.69558340
vt 0.23826140 0.70049411
vt 0.24246281 0.69426846
vt 0.55526507 0.73157549
vt 0.55129600 0.73157549
vt 0.55129600 0.73740989
vt 0.55526507 0.73740989
vt 0.55923474 0.73157549
vt 0.55923414 0.73740989
vt 0.56320381 0.73157549
vt 0.56320381 0.73740989
vt 0.56717288 0.73157549
vt 0.56717348 0.73740989
vt 0.57114196 0.73157549
vt 0.57114196 0.73740989
vt 0.57511163 0.73157549
vt 0.57511163 0.73740989
vt 0.57908070 0.73157549
vt 0.57908070 0.73740989
vt 0.52748036 0.73157549
vt 0.52351070 0.73157549
vt 0.52351070 0.73740989
vt 0.52748036 0.73740989
vt 0.53145003 0.73157549
vt 0.53145003 0.73740989
vt 0.53541851 0.73157549
vt 0.53541851 0.73740989
vt 0.53938818 0.73157549
vt 0.53938818 0.73740989
vt 0.54335785 0.73157549
vt 0.54335785 0.73740989
vt 0.54732633 0.73157549
vt 0.54732633 0.73740989
vt 0.52047086 0.73743868
vt 0.05267543 0.59118068
vt 0.05267543 0.59118068
vt 0.52047086 0.73157549
vt 0.05267543 0.58169901
vt 0.05267543 0.58169901
vt 0.05267543 0.59421188
vt 0.05267543 0.59421188
vt 0.58212113 0.73743850
vt 0.05267543 0.60369384
vt 0.05267543 0.57866764
vt 0.58212113 0.73157549
vt 0.02956204 0.59118068
vt 0.02956204 0.59118068
vt 0.02956204 0.59421188
vt 0.02956204 0.59421188
vt 0.02956204 0.57866746
vt 0.02956204 0.60369384
vt 0.02956204 0.58169878
vt 0.02956204 0.58169878
vt 0.83172560 0.71533930
vt 0.83172560 0.71533930
vt 0.83172560 0.71533930
vt 0.83510518 0.71533930
vt 0.83172560 0.71196032
vt 0.81797123 0.71196032
vt 0.81459165 0.71533930
vt 0.81797123 0.71533930
vt 0.81797123 0.71533930
vt 0.81797123 0.71533930
vt 0.83172560 0.73247397
vt 0.83510518 0.72909462
vt 0.83172560 0.72909462
vt 0.83172560 0.72909462
vt 0.83172560 0.72909462
vt 0.81797123 0.72909462
vt 0.81797123 0.72909462
vt 0.81797123 0.72909462
vt 0.81459165 0.72909462
vt 0.81797123 0.73247397
vt 0.55526507 0.73157549
vt 0.55129600 0.73157549
vt 0.55129600 0.73740989
vt 0.55526507 0.73740989
vt 0.55923474 0.73157549
vt 0.55923414 0.73740989
vt 0.56320381 0.73157549
vt 0.56320381 0.73740989
vt 0.56717288 0.73157549
vt 0.56717348 0.73740989
vt 0.57114196 0.73157549
vt 0.57114196 0.73740989
vt 0.57511163 0.73157549
vt 0.57511163 0.73740989
vt 0.57908070 0.73157549
vt 0.57908070 0.73740989
vt 0.52748036 0.73157549
vt 0.52351070 0.73157549
vt 0.52351070 0.73740989
vt 0.52748036 0.73740989
vt 0.53145003 0.73157549
vt 0.53145003 0.73740989
vt 0.53541851 0.73157549
vt 0.53541851 0.73740989
vt 0.53938818 0.73157549
vt 0.53938818 0.73740989
vt 0.54335785 0.73157549
vt 0.54335785 0.73740989
vt 0.54732633 0.73157549
vt 0.54732633 0.73740989
vt 0.52047086 0.73743868
vt 0.05267543 0.59118068
vt 0.05267543 0.59118068
vt 0.05267543 0.58169901
vt 0.05267543 0.58169901
vt 0.52047086 0.73157549
vt 0.58212113 0.73743850
vt 0.05267543 0.59421188
vt 0.05267543 0.59421188
vt 0.05267543 0.57866764
vt 0.05267543 0.60369384
vt 0.58212113 0.73157549
vt 0.02956204 0.59118068
vt 0.02956204 0.59118068
vt 0.02956204 0.59421188
vt 0.02956204 0.59421188
vt 0.02956204 0.60369384
vt 0.02956204 0.57866746
vt 0.02956204 0.58169878
vt 0.02956204 0.58169878
vt 0.83172560 0.71533930
vt 0.83172560 0.71533930
vt 0.83172560 0.71533930
vt 0.83172560 0.71196032
vt 0.83510518 0.71533930
vt 0.81459165 0.71533930
vt 0.81797123 0.71196032
vt 0.81797123 0.71533930
vt 0.81797123 0.71533930
vt 0.81797123 0.71533930
vt 0.83510518 0.72909462
vt 0.83172560 0.73247397
vt 0.83172560 0.72909462
vt 0.83172560 0.72909462
vt 0.83172560 0.72909462
vt 0.81797123 0.72909462
vt 0.81797123 0.72909462
vt 0.81797123 0.72909462
vt 0.81797123 0.73247397
vt 0.81459165 0.72909462
vt 0.55526507 0.73157549
vt 0.55526507 0.73740989
vt 0.55129600 0.73740989
vt 0.55129600 0.73157549
vt 0.55923474 0.73157549
vt 0.55923414 0.73740989
vt 0.56320381 0.73157549
vt 0.56320381 0.73740989
vt 0.56717288 0.73157549
vt 0.56717348 0.73740989
vt 0.57114196 0.73157549
vt 0.57114196 0.73740989
vt 0.57511163 0.73157549
vt 0.57511163 0.73740989
vt 0.57908070 0.73157549
vt 0.57908070 0.73740989
vt 0.52748036 0.73157549
vt 0.52748036 0.73740989
vt 0.52351070 0.73740989
vt 0.52351070 0.73157549
vt 0.53145003 0.73157549
vt 0.53145003 0.73740989
vt 0.53541851 0.73157549
vt 0.53541851 0.73740989
vt 0.53938818 0.73157549
vt 0.53938818 0.73740989
vt 0.54335785 0.73157549
vt 0.54335785 0.73740989
vt 0.54732633 0.73157549
vt 0.54732633 0.73740989
vt 0.05267543 0.59118068
vt 0.05267543 0.59118068
vt 0.52047086 0.73743868
vt 0.52047086 0.73157549
vt 0.05267543 0.58169901
vt 0.05267543 0.58169901
vt 0.05267543 0.60369384
vt 0.05267543 0.57866764
vt 0.58212113 0.73157549
vt 0.05267543 0.59421188
vt 0.05267543 0.59421188
vt 0.58212113 0.73743850
vt 0.02956204 0.59421188
vt 0.02956204 0.59421188
vt 0.02956204 0.59118068
vt 0.02956204 0.59118068
vt 0.02956204 0.57866746
vt 0.02956204 0.60369384
vt 0.02956204 0.58169878
vt 0.02956204 0.58169878
vt 0.83172560 0.71533930
vt 0.83172560 0.71533930
vt 0.83172560 0.71533930
vt 0.81797123 0.71533930
vt 0.81797123 0.71533930
vt 0.81797123 0.71533930
vt 0.81459165 0.71533930
vt 0.81797123 0.71196032
vt 0.83510518 0.71533930
vt 0.83172560 0.71196032
vt 0.83172560 0.73247397
vt 0.83510518 0.72909462
vt 0.81459165 0.72909462
vt 0.81797123 0.73247397
vt 0.81797123 0.72909462
vt 0.81797123 0.72909462
vt 0.81797123 0.72909462
vt 0.83172560 0.72909462
vt 0.83172560 0.72909462
vt 0.83172560 0.72909462
vt 0.55526507 0.73157549
vt 0.55526507 0.73740989
vt 0.55129600 0.73740989
vt 0.55129600 0.73157549
vt 0.55923474 0.73157549
vt 0.55923414 0.73740989
vt 0.56320381 0.73157549
vt 0.56320381 0.73740989
vt 0.56717288 0.73157549
vt 0.56717348 0.73740989
vt 0.57114196 0.73157549
vt 0.57114196 0.73740989
vt 0.57511163 0.73157549
vt 0.57511163 0.73740989
vt 0.57908070 0.73157549
vt 0.57908070 0.73740989
vt 0.52748036 0.73157549
vt 0.52748036 0.73740989
vt 0.52351070 0.73740989
vt 0.52351070 0.73157549
vt 0.53145003 0.73157549
vt 0.53145003 0.73740989
vt 0.53541851 0.73157549
vt 0.53541851 0.73740989
vt 0.53938818 0.73157549
vt 0.53938818 0.73740989
vt 0.54335785 0.73157549
vt 0.54335785 0.73740989
vt 0.54732633 0.73157549
vt 0.54732633 0.73740989
vt 0.52047086 0.73743868
vt 0.05267543 0.59118068
vt 0.05267543 0.59118068
vt 0.52047086 0.73157549
vt 0.05267543 0.58169901
vt 0.05267543 0.58169901
vt 0.58212113 0.73157549
vt 0.05267543 0.57866764
vt 0.05267543 0.60369384
vt 0.05267543 0.59421188
vt 0.05267543 0.59421188
vt 0.58212113 0.73743850
vt 0.02956204 0.59421188
vt 0.02956204 0.59421188
vt 0.02956204 0.59118068
vt 0.02956204 0.59118068
vt 0.02956204 0.57866746
vt 0.02956204 0.60369384
vt 0.02956204 0.58169878
vt 0.02956204 0.58169878
vt 0.83172560 0.71533930
vt 0.83172560 0.71533930
vt 0.83172560 0.71533930
vt 0.81797123 0.71533930
vt 0.81797123 0.71533930
vt 0.81797123 0.71533930
vt 0.81459165 0.71533930
vt 0.81797123 0.71196032
vt 0.83172560 0.71196032
vt 0.83510518 0.71533930
vt 0.83172560 0.73247397
vt 0.83510518 0.72909462
vt 0.81459165 0.72909462
vt 0.81797123 0.73247397
vt 0.81797123 0.72909462
vt 0.81797123 0.72909462
vt 0.81797123 0.72909462
vt 0.83172560 0.72909462
vt 0.83172560 0.72909462
vt 0.83172560 0.72909462
vt 0.45537657 0.55632448
vt 0.93662757 0.92968643
vt 0.45537669 0.57633614
vt 0.93855733 0.94960558
vt 0.45537669 0.57633614
vt 0.45417458 0.57633614
vt 0.98171920 0.92514962
vt 0.45417458 0.57633614
vt 0.45417446 0.55632448
vt 0.98378748 0.90524435
vt 0.45417458 0.58075905
vt 0.45417458 0.58075905
vt 0.97855121 0.92823654
vt 0.45537657 0.58075905
vt 0.94170350 0.95271456
vt 0.45537657 0.58075905
vt 0.97970563 0.93432462
vt 0.45537669 0.62297893
vt 0.45537669 0.62297893
vt 0.45417458 0.62297893
vt 0.45417458 0.62297893
vt 0.94067842 0.90958136
vt 0.45417458 0.62748826
vt 0.93958765 0.90520638
vt 0.45537669 0.62748826
vt 0.98082680 0.92995721
vt 0.97412020 0.90511185
vt 0.94629604 0.92962146
vt 0.93662757 0.92968643
vt 0.45537657 0.55632448
vt 0.45537669 0.57633614
vt 0.93855733 0.94960558
vt 0.45537669 0.57633614
vt 0.98171920 0.92514962
vt 0.45417458 0.57633614
vt 0.45417458 0.57633614
vt 0.45417446 0.55632448
vt 0.98378748 0.90524435
vt 0.45417458 0.58075905
vt 0.45417458 0.58075905
vt 0.97855121 0.92823654
vt 0.45537657 0.58075905
vt 0.94170350 0.95271456
vt 0.45537657 0.58075905
vt 0.97970563 0.93432462
vt 0.45537669 0.62297893
vt 0.45537669 0.62297893
vt 0.45417458 0.62297893
vt 0.94067842 0.90958136
vt 0.45417458 0.62297893
vt 0.93958765 0.90520638
vt 0.45417458 0.62748826
vt 0.98082680 0.92995721
vt 0.45537669 0.62748826
vt 0.97412020 0.90511185
vt 0.94629604 0.92962146
vt 0.93662757 0.92968643
vt 0.45537657 0.55632448
vt 0.45537669 0.57633614
vt 0.45537669 0.57633614
vt 0.93855733 0.94960558
vt 0.45417458 0.57633614
vt 0.98171920 0.92514962
vt 0.45417458 0.57633614
vt 0.45417446 0.55632448
vt 0.98378748 0.90524435
vt 0.97855121 0.92823654
vt 0.45417458 0.58075905
vt 0.45417458 0.58075905
vt 0.45537657 0.58075905
vt 0.94170350 0.95271456
vt 0.45537657 0.58075905
vt 0.97970563 0.93432462
vt 0.45537669 0.62297893
vt 0.45537669 0.62297893
vt 0.45417458 0.62297893
vt 0.94067842 0.90958136
vt 0.45417458 0.62297893
vt 0.45417458 0.62748826
vt 0.93958765 0.90520638
vt 0.98082680 0.92995721
vt 0.45537669 0.62748826
vt 0.97412020 0.90511185
vt 0.94629604 0.92962146
vt 0.45537657 0.55632448
vt 0.93662757 0.92968643
vt 0.45537669 0.57633614
vt 0.93855733 0.94960558
vt 0.45537669 0.57633614
vt 0.45417458 0.57633614
vt 0.98171920 0.92514962
vt 0.45417458 0.57633614
vt 0.98378748 0.90524435
vt 0.45417446 0.55632448
vt 0.97855121 0.92823654
vt 0.45417458 0.58075905
vt 0.45417458 0.58075905
vt 0.94170350 0.95271456
vt 0.45537657 0.58075905
vt 0.45537657 0.58075905
vt 0.97970563 0.93432462
vt 0.45537669 0.62297893
vt 0.45537669 0.62297893
vt 0.94067842 0.90958136
vt 0.45417458 0.62297893
vt 0.45417458 0.62297893
vt 0.93958765 0.90520638
vt 0.45417458 0.62748826
vt 0.98082680 0.92995721
vt 0.45537669 0.62748826
vt 0.97412020 0.90511185
vt 0.94629604 0.92962146
vt 0.45537657 0.55632448
vt 0.93662757 0.92968643
vt 0.45537669 0.57633614
vt 0.93855733 0.94960558
vt 0.45537669 0.57633614
vt 0.98171920 0.92514962
vt 0.45417458 0.57633614
vt 0.45417458 0.57633614
vt 0.98378748 0.90524435
vt 0.45417446 0.55632448
vt 0.45417458 0.58075905
vt 0.97855121 0.92823654
vt 0.45417458 0.58075905
vt 0.45537657 0.58075905
vt 0.45537657 0.58075905
vt 0.94170350 0.95271456
vt 0.45537669 0.62297893
vt 0.45537669 0.62297893
vt 0.97970563 0.93432462
vt 0.45417458 0.62297893
vt 0.45417458 0.62297893
vt 0.94067842 0.90958136
vt 0.45417458 0.62748826
vt 0.93958765 0.90520638
vt 0.45537669 0.62748826
vt 0.98082680 0.92995721
vt 0.97412020 0.90511185
vt 0.94629604 0.92962146
vt 0.93662757 0.92968643
vt 0.45537657 0.55632448
vt 0.45537669 0.57633614
vt 0.93855733 0.94960558
vt 0.45537669 0.57633614
vt 0.45417458 0.57633614
vt 0.45417458 0.57633614
vt 0.98171920 0.92514962
vt 0.98378748 0.90524435
vt 0.45417446 0.55632448
vt 0.45417458 0.58075905
vt 0.97855121 0.92823654
vt 0.45417458 0.58075905
vt 0.45537657 0.58075905
vt 0.45537657 0.58075905
vt 0.94170350 0.95271456
vt 0.97970563 0.93432462
vt 0.45537669 0.62297893
vt 0.45537669 0.62297893
vt 0.94067842 0.90958136
vt 0.45417458 0.62297893
vt 0.45417458 0.62297893
vt 0.45417458 0.62748826
vt 0.93958765 0.90520638
vt 0.45537669 0.62748826
vt 0.98082680 0.92995721
vt 0.97412020 0.90511185
vt 0.94629604 0.92962146
vt 0.45537657 0.55632448
vt 0.93662757 0.92968643
vt 0.45537669 0.57633614
vt 0.93855733 0.94960558
vt 0.45537669 0.57633614
vt 0.45417458 0.57633614
vt 0.45417458 0.57633614
vt 0.98171920 0.92514962
vt 0.98378748 0.90524435
vt 0.45417446 0.55632448
vt 0.45417458 0.58075905
vt 0.45417458 0.58075905
vt 0.97855121 0.92823654
vt 0.45537657 0.58075905
vt 0.94170350 0.95271456
vt 0.45537657 0.58075905
vt 0.97970563 0.93432462
vt 0.45537669 0.62297893
vt 0.45537669 0.62297893
vt 0.45417458 0.62297893
vt 0.45417458 0.62297893
vt 0.94067842 0.90958136
vt 0.45417458 0.62748826
vt 0.93958765 0.90520638
vt 0.98082680 0.92995721
vt 0.45537669 0.62748826
vt 0.97412020 0.90511185
vt 0.94629604 0.92962146
vt 0.93662757 0.92968643
vt 0.45537657 0.55632448
vt 0.93855733 0.94960558
vt 0.45537669 0.57633614
vt 0.45537669 0.57633614
vt 0.45417458 0.57633614
vt 0.45417458 0.57633614
vt 0.98171920 0.92514962
vt 0.98378748 0.90524435
vt 0.45417446 0.55632448
vt 0.97855121 0.92823654
vt 0.45417458 0.58075905
vt 0.45417458 0.58075905
vt 0.45537657 0.58075905
vt 0.94170350 0.95271456
vt 0.45537657 0.58075905
vt 0.45537669 0.62297893
vt 0.45537669 0.62297893
vt 0.97970563 0.93432462
vt 0.45417458 0.62297893
vt 0.45417458 0.62297893
vt 0.94067842 0.90958136
vt 0.45417458 0.62748826
vt 0.93958765 0.90520638
vt 0.98082680 0.92995721
vt 0.45537669 0.62748826
vt 0.97412020 0.90511185
vt 0.94629604 0.92962146
vt 0.45537657 0.55632448
vt 0.93662757 0.92968643
vt 0.45537669 0.57633614
vt 0.45537669 0.57633614
vt 0.93855733 0.94960558
vt 0.98171920 0.92514962
vt 0.45417458 0.57633614
vt 0.45417458 0.57633614
vt 0.45417446 0.55632448
vt 0.98378748 0.90524435
vt 0.45417458 0.58075905
vt 0.97855121 0.92823654
vt 0.45417458 0.58075905
vt 0.94170350 0.95271456
vt 0.45537657 0.58075905
vt 0.45537657 0.58075905
vt 0.45537669 0.62297893
vt 0.97970563 0.93432462
vt 0.45537669 0.62297893
vt 0.45417458 0.62297893
vt 0.94067842 0.90958136
vt 0.45417458 0.62297893
vt 0.45417458 0.62748826
vt 0.93958765 0.90520638
vt 0.98082680 0.92995721
vt 0.45537669 0.62748826
vt 0.97412020 0.90511185
vt 0.94629604 0.92962146
vt 0.49226138 0.29970312
vt 0.49229568 0.29243025
vt 0.90899694 0.29243022
vt 0.90896261 0.29970309
vt 0.90899694 0.29243022
vt 0.49229568 0.29243025
vt 0.42167711 0.98259211
vt 0.42167711 0.98259211
vt 0.42166942 0.98589075
vt 0.23268320 0.98589087
vt 0.23269093 0.98259222
vt 0.23269093 0.98259222
vt 0.23115322 0.97931647
vt 0.42013943 0.97931635
vt 0.42167711 0.98259211
vt 0.42167711 0.98259211
vt 0.23269093 0.98259222
vt 0.23269093 0.98259222
vt 0.23268320 0.98589087
vt 0.42166942 0.98589075
vt 0.42013943 0.97931635
vt 0.23115322 0.97931647
vt 0.23269093 0.98259222
vt 0.23269093 0.98259222
vt 0.23268320 0.98589087
vt 0.23115322 0.97931647
vt 0.23268320 0.98589087
vt 0.23269093 0.98259222
vt 0.23269093 0.98259222
vt 0.23115322 0.97931647
vt 0.78510380 0.99601215
vt 0.78510380 0.99601215
vt 0.78510380 0.99322623
vt 0.87907291 0.99322623
vt 0.87907291 0.99601227
vt 0.87907291 0.99601227
vt 0.87993532 0.99935985
vt 0.78596628 0.99935991
vt 0.78510380 0.99601215
vt 0.78510380 0.99601215
vt 0.87907291 0.99601227
vt 0.87907291 0.99601227
vt 0.87907291 0.99322623
vt 0.78510380 0.99322623
vt 0.78596628 0.99935991
vt 0.87993532 0.99935985
vt 0.53631765 0.40123123
vt 0.53631765 0.40123123
vt 0.53635740 0.40645742
vt 0.83580375 0.40645742
vt 0.83576399 0.40123123
vt 0.83576399 0.40123123
vt 0.83572549 0.39600506
vt 0.53627920 0.39600506
vt 0.83309632 0.35757542
vt 0.83309632 0.35757542
vt 0.70921761 0.19756168
vt 0.70921761 0.19756168
vt 0.80337185 0.35757539
vt 0.83266020 0.34877732
vt 0.80337185 0.35757539
vt 0.83266020 0.34877732
vt 0.83266020 0.35318229
vt 0.80537784 0.36176518
vt 0.70921755 0.19355339
vt 0.83510232 0.36176518
vt 0.80336380 0.34877732
vt 0.92858154 0.51691866
vt 0.92858154 0.51691866
vt 0.80336380 0.34877732
vt 0.80336380 0.35318229
vt 0.92700416 0.52021313
vt 0.90520877 0.51691860
vt 0.68255937 0.19756167
vt 0.90520877 0.51691860
vt 0.68255937 0.19756167
vt 0.68255937 0.19355339
vt 0.90363139 0.52021313
vt 0.90232378 0.51391977
vt 0.67926866 0.20072772
vt 0.83676553 0.35376170
vt 0.71250826 0.20072775
vt 0.83627653 0.34529796
vt 0.79970264 0.35376170
vt 0.93146682 0.51391977
vt 0.79974741 0.34529796
vt 0.40079015 0.71592963
vt 0.83546048 0.36774790
vt 0.40079015 0.71592963
vt 0.83546048 0.36774790
vt 0.44284850 0.71610308
vt 0.63843548 0.20917440
vt 0.44284850 0.71610308
vt 0.63843548 0.20917440
vt 0.63843548 0.21369620
vt 0.44478232 0.71201563
vt 0.83546048 0.36322609
vt 0.40272400 0.71184212
vt 0.39855707 0.70697337
vt 0.61849451 0.20917440
vt 0.61849451 0.20917440
vt 0.39855707 0.70697337
vt 0.81551951 0.36774790
vt 0.44061542 0.70680004
vt 0.81551951 0.36774790
vt 0.44061542 0.70680004
vt 0.81551951 0.36322609
vt 0.43868157 0.70271254
vt 0.61849451 0.21369620
vt 0.39662325 0.70288604
vt 0.39401248 0.70915115
vt 0.61633557 0.20462088
vt 0.81314772 0.37275049
vt 0.44562778 0.70915115
vt 0.83783227 0.37275049
vt 0.39577779 0.71828073
vt 0.64059430 0.20462088
vt 0.44739309 0.71828073
vt 0.50368726 0.93503994
vt 0.50368726 0.93503994
vt 0.77791768 0.93503994
vt 0.77791768 0.93503994
vt 0.77797622 0.93025452
vt 0.50374585 0.93025464
vt 0.50363165 0.93982536
vt 0.77786201 0.93982536
vt 0.42287347 0.97771144
vt 0.42287347 0.97771144
vt 0.65026617 0.97771144
vt 0.65026617 0.97771144
vt 0.65028936 0.97374272
vt 0.42289662 0.97374272
vt 0.42285284 0.98168009
vt 0.65024561 0.98168009
vt 0.77584851 0.95731360
vt 0.77584851 0.95731360
vt 0.98456824 0.95731360
vt 0.98456824 0.95731360
vt 0.98457027 0.95367044
vt 0.77585059 0.95367044
vt 0.77584577 0.96095681
vt 0.98456538 0.96095681
vt 0.81065917 0.98345530
vt 0.81065917 0.98345530
vt 0.98498344 0.98345530
vt 0.98498344 0.98345530
vt 0.83777136 0.98996872
vt 0.83777136 0.98996872
vt 0.83657139 0.99279434
vt 0.98356527 0.98043221
vt 0.80924094 0.98043221
vt 0.81064284 0.98649782
vt 0.98496717 0.98649782
vt 0.83776218 0.98712230
vt 0.67469048 0.98996872
vt 0.67469048 0.98996872
vt 0.67349023 0.99279434
vt 0.67468119 0.98712230
vt 0.77031052 0.94620109
vt 0.77031052 0.94620109
vt 0.77027512 0.94140387
vt 0.49541092 0.94140387
vt 0.49544638 0.94620109
vt 0.49544638 0.94620109
vt 0.49548179 0.95099831
vt 0.77034605 0.95099831
vt 0.78186840 0.27060035
vt 0.78186840 0.27060035
vt 0.89702112 0.27060035
vt 0.89702112 0.27060035
vt 0.89702112 0.27373651
vt 0.78186840 0.27373639
vt 0.78260005 0.26789719
vt 0.89775288 0.26789719
vt 0.48933175 0.15022366
vt 0.48933175 0.15022366
vt 0.48933175 0.14680472
vt 0.51764512 0.14680472
vt 0.51764512 0.15022366
vt 0.51764512 0.15022366
vt 0.48933175 0.15360902
vt 0.51764512 0.15360902
vt 0.78186840 0.27060035
vt 0.78186840 0.27060035
vt 0.78186840 0.27373639
vt 0.89702112 0.27373651
vt 0.89702112 0.27060035
vt 0.89702112 0.27060035
vt 0.89775288 0.26789719
vt 0.78260005 0.26789719
vt 0.48933175 0.15022366
vt 0.48933175 0.15022366
vt 0.51764512 0.15022366
vt 0.51764512 0.15022366
vt 0.51764512 0.14680472
vt 0.48933175 0.14680472
vt 0.48933175 0.15360902
vt 0.51764512 0.15360902
vt 0.80914020 0.97651070
vt 0.80914020 0.97651070
vt 0.80784136 0.97374213
vt 0.98510241 0.97374213
vt 0.98640120 0.97651053
vt 0.98640120 0.97651053
vt 0.98640120 0.97896034
vt 0.80914020 0.97896051
vt 0.80914020 0.97651070
vt 0.80914020 0.97651070
vt 0.80784136 0.97374213
vt 0.80914020 0.97896051
vt 0.93668061 0.81432974
vt 0.93668061 0.81432974
vt 0.94028515 0.81432974
vt 0.94028515 0.81432974
vt 0.94028526 0.89773631
vt 0.94028526 0.89773631
vt 0.93668061 0.89773631
vt 0.93668061 0.89773631
vt 0.94536453 0.89773631
vt 0.93520611 0.89773631
vt 0.94175977 0.89773631
vt 0.94175977 0.89773631
vt 0.94175965 0.81432974
vt 0.94175965 0.81432974
vt 0.93520611 0.81432974
vt 0.94536453 0.81432974
vt 0.97430140 0.81571519
vt 0.97430140 0.81571519
vt 0.97790593 0.81571519
vt 0.97790593 0.81571519
vt 0.97790617 0.89912176
vt 0.97790617 0.89912176
vt 0.97430140 0.89912176
vt 0.97430140 0.89912176
vt 0.97282690 0.89912176
vt 0.98298532 0.89912176
vt 0.97938067 0.89912176
vt 0.97938067 0.89912176
vt 0.97938043 0.81571519
vt 0.97938043 0.81571519
vt 0.97282690 0.81571519
vt 0.98298532 0.81571519
vt 0.96147817 0.81571519
vt 0.96147817 0.81571519
vt 0.96508271 0.81571519
vt 0.96508271 0.81571519
vt 0.96508294 0.89912176
vt 0.96508294 0.89912176
vt 0.96147817 0.89912176
vt 0.96147817 0.89912176
vt 0.97016209 0.89912176
vt 0.96000367 0.89912176
vt 0.96655744 0.89912176
vt 0.96655744 0.89912176
vt 0.96655720 0.81571519
vt 0.96655720 0.81571519
vt 0.96000367 0.81571519
vt 0.97016209 0.81571519
vt 0.93668061 0.81432974
vt 0.93668061 0.81432974
vt 0.94028515 0.81432974
vt 0.94028515 0.81432974
vt 0.94028526 0.89773631
vt 0.94028526 0.89773631
vt 0.93668061 0.89773631
vt 0.93668061 0.89773631
vt 0.93520611 0.89773631
vt 0.94536453 0.89773631
vt 0.94175977 0.89773631
vt 0.94175977 0.89773631
vt 0.94175965 0.81432974
vt 0.94175965 0.81432974
vt 0.93520611 0.81432974
vt 0.94536453 0.81432974
vt 0.97430140 0.81571519
vt 0.97430140 0.81571519
vt 0.97790593 0.81571519
vt 0.97790593 0.81571519
vt 0.97790617 0.89912176
vt 0.97790617 0.89912176
vt 0.97430140 0.89912176
vt 0.97430140 0.89912176
vt 0.97282690 0.89912176
vt 0.98298532 0.89912176
vt 0.97938067 0.89912176
vt 0.97938067 0.89912176
vt 0.97938043 0.81571519
vt 0.97938043 0.81571519
vt 0.97282690 0.81571519
vt 0.98298532 0.81571519
vt 0.96147817 0.81571519
vt 0.96147817 0.81571519
vt 0.96508271 0.81571519
vt 0.96508271 0.81571519
vt 0.96508294 0.89912176
vt 0.96508294 0.89912176
vt 0.96147817 0.89912176
vt 0.96147817 0.89912176
vt 0.97016209 0.89912176
vt 0.96000367 0.89912176
vt 0.96655744 0.89912176
vt 0.96655744 0.89912176
vt 0.96655720 0.81571519
vt 0.96655720 0.81571519
vt 0.96000367 0.81571519
vt 0.97016209 0.81571519
vt 0.93668061 0.81432974
vt 0.93668061 0.81432974
vt 0.94028515 0.81432974
vt 0.94028515 0.81432974
vt 0.94028526 0.89773631
vt 0.94028526 0.89773631
vt 0.93668061 0.89773631
vt 0.93668061 0.89773631
vt 0.93520611 0.89773631
vt 0.94536453 0.89773631
vt 0.94175977 0.89773631
vt 0.94175977 0.89773631
vt 0.94175965 0.81432974
vt 0.94175965 0.81432974
vt 0.93520611 0.81432974
vt 0.94536453 0.81432974
vt 0.97430140 0.81571519
vt 0.97430140 0.81571519
vt 0.97790593 0.81571519
vt 0.97790593 0.81571519
vt 0.97790617 0.89912176
vt 0.97790617 0.89912176
vt 0.97430140 0.89912176
vt 0.97430140 0.89912176
vt 0.97282690 0.89912176
vt 0.98298532 0.89912176
vt 0.97938067 0.89912176
vt 0.97938067 0.89912176
vt 0.97938043 0.81571519
vt 0.97938043 0.81571519
vt 0.97282690 0.81571519
vt 0.98298532 0.81571519
vt 0.96147817 0.81571519
vt 0.96147817 0.81571519
vt 0.96508271 0.81571519
vt 0.96508271 0.81571519
vt 0.96508294 0.89912176
vt 0.96508294 0.89912176
vt 0.96147817 0.89912176
vt 0.96147817 0.89912176
vt 0.96000367 0.89912176
vt 0.97016209 0.89912176
vt 0.96655744 0.89912176
vt 0.96655744 0.89912176
vt 0.96655720 0.81571519
vt 0.96655720 0.81571519
vt 0.97016209 0.81571519
vt 0.96000367 0.81571519
vt 0.93668061 0.81432974
vt 0.93668061 0.81432974
vt 0.94028515 0.81432974
vt 0.94028515 0.81432974
vt 0.94028526 0.89773631
vt 0.94028526 0.89773631
vt 0.93668061 0.89773631
vt 0.93668061 0.89773631
vt 0.93520611 0.89773631
vt 0.94536453 0.89773631
vt 0.94175977 0.89773631
vt 0.94175977 0.89773631
vt 0.94175965 0.81432974
vt 0.94175965 0.81432974
vt 0.94536453 0.81432974
vt 0.93520611 0.81432974
vt 0.97430140 0.81571519
vt 0.97430140 0.81571519
vt 0.97790593 0.81571519
vt 0.97790593 0.81571519
vt 0.97790617 0.89912176
vt 0.97790617 0.89912176
vt 0.97430140 0.89912176
vt 0.97430140 0.89912176
vt 0.98298532 0.89912176
vt 0.97282690 0.89912176
vt 0.97938067 0.89912176
vt 0.97938067 0.89912176
vt 0.97938043 0.81571519
vt 0.97938043 0.81571519
vt 0.98298532 0.81571519
vt 0.97282690 0.81571519
vt 0.96147817 0.81571519
vt 0.96147817 0.81571519
vt 0.96508271 0.81571519
vt 0.96508271 0.81571519
vt 0.96508294 0.89912176
vt 0.96508294 0.89912176
vt 0.96147817 0.89912176
vt 0.96147817 0.89912176
vt 0.96000367 0.89912176
vt 0.97016209 0.89912176
vt 0.96655744 0.89912176
vt 0.96655744 0.89912176
vt 0.96655720 0.81571519
vt 0.96655720 0.81571519
vt 0.96000367 0.81571519
vt 0.97016209 0.81571519
vt 0.93668061 0.81432974
vt 0.93668061 0.81432974
vt 0.94028515 0.81432974
vt 0.94028515 0.81432974
vt 0.94028526 0.89773631
vt 0.94028526 0.89773631
vt 0.93668061 0.89773631
vt 0.93668061 0.89773631
vt 0.93520611 0.89773631
vt 0.94536453 0.89773631
vt 0.94175977 0.89773631
vt 0.94175977 0.89773631
vt 0.94175965 0.81432974
vt 0.94175965 0.81432974
vt 0.93520611 0.81432974
vt 0.94536453 0.81432974
vt 0.97430140 0.81571519
vt 0.97430140 0.81571519
vt 0.97790593 0.81571519
vt 0.97790593 0.81571519
vt 0.97790617 0.89912176
vt 0.97790617 0.89912176
vt 0.97430140 0.89912176
vt 0.97430140 0.89912176
vt 0.97282690 0.89912176
vt 0.98298532 0.89912176
vt 0.97938067 0.89912176
vt 0.97938067 0.89912176
vt 0.97938043 0.81571519
vt 0.97938043 0.81571519
vt 0.97282690 0.81571519
vt 0.98298532 0.81571519
vt 0.96147817 0.81571519
vt 0.96147817 0.81571519
vt 0.96508271 0.81571519
vt 0.96508271 0.81571519
vt 0.96508294 0.89912176
vt 0.96508294 0.89912176
vt 0.96147817 0.89912176
vt 0.96147817 0.89912176
vt 0.97016209 0.89912176
vt 0.96000367 0.89912176
vt 0.96655744 0.89912176
vt 0.96655744 0.89912176
vt 0.96655720 0.81571519
vt 0.96655720 0.81571519
vt 0.96000367 0.81571519
vt 0.97016209 0.81571519
vt 0.93668061 0.81432974
vt 0.93668061 0.81432974
vt 0.94028515 0.81432974
vt 0.94028515 0.81432974
vt 0.94028526 0.89773631
vt 0.94028526 0.89773631
vt 0.93668061 0.89773631
vt 0.93668061 0.89773631
vt 0.93520611 0.89773631
vt 0.94536453 0.89773631
vt 0.94175977 0.89773631
vt 0.94175977 0.89773631
vt 0.94175965 0.81432974
vt 0.94175965 0.81432974
vt 0.93520611 0.81432974
vt 0.94536453 0.81432974
vt 0.97430140 0.81571519
vt 0.97430140 0.81571519
vt 0.97790593 0.81571519
vt 0.97790593 0.81571519
vt 0.97790617 0.89912176
vt 0.97790617 0.89912176
vt 0.97430140 0.89912176
vt 0.97430140 0.89912176
vt 0.98298532 0.89912176
vt 0.97282690 0.89912176
vt 0.97938067 0.89912176
vt 0.97938067 0.89912176
vt 0.97938043 0.81571519
vt 0.97938043 0.81571519
vt 0.98298532 0.81571519
vt 0.97282690 0.81571519
vt 0.96147817 0.81571519
vt 0.96147817 0.81571519
vt 0.96508271 0.81571519
vt 0.96508271 0.81571519
vt 0.96508294 0.89912176
vt 0.96508294 0.89912176
vt 0.96147817 0.89912176
vt 0.96147817 0.89912176
vt 0.97016209 0.89912176
vt 0.96000367 0.89912176
vt 0.96655744 0.89912176
vt 0.96655744 0.89912176
vt 0.96655720 0.81571519
vt 0.96655720 0.81571519
vt 0.97016209 0.81571519
vt 0.96000367 0.81571519
vt 0.93668061 0.81432974
vt 0.93668061 0.81432974
vt 0.94028515 0.81432974
vt 0.94028515 0.81432974
vt 0.94028526 0.89773631
vt 0.94028526 0.89773631
vt 0.93668061 0.89773631
vt 0.93668061 0.89773631
vt 0.93520611 0.89773631
vt 0.94536453 0.89773631
vt 0.94175977 0.89773631
vt 0.94175977 0.89773631
vt 0.94175965 0.81432974
vt 0.94175965 0.81432974
vt 0.94536453 0.81432974
vt 0.93520611 0.81432974
vt 0.97430140 0.81571519
vt 0.97430140 0.81571519
vt 0.97790593 0.81571519
vt 0.97790593 0.81571519
vt 0.97790617 0.89912176
vt 0.97790617 0.89912176
vt 0.97430140 0.89912176
vt 0.97430140 0.89912176
vt 0.98298532 0.89912176
vt 0.97282690 0.89912176
vt 0.97938067 0.89912176
vt 0.97938067 0.89912176
vt 0.97938043 0.81571519
vt 0.97938043 0.81571519
vt 0.98298532 0.81571519
vt 0.97282690 0.81571519
vt 0.96147817 0.81571519
vt 0.96147817 0.81571519
vt 0.96508271 0.81571519
vt 0.96508271 0.81571519
vt 0.96508294 0.89912176
vt 0.96508294 0.89912176
vt 0.96147817 0.89912176
vt 0.96147817 0.89912176
vt 0.97016209 0.89912176
vt 0.96000367 0.89912176
vt 0.96655744 0.89912176
vt 0.96655744 0.89912176
vt 0.96655720 0.81571519
vt 0.96655720 0.81571519
vt 0.96000367 0.81571519
vt 0.97016209 0.81571519
vt 0.93668061 0.81432974
vt 0.93668061 0.81432974
vt 0.94028515 0.81432974
vt 0.94028515 0.81432974
vt 0.94028526 0.89773631
vt 0.94028526 0.89773631
vt 0.93668061 0.89773631
vt 0.93668061 0.89773631
vt 0.93520611 0.89773631
vt 0.94536453 0.89773631
vt 0.94175977 0.89773631
vt 0.94175977 0.89773631
vt 0.94175965 0.81432974
vt 0.94175965 0.81432974
vt 0.94536453 0.81432974
vt 0.93520611 0.81432974
vt 0.97430140 0.81571519
vt 0.97430140 0.81571519
vt 0.97790593 0.81571519
vt 0.97790593 0.81571519
vt 0.97790617 0.89912176
vt 0.97790617 0.89912176
vt 0.97430140 0.89912176
vt 0.97430140 0.89912176
vt 0.98298532 0.89912176
vt 0.97282690 0.89912176
vt 0.97938067 0.89912176
vt 0.97938067 0.89912176
vt 0.97938043 0.81571519
vt 0.97938043 0.81571519
vt 0.98298532 0.81571519
vt 0.97282690 0.81571519
vt 0.96147817 0.81571519
vt 0.96147817 0.81571519
vt 0.96508271 0.81571519
vt 0.96508271 0.81571519
vt 0.96508294 0.89912176
vt 0.96508294 0.89912176
vt 0.96147817 0.89912176
vt 0.96147817 0.89912176
vt 0.97016209 0.89912176
vt 0.96000367 0.89912176
vt 0.96655744 0.89912176
vt 0.96655744 0.89912176
vt 0.96655720 0.81571519
vt 0.96655720 0.81571519
vt 0.96000367 0.81571519
vt 0.97016209 0.81571519
vt 0.93668061 0.81432974
vt 0.93668061 0.81432974
vt 0.94028515 0.81432974
vt 0.94028515 0.81432974
vt 0.94028526 0.89773631
vt 0.94028526 0.89773631
vt 0.93668061 0.89773631
vt 0.93668061 0.89773631
vt 0.94536453 0.89773631
vt 0.93520611 0.89773631
vt 0.94175977 0.89773631
vt 0.94175977 0.89773631
vt 0.94175965 0.81432974
vt 0.94175965 0.81432974
vt 0.94536453 0.81432974
vt 0.93520611 0.81432974
vt 0.97430140 0.81571519
vt 0.97430140 0.81571519
vt 0.97790593 0.81571519
vt 0.97790593 0.81571519
vt 0.97790617 0.89912176
vt 0.97790617 0.89912176
vt 0.97430140 0.89912176
vt 0.97430140 0.89912176
vt 0.98298532 0.89912176
vt 0.97282690 0.89912176
vt 0.97938067 0.89912176
vt 0.97938067 0.89912176
vt 0.97938043 0.81571519
vt 0.97938043 0.81571519
vt 0.97282690 0.81571519
vt 0.98298532 0.81571519
vt 0.96147817 0.81571519
vt 0.96147817 0.81571519
vt 0.96508271 0.81571519
vt 0.96508271 0.81571519
vt 0.96508294 0.89912176
vt 0.96508294 0.89912176
vt 0.96147817 0.89912176
vt 0.96147817 0.89912176
vt 0.96000367 0.89912176
vt 0.97016209 0.89912176
vt 0.96655744 0.89912176
vt 0.96655744 0.89912176
vt 0.96655720 0.81571519
vt 0.96655720 0.81571519
vt 0.96000367 0.81571519
vt 0.97016209 0.81571519
vt 0.93668061 0.81432974
vt 0.93668061 0.81432974
vt 0.94028515 0.81432974
vt 0.94028515 0.81432974
vt 0.94028526 0.89773631
vt 0.94028526 0.89773631
vt 0.93668061 0.89773631
vt 0.93668061 0.89773631
vt 0.94536453 0.89773631
vt 0.93520611 0.89773631
vt 0.94175977 0.89773631
vt 0.94175977 0.89773631
vt 0.94175965 0.81432974
vt 0.94175965 0.81432974
vt 0.94536453 0.81432974
vt 0.93520611 0.81432974
vt 0.97430140 0.81571519
vt 0.97430140 0.81571519
vt 0.97790593 0.81571519
vt 0.97790593 0.81571519
vt 0.97790617 0.89912176
vt 0.97790617 0.89912176
vt 0.97430140 0.89912176
vt 0.97430140 0.89912176
vt 0.97282690 0.89912176
vt 0.98298532 0.89912176
vt 0.97938067 0.89912176
vt 0.97938067 0.89912176
vt 0.97938043 0.81571519
vt 0.97938043 0.81571519
vt 0.97282690 0.81571519
vt 0.98298532 0.81571519
vt 0.96147817 0.81571519
vt 0.96147817 0.81571519
vt 0.96508271 0.81571519
vt 0.96508271 0.81571519
vt 0.96508294 0.89912176
vt 0.96508294 0.89912176
vt 0.96147817 0.89912176
vt 0.96147817 0.89912176
vt 0.96000367 0.89912176
vt 0.97016209 0.89912176
vt 0.96655744 0.89912176
vt 0.96655744 0.89912176
vt 0.96655720 0.81571519
vt 0.96655720 0.81571519
vt 0.96000367 0.81571519
vt 0.97016209 0.81571519
vt 0.98071718 0.00027860
vt 0.98071718 0.00027860
vt 0.98439908 0.00027859
vt 0.98439908 0.00027859
vt 0.98439878 0.21741003
vt 0.98439878 0.21741003
vt 0.98071718 0.21741003
vt 0.98071718 0.21741003
vt 0.97987175 0.21741003
vt 0.97987241 0.00027860
vt 0.98524415 0.21741003
vt 0.98524386 0.00027860
vt 0.98071718 0.00027860
vt 0.98071718 0.00027860
vt 0.98071718 0.21741003
vt 0.98071718 0.21741003
vt 0.98439878 0.21741003
vt 0.98439878 0.21741003
vt 0.98439908 0.00027859
vt 0.98439908 0.00027859
vt 0.97987241 0.00027860
vt 0.97987175 0.21741003
vt 0.98524415 0.21741003
vt 0.98524386 0.00027860
vt 0.62163770 0.99683559
vt 0.62292421 0.99843419
vt 0.78093588 0.99774700
vt 0.78001940 0.99843019
vt 0.78039902 0.99774700
vt 0.78001940 0.99789870
vt 0.62201434 0.99721235
vt 0.62292415 0.99790138
vt 0.78001940 0.99736726
vt 0.78001940 0.99736726
vt 0.78093588 0.99645066
vt 0.78001928 0.99576747
vt 0.78001940 0.99629885
vt 0.78039890 0.99645084
vt 0.78001940 0.99523586
vt 0.78131545 0.99683029
vt 0.62254721 0.99721235
vt 0.62292415 0.99736863
vt 0.62254745 0.99592620
vt 0.62292415 0.99577022
vt 0.62201464 0.99592608
vt 0.62292415 0.99523747
vt 0.78131545 0.99736726
vt 0.78001940 0.99896151
vt 0.78001928 0.99470455
vt 0.62292415 0.99470455
vt 0.62292421 0.99896693
vt 0.62163782 0.99630278
vt 0.62292415 0.99630302
vt 0.62292415 0.99630302
vt 0.62292409 0.99683577
vt 0.62292409 0.99683577
vt 0.78001928 0.99683029
vt 0.78001928 0.99683029
vt 0.62163770 0.99683559
vt 0.62292421 0.99843419
vt 0.78001940 0.99843019
vt 0.78093588 0.99774700
vt 0.78039902 0.99774700
vt 0.78001940 0.99789870
vt 0.62201434 0.99721235
vt 0.62292415 0.99790138
vt 0.78001940 0.99736726
vt 0.78001940 0.99736726
vt 0.78001928 0.99576747
vt 0.78093588 0.99645066
vt 0.78039890 0.99645084
vt 0.78001940 0.99629885
vt 0.78001940 0.99523586
vt 0.78131545 0.99683029
vt 0.62292415 0.99736863
vt 0.62254721 0.99721235
vt 0.62254745 0.99592620
vt 0.62292415 0.99577022
vt 0.62292415 0.99523747
vt 0.62201464 0.99592608
vt 0.78001928 0.99470455
vt 0.78001940 0.99896151
vt 0.78131545 0.99736726
vt 0.62292415 0.99470455
vt 0.62163782 0.99630278
vt 0.62292421 0.99896693
vt 0.62292415 0.99630302
vt 0.62292415 0.99630302
vt 0.62292409 0.99683577
vt 0.62292409 0.99683577
vt 0.78001928 0.99683029
vt 0.78001928 0.99683029
vt 0.99915230 0.99457073
vt 0.99915230 0.99457073
vt 0.88117456 0.99457014
vt 0.88117456 0.99457014
vt 0.88117456 0.99136674
vt 0.88117456 0.99136674
vt 0.99915230 0.99136740
vt 0.99915230 0.99136740
vt 0.88117456 0.99899960
vt 0.88117456 0.99014080
vt 0.99915230 0.99014252
vt 0.99915230 0.99899888
vt 0.88117456 0.99579620
vt 0.88117456 0.99579620
vt 0.99915230 0.99579555
vt 0.99915230 0.99579555
vt 0.93462914 0.81946987
vt 0.93462914 0.81946987
vt 0.80800182 0.81946987
vt 0.80800182 0.81946987
vt 0.80800182 0.81733441
vt 0.80800182 0.81733441
vt 0.93462914 0.81733400
vt 0.93462914 0.81733400
vt 0.80800182 0.82242256
vt 0.80800182 0.81651717
vt 0.93462914 0.81651717
vt 0.93462914 0.82242244
vt 0.80800182 0.82028711
vt 0.80800182 0.82028711
vt 0.93462914 0.82028663
vt 0.93462914 0.82028663
vt 0.98085612 0.40166402
vt 0.98085612 0.40166402
vt 0.98085612 0.35809612
vt 0.98085612 0.35809612
vt 0.98324323 0.35809612
vt 0.97369468 0.35809606
vt 0.97369492 0.40166396
vt 0.98324323 0.40166402
vt 0.97608185 0.35913327
vt 0.97608185 0.35913327
vt 0.97608185 0.40166396
vt 0.97608185 0.40166396
vt 0.97846895 0.35913327
vt 0.97846895 0.35913327
vt 0.97846895 0.40166402
vt 0.97846895 0.40166402
vt 0.42079082 0.55853605
vt 0.42079082 0.55853605
vt 0.42079082 0.60309201
vt 0.42079082 0.60309201
vt 0.42795238 0.60309201
vt 0.41840372 0.60309201
vt 0.41840377 0.55853605
vt 0.42795220 0.55853605
vt 0.42556515 0.60214376
vt 0.42556515 0.60214376
vt 0.42556503 0.55853605
vt 0.42556503 0.55853605
vt 0.42317805 0.60214376
vt 0.42317805 0.60214376
vt 0.42317805 0.55853605
vt 0.42317805 0.55853605
vt 0.97608185 0.40541214
vt 0.97608185 0.40541214
vt 0.97608185 0.44937548
vt 0.97608185 0.44937548
vt 0.97369480 0.44937548
vt 0.98324323 0.44937548
vt 0.98324299 0.40541214
vt 0.97369480 0.40541220
vt 0.98085606 0.44937548
vt 0.98085606 0.44937548
vt 0.98085594 0.40541214
vt 0.98085594 0.40541214
vt 0.97846890 0.44937548
vt 0.97846890 0.44937548
vt 0.97846890 0.40541214
vt 0.97846890 0.40541214
vt 0.30385393 0.72093529
vt 0.30385393 0.72093529
vt 0.30385393 0.72093529
vt 0.36293870 0.72093558
vt 0.36293870 0.72093558
vt 0.36293870 0.72093558
vt 0.36293870 0.72413874
vt 0.36293870 0.72413874
vt 0.36293870 0.72413874
vt 0.30385393 0.72413844
vt 0.30385393 0.72413844
vt 0.30385393 0.72413844
vt 0.36293870 0.71643013
vt 0.36424100 0.72413874
vt 0.36293870 0.72544098
vt 0.30385393 0.71643013
vt 0.30255169 0.72413844
vt 0.30385393 0.72544062
vt 0.36293870 0.71963334
vt 0.36424100 0.72093558
vt 0.36293870 0.71963334
vt 0.30385393 0.71963328
vt 0.30255175 0.72093529
vt 0.30385393 0.71963328
vt 0.18562323 0.61336917
vt 0.18562323 0.61336917
vt 0.23941460 0.61336917
vt 0.23941460 0.61336917
vt 0.23941460 0.61447489
vt 0.23941460 0.61447489
vt 0.18562323 0.61447465
vt 0.18562323 0.61447465
vt 0.23941460 0.61682206
vt 0.23941460 0.60991627
vt 0.18562323 0.61682177
vt 0.18562323 0.60991645
vt 0.23941460 0.61102200
vt 0.23941460 0.61102200
vt 0.18562323 0.61102200
vt 0.18562323 0.61102200
vt 0.18562323 0.61336917
vt 0.18562323 0.61336917
vt 0.23941460 0.61336917
vt 0.23941460 0.61336917
vt 0.23941460 0.61447489
vt 0.23941460 0.61447489
vt 0.18562323 0.61447465
vt 0.18562323 0.61447465
vt 0.23941460 0.61682206
vt 0.23941460 0.60991627
vt 0.18562323 0.61682177
vt 0.18562323 0.60991645
vt 0.23941460 0.61102200
vt 0.23941460 0.61102200
vt 0.18562323 0.61102200
vt 0.18562323 0.61102200
vt 0.18562323 0.61336917
vt 0.18562323 0.61336917
vt 0.23941460 0.61336917
vt 0.23941460 0.61336917
vt 0.23941460 0.61447489
vt 0.23941460 0.61447489
vt 0.18562323 0.61447465
vt 0.18562323 0.61447465
vt 0.23941460 0.61682206
vt 0.23941460 0.60991627
vt 0.18562323 0.61682177
vt 0.18562323 0.60991645
vt 0.23941460 0.61102200
vt 0.23941460 0.61102200
vt 0.18562323 0.61102200
vt 0.18562323 0.61102200
vt 0.18562323 0.61336917
vt 0.18562323 0.61336917
vt 0.23941460 0.61336917
vt 0.23941460 0.61336917
vt 0.23941460 0.61447489
vt 0.23941460 0.61447489
vt 0.18562323 0.61447465
vt 0.18562323 0.61447465
vt 0.23941460 0.60991627
vt 0.23941460 0.61682206
vt 0.18562323 0.60991645
vt 0.18562323 0.61682177
vt 0.23941460 0.61102200
vt 0.23941460 0.61102200
vt 0.18562323 0.61102200
vt 0.18562323 0.61102200
vt 0.99915230 0.99457073
vt 0.99915230 0.99457073
vt 0.99915230 0.99136740
vt 0.99915230 0.99136740
vt 0.88117456 0.99136674
vt 0.88117456 0.99136674
vt 0.88117456 0.99457014
vt 0.88117456 0.99457014
vt 0.99915230 0.99899888
vt 0.99915230 0.99014252
vt 0.88117456 0.99014080
vt 0.88117456 0.99899960
vt 0.99915230 0.99579555
vt 0.99915230 0.99579555
vt 0.88117456 0.99579620
vt 0.88117456 0.99579620
vt 0.93462914 0.81946987
vt 0.93462914 0.81946987
vt 0.93462914 0.81733400
vt 0.93462914 0.81733400
vt 0.80800182 0.81733441
vt 0.80800182 0.81733441
vt 0.80800182 0.81946987
vt 0.80800182 0.81946987
vt 0.93462914 0.81651717
vt 0.93462914 0.82242244
vt 0.80800182 0.82242256
vt 0.80800182 0.81651717
vt 0.93462914 0.82028663
vt 0.93462914 0.82028663
vt 0.80800182 0.82028711
vt 0.80800182 0.82028711
vt 0.98085612 0.40166402
vt 0.98085612 0.40166402
vt 0.97369492 0.40166396
vt 0.98324323 0.40166402
vt 0.98324323 0.35809612
vt 0.97369468 0.35809606
vt 0.98085612 0.35809612
vt 0.98085612 0.35809612
vt 0.97608185 0.40166396
vt 0.97608185 0.40166396
vt 0.97608185 0.35913327
vt 0.97608185 0.35913327
vt 0.97846895 0.40166402
vt 0.97846895 0.40166402
vt 0.97846895 0.35913327
vt 0.97846895 0.35913327
vt 0.42079082 0.55853605
vt 0.42079082 0.55853605
vt 0.41840377 0.55853605
vt 0.42795220 0.55853605
vt 0.42795238 0.60309201
vt 0.41840372 0.60309201
vt 0.42079082 0.60309201
vt 0.42079082 0.60309201
vt 0.42556503 0.55853605
vt 0.42556503 0.55853605
vt 0.42556515 0.60214376
vt 0.42556515 0.60214376
vt 0.42317805 0.55853605
vt 0.42317805 0.55853605
vt 0.42317805 0.60214376
vt 0.42317805 0.60214376
vt 0.97608185 0.40541214
vt 0.97608185 0.40541214
vt 0.98324299 0.40541214
vt 0.97369480 0.40541220
vt 0.97369480 0.44937548
vt 0.98324323 0.44937548
vt 0.97608185 0.44937548
vt 0.97608185 0.44937548
vt 0.98085594 0.40541214
vt 0.98085594 0.40541214
vt 0.98085606 0.44937548
vt 0.98085606 0.44937548
vt 0.97846890 0.40541214
vt 0.97846890 0.40541214
vt 0.97846890 0.44937548
vt 0.97846890 0.44937548
vt 0.30385393 0.72093529
vt 0.30385393 0.72093529
vt 0.30385393 0.72093529
vt 0.30385393 0.72413844
vt 0.30385393 0.72413844
vt 0.30385393 0.72413844
vt 0.36293870 0.72413874
vt 0.36293870 0.72413874
vt 0.36293870 0.72413874
vt 0.36293870 0.72093558
vt 0.36293870 0.72093558
vt 0.36293870 0.72093558
vt 0.30385393 0.72544062
vt 0.30255169 0.72413844
vt 0.30385393 0.71643013
vt 0.36424100 0.72413874
vt 0.36293870 0.72544098
vt 0.36293870 0.71643013
vt 0.30385393 0.71963328
vt 0.30385393 0.71963328
vt 0.30255175 0.72093529
vt 0.36424100 0.72093558
vt 0.36293870 0.71963334
vt 0.36293870 0.71963334
vt 0.18562323 0.61336917
vt 0.18562323 0.61336917
vt 0.18562323 0.61447465
vt 0.18562323 0.61447465
vt 0.23941460 0.61447489
vt 0.23941460 0.61447489
vt 0.23941460 0.61336917
vt 0.23941460 0.61336917
vt 0.18562323 0.61682177
vt 0.18562323 0.60991645
vt 0.23941460 0.60991627
vt 0.23941460 0.61682206
vt 0.18562323 0.61102200
vt 0.18562323 0.61102200
vt 0.23941460 0.61102200
vt 0.23941460 0.61102200
vt 0.18562323 0.61336917
vt 0.18562323 0.61336917
vt 0.18562323 0.61447465
vt 0.18562323 0.61447465
vt 0.23941460 0.61447489
vt 0.23941460 0.61447489
vt 0.23941460 0.61336917
vt 0.23941460 0.61336917
vt 0.18562323 0.60991645
vt 0.18562323 0.61682177
vt 0.23941460 0.60991627
vt 0.23941460 0.61682206
vt 0.18562323 0.61102200
vt 0.18562323 0.61102200
vt 0.23941460 0.61102200
vt 0.23941460 0.61102200
vt 0.18562323 0.61336917
vt 0.18562323 0.61336917
vt 0.18562323 0.61447465
vt 0.18562323 0.61447465
vt 0.23941460 0.61447489
vt 0.23941460 0.61447489
vt 0.23941460 0.61336917
vt 0.23941460 0.61336917
vt 0.18562323 0.61682177
vt 0.18562323 0.60991645
vt 0.23941460 0.60991627
vt 0.23941460 0.61682206
vt 0.18562323 0.61102200
vt 0.18562323 0.61102200
vt 0.23941460 0.61102200
vt 0.23941460 0.61102200
vt 0.18562323 0.61336917
vt 0.18562323 0.61336917
vt 0.18562323 0.61447465
vt 0.18562323 0.61447465
vt 0.23941460 0.61447489
vt 0.23941460 0.61447489
vt 0.23941460 0.61336917
vt 0.23941460 0.61336917
vt 0.18562323 0.60991645
vt 0.18562323 0.61682177
vt 0.23941460 0.61682206
vt 0.23941460 0.60991627
vt 0.18562323 0.61102200
vt 0.18562323 0.61102200
vt 0.23941460 0.61102200
vt 0.23941460 0.61102200
vt 0.23043552 0.98137724
vt 0.23043552 0.98137724
vt 0.01425068 0.98137706
vt 0.01425068 0.98137706
vt 0.01425068 0.97931933
vt 0.23043552 0.97931802
vt 0.23043552 0.98578334
vt 0.23043552 0.98578334
vt 0.01425070 0.98578346
vt 0.01425070 0.98578346
vt 0.23043546 0.98784095
vt 0.01425071 0.98783988
vt 0.23043552 0.98137724
vt 0.23043552 0.98137724
vt 0.23043552 0.97931802
vt 0.01425068 0.97931933
vt 0.01425068 0.98137706
vt 0.01425068 0.98137706
vt 0.01425070 0.98578346
vt 0.01425070 0.98578346
vt 0.23043552 0.98578334
vt 0.23043552 0.98578334
vt 0.01425071 0.98783988
vt 0.23043546 0.98784095
vt 0.99397433 0.10588267
vt 0.56089675 0.25689188
vt 0.99397433 0.10588267
vt 0.99397433 0.04931100
vt 0.56089675 0.20032074
vt 0.99397433 0.04931100
vt 0.99614084 0.04931100
vt 0.99614084 0.04931100
vt 0.99614072 0.10588267
vt 0.99614072 0.10588267
vt 0.98852652 0.12995376
vt 0.55487883 0.26290980
vt 0.98852652 0.12995376
vt 0.98852664 0.19855970
vt 0.55487883 0.19430283
vt 0.98852664 0.19855970
vt 0.99069303 0.12995376
vt 0.99069303 0.12995376
vt 0.99069315 0.19855970
vt 0.99069315 0.19855970
vt 0.60992908 0.20032072
vt 0.99397433 0.21148510
vt 0.99397433 0.00027836
vt 0.99614084 0.00027836
vt 0.99614084 0.21148510
vt 0.99069327 0.25962844
vt 0.99069327 0.00027847
vt 0.98852688 0.25962844
vt 0.61594701 0.19430278
vt 0.98852676 0.00027847
vt 0.99397433 0.15491314
vt 0.60992908 0.25689185
vt 0.99397433 0.15491314
vt 0.99614072 0.15491314
vt 0.99614072 0.15491314
vt 0.99069303 0.06888469
vt 0.99069303 0.06888469
vt 0.98852652 0.06888469
vt 0.98852652 0.06888469
vt 0.61594701 0.26290980
vt 0.46132517 0.68016040
vt 0.46132553 0.55447322
vt 0.59616762 0.25550199
vt 0.89013225 0.34870964
vt 0.46247143 0.55447322
vt 0.46247143 0.68016040
vt 0.46247134 0.60552549
vt 0.89013225 0.39976943
vt 0.46247134 0.60552549
vt 0.46132523 0.60552549
vt 0.59616762 0.20142113
vt 0.46132523 0.60552549
vt 0.89365911 0.34595403
vt 0.89365911 0.40252501
vt 0.87042302 0.75882316
vt 0.12230362 0.99796849
vt 0.12230362 0.99796849
vt 0.09720816 0.99796861
vt 0.84532243 0.75882316
vt 0.24953641 0.99796885
vt 0.84532243 0.75882316
vt 0.09720816 0.99699765
vt 0.24953641 0.99699753
vt 0.95868790 0.50294542
vt 0.98378855 0.50294542
vt 0.12230362 0.99699765
vt 0.12230362 0.99699765
vt 0.60865068 0.25550199
vt 0.46132511 0.66837245
vt 0.46132511 0.66837245
vt 0.46247137 0.66837245
vt 0.87834650 0.34870961
vt 0.46247137 0.66837245
vt 0.93846118 0.00027843
vt 0.87548584 0.34595403
vt 0.87548578 0.40252504
vt 0.87548578 0.40252504
vt 0.93846118 0.05685818
vt 0.93780374 0.05685818
vt 0.84261912 0.70500779
vt 0.93780422 0.00027844
vt 0.84261912 0.76157880
vt 0.84261912 0.76157880
vt 0.60865068 0.20142113
vt 0.46132523 0.61731154
vt 0.46132523 0.61731154
vt 0.87834650 0.39976943
vt 0.46247128 0.61731154
vt 0.46247128 0.61731154
vt 0.87834650 0.39976943
vt 0.84532243 0.70776337
vt 0.19846500 0.99796861
vt 0.19846500 0.99796861
vt 0.19846500 0.99699765
vt 0.19846500 0.99699765
vt 0.95868790 0.45188540
vt 0.98378855 0.45188540
vt 0.17336406 0.99699753
vt 0.17336406 0.99699753
vt 0.17336406 0.99796873
vt 0.17336406 0.99796873
vt 0.87042302 0.70776337
vt 0.87347805 0.76157880
vt 0.87347805 0.70500779
vt 0.88220346 0.35003126
vt 0.88220346 0.35003126
vt 0.88220346 0.37933999
vt 0.88220346 0.37933999
vt 0.88697773 0.37933999
vt 0.88061208 0.37933999
vt 0.88061208 0.35003126
vt 0.88697767 0.35003126
vt 0.88538629 0.37933999
vt 0.88538629 0.37933999
vt 0.88538629 0.35003126
vt 0.88538629 0.35003126
vt 0.88379490 0.37933999
vt 0.88379490 0.37933999
vt 0.88379490 0.35003126
vt 0.88379490 0.35003126
vt 0.88220346 0.35003126
vt 0.88220346 0.35003126
vt 0.88220346 0.37933999
vt 0.88220346 0.37933999
vt 0.88061208 0.37933999
vt 0.88697773 0.37933999
vt 0.88697767 0.35003126
vt 0.88061208 0.35003126
vt 0.88538629 0.37933999
vt 0.88538629 0.37933999
vt 0.88538629 0.35003126
vt 0.88538629 0.35003126
vt 0.88379490 0.37933999
vt 0.88379490 0.37933999
vt 0.88379490 0.35003126
vt 0.88379490 0.35003126
vt 0.88220346 0.35003126
vt 0.88220346 0.35003126
vt 0.88220346 0.37933999
vt 0.88220346 0.37933999
vt 0.88061208 0.37933999
vt 0.88697773 0.37933999
vt 0.88697767 0.35003126
vt 0.88061208 0.35003126
vt 0.88538629 0.37933999
vt 0.88538629 0.37933999
vt 0.88538629 0.35003126
vt 0.88538629 0.35003126
vt 0.88379490 0.37933999
vt 0.88379490 0.37933999
vt 0.88379490 0.35003126
vt 0.88379490 0.35003126
vt 0.88220346 0.35003126
vt 0.88220346 0.35003126
vt 0.88220346 0.37933999
vt 0.88220346 0.37933999
vt 0.88061208 0.37933999
vt 0.88697773 0.37933999
vt 0.88061208 0.35003126
vt 0.88697767 0.35003126
vt 0.88538629 0.37933999
vt 0.88538629 0.37933999
vt 0.88538629 0.35003126
vt 0.88538629 0.35003126
vt 0.88379490 0.37933999
vt 0.88379490 0.37933999
vt 0.88379490 0.35003126
vt 0.88379490 0.35003126
vt 0.88220346 0.35003126
vt 0.88220346 0.35003126
vt 0.88220346 0.37933999
vt 0.88220346 0.37933999
vt 0.88697773 0.37933999
vt 0.88061208 0.37933999
vt 0.88061208 0.35003126
vt 0.88697767 0.35003126
vt 0.88538629 0.37933999
vt 0.88538629 0.37933999
vt 0.88538629 0.35003126
vt 0.88538629 0.35003126
vt 0.88379490 0.37933999
vt 0.88379490 0.37933999
vt 0.88379490 0.35003126
vt 0.88379490 0.35003126
vt 0.88220346 0.35003126
vt 0.88220346 0.35003126
vt 0.88061208 0.35003126
vt 0.88697767 0.35003126
vt 0.88061208 0.37933999
vt 0.88697773 0.37933999
vt 0.88220346 0.37933999
vt 0.88220346 0.37933999
vt 0.88538629 0.35003126
vt 0.88538629 0.35003126
vt 0.88538629 0.37933999
vt 0.88538629 0.37933999
vt 0.88379490 0.35003126
vt 0.88379490 0.35003126
vt 0.88379490 0.37933999
vt 0.88379490 0.37933999
vt 0.88220346 0.35003126
vt 0.88220346 0.35003126
vt 0.88697767 0.35003126
vt 0.88061208 0.35003126
vt 0.88061208 0.37933999
vt 0.88697773 0.37933999
vt 0.88220346 0.37933999
vt 0.88220346 0.37933999
vt 0.88538629 0.35003126
vt 0.88538629 0.35003126
vt 0.88538629 0.37933999
vt 0.88538629 0.37933999
vt 0.88379490 0.35003126
vt 0.88379490 0.35003126
vt 0.88379490 0.37933999
vt 0.88379490 0.37933999
vt 0.88220346 0.35003126
vt 0.88220346 0.35003126
vt 0.88061208 0.35003126
vt 0.88697767 0.35003126
vt 0.88697773 0.37933999
vt 0.88061208 0.37933999
vt 0.88220346 0.37933999
vt 0.88220346 0.37933999
vt 0.88538629 0.35003126
vt 0.88538629 0.35003126
vt 0.88538629 0.37933999
vt 0.88538629 0.37933999
vt 0.88379490 0.35003126
vt 0.88379490 0.35003126
vt 0.88379490 0.37933999
vt 0.88379490 0.37933999
vt 0.88220346 0.35003126
vt 0.88220346 0.35003126
vt 0.88697767 0.35003126
vt 0.88061208 0.35003126
vt 0.88061208 0.37933999
vt 0.88697773 0.37933999
vt 0.88220346 0.37933999
vt 0.88220346 0.37933999
vt 0.88538629 0.35003126
vt 0.88538629 0.35003126
vt 0.88538629 0.37933999
vt 0.88538629 0.37933999
vt 0.88379490 0.35003126
vt 0.88379490 0.35003126
vt 0.88379490 0.37933999
vt 0.88379490 0.37933999
vt 0.88220346 0.35003126
vt 0.88220346 0.35003126
vt 0.88697767 0.35003126
vt 0.88061208 0.35003126
vt 0.88061208 0.37933999
vt 0.88697773 0.37933999
vt 0.88220346 0.37933999
vt 0.88220346 0.37933999
vt 0.88538629 0.35003126
vt 0.88538629 0.35003126
vt 0.88538629 0.37933999
vt 0.88538629 0.37933999
vt 0.88379490 0.35003126
vt 0.88379490 0.35003126
vt 0.88379490 0.37933999
vt 0.88379490 0.37933999
vt 0.45537657 0.55632448
vt 0.93662757 0.92968643
vt 0.98378748 0.90524435
vt 0.45417446 0.55632448
vt 0.45417458 0.57633614
vt 0.98171920 0.92514962
vt 0.45417458 0.57633614
vt 0.45537669 0.57633614
vt 0.93855733 0.94960558
vt 0.45537669 0.57633614
vt 0.45417458 0.58075905
vt 0.45417458 0.58075905
vt 0.97855121 0.92823654
vt 0.94170350 0.95271456
vt 0.45537657 0.58075905
vt 0.45537657 0.58075905
vt 0.97970563 0.93432462
vt 0.45537669 0.62297893
vt 0.45537669 0.62297893
vt 0.45417458 0.62297893
vt 0.94067842 0.90958136
vt 0.45417458 0.62297893
vt 0.45417458 0.62748826
vt 0.93958765 0.90520638
vt 0.98082680 0.92995721
vt 0.45537669 0.62748826
vt 0.97412020 0.90511185
vt 0.94629604 0.92962146
vt 0.93662757 0.92968643
vt 0.45537657 0.55632448
vt 0.45417446 0.55632448
vt 0.98378748 0.90524435
vt 0.45417458 0.57633614
vt 0.45417458 0.57633614
vt 0.98171920 0.92514962
vt 0.45537669 0.57633614
vt 0.45537669 0.57633614
vt 0.93855733 0.94960558
vt 0.45417458 0.58075905
vt 0.45417458 0.58075905
vt 0.97855121 0.92823654
vt 0.45537657 0.58075905
vt 0.94170350 0.95271456
vt 0.45537657 0.58075905
vt 0.97970563 0.93432462
vt 0.45537669 0.62297893
vt 0.45537669 0.62297893
vt 0.45417458 0.62297893
vt 0.45417458 0.62297893
vt 0.94067842 0.90958136
vt 0.93958765 0.90520638
vt 0.45417458 0.62748826
vt 0.45537669 0.62748826
vt 0.98082680 0.92995721
vt 0.97412020 0.90511185
vt 0.94629604 0.92962146
vt 0.45537657 0.55632448
vt 0.93662757 0.92968643
vt 0.98378748 0.90524435
vt 0.45417446 0.55632448
vt 0.98171920 0.92514962
vt 0.45417458 0.57633614
vt 0.45417458 0.57633614
vt 0.45537669 0.57633614
vt 0.45537669 0.57633614
vt 0.93855733 0.94960558
vt 0.45417458 0.58075905
vt 0.97855121 0.92823654
vt 0.45417458 0.58075905
vt 0.94170350 0.95271456
vt 0.45537657 0.58075905
vt 0.45537657 0.58075905
vt 0.45537669 0.62297893
vt 0.45537669 0.62297893
vt 0.97970563 0.93432462
vt 0.45417458 0.62297893
vt 0.45417458 0.62297893
vt 0.94067842 0.90958136
vt 0.93958765 0.90520638
vt 0.45417458 0.62748826
vt 0.45537669 0.62748826
vt 0.98082680 0.92995721
vt 0.97412020 0.90511185
vt 0.94629604 0.92962146
vt 0.45537657 0.55632448
vt 0.93662757 0.92968643
vt 0.98378748 0.90524435
vt 0.45417446 0.55632448
vt 0.45417458 0.57633614
vt 0.45417458 0.57633614
vt 0.98171920 0.92514962
vt 0.45537669 0.57633614
vt 0.93855733 0.94960558
vt 0.45537669 0.57633614
vt 0.97855121 0.92823654
vt 0.45417458 0.58075905
vt 0.45417458 0.58075905
vt 0.94170350 0.95271456
vt 0.45537657 0.58075905
vt 0.45537657 0.58075905
vt 0.45537669 0.62297893
vt 0.45537669 0.62297893
vt 0.97970563 0.93432462
vt 0.94067842 0.90958136
vt 0.45417458 0.62297893
vt 0.45417458 0.62297893
vt 0.45417458 0.62748826
vt 0.93958765 0.90520638
vt 0.45537669 0.62748826
vt 0.98082680 0.92995721
vt 0.97412020 0.90511185
vt 0.94629604 0.92962146
vt 0.93662757 0.92968643
vt 0.45537657 0.55632448
vt 0.45417446 0.55632448
vt 0.98378748 0.90524435
vt 0.45417458 0.57633614
vt 0.98171920 0.92514962
vt 0.45417458 0.57633614
vt 0.93855733 0.94960558
vt 0.45537669 0.57633614
vt 0.45537669 0.57633614
vt 0.45417458 0.58075905
vt 0.45417458 0.58075905
vt 0.97855121 0.92823654
vt 0.94170350 0.95271456
vt 0.45537657 0.58075905
vt 0.45537657 0.58075905
vt 0.45537669 0.62297893
vt 0.45537669 0.62297893
vt 0.97970563 0.93432462
vt 0.45417458 0.62297893
vt 0.45417458 0.62297893
vt 0.94067842 0.90958136
vt 0.45417458 0.62748826
vt 0.93958765 0.90520638
vt 0.98082680 0.92995721
vt 0.45537669 0.62748826
vt 0.97412020 0.90511185
vt 0.94629604 0.92962146
vt 0.45537657 0.55632448
vt 0.93662757 0.92968643
vt 0.45417446 0.55632448
vt 0.98378748 0.90524435
vt 0.45417458 0.57633614
vt 0.45417458 0.57633614
vt 0.98171920 0.92514962
vt 0.45537669 0.57633614
vt 0.45537669 0.57633614
vt 0.93855733 0.94960558
vt 0.45417458 0.58075905
vt 0.97855121 0.92823654
vt 0.45417458 0.58075905
vt 0.94170350 0.95271456
vt 0.45537657 0.58075905
vt 0.45537657 0.58075905
vt 0.97970563 0.93432462
vt 0.45537669 0.62297893
vt 0.45537669 0.62297893
vt 0.94067842 0.90958136
vt 0.45417458 0.62297893
vt 0.45417458 0.62297893
vt 0.93958765 0.90520638
vt 0.45417458 0.62748826
vt 0.45537669 0.62748826
vt 0.98082680 0.92995721
vt 0.97412020 0.90511185
vt 0.94629604 0.92962146
vt 0.89560229 0.73115683
vt 0.89560229 0.73115683
vt 0.89560229 0.71171594
vt 0.89560229 0.71171594
vt 0.87519127 0.71171594
vt 0.90240592 0.71171594
vt 0.90240592 0.73115683
vt 0.87519127 0.73115683
vt 0.88199490 0.71171594
vt 0.88199490 0.71171594
vt 0.88199490 0.73115683
vt 0.88199490 0.73115683
vt 0.88879853 0.71171594
vt 0.88879853 0.71171594
vt 0.88879853 0.73115683
vt 0.88879853 0.73115683
vt 0.89560229 0.73115683
vt 0.89560229 0.73115683
vt 0.87519127 0.73115683
vt 0.90240592 0.73115683
vt 0.90240592 0.71171594
vt 0.87519127 0.71171594
vt 0.89560229 0.71171594
vt 0.89560229 0.71171594
vt 0.88199490 0.73115683
vt 0.88199490 0.73115683
vt 0.88199490 0.71171594
vt 0.88199490 0.71171594
vt 0.88879853 0.73115683
vt 0.88879853 0.73115683
vt 0.88879853 0.71171594
vt 0.88879853 0.71171594
vt 0.89560229 0.73115683
vt 0.89560229 0.73115683
vt 0.90240592 0.73115683
vt 0.87519127 0.73115683
vt 0.90240592 0.71171594
vt 0.87519127 0.71171594
vt 0.89560229 0.71171594
vt 0.89560229 0.71171594
vt 0.88199490 0.73115683
vt 0.88199490 0.73115683
vt 0.88199490 0.71171594
vt 0.88199490 0.71171594
vt 0.88879853 0.73115683
vt 0.88879853 0.73115683
vt 0.88879853 0.71171594
vt 0.88879853 0.71171594
vt 0.89560229 0.73115683
vt 0.89560229 0.73115683
vt 0.89560229 0.71171594
vt 0.89560229 0.71171594
vt 0.90240592 0.71171594
vt 0.87519127 0.71171594
vt 0.87519127 0.73115683
vt 0.90240592 0.73115683
vt 0.88199490 0.71171594
vt 0.88199490 0.71171594
vt 0.88199490 0.73115683
vt 0.88199490 0.73115683
vt 0.88879853 0.71171594
vt 0.88879853 0.71171594
vt 0.88879853 0.73115683
vt 0.88879853 0.73115683
vt 0.02487400 0.72911149
vt 0.02596193 0.73046345
vt 0.29183951 0.72986871
vt 0.29107410 0.73044842
vt 0.29107404 0.73000002
vt 0.29139110 0.72986871
vt 0.02519255 0.72943014
vt 0.02596192 0.73001283
vt 0.29107404 0.72955161
vt 0.29107404 0.72955161
vt 0.29183948 0.72878617
vt 0.29107398 0.72820634
vt 0.29139110 0.72878617
vt 0.29107416 0.72865474
vt 0.29215661 0.72910327
vt 0.29107404 0.72775787
vt 0.02596192 0.72956228
vt 0.02564311 0.72943026
vt 0.02596185 0.72821063
vt 0.02564333 0.72834253
vt 0.02596184 0.72776014
vt 0.02519277 0.72834247
vt 0.29107404 0.72730947
vt 0.29215661 0.72955161
vt 0.29107416 0.73089689
vt 0.02487411 0.72866094
vt 0.02596184 0.72730947
vt 0.02596199 0.73091406
vt 0.02596187 0.72866118
vt 0.02596187 0.72866118
vt 0.02596177 0.72911167
vt 0.02596177 0.72911167
vt 0.29107404 0.72910321
vt 0.29107404 0.72910321
vt 0.02596193 0.73046345
vt 0.02487400 0.72911149
vt 0.29183951 0.72986871
vt 0.29107410 0.73044842
vt 0.29139110 0.72986871
vt 0.29107404 0.73000002
vt 0.02596192 0.73001283
vt 0.02519255 0.72943014
vt 0.29107404 0.72955161
vt 0.29107404 0.72955161
vt 0.29107398 0.72820634
vt 0.29183948 0.72878617
vt 0.29107416 0.72865474
vt 0.29139110 0.72878617
vt 0.29215661 0.72910327
vt 0.29107404 0.72775787
vt 0.02564311 0.72943026
vt 0.02596192 0.72956228
vt 0.02596185 0.72821063
vt 0.02564333 0.72834253
vt 0.02596184 0.72776014
vt 0.02519277 0.72834247
vt 0.29107416 0.73089689
vt 0.29107404 0.72730947
vt 0.29215661 0.72955161
vt 0.02596199 0.73091406
vt 0.02487411 0.72866094
vt 0.02596184 0.72730947
vt 0.02596187 0.72866118
vt 0.02596187 0.72866118
vt 0.02596177 0.72911167
vt 0.02596177 0.72911167
vt 0.29107404 0.72910321
vt 0.29107404 0.72910321
f 1/1 5/5 8/8
f 8/8 11/11 1/1
f 6/6 15/15 16/16
f 16/16 20/20 6/6
f 11/11 8/8 23/23
f 24/24 31/31 3/3
f 3/3 34/34 24/24
f 35/35 38/38 42/42
f 45/45 7/7 21/21
f 21/21 48/48 45/45
f 33/33 2/2 12/12
f 12/12 51/51 33/33
f 11/11 23/23 52/52
f 52/52 58/58 11/11
f 55/55 62/62 65/65
f 65/65 67/67 55/55
f 72/72 73/73 78/78
f 78/78 79/79 72/72
f 48/48 21/21 36/36
f 36/36 43/43 48/48
f 83/83 85/85 91/91
f 91/91 94/94 83/83
f 95/95 68/68 84/84
f 84/84 82/82 95/95
f 51/51 12/12 57/57
f 57/57 99/99 51/51
f 100/100 104/104 106/106
f 106/106 110/110 100/100
f 115/115 9/9 7/7
f 7/7 45/45 115/115
f 118/118 121/121 125/125
f 125/125 126/126 118/118
f 130/130 134/134 136/136
f 136/136 140/140 130/130
f 142/142 145/145 150/150
f 150/150 155/155 142/142
f 133/133 111/111 108/108
f 108/108 138/138 133/133
f 131/131 102/102 109/109
f 109/109 135/135 131/131
f 156/156 162/162 114/114
f 114/114 116/116 156/156
f 124/124 120/120 46/46
f 46/46 49/49 124/124
f 154/154 148/148 166/166
f 166/166 167/167 154/154
f 170/170 173/173 163/163
f 163/163 157/157 170/170
f 127/127 123/123 50/50
f 50/50 44/44 127/127
f 122/122 117/117 113/113
f 113/113 47/47 122/122
f 137/137 107/107 103/103
f 103/103 141/141 137/137
f 139/139 105/105 101/101
f 101/101 132/132 139/139
f 128/128 159/159 119/119
f 178/178 182/182 183/183
f 183/183 40/40 178/178
f 188/188 52/52 23/23
f 129/129 41/41 147/147
f 147/147 143/143 129/129
f 164/164 80/80 53/53
f 53/53 174/174 164/164
f 169/169 165/165 175/175
f 175/175 171/171 169/169
f 168/168 172/172 158/158
f 158/158 152/152 168/168
f 153/153 159/159 128/128
f 128/128 144/144 153/153
f 112/112 22/22 10/10
f 189/189 72/72 79/79
f 80/80 164/164 149/149
f 149/149 190/190 80/80
f 70/70 191/191 151/151
f 151/151 146/146 70/70
f 174/174 53/53 186/186
f 186/186 160/160 174/174
f 112/112 161/161 187/187
f 187/187 22/22 112/112
f 38/38 70/70 146/146
f 146/146 42/42 38/38
f 194/194 196/196 197/197
f 197/197 199/199 194/194
f 201/201 203/203 205/205
f 205/205 207/207 201/201
f 93/93 90/90 211/211
f 211/211 26/26 93/93
f 30/30 192/192 198/198
f 206/206 193/193 208/208
f 210/210 208/208 25/25
f 32/32 27/27 209/209
f 209/209 195/195 32/32
f 89/89 204/204 200/200
f 200/200 92/92 89/89
f 88/88 213/213 214/214
f 214/214 202/202 88/88
f 99/99 57/57 217/217
f 98/98 216/216 218/218
f 218/218 221/221 98/98
f 96/96 223/223 69/69
f 225/225 229/229 224/224
f 224/224 97/97 225/225
f 220/220 219/219 232/232
f 232/232 234/234 220/220
f 233/233 231/231 236/236
f 236/236 237/237 233/233
f 239/239 235/235 230/230
f 230/230 227/227 239/239
f 238/238 228/228 242/242
f 242/242 243/243 238/238
f 241/241 226/226 246/246
f 246/246 248/248 241/241
f 244/244 240/240 251/251
f 251/251 253/253 244/244
f 247/247 245/245 254/254
f 254/254 256/256 247/247
f 252/252 250/250 220/220
f 220/220 234/234 252/252
f 249/249 257/257 255/255
f 255/255 222/222 249/249
f 6/6 4/4 258/258
f 258/258 15/15 6/6
f 4/4 28/28 263/263
f 263/263 258/258 4/4
f 28/28 20/20 16/16
f 16/16 263/263 28/28
f 39/39 185/185 265/265
f 265/265 267/267 39/39
f 270/270 265/265 185/185
f 275/275 276/276 280/280
f 280/280 270/270 275/275
f 283/283 185/185 86/86
f 86/86 285/285 283/283
f 275/275 185/185 283/283
f 185/185 275/275 270/270
f 289/289 283/283 285/285
f 285/285 291/291 289/289
f 285/285 86/86 295/295
f 71/71 297/297 295/295
f 295/295 86/86 71/71
f 39/39 289/289 291/291
f 291/291 71/71 39/39
f 297/297 71/71 291/291
f 39/39 280/280 276/276
f 267/267 280/280 39/39
f 276/276 289/289 39/39
f 75/75 301/301 303/303
f 303/303 305/305 75/75
f 37/37 19/19 309/309
f 309/309 178/178 37/37
f 37/37 178/178 40/40
f 181/181 311/311 29/29
f 29/29 184/184 181/181
f 19/19 29/29 311/311
f 311/311 309/309 19/19
f 66/66 314/314 302/302
f 302/302 87/87 66/66
f 87/87 302/302 73/73
f 73/73 72/72 87/87
f 79/79 78/78 314/314
f 314/314 66/66 79/79
f 54/54 81/81 316/316
f 316/316 320/320 54/54
f 324/324 54/54 320/320
f 81/81 325/325 316/316
f 325/325 81/81 328/328
f 331/331 54/54 324/324
f 56/56 54/54 331/331
f 331/331 335/335 56/56
f 59/59 56/56 335/335
f 335/335 337/337 59/59
f 320/320 59/59 337/337
f 337/337 324/324 320/320
f 341/341 343/343 67/67
f 67/67 65/65 341/341
f 65/65 316/316 325/325
f 325/325 341/341 65/65
f 81/81 67/67 343/343
f 343/343 328/328 81/81
f 292/292 286/286 347/347
f 347/347 349/349 292/292
f 18/18 13/13 351/351
f 351/351 353/353 18/18
f 269/269 264/264 354/354
f 354/354 356/356 269/269
f 287/287 294/294 358/358
f 358/358 346/346 287/287
f 266/266 272/272 360/360
f 360/360 355/355 266/266
f 296/296 298/298 362/362
f 362/362 359/359 296/296
f 271/271 281/281 365/365
f 365/365 361/361 271/271
f 299/299 293/293 348/348
f 348/348 363/363 299/299
f 279/279 268/268 357/357
f 357/357 364/364 279/279
f 278/278 273/273 367/367
f 367/367 368/368 278/278
f 14/14 259/259 370/370
f 370/370 350/350 14/14
f 274/274 282/282 373/373
f 373/373 366/366 274/274
f 260/260 262/262 374/374
f 374/374 371/371 260/260
f 284/284 290/290 376/376
f 376/376 372/372 284/284
f 261/261 17/17 352/352
f 352/352 375/375 261/261
f 288/288 277/277 369/369
f 369/369 377/377 288/288
f 179/179 176/176 378/378
f 378/378 380/380 179/179
f 77/77 74/74 306/306
f 306/306 383/383 77/77
f 308/308 312/312 384/384
f 384/384 387/387 308/308
f 300/300 313/313 389/389
f 389/389 304/304 300/300
f 177/177 307/307 386/386
f 386/386 379/379 177/177
f 310/310 180/180 381/381
f 381/381 385/385 310/310
f 315/315 76/76 382/382
f 382/382 388/388 315/315
f 326/326 329/329 391/391
f 391/391 392/392 326/326
f 330/330 344/344 394/394
f 394/394 390/390 330/330
f 333/333 323/323 396/396
f 396/396 399/399 333/333
f 64/64 60/60 400/400
f 400/400 402/402 64/64
f 322/322 338/338 404/404
f 404/404 397/397 322/322
f 345/345 340/340 407/407
f 407/407 395/395 345/345
f 61/61 321/321 409/409
f 409/409 401/401 61/61
f 339/339 334/334 411/411
f 411/411 405/405 339/339
f 342/342 327/327 393/393
f 393/393 406/406 342/342
f 319/319 317/317 413/413
f 413/413 408/408 319/319
f 336/336 332/332 398/398
f 398/398 410/410 336/336
f 318/318 63/63 403/403
f 403/403 412/412 318/318
f 414/414 418/418 422/422
f 422/422 424/424 414/414
f 427/427 432/432 433/433
f 433/433 437/437 427/427
f 439/439 444/444 417/417
f 417/417 416/416 439/439
f 445/445 449/449 450/450
f 450/450 454/454 445/445
f 457/457 460/460 443/443
f 443/443 440/440 457/457
f 446/446 442/442 458/458
f 458/458 447/447 446/446
f 453/453 451/451 462/462
f 462/462 430/430 453/453
f 435/435 429/429 463/463
f 463/463 467/467 435/435
f 436/436 468/468 471/471
f 471/471 426/426 436/436
f 464/464 472/472 469/469
f 469/469 466/466 464/464
f 428/428 474/474 452/452
f 452/452 431/431 428/428
f 462/462 451/451 475/475
f 475/475 473/473 462/462
f 473/473 475/475 474/474
f 474/474 428/428 473/473
f 420/420 459/459 455/455
f 455/455 425/425 420/420
f 446/446 476/476 419/419
f 419/419 442/442 446/446
f 477/477 448/448 461/461
f 461/461 421/421 477/477
f 465/465 470/470 438/438
f 438/438 434/434 465/465
f 478/478 481/481 485/485
f 485/485 488/488 478/478
f 490/490 491/491 493/493
f 493/493 483/483 490/490
f 484/484 482/482 492/492
f 492/492 497/497 484/484
f 494/494 499/499 501/501
f 501/501 496/496 494/494
f 480/480 504/504 490/490
f 490/490 483/483 480/480
f 493/493 491/491 505/505
f 505/505 498/498 493/493
f 495/495 502/502 487/487
f 487/487 486/486 495/495
f 507/507 511/511 514/514
f 514/514 516/516 507/507
f 519/519 522/522 526/526
f 526/526 528/528 519/519
f 531/531 532/532 534/534
f 534/534 535/535 531/531
f 515/515 512/512 536/536
f 536/536 537/537 515/515
f 525/525 515/515 537/537
f 537/537 538/538 525/525
f 527/527 525/525 538/538
f 538/538 539/539 527/527
f 512/512 527/527 539/539
f 539/539 536/536 512/512
f 540/540 541/541 542/542
f 542/542 544/544 540/540
f 545/545 543/543 533/533
f 533/533 530/530 545/545
f 509/509 518/518 529/529
f 529/529 513/513 509/509
f 521/521 508/508 517/517
f 517/517 524/524 521/521
f 489/489 503/503 500/500
f 500/500 479/479 489/489
f 480/480 498/498 505/505
f 505/505 504/504 480/480
f 506/506 523/523 520/520
f 520/520 510/510 506/506
f 421/421 419/419 476/476
f 476/476 477/477 421/421
f 423/423 456/456 441/441
f 441/441 415/415 423/423
f 547/547 549/549 550/550
f 550/550 551/551 547/547
f 552/552 553/553 555/555
f 555/555 556/556 552/552
f 546/546 558/558 561/561
f 561/561 548/548 546/546
f 562/562 557/557 554/554
f 554/554 564/564 562/562
f 560/560 559/559 563/563
f 563/563 565/565 560/560
f 567/567 569/569 570/570
f 570/570 571/571 567/567
f 572/572 573/573 575/575
f 575/575 577/577 572/572
f 566/566 578/578 580/580
f 580/580 568/568 566/566
f 582/582 576/576 574/574
f 574/574 584/584 582/582
f 581/581 579/579 583/583
f 583/583 585/585 581/581
f 589/589 591/591 592/592
f 592/592 593/593 589/589
f 596/596 597/597 598/598
f 598/598 602/602 596/596
f 586/586 605/605 609/609
f 609/609 590/590 586/586
f 610/610 601/601 599/599
f 599/599 615/615 610/610
f 608/608 604/604 613/613
f 613/613 614/614 608/608
f 617/617 587/587 594/594
f 594/594 618/618 617/617
f 619/619 595/595 603/603
f 603/603 620/620 619/619
f 616/616 622/622 607/607
f 607/607 588/588 616/616
f 624/624 621/621 600/600
f 600/600 612/612 624/624
f 606/606 623/623 625/625
f 625/625 611/611 606/606
f 627/627 630/630 632/632
f 632/632 633/633 627/627
f 636/636 637/637 638/638
f 638/638 642/642 636/636
f 626/626 647/647 649/649
f 649/649 631/631 626/626
f 653/653 641/641 639/639
f 639/639 655/655 653/653
f 648/648 646/646 651/651
f 651/651 654/654 648/648
f 657/657 628/628 634/634
f 634/634 658/658 657/657
f 659/659 635/635 643/643
f 643/643 660/660 659/659
f 656/656 662/662 645/645
f 645/645 629/629 656/656
f 664/664 661/661 640/640
f 640/640 650/650 664/664
f 644/644 663/663 665/665
f 665/665 652/652 644/644
f 666/666 668/668 670/670
f 670/670 671/671 666/666
f 675/675 677/677 679/679
f 679/679 682/682 675/675
f 667/667 674/674 686/686
f 686/686 688/688 667/667
f 690/690 693/693 678/678
f 678/678 676/676 690/690
f 697/697 699/699 701/701
f 701/701 707/707 697/697
f 709/709 710/710 712/712
f 712/712 714/714 709/709
f 717/717 719/719 721/721
f 721/721 724/724 717/717
f 708/708 715/715 705/705
f 705/705 726/726 708/708
f 729/729 703/703 720/720
f 720/720 718/718 729/729
f 704/704 700/700 728/728
f 728/728 727/727 704/704
f 731/731 673/673 669/669
f 669/669 732/732 731/731
f 733/733 683/683 681/681
f 681/681 735/735 733/733
f 730/730 737/737 685/685
f 685/685 672/672 730/730
f 738/738 734/734 680/680
f 680/680 695/695 738/738
f 684/684 736/736 739/739
f 739/739 692/692 684/684
f 740/740 742/742 743/743
f 743/743 744/744 740/740
f 746/746 747/747 750/750
f 750/750 751/751 746/746
f 741/741 745/745 752/752
f 752/752 755/755 741/741
f 756/756 759/759 749/749
f 749/749 748/748 756/756
f 753/753 758/758 757/757
f 757/757 754/754 753/753
f 761/761 762/762 763/763
f 763/763 764/764 761/761
f 766/766 768/768 769/769
f 769/769 771/771 766/766
f 760/760 765/765 772/772
f 772/772 775/775 760/760
f 776/776 779/779 770/770
f 770/770 767/767 776/776
f 773/773 778/778 777/777
f 777/777 774/774 773/773
f 780/780 785/785 786/786
f 786/786 788/788 780/780
f 789/789 790/790 795/795
f 795/795 796/796 789/789
f 781/781 799/799 800/800
f 800/800 784/784 781/781
f 805/805 797/797 792/792
f 792/792 806/806 805/805
f 803/803 798/798 804/804
f 804/804 809/809 803/803
f 810/810 812/812 787/787
f 787/787 782/782 810/810
f 813/813 814/814 794/794
f 794/794 791/791 813/813
f 811/811 783/783 801/801
f 801/801 816/816 811/811
f 819/819 807/807 793/793
f 793/793 815/815 819/819
f 802/802 808/808 818/818
f 818/818 817/817 802/802
f 820/820 822/822 824/824
f 824/824 826/826 820/820
f 829/829 830/830 835/835
f 835/835 837/837 829/829
f 821/821 828/828 841/841
f 841/841 842/842 821/821
f 845/845 846/846 834/834
f 834/834 831/831 845/845
f 840/840 849/849 844/844
f 844/844 843/843 840/840
f 851/851 825/825 823/823
f 823/823 852/852 851/851
f 853/853 836/836 832/832
f 832/832 854/854 853/853
f 850/850 856/856 838/838
f 838/838 827/827 850/850
f 859/859 855/855 833/833
f 833/833 847/847 859/859
f 839/839 857/857 858/858
f 858/858 848/848 839/839
f 702/702 698/698 860/860
f 860/860 723/723 702/702
f 713/713 863/863 696/696
f 696/696 706/706 713/713
f 725/725 722/722 861/861
f 861/861 864/864 725/725
f 716/716 711/711 865/865
f 865/865 862/862 716/716
f 687/687 694/694 691/691
f 691/691 689/689 687/687
f 868/868 872/872 874/874
f 874/874 877/877 868/868
f 879/879 875/875 881/881
f 881/881 882/882 879/879
f 873/873 867/867 885/885
f 885/885 886/886 873/873
f 888/888 889/889 870/870
f 870/870 887/887 888/888
f 892/892 893/893 884/884
f 884/884 869/869 892/892
f 866/866 878/878 883/883
f 883/883 891/891 866/866
f 876/876 871/871 890/890
f 890/890 880/880 876/876
f 895/895 898/898 902/902
f 902/902 905/905 895/895
f 908/908 910/910 896/896
f 896/896 906/906 908/908
f 912/912 915/915 901/901
f 901/901 897/897 912/912
f 894/894 911/911 913/913
f 913/913 899/899 894/894
f 916/916 919/919 920/920
f 920/920 924/924 916/916
f 923/923 922/922 927/927
f 927/927 928/928 923/923
f 930/930 926/926 921/921
f 921/921 918/918 930/930
f 917/917 925/925 929/929
f 929/929 931/931 917/917
f 907/907 932/932 934/934
f 934/934 909/909 907/907
f 914/914 935/935 937/937
f 937/937 900/900 914/914
f 904/904 903/903 936/936
f 936/936 933/933 904/904
f 938/938 941/941 943/943
f 943/943 944/944 938/938
f 945/945 942/942 947/947
f 947/947 949/949 945/945
f 948/948 946/946 951/951
f 951/951 952/952 948/948
f 953/953 950/950 940/940
f 940/940 939/939 953/953
f 956/956 959/959 962/962
f 962/962 963/963 956/956
f 965/965 961/961 968/968
f 968/968 970/970 965/965
f 971/971 966/966 972/972
f 972/972 977/977 971/971
f 976/976 974/974 957/957
f 957/957 955/955 976/976
f 964/964 969/969 975/975
f 975/975 954/954 964/964
f 978/978 981/981 982/982
f 982/982 984/984 978/978
f 985/985 983/983 987/987
f 987/987 989/989 985/985
f 988/988 986/986 991/991
f 991/991 992/992 988/988
f 993/993 990/990 980/980
f 980/980 979/979 993/993
f 994/994 997/997 998/998
f 998/998 1001/1001 994/994
f 1000/1000 999/999 1003/1003
f 1003/1003 1005/1005 1000/1000
f 1004/1004 1002/1002 1006/1006
f 1006/1006 1009/1009 1004/1004
f 1008/1008 1007/1007 996/996
f 996/996 995/995 1008/1008
f 1011/1011 1012/1012 1015/1015
f 1015/1015 1016/1016 1011/1011
f 1017/1017 1014/1014 1018/1018
f 1018/1018 1021/1021 1017/1017
f 1020/1020 1019/1019 1023/1023
f 1023/1023 1024/1024 1020/1020
f 1025/1025 1022/1022 1013/1013
f 1013/1013 1010/1010 1025/1025
f 1026/1026 1029/1029 1030/1030
f 1030/1030 1032/1032 1026/1026
f 1033/1033 1031/1031 1034/1034
f 1034/1034 1037/1037 1033/1033
f 1036/1036 1035/1035 1038/1038
f 1038/1038 1041/1041 1036/1036
f 1040/1040 1039/1039 1028/1028
f 1028/1028 1027/1027 1040/1040
f 1043/1043 1045/1045 1047/1047
f 1047/1047 1048/1048 1043/1043
f 1049/1049 1046/1046 1050/1050
f 1050/1050 1053/1053 1049/1049
f 1052/1052 1051/1051 1055/1055
f 1055/1055 1056/1056 1052/1052
f 1057/1057 1054/1054 1044/1044
f 1044/1044 1042/1042 1057/1057
f 1059/1059 1061/1061 1064/1064
f 1064/1064 1069/1069 1059/1059
f 1068/1068 1065/1065 1071/1071
f 1071/1071 1073/1073 1068/1068
f 1075/1075 1070/1070 1077/1077
f 1077/1077 1080/1080 1075/1075
f 1081/1081 1078/1078 1063/1063
f 1063/1063 1060/1060 1081/1081
f 1082/1082 1083/1083 1066/1066
f 1066/1066 1062/1062 1082/1082
f 1084/1084 1082/1082 1062/1062
f 1062/1062 1076/1076 1084/1084
f 1085/1085 1086/1086 1087/1087
f 1087/1087 1092/1092 1085/1085
f 1093/1093 1094/1094 1096/1096
f 1096/1096 1099/1099 1093/1093
f 1083/1083 1101/1101 1072/1072
f 1072/1072 1066/1066 1083/1083
f 1086/1086 1093/1093 1099/1099
f 1099/1099 1087/1087 1086/1086
f 1101/1101 1084/1084 1076/1076
f 1076/1076 1072/1072 1101/1101
f 1094/1094 1085/1085 1092/1092
f 1092/1092 1096/1096 1094/1094
f 1079/1079 1058/1058 1103/1103
f 1103/1103 1107/1107 1079/1079
f 1067/1067 1074/1074 1109/1109
f 1109/1109 1111/1111 1067/1067
f 1098/1098 1105/1105 1102/1102
f 1102/1102 1089/1089 1098/1098
f 1095/1095 1110/1110 1106/1106
f 1106/1106 1100/1100 1095/1095
f 1090/1090 1112/1112 1108/1108
f 1108/1108 1097/1097 1090/1090
f 1088/1088 1104/1104 1113/1113
f 1113/1113 1091/1091 1088/1088
f 1058/1058 1067/1067 1111/1111
f 1111/1111 1103/1103 1058/1058
f 1074/1074 1079/1079 1107/1107
f 1107/1107 1109/1109 1074/1074
f 1116/1116 1117/1117 1120/1120
f 1120/1120 1123/1123 1116/1116
f 1119/1119 1114/1114 1125/1125
f 1125/1125 1127/1127 1119/1119
f 1128/1128 1126/1126 1130/1130
f 1130/1130 1132/1132 1128/1128
f 1121/1121 1118/1118 1136/1136
f 1136/1136 1138/1138 1121/1121
f 1129/1129 1133/1133 1139/1139
f 1139/1139 1142/1142 1129/1129
f 1127/1127 1143/1143 1134/1134
f 1134/1134 1119/1119 1127/1127
f 1137/1137 1135/1135 1146/1146
f 1146/1146 1147/1147 1137/1137
f 1141/1141 1140/1140 1149/1149
f 1149/1149 1153/1153 1141/1141
f 1143/1143 1151/1151 1145/1145
f 1145/1145 1134/1134 1143/1143
f 1124/1124 1152/1152 1150/1150
f 1150/1150 1131/1131 1124/1124
f 1122/1122 1148/1148 1144/1144
f 1144/1144 1115/1115 1122/1122
f 1125/1125 1114/1114 1145/1145
f 1145/1145 1151/1151 1125/1125
f 1155/1155 1159/1159 1160/1160
f 1160/1160 1163/1163 1155/1155
f 1157/1157 1154/1154 1166/1166
f 1166/1166 1169/1169 1157/1157
f 1167/1167 1164/1164 1171/1171
f 1171/1171 1173/1173 1167/1167
f 1161/1161 1158/1158 1174/1174
f 1174/1174 1178/1178 1161/1161
f 1168/1168 1172/1172 1180/1180
f 1180/1180 1182/1182 1168/1168
f 1169/1169 1183/1183 1175/1175
f 1175/1175 1157/1157 1169/1169
f 1177/1177 1176/1176 1185/1185
f 1185/1185 1187/1187 1177/1177
f 1181/1181 1179/1179 1189/1189
f 1189/1189 1191/1191 1181/1181
f 1183/1183 1192/1192 1186/1186
f 1186/1186 1175/1175 1183/1183
f 1165/1165 1193/1193 1190/1190
f 1190/1190 1170/1170 1165/1165
f 1162/1162 1188/1188 1184/1184
f 1184/1184 1156/1156 1162/1162
f 1166/1166 1154/1154 1186/1186
f 1186/1186 1192/1192 1166/1166
f 1194/1194 1199/1199 1201/1201
f 1201/1201 1203/1203 1194/1194
f 1198/1198 1196/1196 1206/1206
f 1206/1206 1207/1207 1198/1198
f 1208/1208 1205/1205 1209/1209
f 1209/1209 1211/1211 1208/1208
f 1213/1213 1214/1214 1219/1219
f 1219/1219 1221/1221 1213/1213
f 1225/1225 1226/1226 1228/1228
f 1228/1228 1230/1230 1225/1225
f 1224/1224 1229/1229 1218/1218
f 1218/1218 1215/1215 1224/1224
f 1204/1204 1231/1231 1227/1227
f 1227/1227 1210/1210 1204/1204
f 1202/1202 1222/1222 1220/1220
f 1220/1220 1195/1195 1202/1202
f 1206/1206 1196/1196 1218/1218
f 1218/1218 1229/1229 1206/1206
f 1200/1200 1197/1197 1216/1216
f 1216/1216 1212/1212 1200/1200
f 1207/1207 1223/1223 1217/1217
f 1217/1217 1198/1198 1207/1207
f 1233/1233 1235/1235 1237/1237
f 1237/1237 1239/1239 1233/1233
f 1240/1240 1241/1241 1242/1242
f 1242/1242 1243/1243 1240/1240
f 1244/1244 1245/1245 1247/1247
f 1247/1247 1249/1249 1244/1244
f 1250/1250 1253/1253 1254/1254
f 1254/1254 1255/1255 1250/1250
f 1256/1256 1257/1257 1259/1259
f 1259/1259 1260/1260 1256/1256
f 1262/1262 1246/1246 1261/1261
f 1261/1261 1264/1264 1262/1262
f 1266/1266 1267/1267 1268/1268
f 1268/1268 1269/1269 1266/1266
f 1248/1248 1270/1270 1274/1274
f 1274/1274 1275/1275 1248/1248
f 1278/1278 1279/1279 1281/1281
f 1281/1281 1252/1252 1278/1278
f 1250/1250 1255/1255 1283/1283
f 1283/1283 1276/1276 1250/1250
f 1285/1285 1286/1286 1289/1289
f 1289/1289 1290/1290 1285/1285
f 1280/1280 1232/1232 1238/1238
f 1238/1238 1292/1292 1280/1280
f 1236/1236 1234/1234 1294/1294
f 1294/1294 1297/1297 1236/1236
f 1268/1268 1298/1298 1299/1299
f 1299/1299 1241/1241 1268/1268
f 1300/1300 1301/1301 1302/1302
f 1302/1302 1303/1303 1300/1300
f 1304/1304 1267/1267 1266/1266
f 1266/1266 1305/1305 1304/1304
f 1243/1243 1306/1306 1307/1307
f 1307/1307 1308/1308 1243/1243
f 1304/1304 1298/1298 1268/1268
f 1268/1268 1267/1267 1304/1304
f 1301/1301 1306/1306 1243/1243
f 1243/1243 1242/1242 1301/1301
f 1309/1309 1300/1300 1303/1303
f 1303/1303 1310/1310 1309/1309
f 1311/1311 1240/1240 1243/1243
f 1243/1243 1308/1308 1311/1311
f 1301/1301 1242/1242 1312/1312
f 1312/1312 1302/1302 1301/1301
f 1306/1306 1301/1301 1300/1300
f 1300/1300 1309/1309 1306/1306
f 1265/1265 1314/1314 1284/1284
f 1284/1284 1263/1263 1265/1265
f 1315/1315 1317/1317 1277/1277
f 1277/1277 1319/1319 1315/1315
f 1313/1313 1239/1239 1237/1237
f 1237/1237 1322/1322 1313/1313
f 1282/1282 1259/1259 1257/1257
f 1257/1257 1323/1323 1282/1282
f 1272/1272 1271/1271 1291/1291
f 1291/1291 1324/1324 1272/1272
f 1279/1279 1293/1293 1258/1258
f 1258/1258 1281/1281 1279/1279
f 1256/1256 1260/1260 1245/1245
f 1245/1245 1244/1244 1256/1256
f 1248/1248 1246/1246 1262/1262
f 1262/1262 1270/1270 1248/1248
f 1275/1275 1274/1274 1320/1320
f 1320/1320 1251/1251 1275/1275
f 1280/1280 1277/1277 1317/1317
f 1317/1317 1232/1232 1280/1280
f 1233/1233 1318/1318 1295/1295
f 1295/1295 1235/1235 1233/1233
f 1296/1296 1316/1316 1326/1326
f 1326/1326 1330/1330 1296/1296
f 1322/1322 1286/1286 1285/1285
f 1285/1285 1313/1313 1322/1322
f 1290/1290 1289/1289 1328/1328
f 1328/1328 1325/1325 1290/1290
f 1305/1305 1266/1266 1269/1269
f 1269/1269 1331/1331 1305/1305
f 1269/1269 1268/1268 1241/1241
f 1241/1241 1240/1240 1269/1269
f 1331/1331 1269/1269 1240/1240
f 1240/1240 1311/1311 1331/1331
f 1306/1306 1309/1309 1310/1310
f 1310/1310 1307/1307 1306/1306
f 1247/1247 1276/1276 1283/1283
f 1283/1283 1249/1249 1247/1247
f 1282/1282 1323/1323 1254/1254
f 1254/1254 1253/1253 1282/1282
f 1292/1292 1238/1238 1314/1314
f 1314/1314 1265/1265 1292/1292
f 1293/1293 1264/1264 1261/1261
f 1261/1261 1258/1258 1293/1293
f 1321/1321 1329/1329 1288/1288
f 1288/1288 1287/1287 1321/1321
f 1315/1315 1319/1319 1273/1273
f 1273/1273 1327/1327 1315/1315
f 1297/1297 1329/1329 1321/1321
f 1321/1321 1236/1236 1297/1297
f 1263/1263 1284/1284 1291/1291
f 1291/1291 1271/1271 1263/1263
f 1296/1296 1295/1295 1318/1318
f 1318/1318 1316/1316 1296/1296
f 1332/1332 1333/1333 1334/1334
f 1334/1334 1335/1335 1332/1332
f 1336/1336 1337/1337 1333/1333
f 1333/1333 1332/1332 1336/1336
f 1338/1338 1340/1340 1337/1337
f 1337/1337 1336/1336 1338/1338
f 1342/1342 1343/1343 1341/1341
f 1341/1341 1339/1339 1342/1342
f 1344/1344 1345/1345 1343/1343
f 1343/1343 1342/1342 1344/1344
f 1346/1346 1347/1347 1345/1345
f 1345/1345 1344/1344 1346/1346
f 1348/1348 1349/1349 1347/1347
f 1347/1347 1346/1346 1348/1348
f 1335/1335 1334/1334 1349/1349
f 1349/1349 1348/1348 1335/1335
f 1335/1335 1348/1348 1350/1350
f 1350/1350 1351/1351 1335/1335
f 1332/1332 1335/1335 1351/1351
f 1351/1351 1352/1352 1332/1332
f 1336/1336 1332/1332 1352/1352
f 1352/1352 1353/1353 1336/1336
f 1338/1338 1336/1336 1353/1353
f 1353/1353 1354/1354 1338/1338
f 1342/1342 1339/1339 1355/1355
f 1355/1355 1356/1356 1342/1342
f 1344/1344 1342/1342 1356/1356
f 1356/1356 1357/1357 1344/1344
f 1346/1346 1344/1344 1357/1357
f 1357/1357 1358/1358 1346/1346
f 1348/1348 1346/1346 1358/1358
f 1358/1358 1350/1350 1348/1348
f 1359/1359 1350/1350 1358/1358
f 1358/1358 1360/1360 1359/1359
f 1361/1361 1353/1353 1352/1352
f 1352/1352 1362/1362 1361/1361
f 1362/1362 1352/1352 1351/1351
f 1351/1351 1363/1363 1362/1362
f 1364/1364 1356/1356 1355/1355
f 1355/1355 1365/1365 1364/1364
f 1366/1366 1354/1354 1353/1353
f 1353/1353 1361/1361 1366/1366
f 1360/1360 1358/1358 1357/1357
f 1357/1357 1367/1367 1360/1360
f 1367/1367 1357/1357 1356/1356
f 1356/1356 1364/1364 1367/1367
f 1363/1363 1351/1351 1350/1350
f 1350/1350 1359/1359 1363/1363
f 1363/1363 1359/1359 1368/1368
f 1368/1368 1369/1369 1363/1363
f 1362/1362 1363/1363 1369/1369
f 1369/1369 1370/1370 1362/1362
f 1361/1361 1362/1362 1370/1370
f 1370/1370 1371/1371 1361/1361
f 1366/1366 1361/1361 1371/1371
f 1371/1371 1372/1372 1366/1366
f 1364/1364 1365/1365 1373/1373
f 1373/1373 1374/1374 1364/1364
f 1367/1367 1364/1364 1374/1374
f 1374/1374 1375/1375 1367/1367
f 1360/1360 1367/1367 1375/1375
f 1375/1375 1376/1376 1360/1360
f 1359/1359 1360/1360 1376/1376
f 1376/1376 1368/1368 1359/1359
f 1377/1377 1368/1368 1376/1376
f 1376/1376 1378/1378 1377/1377
f 1379/1379 1370/1370 1369/1369
f 1369/1369 1380/1380 1379/1379
f 1381/1381 1374/1374 1373/1373
f 1373/1373 1383/1383 1381/1381
f 1380/1380 1369/1369 1368/1368
f 1368/1368 1377/1377 1380/1380
f 1378/1378 1376/1376 1375/1375
f 1375/1375 1384/1384 1378/1378
f 1385/1385 1371/1371 1370/1370
f 1370/1370 1379/1379 1385/1385
f 1382/1382 1372/1372 1371/1371
f 1371/1371 1385/1385 1382/1382
f 1384/1384 1375/1375 1374/1374
f 1374/1374 1381/1381 1384/1384
f 1382/1382 1385/1385 1386/1386
f 1386/1386 1387/1387 1382/1382
f 1378/1378 1384/1384 1389/1389
f 1389/1389 1390/1390 1378/1378
f 1380/1380 1377/1377 1391/1391
f 1391/1391 1392/1392 1380/1380
f 1381/1381 1383/1383 1388/1388
f 1388/1388 1393/1393 1381/1381
f 1379/1379 1380/1380 1392/1392
f 1392/1392 1394/1394 1379/1379
f 1385/1385 1379/1379 1394/1394
f 1394/1394 1386/1386 1385/1385
f 1377/1377 1378/1378 1390/1390
f 1390/1390 1391/1391 1377/1377
f 1392/1392 1391/1391 1395/1395
f 1395/1395 1396/1396 1392/1392
f 1394/1394 1392/1392 1396/1396
f 1396/1396 1397/1397 1394/1394
f 1386/1386 1394/1394 1397/1397
f 1397/1397 1398/1398 1386/1386
f 1387/1387 1386/1386 1398/1398
f 1398/1398 1399/1399 1387/1387
f 1393/1393 1388/1388 1400/1400
f 1400/1400 1401/1401 1393/1393
f 1389/1389 1393/1393 1401/1401
f 1401/1401 1402/1402 1389/1389
f 1390/1390 1389/1389 1402/1402
f 1402/1402 1403/1403 1390/1390
f 1391/1391 1390/1390 1403/1403
f 1403/1403 1395/1395 1391/1391
f 1384/1384 1381/1381 1393/1393
f 1393/1393 1389/1389 1384/1384
f 1405/1405 1403/1403 1402/1402
f 1402/1402 1407/1407 1405/1405
f 1408/1408 1398/1398 1397/1397
f 1397/1397 1411/1411 1408/1408
f 1412/1412 1399/1399 1398/1398
f 1398/1398 1408/1408 1412/1412
f 1416/1416 1401/1401 1400/1400
f 1400/1400 1413/1413 1416/1416
f 1407/1407 1402/1402 1401/1401
f 1401/1401 1416/1416 1407/1407
f 1417/1417 1395/1395 1403/1403
f 1403/1403 1405/1405 1417/1417
f 1420/1420 1396/1396 1395/1395
f 1395/1395 1417/1417 1420/1420
f 1411/1411 1397/1397 1396/1396
f 1396/1396 1420/1420 1411/1411
f 1418/1418 1404/1404 1419/1419
f 1406/1406 1410/1410 1419/1419
f 1419/1419 1404/1404 1406/1406
f 1410/1410 1406/1406 1415/1415
f 1415/1415 1409/1409 1410/1410
f 1414/1414 1409/1409 1415/1415
f 1421/1421 1422/1422 1423/1423
f 1423/1423 1424/1424 1421/1421
f 1425/1425 1426/1426 1422/1422
f 1422/1422 1421/1421 1425/1425
f 1428/1428 1430/1430 1426/1426
f 1426/1426 1425/1425 1428/1428
f 1431/1431 1432/1432 1429/1429
f 1429/1429 1427/1427 1431/1431
f 1433/1433 1434/1434 1432/1432
f 1432/1432 1431/1431 1433/1433
f 1435/1435 1436/1436 1434/1434
f 1434/1434 1433/1433 1435/1435
f 1437/1437 1438/1438 1436/1436
f 1436/1436 1435/1435 1437/1437
f 1424/1424 1423/1423 1438/1438
f 1438/1438 1437/1437 1424/1424
f 1424/1424 1437/1437 1439/1439
f 1439/1439 1440/1440 1424/1424
f 1421/1421 1424/1424 1440/1440
f 1440/1440 1441/1441 1421/1421
f 1425/1425 1421/1421 1441/1441
f 1441/1441 1442/1442 1425/1425
f 1428/1428 1425/1425 1442/1442
f 1442/1442 1444/1444 1428/1428
f 1431/1431 1427/1427 1443/1443
f 1443/1443 1445/1445 1431/1431
f 1433/1433 1431/1431 1445/1445
f 1445/1445 1446/1446 1433/1433
f 1435/1435 1433/1433 1446/1446
f 1446/1446 1447/1447 1435/1435
f 1437/1437 1435/1435 1447/1447
f 1447/1447 1439/1439 1437/1437
f 1448/1448 1439/1439 1447/1447
f 1447/1447 1449/1449 1448/1448
f 1450/1450 1442/1442 1441/1441
f 1441/1441 1451/1451 1450/1450
f 1451/1451 1441/1441 1440/1440
f 1440/1440 1452/1452 1451/1451
f 1453/1453 1445/1445 1443/1443
f 1443/1443 1454/1454 1453/1453
f 1455/1455 1444/1444 1442/1442
f 1442/1442 1450/1450 1455/1455
f 1449/1449 1447/1447 1446/1446
f 1446/1446 1456/1456 1449/1449
f 1456/1456 1446/1446 1445/1445
f 1445/1445 1453/1453 1456/1456
f 1452/1452 1440/1440 1439/1439
f 1439/1439 1448/1448 1452/1452
f 1452/1452 1448/1448 1457/1457
f 1457/1457 1458/1458 1452/1452
f 1451/1451 1452/1452 1458/1458
f 1458/1458 1459/1459 1451/1451
f 1450/1450 1451/1451 1459/1459
f 1459/1459 1460/1460 1450/1450
f 1455/1455 1450/1450 1460/1460
f 1460/1460 1462/1462 1455/1455
f 1453/1453 1454/1454 1461/1461
f 1461/1461 1463/1463 1453/1453
f 1456/1456 1453/1453 1463/1463
f 1463/1463 1464/1464 1456/1456
f 1449/1449 1456/1456 1464/1464
f 1464/1464 1465/1465 1449/1449
f 1448/1448 1449/1449 1465/1465
f 1465/1465 1457/1457 1448/1448
f 1466/1466 1457/1457 1465/1465
f 1465/1465 1467/1467 1466/1466
f 1468/1468 1459/1459 1458/1458
f 1458/1458 1469/1469 1468/1468
f 1470/1470 1463/1463 1461/1461
f 1461/1461 1472/1472 1470/1470
f 1469/1469 1458/1458 1457/1457
f 1457/1457 1466/1466 1469/1469
f 1467/1467 1465/1465 1464/1464
f 1464/1464 1473/1473 1467/1467
f 1474/1474 1460/1460 1459/1459
f 1459/1459 1468/1468 1474/1474
f 1471/1471 1462/1462 1460/1460
f 1460/1460 1474/1474 1471/1471
f 1473/1473 1464/1464 1463/1463
f 1463/1463 1470/1470 1473/1473
f 1471/1471 1474/1474 1475/1475
f 1475/1475 1476/1476 1471/1471
f 1467/1467 1473/1473 1478/1478
f 1478/1478 1479/1479 1467/1467
f 1469/1469 1466/1466 1480/1480
f 1480/1480 1481/1481 1469/1469
f 1470/1470 1472/1472 1477/1477
f 1477/1477 1482/1482 1470/1470
f 1468/1468 1469/1469 1481/1481
f 1481/1481 1483/1483 1468/1468
f 1474/1474 1468/1468 1483/1483
f 1483/1483 1475/1475 1474/1474
f 1466/1466 1467/1467 1479/1479
f 1479/1479 1480/1480 1466/1466
f 1481/1481 1480/1480 1484/1484
f 1484/1484 1485/1485 1481/1481
f 1483/1483 1481/1481 1485/1485
f 1485/1485 1486/1486 1483/1483
f 1475/1475 1483/1483 1486/1486
f 1486/1486 1487/1487 1475/1475
f 1476/1476 1475/1475 1487/1487
f 1487/1487 1488/1488 1476/1476
f 1482/1482 1477/1477 1489/1489
f 1489/1489 1490/1490 1482/1482
f 1478/1478 1482/1482 1490/1490
f 1490/1490 1491/1491 1478/1478
f 1479/1479 1478/1478 1491/1491
f 1491/1491 1492/1492 1479/1479
f 1480/1480 1479/1479 1492/1492
f 1492/1492 1484/1484 1480/1480
f 1473/1473 1470/1470 1482/1482
f 1482/1482 1478/1478 1473/1473
f 1494/1494 1492/1492 1491/1491
f 1491/1491 1495/1495 1494/1494
f 1497/1497 1487/1487 1486/1486
f 1486/1486 1499/1499 1497/1497
f 1503/1503 1488/1488 1487/1487
f 1487/1487 1497/1497 1503/1503
f 1505/1505 1490/1490 1489/1489
f 1489/1489 1502/1502 1505/1505
f 1495/1495 1491/1491 1490/1490
f 1490/1490 1505/1505 1495/1495
f 1507/1507 1484/1484 1492/1492
f 1492/1492 1494/1494 1507/1507
f 1509/1509 1485/1485 1484/1484
f 1484/1484 1507/1507 1509/1509
f 1499/1499 1486/1486 1485/1485
f 1485/1485 1509/1509 1499/1499
f 1506/1506 1493/1493 1508/1508
f 1496/1496 1500/1500 1508/1508
f 1508/1508 1493/1493 1496/1496
f 1500/1500 1496/1496 1504/1504
f 1504/1504 1498/1498 1500/1500
f 1501/1501 1498/1498 1504/1504
f 1510/1510 1514/1514 1515/1515
f 1515/1515 1518/1518 1510/1510
f 1520/1520 1523/1523 1526/1526
f 1526/1526 1529/1529 1520/1520
f 1530/1530 1532/1532 1534/1534
f 1534/1534 1536/1536 1530/1530
f 1539/1539 1541/1541 1543/1543
f 1543/1543 1545/1545 1539/1539
f 1541/1541 1546/1546 1548/1548
f 1548/1548 1543/1543 1541/1541
f 1536/1536 1550/1550 1552/1552
f 1552/1552 1530/1530 1536/1536
f 1550/1550 1520/1520 1529/1529
f 1529/1529 1552/1552 1550/1550
f 1546/1546 1554/1554 1556/1556
f 1556/1556 1548/1548 1546/1546
f 1554/1554 1510/1510 1518/1518
f 1518/1518 1556/1556 1554/1554
f 1532/1532 1539/1539 1545/1545
f 1545/1545 1534/1534 1532/1532
f 1538/1538 1533/1533 1540/1540
f 1531/1531 1547/1547 1540/1540
f 1540/1540 1533/1533 1531/1531
f 1528/1528 1525/1525 1512/1512
f 1512/1512 1511/1511 1528/1528
f 1547/1547 1531/1531 1553/1553
f 1553/1553 1555/1555 1547/1547
f 1553/1553 1528/1528 1511/1511
f 1511/1511 1555/1555 1553/1553
f 1524/1524 1517/1517 1513/1513
f 1513/1513 1527/1527 1524/1524
f 1544/1544 1542/1542 1535/1535
f 1542/1542 1549/1549 1537/1537
f 1537/1537 1535/1535 1542/1542
f 1537/1537 1549/1549 1557/1557
f 1557/1557 1551/1551 1537/1537
f 1551/1551 1557/1557 1519/1519
f 1519/1519 1521/1521 1551/1551
f 1522/1522 1521/1521 1519/1519
f 1519/1519 1516/1516 1522/1522
f 1559/1559 1561/1561 1563/1563
f 1563/1563 1565/1565 1559/1559
f 1568/1568 1570/1570 1573/1573
f 1573/1573 1575/1575 1568/1568
f 1578/1578 1580/1580 1583/1583
f 1583/1583 1585/1585 1578/1578
f 1587/1587 1588/1588 1591/1591
f 1591/1591 1592/1592 1587/1587
f 1592/1592 1591/1591 1595/1595
f 1595/1595 1597/1597 1592/1592
f 1580/1580 1578/1578 1598/1598
f 1598/1598 1600/1600 1580/1580
f 1600/1600 1598/1598 1570/1570
f 1570/1570 1568/1568 1600/1600
f 1597/1597 1595/1595 1603/1603
f 1603/1603 1605/1605 1597/1597
f 1605/1605 1603/1603 1561/1561
f 1561/1561 1559/1559 1605/1605
f 1585/1585 1583/1583 1588/1588
f 1588/1588 1587/1587 1585/1585
f 1586/1586 1593/1593 1584/1584
f 1579/1579 1584/1584 1593/1593
f 1593/1593 1596/1596 1579/1579
f 1571/1571 1558/1558 1567/1567
f 1567/1567 1574/1574 1571/1571
f 1596/1596 1604/1604 1599/1599
f 1599/1599 1579/1579 1596/1596
f 1599/1599 1604/1604 1558/1558
f 1558/1558 1571/1571 1599/1599
f 1576/1576 1572/1572 1566/1566
f 1566/1566 1564/1564 1576/1576
f 1589/1589 1582/1582 1590/1590
f 1590/1590 1582/1582 1581/1581
f 1581/1581 1594/1594 1590/1590
f 1581/1581 1601/1601 1602/1602
f 1602/1602 1594/1594 1581/1581
f 1601/1601 1569/1569 1560/1560
f 1560/1560 1602/1602 1601/1601
f 1577/1577 1562/1562 1560/1560
f 1560/1560 1569/1569 1577/1577
f 1606/1606 1609/1609 1610/1610
f 1610/1610 1615/1615 1606/1606
f 1616/1616 1619/1619 1621/1621
f 1621/1621 1624/1624 1616/1616
f 1627/1627 1629/1629 1630/1630
f 1630/1630 1633/1633 1627/1627
f 1634/1634 1636/1636 1639/1639
f 1639/1639 1640/1640 1634/1634
f 1640/1640 1639/1639 1642/1642
f 1642/1642 1644/1644 1640/1640
f 1629/1629 1627/1627 1646/1646
f 1646/1646 1648/1648 1629/1629
f 1648/1648 1646/1646 1619/1619
f 1619/1619 1616/1616 1648/1648
f 1644/1644 1642/1642 1651/1651
f 1651/1651 1653/1653 1644/1644
f 1653/1653 1651/1651 1609/1609
f 1609/1609 1606/1606 1653/1653
f 1633/1633 1630/1630 1636/1636
f 1636/1636 1634/1634 1633/1633
f 1635/1635 1641/1641 1632/1632
f 1626/1626 1632/1632 1641/1641
f 1641/1641 1645/1645 1626/1626
f 1618/1618 1607/1607 1613/1613
f 1613/1613 1622/1622 1618/1618
f 1645/1645 1652/1652 1647/1647
f 1647/1647 1626/1626 1645/1645
f 1647/1647 1652/1652 1607/1607
f 1607/1607 1618/1618 1647/1647
f 1625/1625 1620/1620 1614/1614
f 1614/1614 1612/1612 1625/1625
f 1637/1637 1631/1631 1638/1638
f 1638/1638 1631/1631 1628/1628
f 1628/1628 1643/1643 1638/1638
f 1628/1628 1649/1649 1650/1650
f 1650/1650 1643/1643 1628/1628
f 1649/1649 1617/1617 1608/1608
f 1608/1608 1650/1650 1649/1649
f 1623/1623 1611/1611 1608/1608
f 1608/1608 1617/1617 1623/1623
f 1656/1656 1658/1658 1661/1661
f 1661/1661 1663/1663 1656/1656
f 1657/1657 1665/1665 1668/1668
f 1668/1668 1660/1660 1657/1657
f 1664/1664 1670/1670 1672/1672
f 1672/1672 1667/1667 1664/1664
f 1671/1671 1654/1654 1662/1662
f 1662/1662 1673/1673 1671/1671
f 1676/1676 1677/1677 1681/1681
f 1681/1681 1682/1682 1676/1676
f 1685/1685 1659/1659 1655/1655
f 1655/1655 1688/1688 1685/1685
f 1692/1692 1693/1693 1687/1687
f 1687/1687 1697/1697 1692/1692
f 1701/1701 1703/1703 1706/1706
f 1706/1706 1686/1686 1701/1701
f 1704/1704 1691/1691 1698/1698
f 1698/1698 1707/1707 1704/1704
f 1695/1695 1699/1699 1684/1684
f 1684/1684 1689/1689 1695/1695
f 1688/1688 1655/1655 1669/1669
f 1669/1669 1696/1696 1688/1688
f 1705/1705 1666/1666 1659/1659
f 1659/1659 1685/1685 1705/1705
f 1696/1696 1669/1669 1666/1666
f 1666/1666 1705/1705 1696/1696
f 1708/1708 1712/1712 1717/1717
f 1715/1715 1719/1719 1723/1723
f 1723/1723 1728/1728 1715/1715
f 1714/1714 1729/1729 1720/1720
f 1720/1720 1718/1718 1714/1714
f 1733/1733 1724/1724 1721/1721
f 1721/1721 1730/1730 1733/1733
f 1737/1737 1734/1734 1731/1731
f 1731/1731 1713/1713 1737/1737
f 1739/1739 1725/1725 1736/1736
f 1726/1726 1740/1740 1710/1710
f 1710/1710 1716/1716 1726/1726
f 1735/1735 1711/1711 1709/1709
f 1709/1709 1741/1741 1735/1735
f 1727/1727 1722/1722 1732/1732
f 1732/1732 1738/1738 1727/1727
f 1675/1675 1742/1742 1700/1700
f 1700/1700 1694/1694 1675/1675
f 1742/1742 1747/1747 1702/1702
f 1702/1702 1700/1700 1742/1742
f 1747/1747 1678/1678 1690/1690
f 1690/1690 1702/1702 1747/1747
f 1678/1678 1675/1675 1694/1694
f 1694/1694 1690/1690 1678/1678
f 1746/1746 1743/1743 1749/1749
f 1749/1749 1750/1750 1746/1746
f 1679/1679 1745/1745 1751/1751
f 1751/1751 1680/1680 1679/1679
f 1744/1744 1674/1674 1683/1683
f 1683/1683 1748/1748 1744/1744
f 1753/1753 1756/1756 1759/1759
f 1759/1759 1760/1760 1753/1753
f 1757/1757 1763/1763 1766/1766
f 1766/1766 1758/1758 1757/1757
f 1762/1762 1769/1769 1771/1771
f 1771/1771 1765/1765 1762/1762
f 1767/1767 1754/1754 1761/1761
f 1761/1761 1770/1770 1767/1767
f 1774/1774 1775/1775 1779/1779
f 1779/1779 1780/1780 1774/1774
f 1782/1782 1755/1755 1752/1752
f 1752/1752 1785/1785 1782/1782
f 1788/1788 1792/1792 1787/1787
f 1787/1787 1795/1795 1788/1788
f 1799/1799 1800/1800 1803/1803
f 1803/1803 1784/1784 1799/1799
f 1801/1801 1790/1790 1796/1796
f 1796/1796 1804/1804 1801/1801
f 1793/1793 1798/1798 1783/1783
f 1783/1783 1786/1786 1793/1793
f 1785/1785 1752/1752 1768/1768
f 1768/1768 1794/1794 1785/1785
f 1805/1805 1764/1764 1755/1755
f 1755/1755 1782/1782 1805/1805
f 1794/1794 1768/1768 1764/1764
f 1764/1764 1805/1805 1794/1794
f 1808/1808 1811/1811 1817/1817
f 1806/1806 1819/1819 1823/1823
f 1823/1823 1824/1824 1806/1806
f 1815/1815 1829/1829 1818/1818
f 1818/1818 1809/1809 1815/1815
f 1807/1807 1826/1826 1813/1813
f 1834/1834 1814/1814 1812/1812
f 1827/1827 1831/1831 1810/1810
f 1837/1837 1821/1821 1820/1820
f 1820/1820 1830/1830 1837/1837
f 1825/1825 1822/1822 1836/1836
f 1836/1836 1832/1832 1825/1825
f 1833/1833 1835/1835 1828/1828
f 1828/1828 1816/1816 1833/1833
f 1838/1838 1841/1841 1797/1797
f 1797/1797 1791/1791 1838/1838
f 1841/1841 1776/1776 1802/1802
f 1802/1802 1797/1797 1841/1841
f 1776/1776 1772/1772 1789/1789
f 1789/1789 1802/1802 1776/1776
f 1772/1772 1838/1838 1791/1791
f 1791/1791 1789/1789 1772/1772
f 1842/1842 1839/1839 1845/1845
f 1845/1845 1846/1846 1842/1842
f 1840/1840 1773/1773 1781/1781
f 1781/1781 1844/1844 1840/1840
f 1777/1777 1843/1843 1847/1847
f 1847/1847 1778/1778 1777/1777
f 1848/1848 1850/1850 1853/1853
f 1853/1853 1857/1857 1848/1848
f 1859/1859 1863/1863 1854/1854
f 1854/1854 1865/1865 1859/1859
f 1864/1864 1851/1851 1868/1868
f 1868/1868 1858/1858 1864/1864
f 1855/1855 1852/1852 1866/1866
f 1861/1861 1869/1869 1849/1849
f 1849/1849 1856/1856 1861/1861
f 1871/1871 1872/1872 1870/1870
f 1870/1870 1862/1862 1871/1871
f 1867/1867 1871/1871 1862/1862
f 1862/1862 1860/1860 1867/1867
f 1875/1875 1878/1878 1882/1882
f 1885/1885 1886/1886 1890/1890
f 1890/1890 1894/1894 1885/1885
f 1884/1884 1896/1896 1897/1897
f 1897/1897 1888/1888 1884/1884
f 1899/1899 1901/1901 1873/1873
f 1873/1873 1881/1881 1899/1899
f 1880/1880 1876/1876 1889/1889
f 1889/1889 1898/1898 1880/1880
f 1898/1898 1889/1889 1887/1887
f 1904/1904 1877/1877 1874/1874
f 1874/1874 1903/1903 1904/1904
f 1879/1879 1905/1905 1907/1907
f 1907/1907 1912/1912 1879/1879
f 1910/1910 1908/1908 1914/1914
f 1914/1914 1916/1916 1910/1910
f 1889/1889 1876/1876 1911/1911
f 1911/1911 1917/1917 1889/1889
f 1892/1892 1891/1891 1918/1918
f 1918/1918 1915/1915 1892/1892
f 1919/1919 1920/1920 1895/1895
f 1895/1895 1883/1883 1919/1919
f 1921/1921 1922/1922 1902/1902
f 1902/1902 1900/1900 1921/1921
f 1906/1906 1902/1902 1922/1922
f 1922/1922 1923/1923 1906/1906
f 1923/1923 1924/1924 1909/1909
f 1909/1909 1906/1906 1923/1923
f 1924/1924 1925/1925 1913/1913
f 1913/1913 1909/1909 1924/1924
f 1893/1893 1926/1926 1919/1919
f 1919/1919 1883/1883 1893/1893
f 1925/1925 1926/1926 1893/1893
f 1893/1893 1913/1913 1925/1925
f 1929/1929 1931/1931 1934/1934
f 1934/1934 1936/1936 1929/1929
f 1939/1939 1942/1942 1930/1930
f 1930/1930 1945/1945 1939/1939
f 1941/1941 1947/1947 1935/1935
f 1935/1935 1932/1932 1941/1941
f 1949/1949 1950/1950 1940/1940
f 1940/1940 1938/1938 1949/1949
f 1950/1950 1951/1951 1946/1946
f 1946/1946 1940/1940 1950/1950
f 1952/1952 1955/1955 1959/1959
f 1960/1960 1965/1965 1968/1968
f 1968/1968 1954/1954 1960/1960
f 1967/1967 1970/1970 1956/1956
f 1956/1956 1953/1953 1967/1967
f 1973/1973 1964/1964 1962/1962
f 1962/1962 1975/1975 1973/1973
f 1971/1971 1978/1978 1958/1958
f 1958/1958 1957/1957 1971/1971
f 1980/1980 1974/1974 1976/1976
f 1976/1976 1983/1983 1980/1980
f 1982/1982 1977/1977 1961/1961
f 1959/1959 1982/1982 1961/1961
f 1961/1961 1952/1952 1959/1959
f 1984/1984 1966/1966 1963/1963
f 1963/1963 1985/1985 1984/1984
f 1979/1979 1969/1969 1966/1966
f 1966/1966 1984/1984 1979/1979
f 1985/1985 1963/1963 1972/1972
f 1972/1972 1981/1981 1985/1985
f 212/212 196/196 194/194
f 194/194 215/215 212/212
f 958/958 973/973 967/967
f 967/967 960/960 958/958
f 1320/1320 1278/1278 1252/1252
f 1252/1252 1251/1251 1320/1320
f 1299/1299 1312/1312 1242/1242
f 1242/1242 1241/1241 1299/1299
f 1927/1927 1948/1948 1937/1937
f 1937/1937 1943/1943 1927/1927
f 1933/1933 1928/1928 1944/1944
f 1986/1986 1988/1988 1991/1991
f 1991/1991 1994/1994 1986/1986
f 1997/1997 2001/2001 1992/1992
f 1992/1992 2004/2004 1997/1997
f 2002/2002 1990/1990 2006/2006
f 2006/2006 1996/1996 2002/2002
f 1995/1995 1989/1989 2003/2003
f 1999/1999 2008/2008 1987/1987
f 1987/1987 1993/1993 1999/1999
f 2009/2009 2010/2010 2007/2007
f 2007/2007 2000/2000 2009/2009
f 2005/2005 2009/2009 2000/2000
f 2000/2000 1998/1998 2005/2005
f 2011/2011 2015/2015 2018/2018
f 2022/2022 2025/2025 2027/2027
f 2027/2027 2012/2012 2022/2022
f 2026/2026 2031/2031 2016/2016
f 2016/2016 2013/2013 2026/2026
f 2032/2032 2023/2023 2020/2020
f 2020/2020 2037/2037 2032/2032
f 2029/2029 2038/2038 2017/2017
f 2017/2017 2014/2014 2029/2029
f 2040/2040 2033/2033 2036/2036
f 2036/2036 2044/2044 2040/2040
f 2043/2043 2035/2035 2019/2019
f 2018/2018 2042/2042 2021/2021
f 2021/2021 2011/2011 2018/2018
f 2045/2045 2028/2028 2024/2024
f 2024/2024 2046/2046 2045/2045
f 2039/2039 2030/2030 2028/2028
f 2028/2028 2045/2045 2039/2039
f 2046/2046 2024/2024 2034/2034
f 2034/2034 2041/2041 2046/2046
f 2047/2047 2051/2051 2053/2053
f 2053/2053 2058/2058 2047/2047
f 2060/2060 2064/2064 2067/2067
f 2067/2067 2069/2069 2060/2060
f 2072/2072 2073/2073 2075/2075
f 2075/2075 2076/2076 2072/2072
f 2057/2057 2054/2054 2077/2077
f 2077/2077 2078/2078 2057/2057
f 2065/2065 2057/2057 2078/2078
f 2078/2078 2079/2079 2065/2065
f 2070/2070 2065/2065 2079/2079
f 2079/2079 2080/2080 2070/2070
f 2054/2054 2070/2070 2080/2080
f 2080/2080 2077/2077 2054/2054
f 2081/2081 2082/2082 2084/2084
f 2084/2084 2085/2085 2081/2081
f 2086/2086 2083/2083 2074/2074
f 2074/2074 2071/2071 2086/2086
f 2050/2050 2059/2059 2068/2068
f 2068/2068 2055/2055 2050/2050
f 2063/2063 2049/2049 2056/2056
f 2056/2056 2066/2066 2063/2063
f 2048/2048 2062/2062 2061/2061
f 2061/2061 2052/2052 2048/2048
f 2088/2088 2090/2090 2094/2094
f 2094/2094 2096/2096 2088/2088
f 2092/2092 2087/2087 2098/2098
f 2098/2098 2101/2101 2092/2092
f 2100/2100 2099/2099 2103/2103
f 2103/2103 2104/2104 2100/2100
f 2105/2105 2110/2110 2112/2112
f 2112/2112 2114/2114 2105/2105
f 2116/2116 2119/2119 2120/2120
f 2120/2120 2124/2124 2116/2116
f 2118/2118 2123/2123 2111/2111
f 2111/2111 2108/2108 2118/2118
f 2097/2097 2122/2122 2121/2121
f 2121/2121 2102/2102 2097/2097
f 2095/2095 2115/2115 2113/2113
f 2113/2113 2089/2089 2095/2095
f 2098/2098 2087/2087 2111/2111
f 2111/2111 2123/2123 2098/2098
f 2093/2093 2091/2091 2107/2107
f 2107/2107 2106/2106 2093/2093
f 2101/2101 2117/2117 2109/2109
f 2109/2109 2092/2092 2101/2101
f 2126/2126 2127/2127 2129/2129
f 2129/2129 2131/2131 2126/2126
f 2133/2133 2134/2134 2135/2135
f 2135/2135 2136/2136 2133/2133
f 2137/2137 2139/2139 2141/2141
f 2141/2141 2142/2142 2137/2137
f 2143/2143 2145/2145 2147/2147
f 2147/2147 2148/2148 2143/2143
f 2149/2149 2150/2150 2151/2151
f 2151/2151 2153/2153 2149/2149
f 2156/2156 2138/2138 2154/2154
f 2154/2154 2157/2157 2156/2156
f 2159/2159 2160/2160 2161/2161
f 2161/2161 2162/2162 2159/2159
f 2140/2140 2164/2164 2165/2165
f 2165/2165 2169/2169 2140/2140
f 2170/2170 2172/2172 2174/2174
f 2174/2174 2146/2146 2170/2170
f 2143/2143 2148/2148 2176/2176
f 2176/2176 2168/2168 2143/2143
f 2178/2178 2180/2180 2182/2182
f 2182/2182 2183/2183 2178/2178
f 2173/2173 2125/2125 2132/2132
f 2132/2132 2186/2186 2173/2173
f 2130/2130 2128/2128 2187/2187
f 2187/2187 2189/2189 2130/2130
f 2161/2161 2191/2191 2192/2192
f 2192/2192 2134/2134 2161/2161
f 2193/2193 2194/2194 2195/2195
f 2195/2195 2196/2196 2193/2193
f 2197/2197 2160/2160 2159/2159
f 2159/2159 2198/2198 2197/2197
f 2136/2136 2199/2199 2200/2200
f 2200/2200 2201/2201 2136/2136
f 2197/2197 2191/2191 2161/2161
f 2161/2161 2160/2160 2197/2197
f 2194/2194 2199/2199 2136/2136
f 2136/2136 2135/2135 2194/2194
f 2202/2202 2193/2193 2196/2196
f 2196/2196 2203/2203 2202/2202
f 2204/2204 2133/2133 2136/2136
f 2136/2136 2201/2201 2204/2204
f 2194/2194 2135/2135 2205/2205
f 2205/2205 2195/2195 2194/2194
f 2199/2199 2194/2194 2193/2193
f 2193/2193 2202/2202 2199/2199
f 2158/2158 2206/2206 2177/2177
f 2177/2177 2155/2155 2158/2158
f 2209/2209 2211/2211 2171/2171
f 2171/2171 2213/2213 2209/2209
f 2207/2207 2131/2131 2129/2129
f 2129/2129 2214/2214 2207/2207
f 2175/2175 2151/2151 2150/2150
f 2150/2150 2216/2216 2175/2175
f 2167/2167 2163/2163 2184/2184
f 2184/2184 2217/2217 2167/2167
f 2172/2172 2185/2185 2152/2152
f 2152/2152 2174/2174 2172/2172
f 2149/2149 2153/2153 2139/2139
f 2139/2139 2137/2137 2149/2149
f 2140/2140 2138/2138 2156/2156
f 2156/2156 2164/2164 2140/2140
f 2169/2169 2165/2165 2212/2212
f 2212/2212 2144/2144 2169/2169
f 2173/2173 2171/2171 2211/2211
f 2211/2211 2125/2125 2173/2173
f 2126/2126 2210/2210 2188/2188
f 2188/2188 2127/2127 2126/2126
f 2190/2190 2208/2208 2219/2219
f 2219/2219 2223/2223 2190/2190
f 2214/2214 2180/2180 2178/2178
f 2178/2178 2207/2207 2214/2214
f 2183/2183 2182/2182 2221/2221
f 2221/2221 2220/2220 2183/2183
f 2198/2198 2159/2159 2162/2162
f 2162/2162 2224/2224 2198/2198
f 2162/2162 2161/2161 2134/2134
f 2134/2134 2133/2133 2162/2162
f 2224/2224 2162/2162 2133/2133
f 2133/2133 2204/2204 2224/2224
f 2199/2199 2202/2202 2203/2203
f 2203/2203 2200/2200 2199/2199
f 2141/2141 2168/2168 2176/2176
f 2176/2176 2142/2142 2141/2141
f 2175/2175 2216/2216 2147/2147
f 2147/2147 2145/2145 2175/2175
f 2186/2186 2132/2132 2206/2206
f 2206/2206 2158/2158 2186/2186
f 2185/2185 2157/2157 2154/2154
f 2154/2154 2152/2152 2185/2185
f 2215/2215 2222/2222 2181/2181
f 2181/2181 2179/2179 2215/2215
f 2209/2209 2213/2213 2166/2166
f 2166/2166 2218/2218 2209/2209
f 2189/2189 2222/2222 2215/2215
f 2215/2215 2130/2130 2189/2189
f 2155/2155 2177/2177 2184/2184
f 2184/2184 2163/2163 2155/2155
f 2190/2190 2188/2188 2210/2210
f 2210/2210 2208/2208 2190/2190
f 2212/2212 2170/2170 2146/2146
f 2146/2146 2144/2144 2212/2212
f 2192/2192 2205/2205 2135/2135
f 2135/2135 2134/2134 2192/2192
f 2225/2225 2227/2227 2229/2229
f 2229/2229 2232/2232 2225/2225
f 2231/2231 2230/2230 2233/2233
f 2233/2233 2235/2235 2231/2231
f 2236/2236 2234/2234 2237/2237
f 2237/2237 2240/2240 2236/2236
f 2239/2239 2238/2238 2228/2228
f 2228/2228 2226/2226 2239/2239
f 2241/2241 2243/2243 2245/2245
f 2245/2245 2248/2248 2241/2241
f 2247/2247 2246/2246 2250/2250
f 2250/2250 2252/2252 2247/2247
f 2251/2251 2249/2249 2254/2254
f 2254/2254 2255/2255 2251/2251
f 2256/2256 2253/2253 2244/2244
f 2244/2244 2242/2242 2256/2256
f 2257/2257 2260/2260 2262/2262
f 2262/2262 2263/2263 2257/2257
f 2264/2264 2261/2261 2266/2266
f 2266/2266 2268/2268 2264/2264
f 2267/2267 2265/2265 2269/2269
f 2269/2269 2271/2271 2267/2267
f 2272/2272 2270/2270 2259/2259
f 2259/2259 2258/2258 2272/2272
f 2274/2274 2275/2275 2278/2278
f 2278/2278 2280/2280 2274/2274
f 2279/2279 2277/2277 2282/2282
f 2282/2282 2283/2283 2279/2279
f 2284/2284 2281/2281 2286/2286
f 2286/2286 2288/2288 2284/2284
f 2287/2287 2285/2285 2276/2276
f 2276/2276 2273/2273 2287/2287
f 2289/2289 2291/2291 2293/2293
f 2293/2293 2295/2295 2289/2289
f 2292/2292 2298/2298 2299/2299
f 2299/2299 2294/2294 2292/2292
f 2297/2297 2302/2302 2304/2304
f 2304/2304 2300/2300 2297/2297
f 2301/2301 2290/2290 2296/2296
f 2296/2296 2303/2303 2301/2301
f 2305/2305 2310/2310 2312/2312
f 2312/2312 2316/2316 2305/2305
f 2309/2309 2317/2317 2320/2320
f 2320/2320 2313/2313 2309/2309
f 2318/2318 2325/2325 2326/2326
f 2326/2326 2321/2321 2318/2318
f 2323/2323 2306/2306 2315/2315
f 2315/2315 2328/2328 2323/2323
f 2329/2329 2322/2322 2327/2327
f 2327/2327 2330/2330 2329/2329
f 2331/2331 2334/2334 2335/2335
f 2335/2335 2338/2338 2331/2331
f 2339/2339 2314/2314 2311/2311
f 2311/2311 2340/2340 2339/2339
f 2330/2330 2327/2327 2314/2314
f 2314/2314 2339/2339 2330/2330
f 2338/2338 2335/2335 2341/2341
f 2341/2341 2344/2344 2338/2338
f 2345/2345 2348/2348 2334/2334
f 2334/2334 2331/2331 2345/2345
f 2340/2340 2311/2311 2322/2322
f 2322/2322 2329/2329 2340/2340
f 2344/2344 2341/2341 2348/2348
f 2348/2348 2345/2345 2344/2344
f 2308/2308 2349/2349 2354/2354
f 2354/2354 2319/2319 2308/2308
f 2319/2319 2354/2354 2356/2356
f 2356/2356 2324/2324 2319/2319
f 2307/2307 2358/2358 2349/2349
f 2349/2349 2308/2308 2307/2307
f 2347/2347 2342/2342 2359/2359
f 2359/2359 2357/2357 2347/2347
f 2333/2333 2346/2346 2355/2355
f 2355/2355 2353/2353 2333/2333
f 2336/2336 2332/2332 2352/2352
f 2352/2352 2351/2351 2336/2336
f 2343/2343 2337/2337 2350/2350
f 2350/2350 2360/2360 2343/2343
f 2324/2324 2356/2356 2358/2358
f 2358/2358 2307/2307 2324/2324
f 2361/2361 2363/2363 2365/2365
f 2365/2365 2367/2367 2361/2361
f 2368/2368 2366/2366 2369/2369
f 2369/2369 2372/2372 2368/2368
f 2371/2371 2370/2370 2373/2373
f 2373/2373 2375/2375 2371/2371
f 2376/2376 2374/2374 2364/2364
f 2364/2364 2362/2362 2376/2376
f 2378/2378 2380/2380 2384/2384
f 2384/2384 2387/2387 2378/2378
f 2386/2386 2383/2383 2389/2389
f 2389/2389 2394/2394 2386/2386
f 2392/2392 2391/2391 2397/2397
f 2397/2397 2400/2400 2392/2392
f 2399/2399 2396/2396 2382/2382
f 2382/2382 2377/2377 2399/2399
f 2401/2401 2402/2402 2395/2395
f 2395/2395 2390/2390 2401/2401
f 2403/2403 2404/2404 2406/2406
f 2406/2406 2410/2410 2403/2403
f 2411/2411 2412/2412 2385/2385
f 2385/2385 2381/2381 2411/2411
f 2402/2402 2411/2411 2381/2381
f 2381/2381 2395/2395 2402/2402
f 2404/2404 2413/2413 2416/2416
f 2416/2416 2406/2406 2404/2404
f 2417/2417 2403/2403 2410/2410
f 2410/2410 2418/2418 2417/2417
f 2412/2412 2401/2401 2390/2390
f 2390/2390 2385/2385 2412/2412
f 2413/2413 2417/2417 2418/2418
f 2418/2418 2416/2416 2413/2413
f 2388/2388 2393/2393 2421/2421
f 2421/2421 2425/2425 2388/2388
f 2393/2393 2398/2398 2428/2428
f 2428/2428 2421/2421 2393/2393
f 2379/2379 2388/2388 2425/2425
f 2425/2425 2431/2431 2379/2379
f 2420/2420 2429/2429 2430/2430
f 2430/2430 2415/2415 2420/2420
f 2409/2409 2422/2422 2427/2427
f 2427/2427 2419/2419 2409/2409
f 2405/2405 2426/2426 2423/2423
f 2423/2423 2408/2408 2405/2405
f 2414/2414 2432/2432 2424/2424
f 2424/2424 2407/2407 2414/2414
f 2398/2398 2379/2379 2431/2431
f 2431/2431 2428/2428 2398/2398
f 2433/2433 2436/2436 2437/2437
f 2437/2437 2440/2440 2433/2433
f 2435/2435 2442/2442 2443/2443
f 2443/2443 2438/2438 2435/2435
f 2441/2441 2445/2445 2448/2448
f 2448/2448 2444/2444 2441/2441
f 2446/2446 2434/2434 2439/2439
f 2439/2439 2447/2447 2446/2446
f 2449/2449 2452/2452 2455/2455
f 2455/2455 2459/2459 2449/2449
f 2454/2454 2462/2462 2465/2465
f 2465/2465 2457/2457 2454/2454
f 2461/2461 2469/2469 2470/2470
f 2470/2470 2464/2464 2461/2461
f 2467/2467 2450/2450 2460/2460
f 2460/2460 2472/2472 2467/2467
f 2473/2473 2466/2466 2471/2471
f 2471/2471 2474/2474 2473/2473
f 2475/2475 2478/2478 2479/2479
f 2479/2479 2482/2482 2475/2475
f 2483/2483 2458/2458 2456/2456
f 2456/2456 2484/2484 2483/2483
f 2474/2474 2471/2471 2458/2458
f 2458/2458 2483/2483 2474/2474
f 2482/2482 2479/2479 2485/2485
f 2485/2485 2488/2488 2482/2482
f 2489/2489 2491/2491 2478/2478
f 2478/2478 2475/2475 2489/2489
f 2484/2484 2456/2456 2466/2466
f 2466/2466 2473/2473 2484/2484
f 2488/2488 2485/2485 2491/2491
f 2491/2491 2489/2489 2488/2488
f 2453/2453 2495/2495 2496/2496
f 2496/2496 2463/2463 2453/2453
f 2463/2463 2496/2496 2501/2501
f 2501/2501 2468/2468 2463/2463
f 2451/2451 2502/2502 2495/2495
f 2495/2495 2453/2453 2451/2451
f 2492/2492 2487/2487 2503/2503
f 2503/2503 2500/2500 2492/2492
f 2477/2477 2490/2490 2499/2499
f 2499/2499 2498/2498 2477/2477
f 2480/2480 2476/2476 2497/2497
f 2497/2497 2494/2494 2480/2480
f 2486/2486 2481/2481 2493/2493
f 2493/2493 2504/2504 2486/2486
f 2468/2468 2501/2501 2502/2502
f 2502/2502 2451/2451 2468/2468
f 2505/2505 2507/2507 2509/2509
f 2509/2509 2511/2511 2505/2505
f 2512/2512 2510/2510 2513/2513
f 2513/2513 2516/2516 2512/2512
f 2515/2515 2514/2514 2517/2517
f 2517/2517 2520/2520 2515/2515
f 2519/2519 2518/2518 2508/2508
f 2508/2508 2506/2506 2519/2519
f 2522/2522 2525/2525 2528/2528
f 2528/2528 2532/2532 2522/2522
f 2531/2531 2529/2529 2534/2534
f 2534/2534 2536/2536 2531/2531
f 2538/2538 2533/2533 2539/2539
f 2539/2539 2543/2543 2538/2538
f 2544/2544 2541/2541 2526/2526
f 2526/2526 2521/2521 2544/2544
f 2545/2545 2546/2546 2540/2540
f 2540/2540 2535/2535 2545/2545
f 2547/2547 2548/2548 2551/2551
f 2551/2551 2552/2552 2547/2547
f 2555/2555 2556/2556 2527/2527
f 2527/2527 2524/2524 2555/2555
f 2546/2546 2555/2555 2524/2524
f 2524/2524 2540/2540 2546/2546
f 2548/2548 2557/2557 2558/2558
f 2558/2558 2551/2551 2548/2548
f 2561/2561 2547/2547 2552/2552
f 2552/2552 2562/2562 2561/2561
f 2556/2556 2545/2545 2535/2535
f 2535/2535 2527/2527 2556/2556
f 2557/2557 2561/2561 2562/2562
f 2562/2562 2558/2558 2557/2557
f 2530/2530 2537/2537 2567/2567
f 2567/2567 2568/2568 2530/2530
f 2537/2537 2542/2542 2573/2573
f 2573/2573 2567/2567 2537/2537
f 2523/2523 2530/2530 2568/2568
f 2568/2568 2576/2576 2523/2523
f 2563/2563 2571/2571 2574/2574
f 2574/2574 2559/2559 2563/2563
f 2553/2553 2565/2565 2572/2572
f 2572/2572 2564/2564 2553/2553
f 2550/2550 2569/2569 2566/2566
f 2566/2566 2554/2554 2550/2550
f 2560/2560 2575/2575 2570/2570
f 2570/2570 2549/2549 2560/2560
f 2542/2542 2523/2523 2576/2576
f 2576/2576 2573/2573 2542/2542
f 2577/2577 2580/2580 2581/2581
f 2581/2581 2584/2584 2577/2577
f 2583/2583 2582/2582 2586/2586
f 2586/2586 2587/2587 2583/2583
f 2588/2588 2585/2585 2590/2590
f 2590/2590 2591/2591 2588/2588
f 2592/2592 2589/2589 2579/2579
f 2579/2579 2578/2578 2592/2592
f 2593/2593 2595/2595 2598/2598
f 2598/2598 2599/2599 2593/2593
f 2596/2596 2602/2602 2604/2604
f 2604/2604 2597/2597 2596/2596
f 2601/2601 2605/2605 2607/2607
f 2607/2607 2603/2603 2601/2601
f 2606/2606 2594/2594 2600/2600
f 2600/2600 2608/2608 2606/2606
f 2609/2609 2611/2611 2613/2613
f 2613/2613 2615/2615 2609/2609
f 2612/2612 2617/2617 2619/2619
f 2619/2619 2614/2614 2612/2612
f 2618/2618 2622/2622 2623/2623
f 2623/2623 2620/2620 2618/2618
f 2621/2621 2610/2610 2616/2616
f 2616/2616 2624/2624 2621/2621
f 2625/2625 2627/2627 2629/2629
f 2629/2629 2631/2631 2625/2625
f 2632/2632 2630/2630 2633/2633
f 2633/2633 2636/2636 2632/2632
f 2635/2635 2634/2634 2638/2638
f 2638/2638 2640/2640 2635/2635
f 2639/2639 2637/2637 2628/2628
f 2628/2628 2626/2626 2639/2639
f 2641/2641 2643/2643 2645/2645
f 2645/2645 2647/2647 2641/2641
f 2648/2648 2646/2646 2649/2649
f 2649/2649 2652/2652 2648/2648
f 2651/2651 2650/2650 2654/2654
f 2654/2654 2655/2655 2651/2651
f 2656/2656 2653/2653 2644/2644
f 2644/2644 2642/2642 2656/2656
f 2658/2658 2659/2659 2661/2661
f 2661/2661 2663/2663 2658/2658
f 2665/2665 2668/2668 2669/2669
f 2669/2669 2671/2671 2665/2665
f 2664/2664 2666/2666 2672/2672
f 2672/2672 2657/2657 2664/2664
f 2667/2667 2662/2662 2660/2660
f 2660/2660 2670/2670 2667/2667
f 2673/2673 2675/2675 2678/2678
f 2678/2678 2680/2680 2673/2673
f 2679/2679 2677/2677 2681/2681
f 2681/2681 2684/2684 2679/2679
f 2683/2683 2682/2682 2685/2685
f 2685/2685 2687/2687 2683/2683
f 2688/2688 2686/2686 2676/2676
f 2676/2676 2674/2674 2688/2688
f 2691/2691 2693/2693 2697/2697
f 2697/2697 2698/2698 2691/2691
f 2702/2702 2705/2705 2708/2708
f 2708/2708 2711/2711 2702/2702
f 2694/2694 2712/2712 2707/2707
f 2707/2707 2695/2695 2694/2694
f 2699/2699 2704/2704 2701/2701
f 2701/2701 2690/2690 2699/2699
f 2696/2696 2709/2709 2706/2706
f 2706/2706 2700/2700 2696/2696
f 2689/2689 2703/2703 2710/2710
f 2710/2710 2692/2692 2689/2689
f 2713/2713 2715/2715 2718/2718
f 2718/2718 2719/2719 2713/2713
f 2716/2716 2721/2721 2724/2724
f 2724/2724 2717/2717 2716/2716
f 2722/2722 2725/2725 2727/2727
f 2727/2727 2723/2723 2722/2722
f 2726/2726 2714/2714 2720/2720
f 2720/2720 2728/2728 2726/2726
f 2730/2730 2732/2732 2733/2733
f 2733/2733 2735/2735 2730/2730
f 2731/2731 2737/2737 2739/2739
f 2739/2739 2734/2734 2731/2731
f 2738/2738 2742/2742 2743/2743
f 2743/2743 2740/2740 2738/2738
f 2741/2741 2729/2729 2736/2736
f 2736/2736 2744/2744 2741/2741
f 2745/2745 2747/2747 2750/2750
f 2750/2750 2752/2752 2745/2745
f 2754/2754 2756/2756 2758/2758
f 2758/2758 2760/2760 2754/2754
f 2748/2748 2746/2746 2755/2755
f 2755/2755 2753/2753 2748/2748
f 2759/2759 2757/2757 2751/2751
f 2751/2751 2749/2749 2759/2759
f 2762/2762 2763/2763 2766/2766
f 2766/2766 2767/2767 2762/2762
f 2764/2764 2770/2770 2772/2772
f 2772/2772 2765/2765 2764/2764
f 2769/2769 2774/2774 2776/2776
f 2776/2776 2771/2771 2769/2769
f 2773/2773 2761/2761 2768/2768
f 2768/2768 2775/2775 2773/2773
f 2778/2778 2782/2782 2784/2784
f 2784/2784 2786/2786 2778/2778
f 2790/2790 2792/2792 2796/2796
f 2796/2796 2799/2799 2790/2790
f 2787/2787 2785/2785 2795/2795
f 2795/2795 2794/2794 2787/2787
f 2780/2780 2779/2779 2789/2789
f 2789/2789 2800/2800 2780/2780
f 2783/2783 2781/2781 2798/2798
f 2798/2798 2797/2797 2783/2783
f 2777/2777 2788/2788 2793/2793
f 2793/2793 2791/2791 2777/2777
f 2802/2802 2804/2804 2805/2805
f 2805/2805 2808/2808 2802/2802
f 2807/2807 2806/2806 2810/2810
f 2810/2810 2811/2811 2807/2807
f 2812/2812 2809/2809 2814/2814
f 2814/2814 2815/2815 2812/2812
f 2816/2816 2813/2813 2803/2803
f 2803/2803 2801/2801 2816/2816
f 2818/2818 2820/2820 2821/2821
f 2821/2821 2823/2823 2818/2818
f 2824/2824 2822/2822 2826/2826
f 2826/2826 2828/2828 2824/2824
f 2827/2827 2825/2825 2830/2830
f 2830/2830 2831/2831 2827/2827
f 2832/2832 2829/2829 2819/2819
f 2819/2819 2817/2817 2832/2832
f 2834/2834 2836/2836 2837/2837
f 2837/2837 2839/2839 2834/2834
f 2840/2840 2838/2838 2842/2842
f 2842/2842 2844/2844 2840/2840
f 2843/2843 2841/2841 2845/2845
f 2845/2845 2847/2847 2843/2843
f 2848/2848 2846/2846 2835/2835
f 2835/2835 2833/2833 2848/2848
f 2849/2849 2851/2851 2854/2854
f 2854/2854 2855/2855 2849/2849
f 2856/2856 2853/2853 2857/2857
f 2857/2857 2860/2860 2856/2856
f 2859/2859 2858/2858 2862/2862
f 2862/2862 2864/2864 2859/2859
f 2863/2863 2861/2861 2852/2852
f 2852/2852 2850/2850 2863/2863
f 2866/2866 2868/2868 2869/2869
f 2869/2869 2872/2872 2866/2866
f 2871/2871 2870/2870 2874/2874
f 2874/2874 2876/2876 2871/2871
f 2875/2875 2873/2873 2877/2877
f 2877/2877 2880/2880 2875/2875
f 2879/2879 2878/2878 2867/2867
f 2867/2867 2865/2865 2879/2879
f 2882/2882 2883/2883 2886/2886
f 2886/2886 2888/2888 2882/2882
f 2887/2887 2885/2885 2889/2889
f 2889/2889 2892/2892 2887/2887
f 2891/2891 2890/2890 2894/2894
f 2894/2894 2895/2895 2891/2891
f 2896/2896 2893/2893 2884/2884
f 2884/2884 2881/2881 2896/2896
f 2897/2897 2900/2900 2901/2901
f 2901/2901 2904/2904 2897/2897
f 2903/2903 2902/2902 2906/2906
f 2906/2906 2907/2907 2903/2903
f 2908/2908 2905/2905 2909/2909
f 2909/2909 2912/2912 2908/2908
f 2911/2911 2910/2910 2899/2899
f 2899/2899 2898/2898 2911/2911
f 2913/2913 2915/2915 2917/2917
f 2917/2917 2920/2920 2913/2913
f 2919/2919 2918/2918 2921/2921
f 2921/2921 2924/2924 2919/2919
f 2923/2923 2922/2922 2925/2925
f 2925/2925 2928/2928 2923/2923
f 2927/2927 2926/2926 2916/2916
f 2916/2916 2914/2914 2927/2927
f 2929/2929 2932/2932 2933/2933
f 2933/2933 2936/2936 2929/2929
f 2935/2935 2934/2934 2937/2937
f 2937/2937 2940/2940 2935/2935
f 2939/2939 2938/2938 2941/2941
f 2941/2941 2944/2944 2939/2939
f 2943/2943 2942/2942 2931/2931
f 2931/2931 2930/2930 2943/2943
f 2945/2945 2948/2948 2950/2950
f 2950/2950 2951/2951 2945/2945
f 2952/2952 2949/2949 2953/2953
f 2953/2953 2956/2956 2952/2952
f 2955/2955 2954/2954 2957/2957
f 2957/2957 2959/2959 2955/2955
f 2960/2960 2958/2958 2947/2947
f 2947/2947 2946/2946 2960/2960
f 2962/2962 2963/2963 2966/2966
f 2966/2966 2967/2967 2962/2962
f 2968/2968 2965/2965 2969/2969
f 2969/2969 2972/2972 2968/2968
f 2971/2971 2970/2970 2974/2974
f 2974/2974 2976/2976 2971/2971
f 2975/2975 2973/2973 2964/2964
f 2964/2964 2961/2961 2975/2975
f 2978/2978 2979/2979 2982/2982
f 2982/2982 2984/2984 2978/2978
f 2983/2983 2981/2981 2986/2986
f 2986/2986 2987/2987 2983/2983
f 2988/2988 2985/2985 2990/2990
f 2990/2990 2991/2991 2988/2988
f 2992/2992 2989/2989 2980/2980
f 2980/2980 2977/2977 2992/2992
f 2994/2994 2995/2995 2998/2998
f 2998/2998 3000/3000 2994/2994
f 2999/2999 2997/2997 3002/3002
f 3002/3002 3003/3003 2999/2999
f 3004/3004 3001/3001 3006/3006
f 3006/3006 3008/3008 3004/3004
f 3007/3007 3005/3005 2996/2996
f 2996/2996 2993/2993 3007/3007
f 3010/3010 3011/3011 3013/3013
f 3013/3013 3016/3016 3010/3010
f 3015/3015 3014/3014 3017/3017
f 3017/3017 3020/3020 3015/3015
f 3019/3019 3018/3018 3022/3022
f 3022/3022 3023/3023 3019/3019
f 3024/3024 3021/3021 3012/3012
f 3012/3012 3009/3009 3024/3024
f 3026/3026 3027/3027 3029/3029
f 3029/3029 3031/3031 3026/3026
f 3028/3028 3034/3034 3035/3035
f 3035/3035 3030/3030 3028/3028
f 3033/3033 3038/3038 3039/3039
f 3039/3039 3036/3036 3033/3033
f 3037/3037 3025/3025 3032/3032
f 3032/3032 3040/3040 3037/3037
f 3041/3041 3043/3043 3045/3045
f 3045/3045 3047/3047 3041/3041
f 3044/3044 3049/3049 3052/3052
f 3052/3052 3046/3046 3044/3044
f 3050/3050 3053/3053 3055/3055
f 3055/3055 3051/3051 3050/3050
f 3054/3054 3042/3042 3048/3048
f 3048/3048 3056/3056 3054/3054
f 3058/3058 3059/3059 3061/3061
f 3061/3061 3064/3064 3058/3058
f 3060/3060 3066/3066 3067/3067
f 3067/3067 3062/3062 3060/3060
f 3065/3065 3069/3069 3072/3072
f 3072/3072 3068/3068 3065/3065
f 3070/3070 3057/3057 3063/3063
f 3063/3063 3071/3071 3070/3070
f 3073/3073 3075/3075 3078/3078
f 3078/3078 3080/3080 3073/3073
f 3076/3076 3081/3081 3083/3083
f 3083/3083 3077/3077 3076/3076
f 3082/3082 3086/3086 3087/3087
f 3087/3087 3084/3084 3082/3082
f 3085/3085 3074/3074 3079/3079
f 3079/3079 3088/3088 3085/3085
f 3090/3090 3091/3091 3094/3094
f 3094/3094 3096/3096 3090/3090
f 3095/3095 3093/3093 3097/3097
f 3097/3097 3100/3100 3095/3095
f 3099/3099 3098/3098 3101/3101
f 3101/3101 3104/3104 3099/3099
f 3103/3103 3102/3102 3092/3092
f 3092/3092 3089/3089 3103/3103
f 3106/3106 3107/3107 3110/3110
f 3110/3110 3111/3111 3106/3106
f 3112/3112 3109/3109 3114/3114
f 3114/3114 3115/3115 3112/3112
f 3116/3116 3113/3113 3118/3118
f 3118/3118 3120/3120 3116/3116
f 3119/3119 3117/3117 3108/3108
f 3108/3108 3105/3105 3119/3119
f 3121/3121 3123/3123 3126/3126
f 3126/3126 3127/3127 3121/3121
f 3128/3128 3125/3125 3130/3130
f 3130/3130 3131/3131 3128/3128
f 3132/3132 3129/3129 3133/3133
f 3133/3133 3136/3136 3132/3132
f 3135/3135 3134/3134 3124/3124
f 3124/3124 3122/3122 3135/3135
f 3138/3138 3139/3139 3142/3142
f 3142/3142 3144/3144 3138/3138
f 3140/3140 3145/3145 3148/3148
f 3148/3148 3141/3141 3140/3140
f 3146/3146 3149/3149 3152/3152
f 3152/3152 3147/3147 3146/3146
f 3150/3150 3137/3137 3143/3143
f 3143/3143 3151/3151 3150/3150
f 3154/3154 3155/3155 3157/3157
f 3157/3157 3159/3159 3154/3154
f 3156/3156 3162/3162 3163/3163
f 3163/3163 3158/3158 3156/3156
f 3161/3161 3166/3166 3167/3167
f 3167/3167 3164/3164 3161/3161
f 3165/3165 3153/3153 3160/3160
f 3160/3160 3168/3168 3165/3165
f 3170/3170 3171/3171 3174/3174
f 3174/3174 3176/3176 3170/3170
f 3172/3172 3177/3177 3179/3179
f 3179/3179 3173/3173 3172/3172
f 3178/3178 3182/3182 3184/3184
f 3184/3184 3180/3180 3178/3178
f 3181/3181 3169/3169 3175/3175
f 3175/3175 3183/3183 3181/3181
f 3185/3185 3188/3188 3189/3189
f 3189/3189 3192/3192 3185/3185
f 3191/3191 3190/3190 3193/3193
f 3193/3193 3195/3195 3191/3191
f 3196/3196 3194/3194 3198/3198
f 3198/3198 3199/3199 3196/3196
f 3200/3200 3197/3197 3187/3187
f 3187/3187 3186/3186 3200/3200
f 3201/3201 3204/3204 3206/3206
f 3206/3206 3207/3207 3201/3201
f 3208/3208 3205/3205 3209/3209
f 3209/3209 3211/3211 3208/3208
f 3212/3212 3210/3210 3214/3214
f 3214/3214 3215/3215 3212/3212
f 3216/3216 3213/3213 3203/3203
f 3203/3203 3202/3202 3216/3216
f 3217/3217 3220/3220 3221/3221
f 3221/3221 3224/3224 3217/3217
f 3223/3223 3222/3222 3226/3226
f 3226/3226 3227/3227 3223/3223
f 3228/3228 3225/3225 3229/3229
f 3229/3229 3232/3232 3228/3228
f 3231/3231 3230/3230 3219/3219
f 3219/3219 3218/3218 3231/3231
f 3234/3234 3235/3235 3238/3238
f 3238/3238 3240/3240 3234/3234
f 3236/3236 3241/3241 3243/3243
f 3243/3243 3237/3237 3236/3236
f 3242/3242 3246/3246 3248/3248
f 3248/3248 3244/3244 3242/3242
f 3245/3245 3233/3233 3239/3239
f 3239/3239 3247/3247 3245/3245
f 3250/3250 3252/3252 3254/3254
f 3254/3254 3256/3256 3250/3250
f 3251/3251 3257/3257 3260/3260
f 3260/3260 3253/3253 3251/3251
f 3258/3258 3262/3262 3264/3264
f 3264/3264 3259/3259 3258/3258
f 3261/3261 3249/3249 3255/3255
f 3255/3255 3263/3263 3261/3261
f 3265/3265 3268/3268 3269/3269
f 3269/3269 3272/3272 3265/3265
f 3267/3267 3274/3274 3276/3276
f 3276/3276 3270/3270 3267/3267
f 3273/3273 3278/3278 3280/3280
f 3280/3280 3275/3275 3273/3273
f 3277/3277 3266/3266 3271/3271
f 3271/3271 3279/3279 3277/3277
f 3281/3281 3284/3284 3285/3285
f 3285/3285 3287/3287 3281/3281
f 3288/3288 3286/3286 3289/3289
f 3289/3289 3292/3292 3288/3288
f 3291/3291 3290/3290 3294/3294
f 3294/3294 3295/3295 3291/3291
f 3296/3296 3293/3293 3283/3283
f 3283/3283 3282/3282 3296/3296
f 3298/3298 3300/3300 3301/3301
f 3301/3301 3304/3304 3298/3298
f 3303/3303 3302/3302 3306/3306
f 3306/3306 3308/3308 3303/3303
f 3307/3307 3305/3305 3310/3310
f 3310/3310 3312/3312 3307/3307
f 3311/3311 3309/3309 3299/3299
f 3299/3299 3297/3297 3311/3311
f 3314/3314 3316/3316 3317/3317
f 3317/3317 3320/3320 3314/3314
f 3319/3319 3318/3318 3322/3322
f 3322/3322 3323/3323 3319/3319
f 3324/3324 3321/3321 3326/3326
f 3326/3326 3327/3327 3324/3324
f 3328/3328 3325/3325 3315/3315
f 3315/3315 3313/3313 3328/3328
f 3330/3330 3331/3331 3334/3334
f 3334/3334 3336/3336 3330/3330
f 3332/3332 3338/3338 3339/3339
f 3339/3339 3333/3333 3332/3332
f 3337/3337 3342/3342 3343/3343
f 3343/3343 3340/3340 3337/3337
f 3341/3341 3329/3329 3335/3335
f 3335/3335 3344/3344 3341/3341
f 3345/3345 3348/3348 3350/3350
f 3350/3350 3352/3352 3345/3345
f 3347/3347 3353/3353 3356/3356
f 3356/3356 3349/3349 3347/3347
f 3354/3354 3357/3357 3359/3359
f 3359/3359 3355/3355 3354/3354
f 3358/3358 3346/3346 3351/3351
f 3351/3351 3360/3360 3358/3358
f 3362/3362 3364/3364 3365/3365
f 3365/3365 3367/3367 3362/3362
f 3363/3363 3370/3370 3371/3371
f 3371/3371 3366/3366 3363/3363
f 3369/3369 3373/3373 3376/3376
f 3376/3376 3372/3372 3369/3369
f 3374/3374 3361/3361 3368/3368
f 3368/3368 3375/3375 3374/3374
f 3377/3377 3379/3379 3382/3382
f 3382/3382 3383/3383 3377/3377
f 3384/3384 3381/3381 3385/3385
f 3385/3385 3388/3388 3384/3384
f 3387/3387 3386/3386 3389/3389
f 3389/3389 3392/3392 3387/3387
f 3391/3391 3390/3390 3380/3380
f 3380/3380 3378/3378 3391/3391
f 3393/3393 3396/3396 3398/3398
f 3398/3398 3400/3400 3393/3393
f 3399/3399 3397/3397 3401/3401
f 3401/3401 3403/3403 3399/3399
f 3404/3404 3402/3402 3405/3405
f 3405/3405 3408/3408 3404/3404
f 3407/3407 3406/3406 3395/3395
f 3395/3395 3394/3394 3407/3407
f 3410/3410 3412/3412 3413/3413
f 3413/3413 3416/3416 3410/3410
f 3415/3415 3414/3414 3417/3417
f 3417/3417 3420/3420 3415/3415
f 3419/3419 3418/3418 3421/3421
f 3421/3421 3423/3423 3419/3419
f 3424/3424 3422/3422 3411/3411
f 3411/3411 3409/3409 3424/3424
f 3426/3426 3427/3427 3430/3430
f 3430/3430 3431/3431 3426/3426
f 3428/3428 3433/3433 3436/3436
f 3436/3436 3429/3429 3428/3428
f 3434/3434 3438/3438 3439/3439
f 3439/3439 3435/3435 3434/3434
f 3437/3437 3425/3425 3432/3432
f 3432/3432 3440/3440 3437/3437
f 3442/3442 3444/3444 3446/3446
f 3446/3446 3448/3448 3442/3442
f 3443/3443 3450/3450 3452/3452
f 3452/3452 3445/3445 3443/3443
f 3449/3449 3454/3454 3455/3455
f 3455/3455 3451/3451 3449/3449
f 3453/3453 3441/3441 3447/3447
f 3447/3447 3456/3456 3453/3453
f 3457/3457 3459/3459 3462/3462
f 3462/3462 3464/3464 3457/3457
f 3460/3460 3465/3465 3468/3468
f 3468/3468 3461/3461 3460/3460
f 3466/3466 3469/3469 3472/3472
f 3472/3472 3467/3467 3466/3466
f 3470/3470 3458/3458 3463/3463
f 3463/3463 3471/3471 3470/3470
f 3475/3475 3477/3477 3479/3479
f 3479/3479 3482/3482 3475/3475
f 3476/3476 3473/3473 3483/3483
f 3483/3483 3487/3487 3476/3476
f 3488/3488 3485/3485 3489/3489
f 3489/3489 3492/3492 3488/3488
f 3480/3480 3478/3478 3494/3494
f 3494/3494 3497/3497 3480/3480
f 3486/3486 3491/3491 3499/3499
f 3499/3499 3501/3501 3486/3486
f 3487/3487 3500/3500 3493/3493
f 3493/3493 3476/3476 3487/3487
f 3496/3496 3495/3495 3504/3504
f 3504/3504 3507/3507 3496/3496
f 3502/3502 3498/3498 3509/3509
f 3509/3509 3510/3510 3502/3502
f 3500/3500 3512/3512 3505/3505
f 3505/3505 3493/3493 3500/3500
f 3484/3484 3511/3511 3508/3508
f 3508/3508 3490/3490 3484/3484
f 3481/3481 3506/3506 3503/3503
f 3503/3503 3474/3474 3481/3481
f 3483/3483 3473/3473 3505/3505
f 3505/3505 3512/3512 3483/3483
f 3514/3514 3517/3517 3521/3521
f 3521/3521 3523/3523 3514/3514
f 3516/3516 3525/3525 3526/3526
f 3526/3526 3519/3519 3516/3516
f 3529/3529 3532/3532 3536/3536
f 3536/3536 3539/3539 3529/3529
f 3541/3541 3543/3543 3518/3518
f 3518/3518 3513/3513 3541/3541
f 3546/3546 3550/3550 3552/3552
f 3552/3552 3553/3553 3546/3546
f 3522/3522 3556/3556 3542/3542
f 3542/3542 3515/3515 3522/3522
f 3557/3557 3562/3562 3544/3544
f 3544/3544 3540/3540 3557/3557
f 3547/3547 3545/3545 3559/3559
f 3559/3559 3548/3548 3547/3547
f 3554/3554 3551/3551 3565/3565
f 3565/3565 3530/3530 3554/3554
f 3534/3534 3531/3531 3564/3564
f 3564/3564 3568/3568 3534/3534
f 3537/3537 3571/3571 3572/3572
f 3572/3572 3527/3527 3537/3537
f 3563/3563 3574/3574 3569/3569
f 3569/3569 3566/3566 3563/3563
f 3528/3528 3575/3575 3555/3555
f 3555/3555 3533/3533 3528/3528
f 3565/3565 3551/3551 3576/3576
f 3576/3576 3573/3573 3565/3565
f 3573/3573 3576/3576 3575/3575
f 3575/3575 3528/3528 3573/3573
f 3520/3520 3561/3561 3558/3558
f 3558/3558 3524/3524 3520/3520
f 3547/3547 3525/3525 3516/3516
f 3516/3516 3545/3545 3547/3547
f 3526/3526 3549/3549 3560/3560
f 3560/3560 3519/3519 3526/3526
f 3567/3567 3570/3570 3538/3538
f 3538/3538 3535/3535 3567/3567
f 3578/3578 3581/3581 3582/3582
f 3582/3582 3584/3584 3578/3578
f 3586/3586 3587/3587 3592/3592
f 3592/3592 3579/3579 3586/3586
f 3588/3588 3593/3593 3595/3595
f 3595/3595 3590/3590 3588/3588
f 3583/3583 3597/3597 3600/3600
f 3600/3600 3585/3585 3583/3583
f 3589/3589 3604/3604 3606/3606
f 3606/3606 3594/3594 3589/3589
f 3587/3587 3586/3586 3601/3601
f 3601/3601 3602/3602 3587/3587
f 3598/3598 3608/3608 3609/3609
f 3609/3609 3599/3599 3598/3598
f 3603/3603 3614/3614 3616/3616
f 3616/3616 3605/3605 3603/3603
f 3602/3602 3601/3601 3610/3610
f 3610/3610 3613/3613 3602/3602
f 3591/3591 3596/3596 3615/3615
f 3615/3615 3612/3612 3591/3591
f 3580/3580 3577/3577 3611/3611
f 3611/3611 3607/3607 3580/3580
f 3592/3592 3613/3613 3610/3610
f 3610/3610 3579/3579 3592/3592
f 3619/3619 3621/3621 3624/3624
f 3624/3624 3628/3628 3619/3619
f 3626/3626 3623/3623 3629/3629
f 3629/3629 3630/3630 3626/3626
f 3632/3632 3636/3636 3638/3638
f 3638/3638 3642/3642 3632/3632
f 3645/3645 3617/3617 3627/3627
f 3627/3627 3646/3646 3645/3645
f 3650/3650 3654/3654 3655/3655
f 3655/3655 3658/3658 3650/3650
f 3622/3622 3618/3618 3643/3643
f 3643/3643 3662/3662 3622/3622
f 3660/3660 3644/3644 3649/3649
f 3649/3649 3663/3663 3660/3660
f 3652/3652 3659/3659 3664/3664
f 3664/3664 3647/3647 3652/3652
f 3653/3653 3641/3641 3666/3666
f 3666/3666 3656/3656 3653/3653
f 3639/3639 3670/3670 3669/3669
f 3669/3669 3640/3640 3639/3639
f 3634/3634 3631/3631 3675/3675
f 3675/3675 3677/3677 3634/3634
f 3668/3668 3672/3672 3678/3678
f 3678/3678 3674/3674 3668/3668
f 3633/3633 3641/3641 3653/3653
f 3653/3653 3679/3679 3633/3633
f 3667/3667 3673/3673 3680/3680
f 3680/3680 3657/3657 3667/3667
f 3673/3673 3633/3633 3679/3679
f 3679/3679 3680/3680 3673/3673
f 3625/3625 3620/3620 3661/3661
f 3661/3661 3665/3665 3625/3625
f 3651/3651 3648/3648 3626/3626
f 3626/3626 3630/3630 3651/3651
f 3629/3629 3623/3623 3664/3664
f 3664/3664 3659/3659 3629/3629
f 3671/3671 3637/3637 3635/3635
f 3635/3635 3676/3676 3671/3671
f 3683/3683 3686/3686 3689/3689
f 3689/3689 3690/3690 3683/3683
f 3693/3693 3691/3691 3694/3694
f 3694/3694 3697/3697 3693/3693
f 3688/3688 3698/3698 3695/3695
f 3695/3695 3692/3692 3688/3688
f 3685/3685 3682/3682 3701/3701
f 3701/3701 3705/3705 3685/3685
f 3696/3696 3699/3699 3704/3704
f 3704/3704 3702/3702 3696/3696
f 3681/3681 3691/3691 3693/3693
f 3693/3693 3707/3707 3681/3681
f 3694/3694 3703/3703 3708/3708
f 3708/3708 3697/3697 3694/3694
f 3703/3703 3681/3681 3707/3707
f 3707/3707 3708/3708 3703/3703
f 3700/3700 3687/3687 3684/3684
f 3684/3684 3706/3706 3700/3700
f 3711/3711 3714/3714 3717/3717
f 3717/3717 3718/3718 3711/3711
f 3721/3721 3722/3722 3723/3723
f 3723/3723 3712/3712 3721/3721
f 3715/3715 3713/3713 3725/3725
f 3725/3725 3728/3728 3715/3715
f 3720/3720 3729/3729 3732/3732
f 3732/3732 3709/3709 3720/3720
f 3724/3724 3733/3733 3731/3731
f 3731/3731 3726/3726 3724/3724
f 3710/3710 3735/3735 3721/3721
f 3721/3721 3712/3712 3710/3710
f 3723/3723 3722/3722 3736/3736
f 3736/3736 3734/3734 3723/3723
f 3734/3734 3736/3736 3735/3735
f 3735/3735 3710/3710 3734/3734
f 3727/3727 3730/3730 3719/3719
f 3719/3719 3716/3716 3727/3727
f 3738/3738 3741/3741 3743/3743
f 3743/3743 3744/3744 3738/3738
f 3745/3745 3749/3749 3752/3752
f 3752/3752 3737/3737 3745/3745
f 3747/3747 3753/3753 3755/3755
f 3755/3755 3750/3750 3747/3747
f 3742/3742 3758/3758 3759/3759
f 3759/3759 3746/3746 3742/3742
f 3748/3748 3764/3764 3766/3766
f 3766/3766 3754/3754 3748/3748
f 3749/3749 3745/3745 3760/3760
f 3760/3760 3763/3763 3749/3749
f 3757/3757 3768/3768 3770/3770
f 3770/3770 3761/3761 3757/3757
f 3762/3762 3772/3772 3776/3776
f 3776/3776 3765/3765 3762/3762
f 3763/3763 3760/3760 3771/3771
f 3771/3771 3773/3773 3763/3763
f 3751/3751 3756/3756 3775/3775
f 3775/3775 3774/3774 3751/3751
f 3740/3740 3739/3739 3769/3769
f 3769/3769 3767/3767 3740/3740
f 3752/3752 3773/3773 3771/3771
f 3771/3771 3737/3737 3752/3752
f 3779/3779 3781/3781 3783/3783
f 3783/3783 3786/3786 3779/3779
f 3782/3782 3778/3778 3788/3788
f 3788/3788 3790/3790 3782/3782
f 3791/3791 3787/3787 3794/3794
f 3794/3794 3795/3795 3791/3791
f 3784/3784 3780/3780 3798/3798
f 3798/3798 3800/3800 3784/3784
f 3792/3792 3796/3796 3803/3803
f 3803/3803 3804/3804 3792/3792
f 3790/3790 3806/3806 3797/3797
f 3797/3797 3782/3782 3790/3790
f 3801/3801 3799/3799 3807/3807
f 3807/3807 3810/3810 3801/3801
f 3805/3805 3802/3802 3813/3813
f 3813/3813 3816/3816 3805/3805
f 3806/3806 3814/3814 3808/3808
f 3808/3808 3797/3797 3806/3806
f 3789/3789 3815/3815 3812/3812
f 3812/3812 3793/3793 3789/3789
f 3785/3785 3811/3811 3809/3809
f 3809/3809 3777/3777 3785/3785
f 3788/3788 3778/3778 3808/3808
f 3808/3808 3814/3814 3788/3788
f 3817/3817 3818/3818 3819/3819
f 3819/3819 3820/3820 3817/3817
f 3821/3821 3822/3822 3818/3818
f 3818/3818 3817/3817 3821/3821
f 3823/3823 3824/3824 3822/3822
f 3822/3822 3821/3821 3823/3823
f 3825/3825 3826/3826 3824/3824
f 3824/3824 3823/3823 3825/3825
f 3827/3827 3828/3828 3826/3826
f 3826/3826 3825/3825 3827/3827
f 3829/3829 3830/3830 3828/3828
f 3828/3828 3827/3827 3829/3829
f 3831/3831 3832/3832 3830/3830
f 3830/3830 3829/3829 3831/3831
f 3833/3833 3834/3834 3835/3835
f 3835/3835 3836/3836 3833/3833
f 3837/3837 3838/3838 3834/3834
f 3834/3834 3833/3833 3837/3837
f 3839/3839 3840/3840 3838/3838
f 3838/3838 3837/3837 3839/3839
f 3841/3841 3842/3842 3840/3840
f 3840/3840 3839/3839 3841/3841
f 3843/3843 3844/3844 3842/3842
f 3842/3842 3841/3841 3843/3843
f 3845/3845 3846/3846 3844/3844
f 3844/3844 3843/3843 3845/3845
f 3820/3820 3819/3819 3846/3846
f 3846/3846 3845/3845 3820/3820
f 3849/3849 3852/3852 3836/3836
f 3836/3836 3835/3835 3849/3849
f 3832/3832 3831/3831 3854/3854
f 3854/3854 3858/3858 3832/3832
f 3856/3856 3860/3860 3861/3861
f 3861/3861 3848/3848 3856/3856
f 3853/3853 3864/3864 3859/3859
f 3859/3859 3857/3857 3853/3853
f 3850/3850 3866/3866 3863/3863
f 3863/3863 3855/3855 3850/3850
f 3847/3847 3862/3862 3865/3865
f 3865/3865 3851/3851 3847/3847
f 3869/3869 3871/3871 3873/3873
f 3873/3873 3876/3876 3869/3869
f 3878/3878 3879/3879 3882/3882
f 3882/3882 3886/3886 3878/3878
f 3884/3884 3883/3883 3870/3870
f 3870/3870 3867/3867 3884/3884
f 3875/3875 3877/3877 3885/3885
f 3885/3885 3868/3868 3875/3875
f 3880/3880 3874/3874 3872/3872
f 3872/3872 3881/3881 3880/3880
f 3887/3887 3888/3888 3889/3889
f 3889/3889 3890/3890 3887/3887
f 3891/3891 3892/3892 3888/3888
f 3888/3888 3887/3887 3891/3891
f 3893/3893 3894/3894 3892/3892
f 3892/3892 3891/3891 3893/3893
f 3895/3895 3896/3896 3894/3894
f 3894/3894 3893/3893 3895/3895
f 3897/3897 3898/3898 3896/3896
f 3896/3896 3895/3895 3897/3897
f 3899/3899 3900/3900 3898/3898
f 3898/3898 3897/3897 3899/3899
f 3901/3901 3902/3902 3900/3900
f 3900/3900 3899/3899 3901/3901
f 3903/3903 3904/3904 3905/3905
f 3905/3905 3906/3906 3903/3903
f 3907/3907 3908/3908 3904/3904
f 3904/3904 3903/3903 3907/3907
f 3909/3909 3910/3910 3908/3908
f 3908/3908 3907/3907 3909/3909
f 3911/3911 3912/3912 3910/3910
f 3910/3910 3909/3909 3911/3911
f 3913/3913 3914/3914 3912/3912
f 3912/3912 3911/3911 3913/3913
f 3915/3915 3916/3916 3914/3914
f 3914/3914 3913/3913 3915/3915
f 3890/3890 3889/3889 3916/3916
f 3916/3916 3915/3915 3890/3890
f 3918/3918 3920/3920 3906/3906
f 3906/3906 3905/3905 3918/3918
f 3902/3902 3901/3901 3923/3923
f 3923/3923 3928/3928 3902/3902
f 3926/3926 3930/3930 3931/3931
f 3931/3931 3919/3919 3926/3926
f 3924/3924 3934/3934 3929/3929
f 3929/3929 3927/3927 3924/3924
f 3922/3922 3936/3936 3933/3933
f 3933/3933 3925/3925 3922/3922
f 3917/3917 3932/3932 3935/3935
f 3935/3935 3921/3921 3917/3917
f 3938/3938 3942/3942 3944/3944
f 3944/3944 3945/3945 3938/3938
f 3947/3947 3949/3949 3951/3951
f 3951/3951 3955/3955 3947/3947
f 3954/3954 3952/3952 3941/3941
f 3941/3941 3937/3937 3954/3954
f 3946/3946 3948/3948 3956/3956
f 3956/3956 3939/3939 3946/3946
f 3950/3950 3943/3943 3940/3940
f 3940/3940 3953/3953 3950/3950
f 3957/3957 3958/3958 3959/3959
f 3959/3959 3960/3960 3957/3957
f 3961/3961 3962/3962 3958/3958
f 3958/3958 3957/3957 3961/3961
f 3963/3963 3964/3964 3962/3962
f 3962/3962 3961/3961 3963/3963
f 3965/3965 3966/3966 3964/3964
f 3964/3964 3963/3963 3965/3965
f 3967/3967 3968/3968 3966/3966
f 3966/3966 3965/3965 3967/3967
f 3969/3969 3970/3970 3968/3968
f 3968/3968 3967/3967 3969/3969
f 3971/3971 3972/3972 3970/3970
f 3970/3970 3969/3969 3971/3971
f 3973/3973 3974/3974 3975/3975
f 3975/3975 3976/3976 3973/3973
f 3977/3977 3978/3978 3974/3974
f 3974/3974 3973/3973 3977/3977
f 3979/3979 3980/3980 3978/3978
f 3978/3978 3977/3977 3979/3979
f 3981/3981 3982/3982 3980/3980
f 3980/3980 3979/3979 3981/3981
f 3983/3983 3984/3984 3982/3982
f 3982/3982 3981/3981 3983/3983
f 3985/3985 3986/3986 3984/3984
f 3984/3984 3983/3983 3985/3985
f 3960/3960 3959/3959 3986/3986
f 3986/3986 3985/3985 3960/3960
f 3987/3987 3992/3992 3976/3976
f 3976/3976 3975/3975 3987/3987
f 3972/3972 3971/3971 3993/3993
f 3993/3993 3998/3998 3972/3972
f 3997/3997 3999/3999 4002/4002
f 4002/4002 3989/3989 3997/3997
f 3995/3995 4003/4003 4000/4000
f 4000/4000 3996/3996 3995/3995
f 3990/3990 4005/4005 4004/4004
f 4004/4004 3994/3994 3990/3990
f 3988/3988 4001/4001 4006/4006
f 4006/4006 3991/3991 3988/3988
f 4008/4008 4010/4010 4013/4013
f 4013/4013 4015/4015 4008/4008
f 4017/4017 4020/4020 4023/4023
f 4023/4023 4026/4026 4017/4017
f 4025/4025 4022/4022 4011/4011
f 4011/4011 4007/4007 4025/4025
f 4016/4016 4018/4018 4024/4024
f 4024/4024 4009/4009 4016/4016
f 4019/4019 4014/4014 4012/4012
f 4012/4012 4021/4021 4019/4019
f 4027/4027 4028/4028 4029/4029
f 4029/4029 4030/4030 4027/4027
f 4031/4031 4032/4032 4028/4028
f 4028/4028 4027/4027 4031/4031
f 4033/4033 4034/4034 4032/4032
f 4032/4032 4031/4031 4033/4033
f 4035/4035 4036/4036 4034/4034
f 4034/4034 4033/4033 4035/4035
f 4037/4037 4038/4038 4036/4036
f 4036/4036 4035/4035 4037/4037
f 4039/4039 4040/4040 4038/4038
f 4038/4038 4037/4037 4039/4039
f 4041/4041 4042/4042 4040/4040
f 4040/4040 4039/4039 4041/4041
f 4043/4043 4044/4044 4045/4045
f 4045/4045 4046/4046 4043/4043
f 4047/4047 4048/4048 4044/4044
f 4044/4044 4043/4043 4047/4047
f 4049/4049 4050/4050 4048/4048
f 4048/4048 4047/4047 4049/4049
f 4051/4051 4052/4052 4050/4050
f 4050/4050 4049/4049 4051/4051
f 4053/4053 4054/4054 4052/4052
f 4052/4052 4051/4051 4053/4053
f 4055/4055 4056/4056 4054/4054
f 4054/4054 4053/4053 4055/4055
f 4030/4030 4029/4029 4056/4056
f 4056/4056 4055/4055 4030/4030
f 4059/4059 4061/4061 4046/4046
f 4046/4046 4045/4045 4059/4059
f 4042/4042 4041/4041 4064/4064
f 4064/4064 4068/4068 4042/4042
f 4066/4066 4070/4070 4072/4072
f 4072/4072 4058/4058 4066/4066
f 4063/4063 4073/4073 4069/4069
f 4069/4069 4067/4067 4063/4063
f 4060/4060 4075/4075 4074/4074
f 4074/4074 4065/4065 4060/4060
f 4057/4057 4071/4071 4076/4076
f 4076/4076 4062/4062 4057/4057
f 4077/4077 4081/4081 4084/4084
f 4084/4084 4085/4085 4077/4077
f 4088/4088 4089/4089 4093/4093
f 4093/4093 4095/4095 4088/4088
f 4094/4094 4091/4091 4082/4082
f 4082/4082 4079/4079 4094/4094
f 4086/4086 4087/4087 4096/4096
f 4096/4096 4078/4078 4086/4086
f 4090/4090 4083/4083 4080/4080
f 4080/4080 4092/4092 4090/4090
f 4097/4097 4098/4098 4099/4099
f 4099/4099 4100/4100 4097/4097
f 4101/4101 4102/4102 4098/4098
f 4098/4098 4097/4097 4101/4101
f 4103/4103 4104/4104 4102/4102
f 4102/4102 4101/4101 4103/4103
f 4105/4105 4106/4106 4104/4104
f 4104/4104 4103/4103 4105/4105
f 4107/4107 4108/4108 4106/4106
f 4106/4106 4105/4105 4107/4107
f 4109/4109 4110/4110 4108/4108
f 4108/4108 4107/4107 4109/4109
f 4111/4111 4112/4112 4110/4110
f 4110/4110 4109/4109 4111/4111
f 4113/4113 4114/4114 4115/4115
f 4115/4115 4116/4116 4113/4113
f 4117/4117 4118/4118 4114/4114
f 4114/4114 4113/4113 4117/4117
f 4119/4119 4120/4120 4118/4118
f 4118/4118 4117/4117 4119/4119
f 4121/4121 4122/4122 4120/4120
f 4120/4120 4119/4119 4121/4121
f 4123/4123 4124/4124 4122/4122
f 4122/4122 4121/4121 4123/4123
f 4125/4125 4126/4126 4124/4124
f 4124/4124 4123/4123 4125/4125
f 4100/4100 4099/4099 4126/4126
f 4126/4126 4125/4125 4100/4100
f 4129/4129 4130/4130 4116/4116
f 4116/4116 4115/4115 4129/4129
f 4112/4112 4111/4111 4135/4135
f 4135/4135 4136/4136 4112/4112
f 4138/4138 4140/4140 4141/4141
f 4141/4141 4128/4128 4138/4138
f 4133/4133 4144/4144 4139/4139
f 4139/4139 4137/4137 4133/4133
f 4131/4131 4146/4146 4143/4143
f 4143/4143 4134/4134 4131/4131
f 4127/4127 4142/4142 4145/4145
f 4145/4145 4132/4132 4127/4127
f 4147/4147 4152/4152 4154/4154
f 4154/4154 4155/4155 4147/4147
f 4157/4157 4159/4159 4161/4161
f 4161/4161 4165/4165 4157/4157
f 4164/4164 4163/4163 4150/4150
f 4150/4150 4149/4149 4164/4164
f 4156/4156 4158/4158 4166/4166
f 4166/4166 4148/4148 4156/4156
f 4160/4160 4153/4153 4151/4151
f 4151/4151 4162/4162 4160/4160
f 4167/4167 4168/4168 4169/4169
f 4169/4169 4170/4170 4167/4167
f 4171/4171 4172/4172 4168/4168
f 4168/4168 4167/4167 4171/4171
f 4173/4173 4174/4174 4172/4172
f 4172/4172 4171/4171 4173/4173
f 4175/4175 4176/4176 4174/4174
f 4174/4174 4173/4173 4175/4175
f 4177/4177 4178/4178 4176/4176
f 4176/4176 4175/4175 4177/4177
f 4179/4179 4180/4180 4178/4178
f 4178/4178 4177/4177 4179/4179
f 4181/4181 4182/4182 4180/4180
f 4180/4180 4179/4179 4181/4181
f 4183/4183 4184/4184 4185/4185
f 4185/4185 4186/4186 4183/4183
f 4187/4187 4188/4188 4184/4184
f 4184/4184 4183/4183 4187/4187
f 4189/4189 4190/4190 4188/4188
f 4188/4188 4187/4187 4189/4189
f 4191/4191 4192/4192 4190/4190
f 4190/4190 4189/4189 4191/4191
f 4193/4193 4194/4194 4192/4192
f 4192/4192 4191/4191 4193/4193
f 4195/4195 4196/4196 4194/4194
f 4194/4194 4193/4193 4195/4195
f 4170/4170 4169/4169 4196/4196
f 4196/4196 4195/4195 4170/4170
f 4197/4197 4200/4200 4186/4186
f 4186/4186 4185/4185 4197/4197
f 4182/4182 4181/4181 4204/4204
f 4204/4204 4207/4207 4182/4182
f 4208/4208 4210/4210 4212/4212
f 4212/4212 4199/4199 4208/4208
f 4205/4205 4214/4214 4209/4209
f 4209/4209 4206/4206 4205/4205
f 4201/4201 4215/4215 4213/4213
f 4213/4213 4203/4203 4201/4201
f 4198/4198 4211/4211 4216/4216
f 4216/4216 4202/4202 4198/4198
f 4219/4219 4220/4220 4223/4223
f 4223/4223 4225/4225 4219/4219
f 4227/4227 4230/4230 4232/4232
f 4232/4232 4235/4235 4227/4227
f 4236/4236 4233/4233 4222/4222
f 4222/4222 4217/4217 4236/4236
f 4226/4226 4228/4228 4234/4234
f 4234/4234 4218/4218 4226/4226
f 4229/4229 4224/4224 4221/4221
f 4221/4221 4231/4231 4229/4229
f 4237/4237 4238/4238 4239/4239
f 4239/4239 4240/4240 4237/4237
f 4241/4241 4237/4237 4240/4240
f 4240/4240 4242/4242 4241/4241
f 4244/4244 4241/4241 4242/4242
f 4242/4242 4246/4246 4244/4244
f 4247/4247 4243/4243 4245/4245
f 4245/4245 4248/4248 4247/4247
f 4249/4249 4247/4247 4248/4248
f 4248/4248 4250/4250 4249/4249
f 4251/4251 4249/4249 4250/4250
f 4250/4250 4252/4252 4251/4251
f 4253/4253 4251/4251 4252/4252
f 4252/4252 4254/4254 4253/4253
f 4238/4238 4253/4253 4254/4254
f 4254/4254 4239/4239 4238/4238
f 4238/4238 4255/4255 4256/4256
f 4256/4256 4253/4253 4238/4238
f 4237/4237 4257/4257 4255/4255
f 4255/4255 4238/4238 4237/4237
f 4241/4241 4258/4258 4257/4257
f 4257/4257 4237/4237 4241/4241
f 4244/4244 4259/4259 4258/4258
f 4258/4258 4241/4241 4244/4244
f 4247/4247 4261/4261 4260/4260
f 4260/4260 4243/4243 4247/4247
f 4249/4249 4262/4262 4261/4261
f 4261/4261 4247/4247 4249/4249
f 4251/4251 4263/4263 4262/4262
f 4262/4262 4249/4249 4251/4251
f 4253/4253 4256/4256 4263/4263
f 4263/4263 4251/4251 4253/4253
f 4264/4264 4265/4265 4263/4263
f 4263/4263 4256/4256 4264/4264
f 4266/4266 4267/4267 4257/4257
f 4257/4257 4258/4258 4266/4266
f 4267/4267 4268/4268 4255/4255
f 4255/4255 4257/4257 4267/4267
f 4269/4269 4271/4271 4260/4260
f 4260/4260 4261/4261 4269/4269
f 4270/4270 4266/4266 4258/4258
f 4258/4258 4259/4259 4270/4270
f 4265/4265 4272/4272 4262/4262
f 4262/4262 4263/4263 4265/4265
f 4272/4272 4269/4269 4261/4261
f 4261/4261 4262/4262 4272/4272
f 4268/4268 4264/4264 4256/4256
f 4256/4256 4255/4255 4268/4268
f 4268/4268 4273/4273 4274/4274
f 4274/4274 4264/4264 4268/4268
f 4267/4267 4275/4275 4273/4273
f 4273/4273 4268/4268 4267/4267
f 4266/4266 4276/4276 4275/4275
f 4275/4275 4267/4267 4266/4266
f 4270/4270 4278/4278 4276/4276
f 4276/4276 4266/4266 4270/4270
f 4269/4269 4279/4279 4277/4277
f 4277/4277 4271/4271 4269/4269
f 4272/4272 4280/4280 4279/4279
f 4279/4279 4269/4269 4272/4272
f 4265/4265 4281/4281 4280/4280
f 4280/4280 4272/4272 4265/4265
f 4264/4264 4274/4274 4281/4281
f 4281/4281 4265/4265 4264/4264
f 4282/4282 4283/4283 4281/4281
f 4281/4281 4274/4274 4282/4282
f 4284/4284 4285/4285 4273/4273
f 4273/4273 4275/4275 4284/4284
f 4286/4286 4288/4288 4277/4277
f 4277/4277 4279/4279 4286/4286
f 4285/4285 4282/4282 4274/4274
f 4274/4274 4273/4273 4285/4285
f 4283/4283 4289/4289 4280/4280
f 4280/4280 4281/4281 4283/4283
f 4290/4290 4284/4284 4275/4275
f 4275/4275 4276/4276 4290/4290
f 4287/4287 4290/4290 4276/4276
f 4276/4276 4278/4278 4287/4287
f 4289/4289 4286/4286 4279/4279
f 4279/4279 4280/4280 4289/4289
f 4287/4287 4292/4292 4293/4293
f 4293/4293 4290/4290 4287/4287
f 4283/4283 4294/4294 4295/4295
f 4295/4295 4289/4289 4283/4283
f 4285/4285 4296/4296 4297/4297
f 4297/4297 4282/4282 4285/4285
f 4286/4286 4298/4298 4291/4291
f 4291/4291 4288/4288 4286/4286
f 4284/4284 4299/4299 4296/4296
f 4296/4296 4285/4285 4284/4284
f 4290/4290 4293/4293 4299/4299
f 4299/4299 4284/4284 4290/4290
f 4282/4282 4297/4297 4294/4294
f 4294/4294 4283/4283 4282/4282
f 4296/4296 4300/4300 4301/4301
f 4301/4301 4297/4297 4296/4296
f 4299/4299 4302/4302 4300/4300
f 4300/4300 4296/4296 4299/4299
f 4293/4293 4303/4303 4302/4302
f 4302/4302 4299/4299 4293/4293
f 4292/4292 4305/4305 4303/4303
f 4303/4303 4293/4293 4292/4292
f 4298/4298 4306/4306 4304/4304
f 4304/4304 4291/4291 4298/4298
f 4295/4295 4307/4307 4306/4306
f 4306/4306 4298/4298 4295/4295
f 4294/4294 4308/4308 4307/4307
f 4307/4307 4295/4295 4294/4294
f 4297/4297 4301/4301 4308/4308
f 4308/4308 4294/4294 4297/4297
f 4289/4289 4295/4295 4298/4298
f 4298/4298 4286/4286 4289/4289
f 4309/4309 4312/4312 4307/4307
f 4307/4307 4308/4308 4309/4309
f 4314/4314 4315/4315 4302/4302
f 4302/4302 4303/4303 4314/4314
f 4318/4318 4314/4314 4303/4303
f 4303/4303 4305/4305 4318/4318
f 4321/4321 4317/4317 4304/4304
f 4304/4304 4306/4306 4321/4321
f 4312/4312 4321/4321 4306/4306
f 4306/4306 4307/4307 4312/4312
f 4322/4322 4309/4309 4308/4308
f 4308/4308 4301/4301 4322/4322
f 4325/4325 4322/4322 4301/4301
f 4301/4301 4300/4300 4325/4325
f 4315/4315 4325/4325 4300/4300
f 4300/4300 4302/4302 4315/4315
f 4323/4323 4324/4324 4310/4310
f 4311/4311 4310/4310 4324/4324
f 4324/4324 4316/4316 4311/4311
f 4316/4316 4313/4313 4320/4320
f 4320/4320 4311/4311 4316/4316
f 4319/4319 4320/4320 4313/4313
f 4326/4326 4327/4327 4328/4328
f 4328/4328 4329/4329 4326/4326
f 4330/4330 4331/4331 4327/4327
f 4327/4327 4326/4326 4330/4330
f 4332/4332 4334/4334 4331/4331
f 4331/4331 4330/4330 4332/4332
f 4336/4336 4337/4337 4335/4335
f 4335/4335 4333/4333 4336/4336
f 4338/4338 4339/4339 4337/4337
f 4337/4337 4336/4336 4338/4338
f 4340/4340 4341/4341 4339/4339
f 4339/4339 4338/4338 4340/4340
f 4342/4342 4343/4343 4341/4341
f 4341/4341 4340/4340 4342/4342
f 4329/4329 4328/4328 4343/4343
f 4343/4343 4342/4342 4329/4329
f 4329/4329 4342/4342 4344/4344
f 4344/4344 4345/4345 4329/4329
f 4326/4326 4329/4329 4345/4345
f 4345/4345 4346/4346 4326/4326
f 4330/4330 4326/4326 4346/4346
f 4346/4346 4347/4347 4330/4330
f 4332/4332 4330/4330 4347/4347
f 4347/4347 4348/4348 4332/4332
f 4336/4336 4333/4333 4349/4349
f 4349/4349 4350/4350 4336/4336
f 4338/4338 4336/4336 4350/4350
f 4350/4350 4351/4351 4338/4338
f 4340/4340 4338/4338 4351/4351
f 4351/4351 4352/4352 4340/4340
f 4342/4342 4340/4340 4352/4352
f 4352/4352 4344/4344 4342/4342
f 4353/4353 4344/4344 4352/4352
f 4352/4352 4354/4354 4353/4353
f 4355/4355 4347/4347 4346/4346
f 4346/4346 4356/4356 4355/4355
f 4356/4356 4346/4346 4345/4345
f 4345/4345 4357/4357 4356/4356
f 4358/4358 4350/4350 4349/4349
f 4349/4349 4359/4359 4358/4358
f 4360/4360 4348/4348 4347/4347
f 4347/4347 4355/4355 4360/4360
f 4354/4354 4352/4352 4351/4351
f 4351/4351 4361/4361 4354/4354
f 4361/4361 4351/4351 4350/4350
f 4350/4350 4358/4358 4361/4361
f 4357/4357 4345/4345 4344/4344
f 4344/4344 4353/4353 4357/4357
f 4357/4357 4353/4353 4362/4362
f 4362/4362 4363/4363 4357/4357
f 4356/4356 4357/4357 4363/4363
f 4363/4363 4364/4364 4356/4356
f 4355/4355 4356/4356 4364/4364
f 4364/4364 4365/4365 4355/4355
f 4360/4360 4355/4355 4365/4365
f 4365/4365 4367/4367 4360/4360
f 4358/4358 4359/4359 4366/4366
f 4366/4366 4368/4368 4358/4358
f 4361/4361 4358/4358 4368/4368
f 4368/4368 4369/4369 4361/4361
f 4354/4354 4361/4361 4369/4369
f 4369/4369 4370/4370 4354/4354
f 4353/4353 4354/4354 4370/4370
f 4370/4370 4362/4362 4353/4353
f 4371/4371 4362/4362 4370/4370
f 4370/4370 4372/4372 4371/4371
f 4373/4373 4364/4364 4363/4363
f 4363/4363 4374/4374 4373/4373
f 4375/4375 4368/4368 4366/4366
f 4366/4366 4376/4376 4375/4375
f 4374/4374 4363/4363 4362/4362
f 4362/4362 4371/4371 4374/4374
f 4372/4372 4370/4370 4369/4369
f 4369/4369 4378/4378 4372/4372
f 4379/4379 4365/4365 4364/4364
f 4364/4364 4373/4373 4379/4379
f 4377/4377 4367/4367 4365/4365
f 4365/4365 4379/4379 4377/4377
f 4378/4378 4369/4369 4368/4368
f 4368/4368 4375/4375 4378/4378
f 4377/4377 4379/4379 4380/4380
f 4380/4380 4381/4381 4377/4377
f 4372/4372 4378/4378 4383/4383
f 4383/4383 4384/4384 4372/4372
f 4374/4374 4371/4371 4385/4385
f 4385/4385 4386/4386 4374/4374
f 4375/4375 4376/4376 4382/4382
f 4382/4382 4387/4387 4375/4375
f 4373/4373 4374/4374 4386/4386
f 4386/4386 4388/4388 4373/4373
f 4379/4379 4373/4373 4388/4388
f 4388/4388 4380/4380 4379/4379
f 4371/4371 4372/4372 4384/4384
f 4384/4384 4385/4385 4371/4371
f 4386/4386 4385/4385 4389/4389
f 4389/4389 4390/4390 4386/4386
f 4388/4388 4386/4386 4390/4390
f 4390/4390 4391/4391 4388/4388
f 4380/4380 4388/4388 4391/4391
f 4391/4391 4392/4392 4380/4380
f 4381/4381 4380/4380 4392/4392
f 4392/4392 4393/4393 4381/4381
f 4387/4387 4382/4382 4394/4394
f 4394/4394 4395/4395 4387/4387
f 4383/4383 4387/4387 4395/4395
f 4395/4395 4396/4396 4383/4383
f 4384/4384 4383/4383 4396/4396
f 4396/4396 4397/4397 4384/4384
f 4385/4385 4384/4384 4397/4397
f 4397/4397 4389/4389 4385/4385
f 4378/4378 4375/4375 4387/4387
f 4387/4387 4383/4383 4378/4378
f 4399/4399 4397/4397 4396/4396
f 4396/4396 4401/4401 4399/4399
f 4402/4402 4392/4392 4391/4391
f 4391/4391 4405/4405 4402/4402
f 4406/4406 4393/4393 4392/4392
f 4392/4392 4402/4402 4406/4406
f 4410/4410 4395/4395 4394/4394
f 4394/4394 4407/4407 4410/4410
f 4401/4401 4396/4396 4395/4395
f 4395/4395 4410/4410 4401/4401
f 4412/4412 4389/4389 4397/4397
f 4397/4397 4399/4399 4412/4412
f 4414/4414 4390/4390 4389/4389
f 4389/4389 4412/4412 4414/4414
f 4405/4405 4391/4391 4390/4390
f 4390/4390 4414/4414 4405/4405
f 4411/4411 4398/4398 4413/4413
f 4400/4400 4404/4404 4413/4413
f 4413/4413 4398/4398 4400/4400
f 4404/4404 4400/4400 4409/4409
f 4409/4409 4403/4403 4404/4404
f 4408/4408 4403/4403 4409/4409
f 4415/4415 4416/4416 4417/4417
f 4417/4417 4418/4418 4415/4415
f 4419/4419 4415/4415 4418/4418
f 4418/4418 4420/4420 4419/4419
f 4421/4421 4419/4419 4420/4420
f 4420/4420 4422/4422 4421/4421
f 4423/4423 4421/4421 4422/4422
f 4422/4422 4424/4424 4423/4423
f 4425/4425 4423/4423 4424/4424
f 4424/4424 4426/4426 4425/4425
f 4427/4427 4425/4425 4426/4426
f 4426/4426 4428/4428 4427/4427
f 4429/4429 4427/4427 4428/4428
f 4428/4428 4430/4430 4429/4429
f 4431/4431 4432/4432 4433/4433
f 4433/4433 4434/4434 4431/4431
f 4435/4435 4431/4431 4434/4434
f 4434/4434 4436/4436 4435/4435
f 4437/4437 4435/4435 4436/4436
f 4436/4436 4438/4438 4437/4437
f 4439/4439 4437/4437 4438/4438
f 4438/4438 4440/4440 4439/4439
f 4441/4441 4439/4439 4440/4440
f 4440/4440 4442/4442 4441/4441
f 4443/4443 4441/4441 4442/4442
f 4442/4442 4444/4444 4443/4443
f 4416/4416 4443/4443 4444/4444
f 4444/4444 4417/4417 4416/4416
f 4445/4445 4433/4433 4432/4432
f 4432/4432 4448/4448 4445/4445
f 4430/4430 4453/4453 4456/4456
f 4456/4456 4429/4429 4430/4430
f 4452/4452 4447/4447 4458/4458
f 4458/4458 4459/4459 4452/4452
f 4454/4454 4451/4451 4460/4460
f 4460/4460 4462/4462 4454/4454
f 4450/4450 4455/4455 4461/4461
f 4461/4461 4463/4463 4450/4450
f 4446/4446 4449/4449 4464/4464
f 4464/4464 4457/4457 4446/4446
f 4465/4465 4469/4469 4470/4470
f 4470/4470 4474/4474 4465/4465
f 4475/4475 4478/4478 4480/4480
f 4480/4480 4484/4484 4475/4475
f 4479/4479 4467/4467 4472/4472
f 4472/4472 4482/4482 4479/4479
f 4468/4468 4466/4466 4477/4477
f 4477/4477 4476/4476 4468/4468
f 4483/4483 4481/4481 4473/4473
f 4473/4473 4471/4471 4483/4483
f 4485/4485 4486/4486 4487/4487
f 4487/4487 4488/4488 4485/4485
f 4489/4489 4485/4485 4488/4488
f 4488/4488 4490/4490 4489/4489
f 4491/4491 4489/4489 4490/4490
f 4490/4490 4492/4492 4491/4491
f 4493/4493 4491/4491 4492/4492
f 4492/4492 4494/4494 4493/4493
f 4495/4495 4493/4493 4494/4494
f 4494/4494 4496/4496 4495/4495
f 4497/4497 4495/4495 4496/4496
f 4496/4496 4498/4498 4497/4497
f 4499/4499 4497/4497 4498/4498
f 4498/4498 4500/4500 4499/4499
f 4501/4501 4502/4502 4503/4503
f 4503/4503 4504/4504 4501/4501
f 4505/4505 4501/4501 4504/4504
f 4504/4504 4506/4506 4505/4505
f 4507/4507 4505/4505 4506/4506
f 4506/4506 4508/4508 4507/4507
f 4509/4509 4507/4507 4508/4508
f 4508/4508 4510/4510 4509/4509
f 4511/4511 4509/4509 4510/4510
f 4510/4510 4512/4512 4511/4511
f 4513/4513 4511/4511 4512/4512
f 4512/4512 4514/4514 4513/4513
f 4486/4486 4513/4513 4514/4514
f 4514/4514 4487/4487 4486/4486
f 4515/4515 4503/4503 4502/4502
f 4502/4502 4520/4520 4515/4515
f 4500/4500 4521/4521 4526/4526
f 4526/4526 4499/4499 4500/4500
f 4523/4523 4517/4517 4528/4528
f 4528/4528 4529/4529 4523/4523
f 4525/4525 4522/4522 4530/4530
f 4530/4530 4531/4531 4525/4525
f 4518/4518 4524/4524 4532/4532
f 4532/4532 4533/4533 4518/4518
f 4516/4516 4519/4519 4534/4534
f 4534/4534 4527/4527 4516/4516
f 4536/4536 4538/4538 4541/4541
f 4541/4541 4543/4543 4536/4536
f 4546/4546 4547/4547 4550/4550
f 4550/4550 4553/4553 4546/4546
f 4549/4549 4535/4535 4544/4544
f 4544/4544 4552/4552 4549/4549
f 4539/4539 4537/4537 4548/4548
f 4548/4548 4545/4545 4539/4539
f 4554/4554 4551/4551 4542/4542
f 4542/4542 4540/4540 4554/4554
f 4555/4555 4556/4556 4557/4557
f 4557/4557 4558/4558 4555/4555
f 4559/4559 4560/4560 4556/4556
f 4556/4556 4555/4555 4559/4559
f 4561/4561 4562/4562 4560/4560
f 4560/4560 4559/4559 4561/4561
f 4563/4563 4564/4564 4562/4562
f 4562/4562 4561/4561 4563/4563
f 4565/4565 4566/4566 4564/4564
f 4564/4564 4563/4563 4565/4565
f 4567/4567 4568/4568 4566/4566
f 4566/4566 4565/4565 4567/4567
f 4569/4569 4570/4570 4568/4568
f 4568/4568 4567/4567 4569/4569
f 4571/4571 4572/4572 4573/4573
f 4573/4573 4574/4574 4571/4571
f 4575/4575 4576/4576 4572/4572
f 4572/4572 4571/4571 4575/4575
f 4577/4577 4578/4578 4576/4576
f 4576/4576 4575/4575 4577/4577
f 4579/4579 4580/4580 4578/4578
f 4578/4578 4577/4577 4579/4579
f 4581/4581 4582/4582 4580/4580
f 4580/4580 4579/4579 4581/4581
f 4583/4583 4584/4584 4582/4582
f 4582/4582 4581/4581 4583/4583
f 4558/4558 4557/4557 4584/4584
f 4584/4584 4583/4583 4558/4558
f 4587/4587 4588/4588 4574/4574
f 4574/4574 4573/4573 4587/4587
f 4570/4570 4569/4569 4593/4593
f 4593/4593 4596/4596 4570/4570
f 4594/4594 4597/4597 4600/4600
f 4600/4600 4586/4586 4594/4594
f 4591/4591 4602/4602 4598/4598
f 4598/4598 4595/4595 4591/4591
f 4590/4590 4604/4604 4601/4601
f 4601/4601 4592/4592 4590/4590
f 4585/4585 4599/4599 4603/4603
f 4603/4603 4589/4589 4585/4585
f 4606/4606 4609/4609 4612/4612
f 4612/4612 4614/4614 4606/4606
f 4615/4615 4618/4618 4619/4619
f 4619/4619 4622/4622 4615/4615
f 4623/4623 4620/4620 4610/4610
f 4610/4610 4607/4607 4623/4623
f 4613/4613 4616/4616 4624/4624
f 4624/4624 4605/4605 4613/4613
f 4617/4617 4611/4611 4608/4608
f 4608/4608 4621/4621 4617/4617
f 4625/4625 4626/4626 4627/4627
f 4627/4627 4628/4628 4625/4625
f 4629/4629 4630/4630 4626/4626
f 4626/4626 4625/4625 4629/4629
f 4631/4631 4632/4632 4630/4630
f 4630/4630 4629/4629 4631/4631
f 4633/4633 4634/4634 4632/4632
f 4632/4632 4631/4631 4633/4633
f 4635/4635 4636/4636 4634/4634
f 4634/4634 4633/4633 4635/4635
f 4637/4637 4638/4638 4636/4636
f 4636/4636 4635/4635 4637/4637
f 4639/4639 4640/4640 4638/4638
f 4638/4638 4637/4637 4639/4639
f 4641/4641 4642/4642 4643/4643
f 4643/4643 4644/4644 4641/4641
f 4645/4645 4646/4646 4642/4642
f 4642/4642 4641/4641 4645/4645
f 4647/4647 4648/4648 4646/4646
f 4646/4646 4645/4645 4647/4647
f 4649/4649 4650/4650 4648/4648
f 4648/4648 4647/4647 4649/4649
f 4651/4651 4652/4652 4650/4650
f 4650/4650 4649/4649 4651/4651
f 4653/4653 4654/4654 4652/4652
f 4652/4652 4651/4651 4653/4653
f 4628/4628 4627/4627 4654/4654
f 4654/4654 4653/4653 4628/4628
f 4655/4655 4658/4658 4644/4644
f 4644/4644 4643/4643 4655/4655
f 4640/4640 4639/4639 4661/4661
f 4661/4661 4666/4666 4640/4640
f 4665/4665 4667/4667 4669/4669
f 4669/4669 4657/4657 4665/4665
f 4663/4663 4672/4672 4668/4668
f 4668/4668 4664/4664 4663/4663
f 4659/4659 4674/4674 4671/4671
f 4671/4671 4662/4662 4659/4659
f 4656/4656 4670/4670 4673/4673
f 4673/4673 4660/4660 4656/4656
f 4676/4676 4679/4679 4682/4682
f 4682/4682 4683/4683 4676/4676
f 4685/4685 4688/4688 4691/4691
f 4691/4691 4692/4692 4685/4685
f 4693/4693 4690/4690 4678/4678
f 4678/4678 4677/4677 4693/4693
f 4684/4684 4686/4686 4694/4694
f 4694/4694 4675/4675 4684/4684
f 4687/4687 4681/4681 4680/4680
f 4680/4680 4689/4689 4687/4687
f 4695/4695 4699/4699 4702/4702
f 4702/4702 4703/4703 4695/4695
f 4706/4706 4700/4700 4697/4697
f 4697/4697 4710/4710 4706/4706
f 4712/4712 4714/4714 4705/4705
f 4705/4705 4708/4708 4712/4712
f 4717/4717 4715/4715 4713/4713
f 4713/4713 4719/4719 4717/4717
f 4704/4704 4701/4701 4707/4707
f 4707/4707 4721/4721 4704/4704
f 4720/4720 4711/4711 4709/4709
f 4709/4709 4722/4722 4720/4720
f 4722/4722 4709/4709 4698/4698
f 4698/4698 4696/4696 4722/4722
f 4716/4716 4718/4718 4721/4721
f 4721/4721 4707/4707 4716/4716
f 4724/4724 4727/4727 4729/4729
f 4729/4729 4731/4731 4724/4724
f 4733/4733 4730/4730 4725/4725
f 4725/4725 4738/4738 4733/4733
f 4740/4740 4742/4742 4734/4734
f 4734/4734 4736/4736 4740/4740
f 4746/4746 4744/4744 4741/4741
f 4741/4741 4748/4748 4746/4746
f 4732/4732 4728/4728 4735/4735
f 4735/4735 4749/4749 4732/4732
f 4747/4747 4739/4739 4737/4737
f 4737/4737 4750/4750 4747/4747
f 4750/4750 4737/4737 4726/4726
f 4726/4726 4723/4723 4750/4750
f 4743/4743 4745/4745 4749/4749
f 4749/4749 4735/4735 4743/4743
f 4752/4752 4753/4753 4758/4758
f 4758/4758 4759/4759 4752/4752
f 4763/4763 4756/4756 4754/4754
f 4754/4754 4764/4764 4763/4763
f 4769/4769 4770/4770 4762/4762
f 4762/4762 4766/4766 4769/4769
f 4773/4773 4772/4772 4768/4768
f 4768/4768 4776/4776 4773/4773
f 4760/4760 4757/4757 4761/4761
f 4761/4761 4777/4777 4760/4760
f 4775/4775 4767/4767 4765/4765
f 4765/4765 4778/4778 4775/4775
f 4778/4778 4765/4765 4755/4755
f 4755/4755 4751/4751 4778/4778
f 4771/4771 4774/4774 4777/4777
f 4777/4777 4761/4761 4771/4771
f 4779/4779 4783/4783 4784/4784
f 4784/4784 4788/4788 4779/4779
f 4790/4790 4786/4786 4781/4781
f 4781/4781 4793/4793 4790/4790
f 4796/4796 4800/4800 4791/4791
f 4791/4791 4794/4794 4796/4796
f 4802/4802 4799/4799 4797/4797
f 4797/4797 4804/4804 4802/4802
f 4787/4787 4785/4785 4789/4789
f 4789/4789 4805/4805 4787/4787
f 4803/4803 4795/4795 4792/4792
f 4792/4792 4806/4806 4803/4803
f 4806/4806 4792/4792 4782/4782
f 4782/4782 4780/4780 4806/4806
f 4798/4798 4801/4801 4805/4805
f 4805/4805 4789/4789 4798/4798
f 4807/4807 4809/4809 4813/4813
f 4813/4813 4816/4816 4807/4807
f 4817/4817 4814/4814 4811/4811
f 4811/4811 4820/4820 4817/4817
f 4823/4823 4826/4826 4819/4819
f 4819/4819 4821/4821 4823/4823
f 4829/4829 4827/4827 4824/4824
f 4824/4824 4831/4831 4829/4829
f 4815/4815 4812/4812 4818/4818
f 4818/4818 4833/4833 4815/4815
f 4832/4832 4825/4825 4822/4822
f 4822/4822 4834/4834 4832/4832
f 4834/4834 4822/4822 4810/4810
f 4810/4810 4808/4808 4834/4834
f 4828/4828 4830/4830 4833/4833
f 4833/4833 4818/4818 4828/4828
f 4836/4836 4837/4837 4841/4841
f 4841/4841 4844/4844 4836/4836
f 4847/4847 4840/4840 4839/4839
f 4839/4839 4848/4848 4847/4847
f 4852/4852 4855/4855 4845/4845
f 4845/4845 4849/4849 4852/4852
f 4857/4857 4856/4856 4853/4853
f 4853/4853 4859/4859 4857/4857
f 4843/4843 4842/4842 4846/4846
f 4846/4846 4861/4861 4843/4843
f 4860/4860 4851/4851 4850/4850
f 4850/4850 4862/4862 4860/4860
f 4862/4862 4850/4850 4838/4838
f 4838/4838 4835/4835 4862/4862
f 4854/4854 4858/4858 4861/4861
f 4861/4861 4846/4846 4854/4854
f 4863/4863 4867/4867 4869/4869
f 4869/4869 4872/4872 4863/4863
f 4873/4873 4868/4868 4865/4865
f 4865/4865 4878/4878 4873/4873
f 4881/4881 4883/4883 4874/4874
f 4874/4874 4876/4876 4881/4881
f 4885/4885 4882/4882 4880/4880
f 4880/4880 4888/4888 4885/4885
f 4871/4871 4870/4870 4875/4875
f 4875/4875 4889/4889 4871/4871
f 4887/4887 4879/4879 4877/4877
f 4877/4877 4890/4890 4887/4887
f 4890/4890 4877/4877 4866/4866
f 4866/4866 4864/4864 4890/4890
f 4884/4884 4886/4886 4889/4889
f 4889/4889 4875/4875 4884/4884
f 4892/4892 4894/4894 4896/4896
f 4896/4896 4900/4900 4892/4892
f 4903/4903 4897/4897 4895/4895
f 4895/4895 4904/4904 4903/4903
f 4908/4908 4910/4910 4902/4902
f 4902/4902 4906/4906 4908/4908
f 4913/4913 4911/4911 4907/4907
f 4907/4907 4916/4916 4913/4913
f 4899/4899 4898/4898 4901/4901
f 4901/4901 4917/4917 4899/4899
f 4915/4915 4909/4909 4905/4905
f 4905/4905 4918/4918 4915/4915
f 4918/4918 4905/4905 4893/4893
f 4893/4893 4891/4891 4918/4918
f 4912/4912 4914/4914 4917/4917
f 4917/4917 4901/4901 4912/4912
f 4919/4919 4922/4922 4926/4926
f 4926/4926 4927/4927 4919/4919
f 4929/4929 4925/4925 4921/4921
f 4921/4921 4934/4934 4929/4929
f 4937/4937 4940/4940 4931/4931
f 4931/4931 4933/4933 4937/4937
f 4941/4941 4938/4938 4935/4935
f 4935/4935 4944/4944 4941/4941
f 4928/4928 4924/4924 4930/4930
f 4930/4930 4945/4945 4928/4928
f 4943/4943 4936/4936 4932/4932
f 4932/4932 4946/4946 4943/4943
f 4946/4946 4932/4932 4923/4923
f 4923/4923 4920/4920 4946/4946
f 4939/4939 4942/4942 4945/4945
f 4945/4945 4930/4930 4939/4939
f 4947/4947 4948/4948 4949/4949
f 4949/4949 4950/4950 4947/4947
f 4947/4947 4950/4950 4951/4951
f 4951/4951 4952/4952 4947/4947
f 4953/4953 4955/4955 4956/4956
f 4956/4956 4958/4958 4953/4953
f 4957/4957 4959/4959 4960/4960
f 4960/4960 4954/4954 4957/4957
f 4962/4962 4964/4964 4965/4965
f 4965/4965 4966/4966 4962/4962
f 4963/4963 4961/4961 4967/4967
f 4967/4967 4968/4968 4963/4963
f 4953/4953 4969/4969 4971/4971
f 4971/4971 4955/4955 4953/4953
f 4970/4970 4954/4954 4960/4960
f 4960/4960 4972/4972 4970/4970
f 4962/4962 4966/4966 4973/4973
f 4973/4973 4975/4975 4962/4962
f 4974/4974 4976/4976 4967/4967
f 4967/4967 4961/4961 4974/4974
f 4978/4978 4979/4979 4980/4980
f 4980/4980 4982/4982 4978/4978
f 4981/4981 4983/4983 4984/4984
f 4984/4984 4977/4977 4981/4981
f 4985/4985 4988/4988 4989/4989
f 4989/4989 4990/4990 4985/4985
f 4987/4987 4986/4986 4991/4991
f 4991/4991 4992/4992 4987/4987
f 4994/4994 4995/4995 4996/4996
f 4996/4996 4997/4997 4994/4994
f 4998/4998 4999/4999 5000/5000
f 5000/5000 4993/4993 4998/4998
f 5001/5001 5005/5005 5010/5010
f 5010/5010 5012/5012 5001/5001
f 5008/5008 5016/5016 5017/5017
f 5017/5017 5009/5009 5008/5008
f 5022/5022 5003/5003 5011/5011
f 5011/5011 5023/5023 5022/5022
f 5015/5015 5021/5021 5024/5024
f 5024/5024 5018/5018 5015/5015
f 5004/5004 5020/5020 5026/5026
f 5026/5026 5028/5028 5004/5004
f 5013/5013 5006/5006 5029/5029
f 5029/5029 5032/5032 5013/5013
f 5007/5007 5002/5002 5027/5027
f 5027/5027 5030/5030 5007/5007
f 5019/5019 5014/5014 5031/5031
f 5031/5031 5025/5025 5019/5019
f 5033/5033 5037/5037 5042/5042
f 5042/5042 5044/5044 5033/5033
f 5045/5045 5052/5052 5054/5054
f 5054/5054 5056/5056 5045/5045
f 5051/5051 5036/5036 5043/5043
f 5043/5043 5053/5053 5051/5051
f 5038/5038 5047/5047 5055/5055
f 5055/5055 5041/5041 5038/5038
f 5050/5050 5048/5048 5057/5057
f 5057/5057 5060/5060 5050/5050
f 5039/5039 5035/5035 5062/5062
f 5062/5062 5064/5064 5039/5039
f 5046/5046 5040/5040 5063/5063
f 5063/5063 5058/5058 5046/5046
f 5034/5034 5049/5049 5059/5059
f 5059/5059 5061/5061 5034/5034
f 5065/5065 5068/5068 5069/5069
f 5069/5069 5070/5070 5065/5065
f 5067/5067 5066/5066 5071/5071
f 5071/5071 5072/5072 5067/5067
f 5073/5073 5076/5076 5077/5077
f 5077/5077 5078/5078 5073/5073
f 5075/5075 5074/5074 5079/5079
f 5079/5079 5080/5080 5075/5075
f 5081/5081 5083/5083 5085/5085
f 5085/5085 5086/5086 5081/5081
f 5084/5084 5082/5082 5087/5087
f 5087/5087 5088/5088 5084/5084
f 5090/5090 5091/5091 5096/5096
f 5096/5096 5097/5097 5090/5090
f 5092/5092 5089/5089 5098/5098
f 5098/5098 5099/5099 5092/5092
f 5102/5102 5103/5103 5095/5095
f 5095/5095 5093/5093 5102/5102
f 5094/5094 5100/5100 5104/5104
f 5104/5104 5101/5101 5094/5094
f 5105/5105 5107/5107 5108/5108
f 5108/5108 5110/5110 5105/5105
f 5109/5109 5111/5111 5112/5112
f 5112/5112 5106/5106 5109/5109
f 5114/5114 5115/5115 5117/5117
f 5117/5117 5118/5118 5114/5114
f 5116/5116 5113/5113 5119/5119
f 5119/5119 5120/5120 5116/5116
f 5121/5121 5123/5123 5124/5124
f 5124/5124 5126/5126 5121/5121
f 5127/5127 5122/5122 5125/5125
f 5125/5125 5128/5128 5127/5127
f 5129/5129 5131/5131 5132/5132
f 5132/5132 5133/5133 5129/5129
f 5134/5134 5135/5135 5136/5136
f 5136/5136 5130/5130 5134/5134
f 5137/5137 5140/5140 5141/5141
f 5141/5141 5142/5142 5137/5137
f 5143/5143 5144/5144 5139/5139
f 5139/5139 5138/5138 5143/5143
f 5145/5145 5147/5147 5148/5148
f 5148/5148 5149/5149 5145/5145
f 5150/5150 5151/5151 5152/5152
f 5152/5152 5146/5146 5150/5150
f 5154/5154 5149/5149 5148/5148
f 5148/5148 5155/5155 5154/5154
f 5150/5150 5153/5153 5156/5156
f 5156/5156 5151/5151 5150/5150
f 5157/5157 5160/5160 5161/5161
f 5161/5161 5163/5163 5157/5157
f 5165/5165 5168/5168 5170/5170
f 5170/5170 5172/5172 5165/5165
f 5164/5164 5166/5166 5171/5171
f 5171/5171 5158/5158 5164/5164
f 5167/5167 5162/5162 5159/5159
f 5159/5159 5169/5169 5167/5167
f 5174/5174 5176/5176 5177/5177
f 5177/5177 5180/5180 5174/5174
f 5182/5182 5183/5183 5186/5186
f 5186/5186 5188/5188 5182/5182
f 5179/5179 5181/5181 5187/5187
f 5187/5187 5173/5173 5179/5179
f 5184/5184 5178/5178 5175/5175
f 5175/5175 5185/5185 5184/5184
f 5190/5190 5192/5192 5193/5193
f 5193/5193 5196/5196 5190/5190
f 5197/5197 5200/5200 5202/5202
f 5202/5202 5204/5204 5197/5197
f 5195/5195 5198/5198 5203/5203
f 5203/5203 5189/5189 5195/5195
f 5199/5199 5194/5194 5191/5191
f 5191/5191 5201/5201 5199/5199
f 5206/5206 5207/5207 5210/5210
f 5210/5210 5211/5211 5206/5206
f 5214/5214 5215/5215 5217/5217
f 5217/5217 5220/5220 5214/5214
f 5212/5212 5213/5213 5219/5219
f 5219/5219 5205/5205 5212/5212
f 5216/5216 5209/5209 5208/5208
f 5208/5208 5218/5218 5216/5216
f 5222/5222 5224/5224 5226/5226
f 5226/5226 5227/5227 5222/5222
f 5230/5230 5231/5231 5234/5234
f 5234/5234 5236/5236 5230/5230
f 5228/5228 5229/5229 5235/5235
f 5235/5235 5221/5221 5228/5228
f 5232/5232 5225/5225 5223/5223
f 5223/5223 5233/5233 5232/5232
f 5238/5238 5239/5239 5241/5241
f 5241/5241 5244/5244 5238/5238
f 5245/5245 5247/5247 5250/5250
f 5250/5250 5252/5252 5245/5245
f 5243/5243 5246/5246 5251/5251
f 5251/5251 5237/5237 5243/5243
f 5248/5248 5242/5242 5240/5240
f 5240/5240 5249/5249 5248/5248
f 5254/5254 5256/5256 5257/5257
f 5257/5257 5259/5259 5254/5254
f 5262/5262 5263/5263 5265/5265
f 5265/5265 5268/5268 5262/5262
f 5260/5260 5261/5261 5267/5267
f 5267/5267 5253/5253 5260/5260
f 5264/5264 5258/5258 5255/5255
f 5255/5255 5266/5266 5264/5264
f 5270/5270 5272/5272 5273/5273
f 5273/5273 5276/5276 5270/5270
f 5278/5278 5279/5279 5281/5281
f 5281/5281 5284/5284 5278/5278
f 5275/5275 5277/5277 5283/5283
f 5283/5283 5269/5269 5275/5275
f 5280/5280 5274/5274 5271/5271
f 5271/5271 5282/5282 5280/5280
f 5286/5286 5287/5287 5290/5290
f 5290/5290 5291/5291 5286/5286
f 5294/5294 5295/5295 5297/5297
f 5297/5297 5299/5299 5294/5294
f 5292/5292 5293/5293 5300/5300
f 5300/5300 5285/5285 5292/5292
f 5296/5296 5289/5289 5288/5288
f 5288/5288 5298/5298 5296/5296
f 5302/5302 5304/5304 5305/5305
f 5305/5305 5308/5308 5302/5302
f 5310/5310 5311/5311 5314/5314
f 5314/5314 5315/5315 5310/5310
f 5307/5307 5309/5309 5316/5316
f 5316/5316 5301/5301 5307/5307
f 5312/5312 5306/5306 5303/5303
f 5303/5303 5313/5313 5312/5312
f 5317/5317 5319/5319 5321/5321
f 5321/5321 5324/5324 5317/5317
f 5325/5325 5327/5327 5329/5329
f 5329/5329 5331/5331 5325/5325
f 5323/5323 5326/5326 5332/5332
f 5332/5332 5318/5318 5323/5323
f 5328/5328 5322/5322 5320/5320
f 5320/5320 5330/5330 5328/5328
f 5333/5333 5335/5335 5337/5337
f 5337/5337 5339/5339 5333/5333
f 5342/5342 5343/5343 5345/5345
f 5345/5345 5348/5348 5342/5342
f 5340/5340 5341/5341 5347/5347
f 5347/5347 5334/5334 5340/5340
f 5344/5344 5338/5338 5336/5336
f 5336/5336 5346/5346 5344/5344
f 5349/5349 5351/5351 5353/5353
f 5353/5353 5356/5356 5349/5349
f 5358/5358 5359/5359 5361/5361
f 5361/5361 5364/5364 5358/5358
f 5355/5355 5357/5357 5363/5363
f 5363/5363 5350/5350 5355/5355
f 5360/5360 5354/5354 5352/5352
f 5352/5352 5362/5362 5360/5360
f 5366/5366 5367/5367 5370/5370
f 5370/5370 5371/5371 5366/5366
f 5374/5374 5376/5376 5377/5377
f 5377/5377 5380/5380 5374/5374
f 5372/5372 5373/5373 5379/5379
f 5379/5379 5365/5365 5372/5372
f 5375/5375 5369/5369 5368/5368
f 5368/5368 5378/5378 5375/5375
f 5381/5381 5384/5384 5385/5385
f 5385/5385 5387/5387 5381/5381
f 5389/5389 5391/5391 5394/5394
f 5394/5394 5396/5396 5389/5389
f 5388/5388 5390/5390 5395/5395
f 5395/5395 5382/5382 5388/5388
f 5392/5392 5386/5386 5383/5383
f 5383/5383 5393/5393 5392/5392
f 5398/5398 5399/5399 5402/5402
f 5402/5402 5404/5404 5398/5398
f 5406/5406 5407/5407 5410/5410
f 5410/5410 5412/5412 5406/5406
f 5403/5403 5405/5405 5411/5411
f 5411/5411 5397/5397 5403/5403
f 5408/5408 5401/5401 5400/5400
f 5400/5400 5409/5409 5408/5408
f 5414/5414 5415/5415 5417/5417
f 5417/5417 5419/5419 5414/5414
f 5421/5421 5424/5424 5425/5425
f 5425/5425 5427/5427 5421/5421
f 5420/5420 5422/5422 5428/5428
f 5428/5428 5413/5413 5420/5420
f 5423/5423 5418/5418 5416/5416
f 5416/5416 5426/5426 5423/5423
f 5430/5430 5432/5432 5433/5433
f 5433/5433 5436/5436 5430/5430
f 5437/5437 5439/5439 5441/5441
f 5441/5441 5443/5443 5437/5437
f 5435/5435 5438/5438 5444/5444
f 5444/5444 5429/5429 5435/5435
f 5440/5440 5434/5434 5431/5431
f 5431/5431 5442/5442 5440/5440
f 5445/5445 5448/5448 5449/5449
f 5449/5449 5452/5452 5445/5445
f 5454/5454 5455/5455 5458/5458
f 5458/5458 5459/5459 5454/5454
f 5451/5451 5453/5453 5460/5460
f 5460/5460 5446/5446 5451/5451
f 5456/5456 5450/5450 5447/5447
f 5447/5447 5457/5457 5456/5456
f 5461/5461 5464/5464 5466/5466
f 5466/5466 5468/5468 5461/5461
f 5469/5469 5471/5471 5474/5474
f 5474/5474 5475/5475 5469/5469
f 5467/5467 5470/5470 5476/5476
f 5476/5476 5462/5462 5467/5467
f 5472/5472 5465/5465 5463/5463
f 5463/5463 5473/5473 5472/5472
f 5478/5478 5480/5480 5481/5481
f 5481/5481 5484/5484 5478/5478
f 5485/5485 5487/5487 5490/5490
f 5490/5490 5492/5492 5485/5485
f 5483/5483 5486/5486 5491/5491
f 5491/5491 5477/5477 5483/5483
f 5488/5488 5482/5482 5479/5479
f 5479/5479 5489/5489 5488/5488
f 5493/5493 5495/5495 5497/5497
f 5497/5497 5500/5500 5493/5493
f 5502/5502 5503/5503 5505/5505
f 5505/5505 5507/5507 5502/5502
f 5499/5499 5501/5501 5508/5508
f 5508/5508 5494/5494 5499/5499
f 5504/5504 5498/5498 5496/5496
f 5496/5496 5506/5506 5504/5504
f 5510/5510 5512/5512 5514/5514
f 5514/5514 5515/5515 5510/5510
f 5517/5517 5519/5519 5522/5522
f 5522/5522 5523/5523 5517/5517
f 5516/5516 5518/5518 5524/5524
f 5524/5524 5509/5509 5516/5516
f 5520/5520 5513/5513 5511/5511
f 5511/5511 5521/5521 5520/5520
f 5525/5525 5527/5527 5529/5529
f 5529/5529 5531/5531 5525/5525
f 5533/5533 5536/5536 5537/5537
f 5537/5537 5540/5540 5533/5533
f 5532/5532 5534/5534 5539/5539
f 5539/5539 5526/5526 5532/5532
f 5535/5535 5530/5530 5528/5528
f 5528/5528 5538/5538 5535/5535
f 5542/5542 5543/5543 5546/5546
f 5546/5546 5547/5547 5542/5542
f 5549/5549 5552/5552 5553/5553
f 5553/5553 5555/5555 5549/5549
f 5548/5548 5550/5550 5556/5556
f 5556/5556 5541/5541 5548/5548
f 5551/5551 5545/5545 5544/5544
f 5544/5544 5554/5554 5551/5551
f 5557/5557 5560/5560 5561/5561
f 5561/5561 5564/5564 5557/5557
f 5565/5565 5567/5567 5570/5570
f 5570/5570 5572/5572 5565/5565
f 5563/5563 5566/5566 5571/5571
f 5571/5571 5558/5558 5563/5563
f 5568/5568 5562/5562 5559/5559
f 5559/5559 5569/5569 5568/5568
f 5573/5573 5576/5576 5578/5578
f 5578/5578 5579/5579 5573/5573
f 5582/5582 5583/5583 5585/5585
f 5585/5585 5588/5588 5582/5582
f 5580/5580 5581/5581 5587/5587
f 5587/5587 5574/5574 5580/5580
f 5584/5584 5577/5577 5575/5575
f 5575/5575 5586/5586 5584/5584
f 5589/5589 5592/5592 5594/5594
f 5594/5594 5596/5596 5589/5589
f 5597/5597 5599/5599 5602/5602
f 5602/5602 5603/5603 5597/5597
f 5595/5595 5598/5598 5604/5604
f 5604/5604 5590/5590 5595/5595
f 5600/5600 5593/5593 5591/5591
f 5591/5591 5601/5601 5600/5600
f 5606/5606 5607/5607 5610/5610
f 5610/5610 5612/5612 5606/5606
f 5614/5614 5615/5615 5617/5617
f 5617/5617 5620/5620 5614/5614
f 5611/5611 5613/5613 5619/5619
f 5619/5619 5605/5605 5611/5611
f 5616/5616 5609/5609 5608/5608
f 5608/5608 5618/5618 5616/5616
f 5622/5622 5624/5624 5626/5626
f 5626/5626 5627/5627 5622/5622
f 5630/5630 5631/5631 5633/5633
f 5633/5633 5636/5636 5630/5630
f 5628/5628 5629/5629 5635/5635
f 5635/5635 5621/5621 5628/5628
f 5632/5632 5625/5625 5623/5623
f 5623/5623 5634/5634 5632/5632
f 5638/5638 5639/5639 5642/5642
f 5642/5642 5644/5644 5638/5638
f 5643/5643 5645/5645 5646/5646
f 5646/5646 5637/5637 5643/5643
f 5647/5647 5641/5641 5640/5640
f 5640/5640 5648/5648 5647/5647
f 5650/5650 5651/5651 5653/5653
f 5653/5653 5656/5656 5650/5650
f 5652/5652 5649/5649 5657/5657
f 5657/5657 5658/5658 5652/5652
f 5659/5659 5660/5660 5655/5655
f 5655/5655 5654/5654 5659/5659
f 5662/5662 5664/5664 5666/5666
f 5666/5666 5668/5668 5662/5662
f 5669/5669 5665/5665 5671/5671
f 5671/5671 5674/5674 5669/5669
f 5663/5663 5676/5676 5671/5671
f 5671/5671 5665/5665 5663/5663
f 5668/5668 5666/5666 5670/5670
f 5670/5670 5678/5678 5668/5668
f 5677/5677 5679/5679 5681/5681
f 5681/5681 5667/5667 5677/5677
f 5682/5682 5675/5675 5685/5685
f 5685/5685 5686/5686 5682/5682
f 5689/5689 5673/5673 5672/5672
f 5672/5672 5680/5680 5689/5689
f 5692/5692 5693/5693 5673/5673
f 5673/5673 5689/5689 5692/5692
f 5678/5678 5670/5670 5693/5693
f 5693/5693 5692/5692 5678/5678
f 5667/5667 5681/5681 5688/5688
f 5688/5688 5661/5661 5667/5667
f 5683/5683 5676/5676 5663/5663
f 5694/5694 5669/5669 5674/5674
f 5680/5680 5672/5672 5675/5675
f 5675/5675 5682/5682 5680/5680
f 5687/5687 5684/5684 5664/5664
f 5664/5664 5662/5662 5687/5687
f 5677/5677 5691/5691 5690/5690
f 5690/5690 5679/5679 5677/5677
f 5696/5696 5697/5697 5700/5700
f 5700/5700 5702/5702 5696/5696
f 5703/5703 5699/5699 5706/5706
f 5706/5706 5707/5707 5703/5703
f 5698/5698 5710/5710 5706/5706
f 5706/5706 5699/5699 5698/5698
f 5702/5702 5700/5700 5704/5704
f 5704/5704 5711/5711 5702/5702
f 5712/5712 5713/5713 5716/5716
f 5716/5716 5701/5701 5712/5712
f 5715/5715 5709/5709 5717/5717
f 5717/5717 5720/5720 5715/5715
f 5723/5723 5708/5708 5705/5705
f 5705/5705 5714/5714 5723/5723
f 5726/5726 5727/5727 5708/5708
f 5708/5708 5723/5723 5726/5726
f 5711/5711 5704/5704 5727/5727
f 5727/5727 5726/5726 5711/5711
f 5701/5701 5716/5716 5721/5721
f 5721/5721 5695/5695 5701/5701
f 5719/5719 5710/5710 5698/5698
f 5728/5728 5703/5703 5707/5707
f 5714/5714 5705/5705 5709/5709
f 5709/5709 5715/5715 5714/5714
f 5722/5722 5718/5718 5697/5697
f 5697/5697 5696/5696 5722/5722
f 5712/5712 5725/5725 5724/5724
f 5724/5724 5713/5713 5712/5712
f 5729/5729 5731/5731 5733/5733
f 5733/5733 5735/5735 5729/5729
f 5736/5736 5734/5734 5738/5738
f 5738/5738 5739/5739 5736/5736
f 5740/5740 5737/5737 5742/5742
f 5742/5742 5743/5743 5740/5740
f 5744/5744 5741/5741 5732/5732
f 5732/5732 5730/5730 5744/5744
f 5745/5745 5748/5748 5749/5749
f 5749/5749 5752/5752 5745/5745
f 5751/5751 5750/5750 5754/5754
f 5754/5754 5755/5755 5751/5751
f 5756/5756 5753/5753 5758/5758
f 5758/5758 5759/5759 5756/5756
f 5760/5760 5757/5757 5747/5747
f 5747/5747 5746/5746 5760/5760
f 5761/5761 5764/5764 5765/5765
f 5765/5765 5768/5768 5761/5761
f 5767/5767 5766/5766 5770/5770
f 5770/5770 5771/5771 5767/5767
f 5772/5772 5769/5769 5774/5774
f 5774/5774 5776/5776 5772/5772
f 5775/5775 5773/5773 5763/5763
f 5763/5763 5762/5762 5775/5775
f 5778/5778 5779/5779 5782/5782
f 5782/5782 5783/5783 5778/5778
f 5784/5784 5781/5781 5786/5786
f 5786/5786 5788/5788 5784/5784
f 5787/5787 5785/5785 5790/5790
f 5790/5790 5791/5791 5787/5787
f 5792/5792 5789/5789 5780/5780
f 5780/5780 5777/5777 5792/5792
f 5793/5793 5796/5796 5797/5797
f 5797/5797 5800/5800 5793/5793
f 5799/5799 5798/5798 5801/5801
f 5801/5801 5804/5804 5799/5799
f 5803/5803 5802/5802 5806/5806
f 5806/5806 5807/5807 5803/5803
f 5808/5808 5805/5805 5795/5795
f 5795/5795 5794/5794 5808/5808
f 5811/5811 5814/5814 5817/5817
f 5817/5817 5819/5819 5811/5811
f 5820/5820 5816/5816 5823/5823
f 5823/5823 5826/5826 5820/5820
f 5824/5824 5821/5821 5827/5827
f 5827/5827 5832/5832 5824/5824
f 5830/5830 5829/5829 5812/5812
f 5812/5812 5810/5810 5830/5830
f 5818/5818 5825/5825 5831/5831
f 5831/5831 5809/5809 5818/5818
f 5813/5813 5828/5828 5822/5822
f 5822/5822 5815/5815 5813/5813
f 5833/5833 5835/5835 5837/5837
f 5837/5837 5840/5840 5833/5833
f 5839/5839 5838/5838 5841/5841
f 5841/5841 5843/5843 5839/5839
f 5844/5844 5842/5842 5845/5845
f 5845/5845 5848/5848 5844/5844
f 5847/5847 5846/5846 5836/5836
f 5836/5836 5834/5834 5847/5847
f 5850/5850 5851/5851 5853/5853
f 5853/5853 5855/5855 5850/5850
f 5856/5856 5854/5854 5857/5857
f 5857/5857 5859/5859 5856/5856
f 5860/5860 5858/5858 5861/5861
f 5861/5861 5863/5863 5860/5860
f 5864/5864 5862/5862 5852/5852
f 5852/5852 5849/5849 5864/5864
f 5866/5866 5867/5867 5869/5869
f 5869/5869 5871/5871 5866/5866
f 5872/5872 5870/5870 5873/5873
f 5873/5873 5875/5875 5872/5872
f 5876/5876 5874/5874 5877/5877
f 5877/5877 5879/5879 5876/5876
f 5880/5880 5878/5878 5868/5868
f 5868/5868 5865/5865 5880/5880
f 5881/5881 5884/5884 5886/5886
f 5886/5886 5887/5887 5881/5881
f 5888/5888 5885/5885 5890/5890
f 5890/5890 5892/5892 5888/5888
f 5891/5891 5889/5889 5894/5894
f 5894/5894 5895/5895 5891/5891
f 5896/5896 5893/5893 5883/5883
f 5883/5883 5882/5882 5896/5896
f 5897/5897 5899/5899 5901/5901
f 5901/5901 5904/5904 5897/5897
f 5900/5900 5906/5906 5907/5907
f 5907/5907 5902/5902 5900/5900
f 5905/5905 5910/5910 5912/5912
f 5912/5912 5908/5908 5905/5905
f 5909/5909 5898/5898 5903/5903
f 5903/5903 5911/5911 5909/5909
f 5913/5913 5916/5916 5918/5918
f 5918/5918 5920/5920 5913/5913
f 5915/5915 5921/5921 5924/5924
f 5924/5924 5917/5917 5915/5915
f 5922/5922 5926/5926 5928/5928
f 5928/5928 5923/5923 5922/5922
f 5925/5925 5914/5914 5919/5919
f 5919/5919 5927/5927 5925/5925
f 5929/5929 5932/5932 5933/5933
f 5933/5933 5936/5936 5929/5929
f 5931/5931 5937/5937 5939/5939
f 5939/5939 5934/5934 5931/5931
f 5938/5938 5941/5941 5943/5943
f 5943/5943 5940/5940 5938/5938
f 5942/5942 5930/5930 5935/5935
f 5935/5935 5944/5944 5942/5942
f 5946/5946 5947/5947 5950/5950
f 5950/5950 5951/5951 5946/5946
f 5948/5948 5954/5954 5956/5956
f 5956/5956 5949/5949 5948/5948
f 5953/5953 5957/5957 5959/5959
f 5959/5959 5955/5955 5953/5953
f 5958/5958 5945/5945 5952/5952
f 5952/5952 5960/5960 5958/5958
f 5962/5962 5964/5964 5965/5965
f 5965/5965 5967/5967 5962/5962
f 5963/5963 5970/5970 5972/5972
f 5972/5972 5966/5966 5963/5963
f 5969/5969 5974/5974 5976/5976
f 5976/5976 5971/5971 5969/5969
f 5973/5973 5961/5961 5968/5968
f 5968/5968 5975/5975 5973/5973
f 5979/5979 5980/5980 5983/5983
f 5983/5983 5987/5987 5979/5979
f 5982/5982 5989/5989 5993/5993
f 5993/5993 5985/5985 5982/5982
f 5991/5991 5996/5996 5999/5999
f 5999/5999 5994/5994 5991/5991
f 5995/5995 5978/5978 5986/5986
f 5986/5986 6000/6000 5995/5995
f 5981/5981 5977/5977 5997/5997
f 5997/5997 5990/5990 5981/5981
f 5988/5988 5984/5984 5992/5992
f 5992/5992 5998/5998 5988/5988
f 6001/6001 6003/6003 6006/6006
f 6006/6006 6007/6007 6001/6001
f 6004/6004 6009/6009 6012/6012
f 6012/6012 6005/6005 6004/6004
f 6010/6010 6014/6014 6015/6015
f 6015/6015 6011/6011 6010/6010
f 6013/6013 6002/6002 6008/6008
f 6008/6008 6016/6016 6013/6013
f 6018/6018 6020/6020 6021/6021
f 6021/6021 6024/6024 6018/6018
f 6019/6019 6026/6026 6028/6028
f 6028/6028 6022/6022 6019/6019
f 6025/6025 6029/6029 6032/6032
f 6032/6032 6027/6027 6025/6025
f 6030/6030 6017/6017 6023/6023
f 6023/6023 6031/6031 6030/6030
f 6034/6034 6036/6036 6037/6037
f 6037/6037 6039/6039 6034/6034
f 6035/6035 6041/6041 6044/6044
f 6044/6044 6038/6038 6035/6035
f 6042/6042 6045/6045 6048/6048
f 6048/6048 6043/6043 6042/6042
f 6046/6046 6033/6033 6040/6040
f 6040/6040 6047/6047 6046/6046
f 6050/6050 6051/6051 6054/6054
f 6054/6054 6056/6056 6050/6050
f 6052/6052 6058/6058 6059/6059
f 6059/6059 6053/6053 6052/6052
f 6057/6057 6061/6061 6064/6064
f 6064/6064 6060/6060 6057/6057
f 6062/6062 6049/6049 6055/6055
f 6055/6055 6063/6063 6062/6062
f 6066/6066 6067/6067 6069/6069
f 6069/6069 6070/6070 6066/6066
f 6065/6065 6072/6072 6073/6073
f 6073/6073 6068/6068 6065/6065
f 6074/6074 6071/6071 6075/6075
f 6075/6075 6076/6076 6074/6074
f 6078/6078 6079/6079 6080/6080
f 6080/6080 6082/6082 6078/6078
f 6077/6077 6081/6081 6084/6084
f 6084/6084 6085/6085 6077/6077
f 6083/6083 6087/6087 6088/6088
f 6088/6088 6086/6086 6083/6083
f 6089/6089 6094/6094 6096/6096
f 6096/6096 6098/6098 6089/6089
f 6093/6093 6090/6090 6100/6100
f 6100/6100 6103/6103 6093/6093
f 6104/6104 6101/6101 6106/6106
f 6106/6106 6107/6107 6104/6104
f 6095/6095 6092/6092 6111/6111
f 6111/6111 6112/6112 6095/6095
f 6102/6102 6108/6108 6114/6114
f 6114/6114 6116/6116 6102/6102
f 6103/6103 6117/6117 6109/6109
f 6109/6109 6093/6093 6103/6103
f 6113/6113 6110/6110 6121/6121
f 6121/6121 6123/6123 6113/6113
f 6118/6118 6115/6115 6125/6125
f 6125/6125 6127/6127 6118/6118
f 6117/6117 6128/6128 6120/6120
f 6120/6120 6109/6109 6117/6117
f 6099/6099 6126/6126 6124/6124
f 6124/6124 6105/6105 6099/6099
f 6097/6097 6122/6122 6119/6119
f 6119/6119 6091/6091 6097/6097
f 6100/6100 6090/6090 6120/6120
f 6120/6120 6128/6128 6100/6100
f 6130/6130 6133/6133 6137/6137
f 6137/6137 6140/6140 6130/6130
f 6132/6132 6141/6141 6142/6142
f 6142/6142 6136/6136 6132/6132
f 6145/6145 6146/6146 6150/6150
f 6150/6150 6155/6155 6145/6145
f 6158/6158 6159/6159 6134/6134
f 6134/6134 6129/6129 6158/6158
f 6162/6162 6166/6166 6167/6167
f 6167/6167 6169/6169 6162/6162
f 6139/6139 6172/6172 6156/6156
f 6156/6156 6131/6131 6139/6139
f 6173/6173 6177/6177 6161/6161
f 6161/6161 6157/6157 6173/6173
f 6163/6163 6160/6160 6178/6178
f 6178/6178 6165/6165 6163/6163
f 6170/6170 6168/6168 6179/6179
f 6179/6179 6149/6149 6170/6170
f 6151/6151 6148/6148 6180/6180
f 6180/6180 6183/6183 6151/6151
f 6154/6154 6187/6187 6188/6188
f 6188/6188 6144/6144 6154/6154
f 6181/6181 6189/6189 6186/6186
f 6186/6186 6182/6182 6181/6181
f 6143/6143 6191/6191 6171/6171
f 6171/6171 6147/6147 6143/6143
f 6179/6179 6168/6168 6192/6192
f 6192/6192 6190/6190 6179/6179
f 6190/6190 6192/6192 6191/6191
f 6191/6191 6143/6143 6190/6190
f 6135/6135 6176/6176 6174/6174
f 6174/6174 6138/6138 6135/6135
f 6163/6163 6141/6141 6132/6132
f 6132/6132 6160/6160 6163/6163
f 6142/6142 6164/6164 6175/6175
f 6175/6175 6136/6136 6142/6142
f 6184/6184 6185/6185 6153/6153
f 6153/6153 6152/6152 6184/6184
f 6193/6193 6195/6195 6198/6198
f 6198/6198 6199/6199 6193/6193
f 6200/6200 6197/6197 6201/6201
f 6201/6201 6203/6203 6200/6200
f 6204/6204 6202/6202 6206/6206
f 6206/6206 6208/6208 6204/6204
f 6207/6207 6205/6205 6196/6196
f 6196/6196 6194/6194 6207/6207
f 6209/6209 6211/6211 6213/6213
f 6213/6213 6216/6216 6209/6209
f 6215/6215 6214/6214 6218/6218
f 6218/6218 6219/6219 6215/6215
f 6220/6220 6217/6217 6222/6222
f 6222/6222 6223/6223 6220/6220
f 6224/6224 6221/6221 6212/6212
f 6212/6212 6210/6210 6224/6224
f 6225/6225 6227/6227 6229/6229
f 6229/6229 6232/6232 6225/6225
f 6231/6231 6230/6230 6234/6234
f 6234/6234 6235/6235 6231/6231
f 6236/6236 6233/6233 6237/6237
f 6237/6237 6240/6240 6236/6236
f 6239/6239 6238/6238 6228/6228
f 6228/6228 6226/6226 6239/6239
f 6242/6242 6243/6243 6245/6245
f 6245/6245 6247/6247 6242/6242
f 6248/6248 6246/6246 6249/6249
f 6249/6249 6252/6252 6248/6248
f 6251/6251 6250/6250 6253/6253
f 6253/6253 6256/6256 6251/6251
f 6255/6255 6254/6254 6244/6244
f 6244/6244 6241/6241 6255/6255
f 6258/6258 6260/6260 6262/6262
f 6262/6262 6263/6263 6258/6258
f 6264/6264 6261/6261 6265/6265
f 6265/6265 6267/6267 6264/6264
f 6268/6268 6266/6266 6270/6270
f 6270/6270 6272/6272 6268/6268
f 6271/6271 6269/6269 6259/6259
f 6259/6259 6257/6257 6271/6271
f 6274/6274 6275/6275 6277/6277
f 6277/6277 6279/6279 6274/6274
f 6276/6276 6282/6282 6283/6283
f 6283/6283 6278/6278 6276/6276
f 6281/6281 6285/6285 6288/6288
f 6288/6288 6284/6284 6281/6281
f 6286/6286 6273/6273 6280/6280
f 6280/6280 6287/6287 6286/6286
f 6289/6289 6292/6292 6293/6293
f 6293/6293 6296/6296 6289/6289
f 6291/6291 6297/6297 6299/6299
f 6299/6299 6294/6294 6291/6291
f 6298/6298 6301/6301 6304/6304
f 6304/6304 6300/6300 6298/6298
f 6302/6302 6290/6290 6295/6295
f 6295/6295 6303/6303 6302/6302
f 6305/6305 6307/6307 6310/6310
f 6310/6310 6312/6312 6305/6305
f 6308/6308 6314/6314 6315/6315
f 6315/6315 6309/6309 6308/6308
f 6313/6313 6317/6317 6320/6320
f 6320/6320 6316/6316 6313/6313
f 6318/6318 6306/6306 6311/6311
f 6311/6311 6319/6319 6318/6318
f 6321/6321 6324/6324 6325/6325
f 6325/6325 6328/6328 6321/6321
f 6323/6323 6329/6329 6332/6332
f 6332/6332 6326/6326 6323/6323
f 6330/6330 6333/6333 6336/6336
f 6336/6336 6331/6331 6330/6330
f 6334/6334 6322/6322 6327/6327
f 6327/6327 6335/6335 6334/6334
f 6337/6337 6340/6340 6341/6341
f 6341/6341 6344/6344 6337/6337
f 6339/6339 6345/6345 6348/6348
f 6348/6348 6342/6342 6339/6339
f 6346/6346 6349/6349 6352/6352
f 6352/6352 6347/6347 6346/6346
f 6350/6350 6338/6338 6343/6343
f 6343/6343 6351/6351 6350/6350
f 6353/6353 6356/6356 6359/6359
f 6359/6359 6360/6360 6353/6353
f 6363/6363 6367/6367 6362/6362
f 6362/6362 6357/6357 6363/6363
f 6371/6371 6368/6368 6364/6364
f 6364/6364 6374/6374 6371/6371
f 6375/6375 6378/6378 6370/6370
f 6370/6370 6372/6372 6375/6375
f 6355/6355 6379/6379 6365/6365
f 6365/6365 6358/6358 6355/6355
f 6377/6377 6380/6380 6366/6366
f 6366/6366 6369/6369 6377/6377
f 6380/6380 6354/6354 6361/6361
f 6361/6361 6366/6366 6380/6380
f 6373/6373 6365/6365 6379/6379
f 6379/6379 6376/6376 6373/6373
f 6382/6382 6383/6383 6386/6386
f 6386/6386 6389/6389 6382/6382
f 6391/6391 6396/6396 6388/6388
f 6388/6388 6385/6385 6391/6391
f 6399/6399 6394/6394 6392/6392
f 6392/6392 6401/6401 6399/6399
f 6404/6404 6405/6405 6398/6398
f 6398/6398 6400/6400 6404/6404
f 6384/6384 6407/6407 6393/6393
f 6393/6393 6387/6387 6384/6384
f 6406/6406 6408/6408 6395/6395
f 6395/6395 6397/6397 6406/6406
f 6408/6408 6381/6381 6390/6390
f 6390/6390 6395/6395 6408/6408
f 6402/6402 6393/6393 6407/6407
f 6407/6407 6403/6403 6402/6402
f 6409/6409 6412/6412 6414/6414
f 6414/6414 6416/6416 6409/6409
f 6421/6421 6424/6424 6417/6417
f 6417/6417 6415/6415 6421/6421
f 6425/6425 6423/6423 6419/6419
f 6419/6419 6428/6428 6425/6425
f 6432/6432 6433/6433 6426/6426
f 6426/6426 6429/6429 6432/6432
f 6411/6411 6435/6435 6420/6420
f 6420/6420 6413/6413 6411/6411
f 6434/6434 6436/6436 6422/6422
f 6422/6422 6427/6427 6434/6434
f 6436/6436 6410/6410 6418/6418
f 6418/6418 6422/6422 6436/6436
f 6430/6430 6420/6420 6435/6435
f 6435/6435 6431/6431 6430/6430
f 6437/6437 6440/6440 6442/6442
f 6442/6442 6444/6444 6437/6437
f 6449/6449 6452/6452 6446/6446
f 6446/6446 6441/6441 6449/6449
f 6453/6453 6451/6451 6448/6448
f 6448/6448 6458/6458 6453/6453
f 6459/6459 6461/6461 6454/6454
f 6454/6454 6457/6457 6459/6459
f 6439/6439 6463/6463 6447/6447
f 6447/6447 6443/6443 6439/6439
f 6462/6462 6464/6464 6450/6450
f 6450/6450 6455/6455 6462/6462
f 6464/6464 6438/6438 6445/6445
f 6445/6445 6450/6450 6464/6464
f 6456/6456 6447/6447 6463/6463
f 6463/6463 6460/6460 6456/6456
f 6466/6466 6467/6467 6469/6469
f 6469/6469 6474/6474 6466/6466
f 6475/6475 6480/6480 6473/6473
f 6473/6473 6471/6471 6475/6475
f 6482/6482 6479/6479 6476/6476
f 6476/6476 6485/6485 6482/6482
f 6487/6487 6490/6490 6481/6481
f 6481/6481 6484/6484 6487/6487
f 6468/6468 6491/6491 6477/6477
f 6477/6477 6470/6470 6468/6468
f 6489/6489 6492/6492 6478/6478
f 6478/6478 6483/6483 6489/6489
f 6492/6492 6465/6465 6472/6472
f 6472/6472 6478/6478 6492/6492
f 6486/6486 6477/6477 6491/6491
f 6491/6491 6488/6488 6486/6486
f 6493/6493 6495/6495 6498/6498
f 6498/6498 6501/6501 6493/6493
f 6503/6503 6508/6508 6500/6500
f 6500/6500 6497/6497 6503/6503
f 6510/6510 6507/6507 6505/6505
f 6505/6505 6514/6514 6510/6510
f 6516/6516 6517/6517 6511/6511
f 6511/6511 6513/6513 6516/6516
f 6496/6496 6519/6519 6504/6504
f 6504/6504 6499/6499 6496/6496
f 6518/6518 6520/6520 6506/6506
f 6506/6506 6509/6509 6518/6518
f 6520/6520 6494/6494 6502/6502
f 6502/6502 6506/6506 6520/6520
f 6512/6512 6504/6504 6519/6519
f 6519/6519 6515/6515 6512/6512
f 6521/6521 6523/6523 6526/6526
f 6526/6526 6527/6527 6521/6521
f 6528/6528 6525/6525 6529/6529
f 6529/6529 6531/6531 6528/6528
f 6532/6532 6530/6530 6533/6533
f 6533/6533 6536/6536 6532/6532
f 6535/6535 6534/6534 6524/6524
f 6524/6524 6522/6522 6535/6535
f 6538/6538 6540/6540 6541/6541
f 6541/6541 6544/6544 6538/6538
f 6539/6539 6545/6545 6547/6547
f 6547/6547 6542/6542 6539/6539
f 6546/6546 6549/6549 6552/6552
f 6552/6552 6548/6548 6546/6546
f 6550/6550 6537/6537 6543/6543
f 6543/6543 6551/6551 6550/6550
f 6553/6553 6555/6555 6557/6557
f 6557/6557 6560/6560 6553/6553
f 6556/6556 6562/6562 6563/6563
f 6563/6563 6558/6558 6556/6556
f 6561/6561 6565/6565 6567/6567
f 6567/6567 6564/6564 6561/6561
f 6566/6566 6554/6554 6559/6559
f 6559/6559 6568/6568 6566/6566
f 6570/6570 6572/6572 6573/6573
f 6573/6573 6576/6576 6570/6570
f 6575/6575 6574/6574 6578/6578
f 6578/6578 6580/6580 6575/6575
f 6579/6579 6577/6577 6582/6582
f 6582/6582 6583/6583 6579/6579
f 6584/6584 6581/6581 6571/6571
f 6571/6571 6569/6569 6584/6584
f 6586/6586 6588/6588 6589/6589
f 6589/6589 6592/6592 6586/6586
f 6593/6593 6590/6590 6595/6595
f 6595/6595 6597/6597 6593/6593
f 6587/6587 6599/6599 6595/6595
f 6595/6595 6590/6590 6587/6587
f 6592/6592 6589/6589 6594/6594
f 6594/6594 6601/6601 6592/6592
f 6602/6602 6604/6604 6606/6606
f 6606/6606 6591/6591 6602/6602
f 6605/6605 6600/6600 6607/6607
f 6607/6607 6611/6611 6605/6605
f 6613/6613 6598/6598 6596/6596
f 6596/6596 6603/6603 6613/6613
f 6615/6615 6618/6618 6598/6598
f 6598/6598 6613/6613 6615/6615
f 6601/6601 6594/6594 6618/6618
f 6618/6618 6615/6615 6601/6601
f 6591/6591 6606/6606 6610/6610
f 6610/6610 6585/6585 6591/6591
f 6608/6608 6599/6599 6587/6587
f 6617/6617 6593/6593 6597/6597
f 6603/6603 6596/6596 6600/6600
f 6600/6600 6605/6605 6603/6603
f 6612/6612 6609/6609 6588/6588
f 6588/6588 6586/6586 6612/6612
f 6602/6602 6616/6616 6614/6614
f 6614/6614 6604/6604 6602/6602
f 6619/6619 6622/6622 6624/6624
f 6624/6624 6625/6625 6619/6619
f 6628/6628 6623/6623 6630/6630
f 6630/6630 6632/6632 6628/6628
f 6621/6621 6633/6633 6630/6630
f 6630/6630 6623/6623 6621/6621
f 6625/6625 6624/6624 6627/6627
f 6627/6627 6636/6636 6625/6625
f 6635/6635 6638/6638 6640/6640
f 6640/6640 6626/6626 6635/6635
f 6639/6639 6634/6634 6642/6642
f 6642/6642 6646/6646 6639/6639
f 6647/6647 6631/6631 6629/6629
f 6629/6629 6637/6637 6647/6647
f 6650/6650 6651/6651 6631/6631
f 6631/6631 6647/6647 6650/6650
f 6636/6636 6627/6627 6651/6651
f 6651/6651 6650/6650 6636/6636
f 6626/6626 6640/6640 6645/6645
f 6645/6645 6620/6620 6626/6626
f 6643/6643 6633/6633 6621/6621
f 6652/6652 6628/6628 6632/6632
f 6637/6637 6629/6629 6634/6634
f 6634/6634 6639/6639 6637/6637
f 6644/6644 6641/6641 6622/6622
f 6622/6622 6619/6619 6644/6644
f 6635/6635 6649/6649 6648/6648
f 6648/6648 6638/6638 6635/6635

