# https://github.com/mikedh/trimesh

o body_house
v 11.31128195 0.22893259 -4.74010784
v 11.31128195 0.22893203 -8.14010784
v 12.65128295 0.22893203 -8.14010784
v 12.65128295 0.22893259 -4.74010784
v 11.31128195 0.31893259 -4.74010785
v 11.31128195 0.31893203 -8.14010785
v 12.65128295 0.31893203 -8.14010785
v 12.65128295 0.31893259 -4.74010785
v 11.31128195 3.05893259 -4.74010830
v 11.31128195 3.05893203 -8.14010830
v 12.65128295 3.05893203 -8.14010830
v 12.65128295 3.05893259 -4.74010830
v 11.31128195 3.35893259 -4.74010835
v 11.31128195 3.35893203 -8.14010835
v 12.65128295 3.35893203 -8.14010835
v 12.65128295 3.35893259 -4.74010835
v 2.57315595 5.89893315 -1.31995476
v 2.57315695 5.89893148 -11.57119976
v 12.34940995 5.89893148 -11.57119976
v 12.34940895 5.89893315 -1.31995476
v 2.57315595 6.13893315 -1.31995480
v 2.57315695 6.13893148 -11.57119980
v 12.34940995 6.13893148 -11.57119980
v 12.34940895 6.13893315 -1.31995480
v 11.37178295 5.89893163 -10.59587876
v 11.37178195 5.89893299 -2.29527676
v 3.55078195 5.89893299 -2.29527676
v 3.55078295 5.89893163 -10.59587876
v 3.55078195 4.52893299 -2.29527654
v 3.55078295 4.52893163 -10.59587754
v 11.37178295 4.52893163 -10.59587754
v 11.37178195 4.52893299 -2.29527654
v 3.55078195 5.92893299 -2.29527677
v 3.55078295 5.92893163 -10.59587777
v 11.37178295 5.92893163 -10.59587777
v 11.37178195 5.92893299 -2.29527677
v 5.50603295 5.92893163 -10.59587777
v 5.50603295 4.52893163 -10.59587754
v 5.50603195 5.92893299 -2.29527677
v 5.50603195 4.52893299 -2.29527654
v 9.41181595 5.92893163 -10.59587777
v 9.41181495 4.52893299 -2.29527654
v 9.41181595 4.52893163 -10.59587754
v 9.41181495 5.92893299 -2.29527677
v 10.92978895 5.92893299 -2.29527677
v 10.92978995 4.52893163 -10.59587754
v 10.92978895 4.52893299 -2.29527654
v 10.92978995 5.92893163 -10.59587777
v 9.41181595 5.79236963 -10.59587775
v 9.41181495 5.79237099 -2.29527675
v 9.41181495 4.62039599 -2.29527655
v 9.41181595 4.62039463 -10.59587755
v 6.70518795 4.62039599 -2.29527655
v 6.70518895 4.62039463 -10.59587755
v 3.55078195 4.62039599 -2.29527655
v 5.50603195 4.62039599 -2.29527655
v 6.70518795 5.92893299 -2.29527677
v 6.70518895 4.52893163 -10.59587754
v 6.70518795 4.52893299 -2.29527654
v 6.70518895 5.92893163 -10.59587777
v 3.55078295 5.79236963 -10.59587775
v 3.55078195 5.79237099 -2.29527675
v 11.37178295 5.79236963 -10.59587775
v 11.37178195 5.79237099 -2.29527675
v 5.50603295 5.79236963 -10.59587775
v 5.50603195 5.79237099 -2.29527675
v 6.70518895 5.79236963 -10.59587775
v 6.70518795 5.79237099 -2.29527675
v 3.55078195 4.62039510 -7.75406355
v 11.37178295 4.62039510 -7.75406355
v 11.37178295 5.92893253 -5.10136177
v 11.37178295 5.20638261 -4.61556465
v 11.37178295 5.20638237 -6.11043465
v 11.37178295 5.79237037 -6.11043475
v 11.37178295 5.20638163 -10.59587765
v 5.50603195 4.62039596 -2.44529155
v 3.55078195 4.52893238 -6.00861954
v 5.87560995 4.62039599 -2.29527655
v 5.87561095 4.62039463 -10.59587755
v 3.55078195 5.92893253 -5.10136177
v 11.37178295 4.52893253 -5.10136154
v 11.37178295 5.79237053 -5.10136175
v 3.55078195 5.79237053 -5.10136175
v 3.55078195 4.62039537 -6.11043455
v 3.55078195 4.52893224 -6.87224854
v 3.55078195 4.62039538 -6.00861955
v 11.37178295 4.62039538 -6.00861955
v 4.72840695 5.92893299 -2.29527677
v 4.72840795 4.52893163 -10.59587754
v 3.55078195 5.92893237 -6.11043477
v 11.37178295 4.52893237 -6.11043454
v 5.50603295 4.62039463 -10.59587755
v 11.37178195 4.62039599 -2.29527655
v 11.37178295 4.62039463 -10.59587755
v 3.55078295 4.62039463 -10.59587755
v 10.92978995 5.79236963 -10.59587775
v 10.92978995 4.62039463 -10.59587755
v 10.92978895 4.62039599 -2.29527655
v 10.92978895 5.79237099 -2.29527675
v 3.55078195 5.79237092 -2.71810075
v 11.37178195 5.79237092 -2.71810075
v 3.55078195 4.52893237 -6.11043454
v 3.55078195 4.62039592 -2.71810055
v 6.70518795 5.20638299 -2.29527665
v 5.50603195 5.20638299 -2.29527665
v 11.37178295 4.62039553 -5.10136155
v 3.55078195 4.62039553 -5.10136155
v 3.55078195 5.92893292 -2.71810077
v 3.55078195 4.52893292 -2.71810054
v 11.37178195 5.92893292 -2.71810077
v 11.37178195 4.52893292 -2.71810054
v 11.37178195 4.62039592 -2.71810055
v 10.92978895 5.20638299 -2.29527665
v 11.37178295 5.20638224 -6.87224865
v 4.72840695 5.79237099 -2.29527675
v 4.72840795 5.79236963 -10.59587775
v 3.55078195 5.79237038 -6.00861975
v 11.37178295 5.79237038 -6.00861975
v 11.37178295 4.52893238 -6.00861954
v 3.55078195 5.92893238 -6.00861977
v 3.55078295 5.20638191 -8.89497165
v 10.92978995 5.20638163 -10.59587765
v 7.55850195 5.92893163 -10.59587777
v 7.55850095 4.52893299 -2.29527654
v 3.55078195 5.79237061 -4.61556475
v 11.37178295 4.52893261 -4.61556454
v 5.87561095 5.92893163 -10.59587777
v 5.87561095 4.52893163 -10.59587754
v 3.55078195 4.62039572 -3.92976755
v 11.37178195 4.62039572 -3.92976755
v 11.37178295 5.92893237 -6.11043477
v 3.55078195 5.79237010 -7.75406375
v 11.37178295 5.79237010 -7.75406375
v 11.37178295 4.52893210 -7.75406354
v 3.55078195 5.92893210 -7.75406377
v 3.55078195 4.52893272 -3.92976754
v 3.55078295 5.92893191 -8.89497177
v 11.37178295 4.52893191 -8.89497154
v 3.55078295 5.20638163 -10.59587765
v 11.37178195 5.20638299 -2.29527665
v 3.55078195 5.79237037 -6.11043475
v 11.37178295 4.62039537 -6.11043455
v 7.55850095 5.20638299 -2.29527665
v 4.72840795 5.20638163 -10.59587765
v 10.17080195 5.92893299 -2.29527677
v 11.37178195 5.92893272 -3.92976777
v 3.55078195 4.52893210 -7.75406354
v 10.17080295 4.52893163 -10.59587754
v 10.17080195 4.52893299 -2.29527654
v 10.17080295 5.92893163 -10.59587777
v 11.37178295 4.62039524 -6.87224855
v 3.55078195 4.62039524 -6.87224855
v 3.55078195 4.62039561 -4.61556455
v 10.17080295 5.79236963 -10.59587775
v 10.17080295 4.62039463 -10.59587755
v 3.55078195 4.52893253 -5.10136154
v 3.55078195 5.79237072 -3.92976775
v 11.37178195 5.79237072 -3.92976775
v 11.37178195 4.52893272 -3.92976754
v 3.55078195 5.92893272 -3.92976777
v 11.37178295 5.79237061 -4.61556475
v 3.55078195 5.92893261 -4.61556477
v 11.37178295 5.92893238 -6.00861977
v 10.17080195 4.62039599 -2.29527655
v 10.17080195 5.79237099 -2.29527675
v 11.37178295 5.92893224 -6.87224877
v 7.55850195 4.62039463 -10.59587755
v 7.55850195 4.52893163 -10.59587754
v 11.37178295 5.92893210 -7.75406377
v 3.55078195 5.20638238 -6.00861965
v 11.37178295 5.20638253 -5.10136165
v 4.72840695 4.52893299 -2.29527654
v 4.72840795 5.92893163 -10.59587777
v 11.37178295 4.62039491 -8.89497155
v 3.55078295 4.62039491 -8.89497155
v 3.55078195 5.79237024 -6.87224875
v 11.37178295 5.79237024 -6.87224875
v 11.37178295 4.52893224 -6.87224854
v 3.55078195 5.92893224 -6.87224877
v 5.87560995 4.52893299 -2.29527654
v 5.87560995 5.92893299 -2.29527677
v 5.87560995 5.79237099 -2.29527675
v 5.87561095 5.79236963 -10.59587775
v 3.55078195 5.20638237 -6.11043465
v 3.55078195 5.20638261 -4.61556465
v 7.55850095 4.62039599 -2.29527655
v 4.72840795 4.62039463 -10.59587755
v 4.72840695 4.62039599 -2.29527655
v 7.55850195 5.79236963 -10.59587775
v 7.55850095 5.92893299 -2.29527677
v 11.37178295 5.79236991 -8.89497175
v 3.55078295 5.79236991 -8.89497175
v 11.37178295 4.62039561 -4.61556455
v 7.55850095 5.79237099 -2.29527675
v 11.37178295 5.92893191 -8.89497177
v 3.55078295 4.52893191 -8.89497154
v 3.55078195 4.52893261 -4.61556454
v 11.37178295 5.92893261 -4.61556477
v 3.55078195 5.20638299 -2.29527665
v 6.70518895 5.20638163 -10.59587765
v 3.55078195 5.20638224 -6.87224865
v 4.72840695 5.20638299 -2.29527665
v 3.55078195 5.20638210 -7.75406365
v 3.55078195 5.20638253 -5.10136165
v 6.70518795 4.62039596 -2.44529155
v 11.37178295 5.20638238 -6.00861965
v 11.37178195 5.20638292 -2.71810065
v 3.55078195 5.20638292 -2.71810065
v 9.41181495 5.20638299 -2.29527665
v 9.41181495 4.62039596 -2.44529155
v 5.87561095 5.20638163 -10.59587765
v 11.37178295 5.20638210 -7.75406365
v 9.41181495 5.79237096 -2.44529175
v 11.37178295 5.20638191 -8.89497165
v 10.17080295 5.20638163 -10.59587765
v 11.37178195 5.20638272 -3.92976765
v 3.55078195 5.20638272 -3.92976765
v 7.55850195 5.20638163 -10.59587765
v 5.50603195 5.79237096 -2.44529175
v 6.70518795 5.79237096 -2.44529175
v 5.87560995 4.62039596 -2.44529155
v 10.92978895 4.62039596 -2.44529155
v 10.92978895 5.79237096 -2.44529175
v 6.70518795 5.20638296 -2.44529165
v 5.50603195 5.20638296 -2.44529165
v 10.92978895 5.20638296 -2.44529165
v 10.17080195 4.62039596 -2.44529155
v 10.17080195 5.79237096 -2.44529175
v 5.87560995 5.79237096 -2.44529175
v 9.41181495 5.20638296 -2.44529165
v 11.22178395 4.62039510 -7.75406355
v 11.22178395 5.79237053 -5.10136175
v 11.22178395 4.62039538 -6.00861955
v 11.22178395 5.79237092 -2.71810075
v 11.22178395 4.62039592 -2.71810055
v 11.22178395 5.20638224 -6.87224865
v 11.22178395 5.79237038 -6.00861975
v 11.22178395 4.62039572 -3.92976755
v 11.22178395 5.79237010 -7.75406375
v 11.22178395 4.62039524 -6.87224855
v 11.22178395 5.79237072 -3.92976775
v 11.22178395 5.20638253 -5.10136165
v 11.22178395 5.79237024 -6.87224875
v 11.22178395 5.20638238 -6.00861965
v 11.22178395 5.20638292 -2.71810065
v 11.22178395 5.20638210 -7.75406365
v 11.22178395 5.20638272 -3.92976765
v 9.41181595 5.79236966 -10.44587875
v 9.41181595 4.62039466 -10.44587855
v 5.50603295 5.79236966 -10.44587775
v 5.87561095 4.62039466 -10.44587755
v 5.50603295 4.62039466 -10.44587755
v 4.72840795 5.79236966 -10.44587775
v 4.72840795 5.20638166 -10.44587765
v 10.17080295 5.79236966 -10.44587875
v 10.17080295 4.62039466 -10.44587855
v 7.55850195 4.62039466 -10.44587855
v 5.87561095 5.79236966 -10.44587775
v 4.72840795 4.62039466 -10.44587755
v 7.55850195 5.79236966 -10.44587875
v 5.87561095 5.20638166 -10.44587765
v 10.17080295 5.20638166 -10.44587865
v 7.55850195 5.20638166 -10.44587865
v 3.70078195 4.62039510 -7.75406355
v 3.70078195 5.79237053 -5.10136175
v 3.70078195 5.79237038 -6.00861975
v 3.70078195 5.20638191 -8.89497165
v 3.70078195 5.79237061 -4.61556475
v 3.70078195 5.79237010 -7.75406375
v 3.70078195 5.79237037 -6.11043475
v 3.70078195 5.20638238 -6.00861965
v 3.70078195 4.62039491 -8.89497155
v 3.70078195 5.20638237 -6.11043465
v 3.70078195 5.20638261 -4.61556465
v 3.70078195 5.79236991 -8.89497175
v 3.70078195 5.20638210 -7.75406365
v 3.70078195 5.20638253 -5.10136165
v 11.22178395 4.52893253 -5.10136154
v 11.22178395 4.62039553 -5.10136155
v 11.22178395 4.52893210 -7.75406354
v 11.22178395 4.52893238 -6.00861954
v 11.22178395 4.52893224 -6.87224854
v 0.00128295 0.14893336 -0.00057583
v 0.00128295 0.14893179 -9.67057583
v 0.00128295 2.88893336 -0.00057627
v 0.00128295 2.88893179 -9.67057627
v 9.01128295 2.88893336 -0.00057627
v 0.00128295 2.45893179 -9.67057620
v 0.00128295 2.45893336 -0.00057620
v 9.01128295 2.45893336 -0.00057620
v 6.60628295 2.88893336 -0.00057627
v 6.60628295 0.14893336 -0.00057583
v 6.60628295 2.45893336 -0.00057620
v 0.83378295 2.88893179 -9.67057627
v 0.83378295 2.45893179 -9.67057620
v 0.83378295 2.88893336 -0.00057627
v 0.83378295 0.14893179 -9.67057583
v 3.32003295 1.94143336 -0.00057612
v 0.83378295 1.94143179 -9.67057612
v 3.32003295 0.14893179 -9.67057583
v 3.32003295 2.45893179 -9.67057620
v 0.83378295 2.45893336 -0.00057620
v 0.83378295 0.14893336 -0.00057583
v 9.01128295 1.94143306 -1.86807612
v 9.01128295 2.88893306 -1.86807627
v 9.01128295 0.14893306 -1.86807583
v 0.00128295 1.94143306 -1.86807612
v 5.72271995 2.45893336 -0.00057620
v 5.72271995 1.94143336 -0.00057612
v 0.00128295 1.94143179 -9.67057612
v 3.32003295 2.45893336 -0.00057620
v 3.32003295 0.14893336 -0.00057583
v 4.20315795 2.88893336 -0.00057627
v 3.32003295 2.88893179 -9.67057627
v 3.32003295 2.88893336 -0.00057627
v 0.00128295 0.14893306 -1.86807583
v 0.00128295 2.88893306 -1.86807627
v 0.00128295 1.94143336 -0.00057612
v 0.83378295 1.94143336 -0.00057612
v 3.32003295 1.94143179 -9.67057612
v 6.60628295 1.94143336 -0.00057612
v 5.72271995 0.14893336 -0.00057583
v 5.72271995 2.88893336 -0.00057627
v 4.20315795 0.14893336 -0.00057583
v 4.20315795 2.45893336 -0.00057620
v 4.20315795 1.94143336 -0.00057612
v 9.01128295 2.45893306 -1.86807620
v 0.00128295 2.45893306 -1.86807620
v 6.60628295 0.14893331 -0.30057583
v 6.60628295 2.45893331 -0.30057620
v 3.32003295 1.94143331 -0.30057612
v 0.83378295 2.45893331 -0.30057620
v 0.83378295 0.14893331 -0.30057583
v 5.72271995 2.45893331 -0.30057620
v 5.72271995 1.94143331 -0.30057612
v 3.32003295 2.45893331 -0.30057620
v 3.32003295 0.14893331 -0.30057583
v 0.83378295 1.94143331 -0.30057612
v 6.60628295 1.94143331 -0.30057612
v 4.20315795 2.45893331 -0.30057620
v 4.20315795 1.94143331 -0.30057612
v 8.71128295 2.45893331 -0.30057620
v 8.71128295 1.94143306 -1.86807612
v 8.71128295 0.14893306 -1.86807583
v 8.71128295 2.45893306 -1.86807620
v 2.11690795 2.45893336 -0.00057620
v 2.11690795 0.14893179 -9.67057583
v 2.11690795 2.88893336 -0.00057627
v 2.11690795 2.45893179 -9.67057620
v 2.11690795 2.88893179 -9.67057627
v 2.11690795 1.94143179 -9.67057612
v 2.11690795 2.45893331 -0.30057620
v 1.13534595 2.45893179 -9.67057620
v 1.13534595 2.88893336 -0.00057627
v 1.13534595 0.14893179 -9.67057583
v 1.13534595 2.45893336 -0.00057620
v 1.13534595 2.45893331 -0.30057620
v 1.13534595 1.94143179 -9.67057612
v 1.13534595 2.88893179 -9.67057627
v 2.11690795 0.14893183 -9.37057583
v 2.11690795 2.45893183 -9.37057620
v 2.11690795 1.94143183 -9.37057612
v 1.13534595 2.45893183 -9.37057620
v 1.13534595 1.94143183 -9.37057612
v 1.13534595 0.14893183 -9.37057583
v 0.00128295 2.88893208 -7.83698927
v 0.00128295 1.94143208 -7.83698912
v 0.00128295 0.14893208 -7.83698883
v 0.00128295 2.45893208 -7.83698920
v 8.71128295 2.45893307 -1.80537620
v 9.01128295 2.45893307 -1.79337620
v 0.00128295 2.88893307 -1.79337627
v 0.00128295 1.94143307 -1.79337612
v 0.00128295 2.88893282 -3.31030427
v 0.00128295 2.45893282 -3.31030420
v 0.00128295 2.45893307 -1.79337620
v 9.01128295 2.88893307 -1.79337627
v 0.00128295 0.14893307 -1.79337583
v 0.00128295 1.94143282 -3.31030412
v 0.00128295 1.94143233 -6.35253212
v 0.00128295 0.14893233 -6.35253183
v 0.00128295 2.88893233 -6.35253227
v 0.00128295 2.45893233 -6.35253220
v 0.00128295 0.14893282 -3.31030383
v 0.30128295 1.94143306 -1.86807612
v 0.30128295 2.45893306 -1.86807620
v 0.30128295 1.94143208 -7.83698912
v 0.30128295 2.45893208 -7.83698920
v 0.30128295 1.94143307 -1.79337612
v 0.30128295 2.45893282 -3.31030420
v 0.30128295 2.45893307 -1.79337620
v 0.30128295 1.94143282 -3.31030412
v 0.30128295 1.94143233 -6.35253212
v 0.30128295 2.45893233 -6.35253220
v 0.00128295 2.88893298 -2.33762527
v 9.01128295 0.14893298 -2.33762483
v 9.01128295 2.45893298 -2.33762520
v 9.01128295 1.94143298 -2.33762512
v 9.01128295 2.88893298 -2.33762527
v 0.00128295 2.45893298 -2.33762520
v 0.30128295 2.45893298 -2.33762520
v 3.59028195 2.45893179 -9.67057620
v 3.59028195 2.88893336 -0.00057627
v 3.59028195 2.88893179 -9.67057627
v 3.59028195 1.94143179 -9.67057612
v 3.59028195 0.14893179 -9.67057583
v 3.59028195 2.45893336 -0.00057620
v 3.59028195 1.94143336 -0.00057612
v 3.59028195 0.14893336 -0.00057583
v 3.51128295 0.24893262 -10.68057684
v 11.41128395 0.24893262 -10.68057684
v 11.41128295 0.24893400 -2.21057584
v 3.51128295 4.52893262 -10.68057754
v 11.41128395 4.52893262 -10.68057754
v 11.41128295 4.52893400 -2.21057654
v 3.51128295 2.76893162 -10.68057725
v 11.41128395 2.76893162 -10.68057725
v 11.41128295 2.76893300 -2.21057625
v 9.40128295 2.76893162 -10.68057725
v 9.40128295 2.76893300 -2.21057625
v 9.40128295 1.54893400 -2.21057605
v 9.40128295 2.76893298 -2.36057625
v 9.40128295 4.52893262 -10.68057754
v 9.40128295 2.76893164 -10.53057625
v 9.40128295 4.52893400 -2.21057654
v 9.40128295 0.24893400 -2.21057584
v 11.41128295 2.76893272 -3.94557525
v 11.41128295 1.54893400 -2.21057605
v 11.41128395 1.54893262 -10.68057705
v 3.51128295 1.54893262 -10.68057705
v 11.41128295 0.24893372 -3.94557484
v 11.41128295 4.52893372 -3.94557554
v 9.40128295 1.54893398 -2.36057605
v 11.41128295 1.54893372 -3.94557505
v 11.26128295 1.54893372 -3.94557505
v 11.26128295 1.54893398 -2.36057605
v 11.26128295 2.76893272 -3.94557525
v 11.26128295 2.76893298 -2.36057625
v 11.41128395 2.76893207 -7.93527525
v 11.41128395 0.24893307 -7.93527484
v 11.41128395 4.52893353 -5.10307654
v 11.41128395 3.42893324 -6.87245136
v 11.41128395 3.42893310 -7.75382636
v 9.40128295 3.05893300 -2.21057630
v 11.41128395 4.52893338 -6.00776454
v 11.41128395 4.52893310 -7.75382654
v 9.40128295 3.42893400 -2.21057636
v 9.40128295 3.42893262 -10.68057736
v 11.41128395 4.52893324 -6.87245154
v 11.41128395 2.76893256 -4.93527625
v 11.41128295 3.05893272 -3.94557530
v 11.41128395 0.24893356 -4.93527584
v 11.41128295 3.42893372 -3.94557536
v 11.41128395 3.42893338 -6.00776436
v 11.41128395 3.42893353 -5.10307636
v 11.41128295 3.42893400 -2.21057636
v 11.41128395 3.42893262 -10.68057736
v 3.51128295 3.42893262 -10.68057736
v 5.88628295 0.24893262 -10.68057684
v 5.88628295 2.76893162 -10.68057725
v 5.88628295 4.52893262 -10.68057754
v 5.88628295 1.54893262 -10.68057705
v 5.88628295 3.42893262 -10.68057736
v 4.68878395 1.54893262 -10.68057705
v 4.68878395 4.52893262 -10.68057754
v 4.68878395 2.76893162 -10.68057725
v 4.68878395 0.24893262 -10.68057684
v 4.68878395 3.42893262 -10.68057736
v 5.88628295 2.76893164 -10.53057625
v 5.88628295 1.54893264 -10.53057605
v 4.68878395 1.54893264 -10.53057605
v 4.68878395 2.76893164 -10.53057625
v 10.35628295 4.52893262 -10.68057754
v 10.35628295 0.24893400 -2.21057584
v 10.35628295 0.24893262 -10.68057684
v 10.35628295 1.54893400 -2.21057605
v 10.35628295 1.54893262 -10.68057705
v 10.35628295 2.76893162 -10.68057725
v 10.20628295 1.54893398 -2.36057605
v 10.35628295 3.42893262 -10.68057736
v 7.35378395 0.24893262 -10.68057684
v 7.35378395 3.42893262 -10.68057736
v 7.35378395 1.54893262 -10.68057705
v 7.35378395 4.52893262 -10.68057754
v 7.35378395 2.76893162 -10.68057725
v 10.35628295 1.54893264 -10.53057605
v 10.35628295 2.76893164 -10.53057625
v 7.35378395 0.24893264 -10.53057584
v 7.35378395 1.54893264 -10.53057605
v 7.35378395 2.76893164 -10.53057625
v 11.26128295 4.52893353 -5.10307654
v 11.26128295 3.42893324 -6.87245136
v 11.26128295 3.42893310 -7.75382636
v 11.26128295 4.52893338 -6.00776454
v 11.26128295 4.52893310 -7.75382654
v 11.26128295 4.52893324 -6.87245154
v 11.26128295 3.42893338 -6.00776436
v 11.26128295 3.42893353 -5.10307636
v 8.93611195 3.42893400 -2.21057636
v 8.93611195 4.52893400 -2.21057654
v 8.93611195 0.24893400 -2.21057584
v 8.93611195 1.54893400 -2.21057605
v 8.93611195 2.76893300 -2.21057625
v 3.51128295 4.52893279 -9.61057954
v 3.51128295 2.76893179 -9.61057925
v 3.51128295 0.24893279 -9.61057884
v 3.51128295 1.54893279 -9.61057905
v 3.51128295 3.42893279 -9.61057936
v 3.51128295 3.42893400 -2.21057636
v 3.51128295 4.52893400 -2.21057654
v 11.26128295 4.52893398 -2.36060354
v 11.26128395 4.52893264 -10.53060954
v 9.40128295 4.52893264 -10.53060954
v 5.88628295 4.52893264 -10.53060954
v 4.68878395 4.52893264 -10.53060954
v 10.35628295 4.52893264 -10.53060954
v 7.35378395 4.52893264 -10.53060954
v 3.66131695 4.52893264 -10.53057654
v 3.66131695 4.52893279 -9.61057954
v 3.66131695 4.52893398 -2.36060354
v 9.40128295 4.52893398 -2.36060354
v 8.93611195 4.52893398 -2.36060354
v 11.26128295 4.52893372 -3.94557554
v 11.26128395 0.24893264 -10.53057584
v 9.40128295 0.24893398 -2.36060284
v 10.35628295 0.24893398 -2.36060284
v 8.93611195 0.24893398 -2.36060284
v 11.26128295 0.24893398 -2.36060284
v 11.26128295 0.24893372 -3.94557484
v 10.35628295 0.24893264 -10.53057584
v 5.88628295 0.24893264 -10.53057584
v 4.68878395 0.24893264 -10.53057584
v 3.66131695 0.24893264 -10.53057584
v 3.66131695 0.24893279 -9.61057884
v 9.40128295 3.05893162 -10.68057730
v 11.41128395 3.05893253 -5.10307630
v 11.41128395 3.05893224 -6.87245130
v 11.41128395 3.05893210 -7.75382630
v 11.41128395 3.05893238 -6.00776430
v 11.41128295 3.05893300 -2.21057630
v 3.51128295 3.05893162 -10.68057730
v 11.41128395 3.05893162 -10.68057730
v 5.88628295 3.05893162 -10.68057730
v 4.68878395 3.05893162 -10.68057730
v 10.35628295 3.05893162 -10.68057730
v 7.35378395 3.05893162 -10.68057730
v 8.93611195 3.05893300 -2.21057630
v 3.51128295 3.05893179 -9.61057930
v 11.41128395 1.54893356 -4.93527605
v 11.41128395 4.52893356 -4.93527654
v 11.41128395 3.42893356 -4.93527636
v 11.26128295 4.52893356 -4.93527654
v 11.26128395 0.24893356 -4.93527584
v 11.41128395 3.05893256 -4.93527630
v 11.41128395 1.54893307 -7.93527505
v 11.41128395 4.52893307 -7.93527554
v 11.41128395 3.42893307 -7.93527536
v 11.26128295 4.52893308 -7.86029154
v 11.26128395 0.24893307 -7.93527484
v 11.41128395 3.05893207 -7.93527530
f 6 7 3
f 6 3 2
f 7 8 4
f 7 4 3
f 8 5 1
f 8 1 4
f 8 7 6
f 8 6 5
f 14 15 11
f 14 11 10
f 15 16 12
f 15 12 11
f 16 13 9
f 16 9 12
f 9 10 11
f 9 11 12
f 16 15 14
f 16 14 13
f 21 22 18
f 21 18 17
f 22 23 19
f 22 19 18
f 23 24 20
f 23 20 19
f 24 21 17
f 24 17 20
f 17 18 28
f 17 28 27
f 19 20 26
f 19 26 25
f 20 17 27
f 20 27 26
f 18 19 25
f 18 25 28
f 175 95 30
f 175 30 196
f 97 94 31
f 97 31 46
f 112 93 32
f 112 32 111
f 188 55 29
f 188 29 172
f 187 92 38
f 187 38 89
f 78 56 40
f 78 40 180
f 110 36 64
f 110 64 101
f 137 34 61
f 137 61 192
f 79 54 58
f 79 58 128
f 186 53 59
f 186 59 124
f 181 39 66
f 181 66 182
f 173 37 65
f 173 65 116
f 88 33 62
f 88 62 115
f 48 35 63
f 48 63 96
f 190 57 68
f 190 68 194
f 127 60 67
f 127 67 183
f 211 200 54
f 211 54 79
f 122 75 94
f 122 94 97
f 202 199 55
f 202 55 188
f 37 127 183
f 37 183 65
f 155 97 46
f 155 46 148
f 207 140 93
f 207 93 112
f 143 104 53
f 143 53 186
f 123 41 49
f 123 49 189
f 167 52 43
f 167 43 168
f 121 139 95
f 121 95 175
f 33 108 100
f 33 100 62
f 150 48 96
f 150 96 154
f 145 44 50
f 145 50 165
f 209 143 186
f 209 186 51
f 199 208 103
f 199 103 55
f 164 51 42
f 164 42 149
f 55 103 109
f 55 109 29
f 140 113 98
f 140 98 93
f 215 122 97
f 215 97 155
f 36 45 99
f 36 99 64
f 93 98 47
f 93 47 32
f 130 112 111
f 130 111 159
f 146 110 101
f 146 101 158
f 185 204 107
f 185 107 153
f 80 120 117
f 80 117 83
f 57 181 182
f 57 182 68
f 44 190 194
f 44 194 50
f 208 217 129
f 208 129 103
f 131 163 118
f 131 118 74
f 69 175 196
f 69 196 147
f 51 186 124
f 51 124 42
f 198 146 158
f 198 158 161
f 204 170 86
f 204 86 107
f 72 216 130
f 72 130 193
f 108 160 157
f 108 157 100
f 193 130 159
f 193 159 126
f 103 129 136
f 103 136 109
f 142 87 119
f 142 119 91
f 163 71 82
f 163 82 118
f 73 206 87
f 73 87 142
f 200 218 167
f 200 167 54
f 153 107 156
f 153 156 197
f 54 167 168
f 54 168 58
f 107 86 77
f 107 77 156
f 162 80 83
f 162 83 125
f 169 166 177
f 169 177 133
f 184 201 152
f 184 152 84
f 195 169 133
f 195 133 191
f 34 173 116
f 34 116 61
f 92 79 128
f 92 128 38
f 90 179 176
f 90 176 141
f 98 164 149
f 98 149 47
f 45 145 165
f 45 165 99
f 41 150 154
f 41 154 49
f 84 152 85
f 84 85 102
f 139 144 187
f 139 187 95
f 75 214 174
f 75 174 94
f 179 135 132
f 179 132 176
f 174 70 134
f 174 134 138
f 60 123 189
f 60 189 67
f 152 69 147
f 152 147 85
f 201 203 69
f 201 69 152
f 52 155 148
f 52 148 43
f 214 212 70
f 214 70 174
f 94 174 138
f 94 138 31
f 56 188 172
f 56 172 40
f 105 202 188
f 105 188 56
f 39 88 115
f 39 115 66
f 53 78 180
f 53 180 59
f 95 187 89
f 95 89 30
f 113 99 223
f 113 223 226
f 78 53 205
f 78 205 221
f 86 84 102
f 86 102 77
f 166 131 74
f 166 74 177
f 35 195 191
f 35 191 63
f 135 137 192
f 135 192 132
f 115 62 199
f 115 199 202
f 99 165 228
f 99 228 223
f 164 98 222
f 164 222 227
f 160 162 125
f 160 125 157
f 170 184 84
f 170 84 86
f 141 176 201
f 141 201 184
f 114 73 142
f 114 142 151
f 129 153 197
f 129 197 136
f 217 185 153
f 217 153 129
f 66 105 225
f 66 225 219
f 151 142 91
f 151 91 178
f 171 72 193
f 171 193 106
f 154 96 122
f 154 122 215
f 192 61 139
f 192 139 121
f 120 90 141
f 120 141 117
f 100 157 217
f 100 217 208
f 53 104 224
f 53 224 205
f 51 164 227
f 51 227 210
f 101 64 140
f 101 140 207
f 71 198 161
f 71 161 82
f 63 191 214
f 63 214 75
f 106 193 126
f 106 126 81
f 67 189 218
f 67 218 200
f 62 100 208
f 62 208 199
f 50 209 230
f 50 230 213
f 104 68 220
f 104 220 224
f 50 194 143
f 50 143 209
f 161 158 216
f 161 216 72
f 165 50 213
f 165 213 228
f 183 67 200
f 183 200 211
f 96 63 75
f 96 75 122
f 68 182 229
f 68 229 220
f 64 99 113
f 64 113 140
f 209 51 210
f 209 210 230
f 98 113 226
f 98 226 222
f 194 68 104
f 194 104 143
f 61 116 144
f 61 144 139
f 74 118 206
f 74 206 73
f 182 66 219
f 182 219 229
f 176 132 203
f 176 203 201
f 191 133 212
f 191 212 214
f 66 115 202
f 66 202 105
f 105 56 76
f 105 76 225
f 56 78 221
f 56 221 76
f 177 74 73
f 177 73 114
f 157 125 185
f 157 185 217
f 82 161 72
f 82 72 171
f 207 112 235
f 207 235 245
f 82 171 242
f 82 242 232
f 101 207 245
f 101 245 234
f 118 82 232
f 118 232 237
f 114 151 240
f 114 240 236
f 216 158 241
f 216 241 247
f 70 212 246
f 70 246 231
f 133 177 243
f 133 243 239
f 87 206 244
f 87 244 233
f 206 118 237
f 206 237 244
f 212 133 239
f 212 239 246
f 177 114 236
f 177 236 243
f 112 130 238
f 112 238 235
f 130 216 247
f 130 247 238
f 158 101 234
f 158 234 241
f 65 183 258
f 65 258 250
f 187 144 254
f 187 254 259
f 79 92 252
f 79 252 251
f 218 189 260
f 218 260 263
f 183 211 261
f 183 261 258
f 116 65 250
f 116 250 253
f 211 79 251
f 211 251 261
f 189 49 248
f 189 248 260
f 92 187 259
f 92 259 252
f 167 218 263
f 167 263 257
f 215 155 256
f 215 256 262
f 144 116 253
f 144 253 254
f 155 52 249
f 155 249 256
f 52 167 257
f 52 257 249
f 49 154 255
f 49 255 248
f 154 215 262
f 154 262 255
f 185 125 268
f 185 268 274
f 141 184 273
f 141 273 270
f 121 175 272
f 121 272 267
f 204 185 274
f 204 274 277
f 175 69 264
f 175 264 272
f 132 192 275
f 132 275 269
f 170 204 277
f 170 277 271
f 83 117 266
f 83 266 265
f 184 170 271
f 184 271 273
f 117 141 270
f 117 270 266
f 192 121 267
f 192 267 275
f 69 203 276
f 69 276 264
f 125 83 265
f 125 265 268
f 203 132 269
f 203 269 276
f 106 81 278
f 106 278 279
f 134 70 231
f 134 231 280
f 171 106 279
f 171 279 242
f 119 87 233
f 119 233 281
f 151 178 282
f 151 282 240
f 367 310 284
f 367 284 368
f 319 318 283
f 319 283 303
f 302 289 318
f 302 318 319
f 366 286 288
f 366 288 369
f 377 287 290
f 377 290 371
f 296 285 289
f 296 289 302
f 287 291 293
f 287 293 290
f 350 314 301
f 350 301 349
f 286 294 295
f 286 295 288
f 354 296 302
f 354 302 356
f 310 299 297
f 310 297 284
f 369 288 310
f 369 310 367
f 349 301 320
f 349 320 351
f 407 311 298
f 407 298 408
f 351 320 300
f 351 300 347
f 403 315 311
f 403 311 407
f 408 298 312
f 408 312 409
f 372 317 328
f 372 328 376
f 288 295 299
f 288 299 310
f 291 323 308
f 291 308 293
f 373 307 316
f 373 316 378
f 293 308 309
f 293 309 321
f 321 309 322
f 321 322 292
f 397 327 304
f 397 304 398
f 309 326 324
f 309 324 322
f 323 313 325
f 323 325 308
f 399 305 327
f 399 327 397
f 398 304 306
f 398 306 396
f 293 321 339
f 293 339 330
f 312 298 331
f 312 331 337
f 321 292 329
f 321 329 339
f 309 308 334
f 309 334 335
f 325 326 341
f 325 341 340
f 319 303 333
f 319 333 338
f 326 309 335
f 326 335 341
f 356 302 332
f 356 332 357
f 302 319 338
f 302 338 332
f 308 325 340
f 308 340 334
f 298 311 336
f 298 336 331
f 304 327 345
f 304 345 343
f 371 290 342
f 371 342 370
f 306 304 343
f 306 343 344
f 290 293 330
f 290 330 342
f 359 350 349
f 359 349 353
f 315 348 346
f 315 346 311
f 353 349 361
f 353 361 363
f 351 347 360
f 351 360 362
f 311 346 352
f 311 352 336
f 299 358 355
f 299 355 297
f 295 353 358
f 295 358 299
f 348 354 356
f 348 356 346
f 346 356 357
f 346 357 352
f 294 359 353
f 294 353 295
f 355 358 364
f 355 364 365
f 349 351 362
f 349 362 361
f 358 353 363
f 358 363 364
f 380 367 368
f 380 368 381
f 382 366 369
f 382 369 383
f 395 374 375
f 395 375 400
f 375 383 380
f 375 380 379
f 307 379 384
f 307 384 316
f 374 382 383
f 374 383 375
f 379 380 381
f 379 381 384
f 285 372 376
f 285 376 289
f 327 371 370
f 327 370 345
f 318 373 378
f 318 378 283
f 289 376 373
f 289 373 318
f 305 377 371
f 305 371 327
f 383 369 388
f 383 388 394
f 376 328 386
f 376 386 391
f 367 380 393
f 367 393 387
f 369 367 387
f 369 387 388
f 375 379 392
f 375 392 390
f 307 373 389
f 307 389 385
f 373 376 391
f 373 391 389
f 379 307 385
f 379 385 392
f 400 375 390
f 400 390 401
f 380 383 394
f 380 394 393
f 317 395 400
f 317 400 328
f 328 400 401
f 328 401 386
f 325 407 408
f 325 408 326
f 313 403 407
f 313 407 325
f 326 408 409
f 326 409 324
f 320 405 406
f 320 406 300
f 301 402 405
f 301 405 320
f 314 404 402
f 314 402 301
f 507 430 410
f 507 410 506
f 477 429 411
f 477 411 475
f 434 428 412
f 434 412 431
f 548 541 416
f 548 416 505
f 545 542 417
f 545 417 478
f 451 540 418
f 451 418 427
f 483 485 490
f 483 490 489
f 420 421 433
f 420 433 422
f 478 417 429
f 478 429 477
f 540 444 420
f 540 420 418
f 418 420 422
f 418 422 438
f 505 416 430
f 505 430 507
f 476 421 426
f 476 426 474
f 546 535 419
f 546 419 485
f 450 427 434
f 450 434 549
f 549 434 431
f 549 431 452
f 554 451 427
f 554 427 450
f 427 418 438
f 427 438 437
f 428 434 435
f 428 435 436
f 434 427 437
f 434 437 435
f 476 428 436
f 476 436 479
f 551 453 451
f 551 451 554
f 482 448 535
f 482 535 546
f 542 560 439
f 542 439 417
f 415 425 447
f 415 447 456
f 417 439 555
f 417 555 429
f 456 447 444
f 456 444 540
f 453 456 540
f 453 540 451
f 480 457 542
f 480 542 545
f 473 414 457
f 473 457 480
f 508 458 541
f 508 541 548
f 550 432 453
f 550 453 551
f 429 555 440
f 429 440 411
f 449 445 454
f 449 454 442
f 484 423 448
f 484 448 482
f 556 446 443
f 556 443 557
f 432 415 456
f 432 456 453
f 504 413 458
f 504 458 508
f 464 462 459
f 464 459 467
f 544 543 460
f 544 460 466
f 465 461 463
f 465 463 468
f 541 544 466
f 541 466 416
f 430 464 467
f 430 467 410
f 416 466 464
f 416 464 430
f 413 465 468
f 413 468 458
f 460 462 470
f 460 470 469
f 464 466 472
f 464 472 471
f 466 460 469
f 466 469 472
f 462 464 471
f 462 471 470
f 481 483 489
f 481 489 488
f 535 545 478
f 535 478 419
f 428 476 474
f 428 474 412
f 421 476 479
f 421 479 433
f 423 473 480
f 423 480 448
f 462 483 481
f 462 481 459
f 543 546 485
f 543 485 460
f 461 484 482
f 461 482 463
f 460 485 483
f 460 483 462
f 485 419 424
f 485 424 490
f 419 478 487
f 419 487 424
f 478 477 486
f 478 486 487
f 449 442 492
f 449 492 496
f 455 454 497
f 455 497 498
f 442 443 493
f 442 493 492
f 454 445 494
f 454 494 497
f 441 455 498
f 441 498 491
f 443 446 495
f 443 495 493
f 425 500 499
f 425 499 447
f 421 502 501
f 421 501 426
f 420 503 502
f 420 502 421
f 444 547 503
f 444 503 420
f 499 500 510
f 499 510 509
f 504 508 509
f 504 509 510
f 484 461 514
f 484 514 517
f 473 423 513
f 473 513 516
f 461 465 515
f 461 515 514
f 423 484 517
f 423 517 513
f 414 473 516
f 414 516 512
f 504 510 520
f 504 520 519
f 413 504 519
f 413 519 518
f 465 413 518
f 465 518 515
f 500 425 521
f 500 521 522
f 425 415 511
f 425 511 521
f 510 500 522
f 510 522 520
f 415 432 523
f 415 523 511
f 556 414 512
f 556 512 558
f 550 441 491
f 550 491 552
f 445 449 496
f 445 496 494
f 474 426 525
f 474 525 526
f 426 501 527
f 426 527 525
f 475 411 524
f 475 524 530
f 452 431 529
f 452 529 553
f 431 412 528
f 431 528 529
f 412 474 526
f 412 526 528
f 477 475 530
f 477 530 486
f 467 459 531
f 467 531 532
f 459 481 488
f 459 488 531
f 506 410 533
f 506 533 534
f 410 467 532
f 410 532 533
f 454 455 536
f 454 536 539
f 557 443 538
f 557 538 560
f 443 442 537
f 443 537 538
f 442 454 539
f 442 539 537
f 468 463 543
f 468 543 544
f 458 468 544
f 458 544 541
f 448 480 545
f 448 545 535
f 463 482 546
f 463 546 543
f 447 499 547
f 447 547 444
f 455 551 554
f 455 554 536
f 441 550 551
f 441 551 455
f 432 550 552
f 432 552 523
f 414 556 557
f 414 557 457
f 446 556 558
f 446 558 495
f 411 440 559
f 411 559 524
f 457 557 560
f 457 560 542

o fundametnts
v 6.17615195 0.14505358 1.36187517
v 9.42615195 0.14505298 -2.33812383
v 9.42615195 0.14505358 1.36187517
v 9.42615195 -0.04247742 1.36187520
v 9.42615195 -0.04247802 -2.33812380
v 6.17615195 -0.04247742 1.36187520
v 6.17615195 0.14505333 -0.16527583
v 9.42615195 -0.04247767 -0.16527580
v 9.42615195 0.14505333 -0.16527583
v 6.17615195 -0.04247767 -0.16527580
v 8.80560995 0.14505358 1.36187517
v 8.80560995 -0.04247742 1.36187520
v 0.06128195 -0.05531065 -0.06057479
v 0.06128195 -0.05531221 -9.61057579
v 8.93612495 -0.05531065 -0.06057479
v 0.06128195 0.14993335 -0.06057483
v 0.06128195 0.14993179 -9.61057583
v 8.93612495 0.14993335 -0.06057483
v 3.59028195 -0.05531236 -10.55352679
v 11.33228295 -0.05531236 -10.55352679
v 11.33228295 -0.05531102 -2.33762479
v 3.59028195 0.27993164 -10.55352685
v 11.33228295 0.27993164 -10.55352685
v 11.33228295 0.27993298 -2.33762485
v 11.33228295 0.27993205 -8.04557585
v 11.33228295 -0.05531195 -8.04557579
v 11.33228295 -0.05531142 -4.79160079
v 11.33228295 0.27993258 -4.79160085
v 3.59028195 0.14993179 -9.61057583
v 12.56228195 0.27993205 -8.04557585
v 12.56228195 -0.05531195 -8.04557579
v 12.56228195 -0.05531142 -4.79160079
v 12.56228195 0.27993258 -4.79160085
v 3.59028195 0.14993164 -10.55352683
v 3.59028195 -0.05531221 -9.61057579
v 11.33228295 0.14993164 -10.55352683
v 11.33228295 0.14993298 -2.33762483
v 11.33228295 0.14993205 -8.04557583
v 12.56228195 0.14993258 -4.79160083
v 12.56228195 0.14993205 -8.04557583
v 3.59028195 0.27993179 -9.61057585
v 11.33228295 0.14993258 -4.79160083
v 8.93612495 0.27993164 -10.55352685
v 8.93612495 -0.05531236 -10.55352679
v 8.93612495 0.27993298 -2.33762485
v 8.93612495 -0.05531102 -2.33762479
v 3.59028195 0.14993179 -9.61057583
v 3.59028195 -0.05531221 -9.61057579
v 8.93612495 0.14993164 -10.55352683
v 8.93612495 0.14993298 -2.33762483
v 2.11690795 -0.05531221 -9.61057579
v 2.11690795 0.14993179 -9.61057583
v 1.13534595 -0.05531221 -9.61057579
v 1.13534595 0.14993179 -9.61057583
v 2.11690795 0.14993183 -9.37057583
v 1.13534595 0.14993183 -9.37057583
f 571 561 566
f 571 566 572
f 561 567 570
f 561 570 566
f 562 569 568
f 562 568 565
f 563 571 572
f 563 572 564
f 569 563 564
f 569 564 568
f 576 577 574
f 576 574 573
f 578 576 573
f 578 573 575
f 589 594 579
f 589 579 595
f 609 596 580
f 609 580 604
f 602 597 581
f 602 581 587
f 596 598 586
f 596 586 580
f 598 585 590
f 598 590 600
f 600 599 592
f 600 592 591
f 602 587 592
f 602 592 599
f 601 582 594
f 601 594 589
f 603 583 596
f 603 596 609
f 588 584 597
f 588 597 602
f 583 585 598
f 583 598 596
f 586 598 600
f 586 600 591
f 590 593 599
f 590 599 600
f 588 602 599
f 588 599 593
f 594 609 604
f 594 604 579
f 597 610 606
f 597 606 581
f 612 607 608
f 612 608 611
f 582 603 609
f 582 609 594
f 584 605 610
f 584 610 597
f 575 606 610
f 575 610 578
f 614 612 611
f 614 611 613
f 577 614 613
f 577 613 574
f 612 614 616
f 612 616 615

o wall_barrels
v 6.67628395 0.84893162 -10.68057594
v 6.67628395 0.84893122 -13.14010794
v 6.97628395 0.84893122 -13.14010794
v 6.97628395 0.84893162 -10.68057594
v 6.67628395 0.88893162 -10.68057595
v 6.67628395 0.88893122 -13.14010795
v 6.97628395 0.88893122 -13.14010795
v 6.97628395 0.88893162 -10.68057595
v 10.73628295 0.84893162 -10.68057594
v 10.73628295 0.84893122 -13.14010894
v 11.03628295 0.84893122 -13.14010894
v 11.03628295 0.84893162 -10.68057594
v 10.73628295 0.88893162 -10.68057595
v 10.73628295 0.88893122 -13.14010895
v 11.03628295 0.88893122 -13.14010895
v 11.03628295 0.88893162 -10.68057595
v 6.70128395 -0.03106836 -10.55352580
v 6.70128395 -0.03106878 -13.14010680
v 6.95128395 -0.03106878 -13.14010680
v 6.95128395 -0.03106836 -10.55352580
v 6.70128395 0.84893164 -10.55352594
v 6.70128395 0.84893122 -13.14010694
v 6.95128395 0.84893122 -13.14010694
v 6.95128395 0.84893164 -10.55352594
v 10.76128195 -0.03106836 -10.55352580
v 10.76128195 -0.03106878 -13.14010780
v 11.01128195 -0.03106878 -13.14010680
v 11.01128195 -0.03106836 -10.55352580
v 10.76128195 0.84893164 -10.55352594
v 10.76128195 0.84893122 -13.14010794
v 11.01128195 0.84893122 -13.14010694
v 11.01128195 0.84893164 -10.55352594
f 621 622 618
f 621 618 617
f 622 623 619
f 622 619 618
f 623 624 620
f 623 620 619
f 617 618 619
f 617 619 620
f 624 623 622
f 624 622 621
f 629 630 626
f 629 626 625
f 630 631 627
f 630 627 626
f 631 632 628
f 631 628 627
f 625 626 627
f 625 627 628
f 632 631 630
f 632 630 629
f 637 638 634
f 637 634 633
f 638 639 635
f 638 635 634
f 639 640 636
f 639 636 635
f 645 646 642
f 645 642 641
f 646 647 643
f 646 643 642
f 647 648 644
f 647 644 643

o boards
v 6.89128495 0.84893133 -12.48010994
v 6.89128495 0.84893130 -12.63010994
v 6.89128495 3.08893130 -12.63011031
v 6.89128495 3.08893133 -12.48011031
v 6.76128395 0.84893133 -12.48010994
v 6.76128395 0.84893130 -12.63010994
v 6.76128395 3.08893130 -12.63011031
v 6.76128395 3.08893133 -12.48011031
v 6.89128395 0.84893129 -12.71010894
v 6.89128395 0.84893127 -12.86010894
v 6.89128395 3.08893127 -12.86010931
v 6.89128395 3.08893129 -12.71010931
v 6.76128295 0.84893129 -12.71010894
v 6.76128295 0.84893127 -12.86010894
v 6.76128295 3.08893127 -12.86010931
v 6.76128295 3.08893129 -12.71010931
v 10.95128395 0.84893033 -12.48010894
v 10.95128395 0.84893130 -12.63010894
v 10.95128395 3.08893130 -12.63010931
v 10.95128395 3.08893133 -12.48010931
v 10.82128295 0.84893033 -12.48010894
v 10.82128295 0.84893130 -12.63010894
v 10.82128295 3.08893130 -12.63010931
v 10.82128295 3.08893133 -12.48010931
v 10.95128295 0.84893029 -12.71010794
v 10.95128295 0.84893127 -12.86010794
v 10.95128295 3.08893127 -12.86010831
v 10.95128295 3.08893129 -12.71010831
v 10.82128195 0.84893029 -12.71010794
v 10.82128195 0.84893127 -12.86010794
v 10.82128195 3.08893127 -12.86010831
v 10.82128195 3.08893129 -12.71010831
v 6.32128195 3.22893163 -10.65010733
v 6.32128195 3.22893122 -13.11010733
v 6.42128195 3.22893122 -13.11010733
v 6.42128195 3.22893163 -10.65010733
v 6.32128195 3.42893163 -10.65010736
v 6.32128195 3.42893122 -13.11010736
v 6.42128195 3.42893122 -13.11010736
v 6.42128195 3.42893163 -10.65010736
v 7.32128195 3.22893163 -10.65010733
v 7.32128195 3.22893122 -13.11010733
v 7.42128295 3.22893122 -13.11010733
v 7.42128295 3.22893163 -10.65010733
v 7.32128195 3.42893163 -10.65010736
v 7.32128195 3.42893122 -13.11010736
v 7.42128295 3.42893122 -13.11010736
v 7.42128295 3.42893163 -10.65010736
v 9.25128195 3.22893163 -10.65010733
v 9.25128195 3.22893122 -13.11010733
v 9.35128295 3.22893122 -13.11010733
v 9.35128295 3.22893163 -10.65010733
v 9.25128195 3.42893163 -10.65010736
v 9.25128195 3.42893122 -13.11010736
v 9.35128295 3.42893122 -13.11010736
v 9.35128295 3.42893163 -10.65010736
v 8.25128195 3.22893163 -10.65010833
v 8.25128195 3.22893122 -13.11010833
v 8.35128295 3.22893122 -13.11010833
v 8.35128295 3.22893163 -10.65010833
v 8.25128195 3.42893163 -10.65010836
v 8.25128195 3.42893122 -13.11010836
v 8.35128295 3.42893122 -13.11010836
v 8.35128295 3.42893163 -10.65010836
v 10.25128195 3.22893163 -10.65010733
v 10.25128195 3.22893122 -13.11010733
v 10.35128295 3.22893122 -13.11010733
v 10.35128295 3.22893163 -10.65010733
v 10.25128195 3.42893163 -10.65010736
v 10.25128195 3.42893122 -13.11010736
v 10.35128295 3.42893122 -13.11010736
v 10.35128295 3.42893163 -10.65010736
v 11.25128195 3.22893163 -10.65010733
v 11.25128195 3.22893122 -13.11010733
v 11.35128195 3.22893122 -13.11010733
v 11.35128195 3.22893163 -10.65010733
v 11.25128195 3.42893163 -10.65010736
v 11.25128195 3.42893122 -13.11010736
v 11.35128195 3.42893122 -13.11010736
v 11.35128195 3.42893163 -10.65010736
v 11.37643195 3.01893132 -12.55010829
v 11.37643195 3.01893128 -12.75010829
v 11.37643195 3.32893128 -12.75010834
v 11.37643195 3.32893132 -12.55010834
v 6.29613095 3.01893132 -12.55010829
v 6.29613095 3.01893128 -12.75010829
v 6.29613095 3.32893128 -12.75010834
v 6.29613095 3.32893132 -12.55010834
f 653 654 650
f 653 650 649
f 654 655 651
f 654 651 650
f 655 656 652
f 655 652 651
f 656 653 649
f 656 649 652
f 649 650 651
f 649 651 652
f 656 655 654
f 656 654 653
f 661 662 658
f 661 658 657
f 662 663 659
f 662 659 658
f 663 664 660
f 663 660 659
f 664 661 657
f 664 657 660
f 657 658 659
f 657 659 660
f 664 663 662
f 664 662 661
f 669 670 666
f 669 666 665
f 670 671 667
f 670 667 666
f 671 672 668
f 671 668 667
f 672 669 665
f 672 665 668
f 665 666 667
f 665 667 668
f 672 671 670
f 672 670 669
f 677 678 674
f 677 674 673
f 678 679 675
f 678 675 674
f 679 680 676
f 679 676 675
f 680 677 673
f 680 673 676
f 673 674 675
f 673 675 676
f 680 679 678
f 680 678 677
f 685 686 682
f 685 682 681
f 686 687 683
f 686 683 682
f 687 688 684
f 687 684 683
f 688 685 681
f 688 681 684
f 681 682 683
f 681 683 684
f 688 687 686
f 688 686 685
f 693 694 690
f 693 690 689
f 694 695 691
f 694 691 690
f 695 696 692
f 695 692 691
f 696 693 689
f 696 689 692
f 689 690 691
f 689 691 692
f 696 695 694
f 696 694 693
f 701 702 698
f 701 698 697
f 702 703 699
f 702 699 698
f 703 704 700
f 703 700 699
f 704 701 697
f 704 697 700
f 697 698 699
f 697 699 700
f 704 703 702
f 704 702 701
f 709 710 706
f 709 706 705
f 710 711 707
f 710 707 706
f 711 712 708
f 711 708 707
f 712 709 705
f 712 705 708
f 705 706 707
f 705 707 708
f 712 711 710
f 712 710 709
f 717 718 714
f 717 714 713
f 718 719 715
f 718 715 714
f 719 720 716
f 719 716 715
f 720 717 713
f 720 713 716
f 713 714 715
f 713 715 716
f 720 719 718
f 720 718 717
f 725 726 722
f 725 722 721
f 726 727 723
f 726 723 722
f 727 728 724
f 727 724 723
f 728 725 721
f 728 721 724
f 721 722 723
f 721 723 724
f 728 727 726
f 728 726 725
f 733 734 730
f 733 730 729
f 734 735 731
f 734 731 730
f 735 736 732
f 735 732 731
f 736 733 729
f 736 729 732
f 729 730 731
f 729 731 732
f 736 735 734
f 736 734 733

o barrels
v 12.66206795 4.18226607 -4.84941848
v 12.63316395 4.18226607 -4.84941848
v 12.66206795 4.16781405 -8.01841848
v 12.66206795 4.09671757 -4.84941847
v 12.63316395 4.09671757 -4.84941847
v 12.63316395 4.06781457 -4.84941846
v 12.66206795 4.06781457 -4.84941846
v 12.66206795 4.09671705 -8.01841847
v 12.63316495 4.09671705 -8.01841847
v 12.63316495 4.06781405 -8.01841846
v 12.66206795 4.06781405 -8.01841846
v 12.66206795 3.99671757 -4.84941845
v 12.63316395 3.99671757 -4.84941845
v 12.63316395 3.96781457 -4.84941845
v 12.66206795 3.96781457 -4.84941845
v 12.66206795 3.99671705 -8.01841845
v 12.63316495 3.99671705 -8.01841845
v 12.63316495 3.96781405 -8.01841845
v 12.66206795 3.96781405 -8.01841845
v 12.66206795 3.89671757 -4.84941844
v 12.63316395 3.89671757 -4.84941844
v 12.63316395 3.86781457 -4.84941843
v 12.66206795 3.86781457 -4.84941843
v 12.66206795 3.89671705 -8.01841844
v 12.63316495 3.89671705 -8.01841844
v 12.63316495 3.86781405 -8.01841843
v 12.66206795 3.86781405 -8.01841843
v 12.66206795 3.79671857 -4.84941842
v 12.63316395 3.79671857 -4.84941842
v 12.63316395 3.76781457 -4.84941842
v 12.66206795 3.76781457 -4.84941842
v 12.66206795 3.79671805 -8.01841842
v 12.63316495 3.79671805 -8.01841842
v 12.63316495 3.76781405 -8.01841842
v 12.66206795 3.76781405 -8.01841842
v 12.66206795 3.69671757 -4.84941840
v 12.63316395 3.69671757 -4.84941840
v 12.63316395 3.66781457 -4.84941840
v 12.66206795 3.66781457 -4.84941840
v 12.66206795 3.69671705 -8.01841840
v 12.63316495 3.69671705 -8.01841840
v 12.63316495 3.66781405 -8.01841840
v 12.66206795 3.66781405 -8.01841840
v 12.64761595 3.59671757 -4.84941839
v 12.63316495 3.59671705 -8.01841839
v 12.64761645 3.56781405 -8.01841838
v 12.66206795 3.49671757 -4.84941837
v 12.63316395 3.49671757 -4.84941837
v 12.63316395 3.46781457 -4.84941837
v 12.66206795 3.46781457 -4.84941837
v 12.66206795 3.49671705 -8.01841837
v 12.63316495 3.49671705 -8.01841837
v 12.63316495 3.46781405 -8.01841837
v 12.66206795 3.46781405 -8.01841837
v 12.61878295 3.44893358 -4.82079236
v 12.67594861 3.44893358 -4.81058403
v 12.61878295 4.26893257 -4.84704250
v 12.67594861 4.26893257 -4.85725083
v 12.65990720 4.26893258 -4.80941750
v 12.64678245 4.32893257 -4.83391751
v 12.65990720 3.44893357 -4.85841736
v 12.64678245 3.40893257 -4.83391736
v 12.68128295 4.40893258 -4.79891752
v 12.61128195 4.40893257 -4.86891852
v 11.31128295 4.32893257 -4.83391751
v 11.31128295 4.40893257 -4.83391802
v 12.68128295 4.32893258 -4.79891751
v 12.61128195 4.32893257 -4.86891751
v 12.68128295 4.32893204 -8.08103051
v 12.61128195 4.32893206 -8.01103151
v 12.68128295 4.40893204 -8.08103152
v 12.61128195 4.40893206 -8.01103052
v 11.31128295 4.32893205 -8.04603101
v 11.31128295 4.40893205 -8.04603102
v 11.31128295 3.35893258 -4.77891735
v 12.68128295 3.40893259 -4.70891836
v 12.61128195 3.40893258 -4.77891836
v 11.31128295 3.35893259 -4.70891735
v 11.31128295 3.40893258 -4.77891836
v 12.68128295 3.35893259 -4.70891735
v 12.61128195 3.35893258 -4.77891735
v 11.31128295 3.40893259 -4.70891836
v 12.68128295 3.35893203 -8.17103035
v 12.61128195 3.35893204 -8.10103135
v 12.68128295 3.40893203 -8.17103136
v 12.61128195 3.40893204 -8.10103136
v 11.31128295 3.35893203 -8.17103035
v 11.31128295 3.35893204 -8.10103135
v 11.31128295 3.40893203 -8.17103136
v 11.31128295 3.40893204 -8.10103136
v 12.61878295 3.44893305 -8.03079311
v 12.67594861 3.44893305 -8.02058436
v 12.61878295 4.26893205 -8.05704350
v 12.67594861 4.26893205 -8.06725183
v 12.65990720 4.26893205 -8.01941790
v 12.64678245 4.32893205 -8.04391801
v 12.65990720 3.44893305 -8.06841836
v 12.64678245 3.40893205 -8.04391786
v 12.61878295 3.44893331 -6.42079236
v 12.67594861 3.44893332 -6.41058403
v 12.61878295 4.26893231 -6.44704250
v 12.67594861 4.26893231 -6.45725083
v 12.65990720 4.26893232 -6.40941750
v 12.64678245 4.32893231 -6.43391751
v 12.65990720 3.44893331 -6.45841736
v 12.64678245 3.40893231 -6.43391736
v 11.44344861 3.44893305 -8.01475136
v 11.43178195 3.44893304 -8.07891836
v 11.49594861 3.44893305 -8.02058436
v 11.43178195 4.26893206 -8.00891850
v 11.44344861 4.26893205 -8.07308516
v 11.49594861 4.26893205 -8.06725183
v 11.47990695 4.26893205 -8.01941790
v 11.44928195 4.32893205 -8.04975151
v 11.48428195 4.32893205 -8.03808451
v 11.47990695 3.44893305 -8.06841836
v 11.44928195 3.40893205 -8.03808436
v 11.48428195 3.40893205 -8.04975136
f 738 739 737
f 744 745 741
f 744 741 740
f 745 746 742
f 745 742 741
f 746 747 743
f 746 743 742
f 747 744 740
f 747 740 743
f 752 753 749
f 752 749 748
f 753 754 750
f 753 750 749
f 754 755 751
f 754 751 750
f 755 752 748
f 755 748 751
f 760 761 757
f 760 757 756
f 761 762 758
f 761 758 757
f 762 763 759
f 762 759 758
f 763 760 756
f 763 756 759
f 768 769 765
f 768 765 764
f 769 770 766
f 769 766 765
f 770 771 767
f 770 767 766
f 771 768 764
f 771 764 767
f 776 777 773
f 776 773 772
f 777 778 774
f 777 774 773
f 778 779 775
f 778 775 774
f 779 776 772
f 779 772 775
f 781 782 780
f 787 788 784
f 787 784 783
f 788 789 785
f 788 785 784
f 789 790 786
f 789 786 785
f 790 787 783
f 790 783 786
f 793 794 797
f 793 797 791
f 794 795 792
f 794 792 797
f 795 793 791
f 795 791 792
f 793 795 796
f 794 793 796
f 795 794 796
f 797 792 798
f 792 791 798
f 791 797 798
f 808 807 810
f 800 808 806
f 800 806 804
f 799 800 802
f 807 799 803
f 807 803 805
f 800 804 801
f 800 801 802
f 803 799 802
f 803 802 801
f 804 806 805
f 804 805 803
f 799 807 808
f 799 808 800
f 804 803 801
f 807 805 809
f 807 809 810
f 806 808 810
f 806 810 809
f 805 806 809
f 822 821 825
f 822 825 826
f 813 822 820
f 813 820 817
f 812 813 815
f 812 815 818
f 821 812 816
f 821 816 819
f 813 817 811
f 813 811 815
f 816 812 818
f 816 818 814
f 817 820 819
f 817 819 816
f 812 821 822
f 812 822 813
f 817 816 814
f 817 814 811
f 821 819 823
f 821 823 825
f 820 822 826
f 820 826 824
f 819 820 824
f 819 824 823
f 829 830 833
f 829 833 827
f 830 831 828
f 830 828 833
f 831 829 827
f 831 827 828
f 829 831 832
f 830 829 832
f 831 830 832
f 833 828 834
f 828 827 834
f 827 833 834
f 837 838 841
f 837 841 835
f 838 839 836
f 838 836 841
f 839 837 835
f 839 835 836
f 837 839 840
f 838 837 840
f 839 838 840
f 841 836 842
f 836 835 842
f 835 841 842
f 846 847 844
f 846 844 843
f 847 848 852
f 847 852 844
f 848 849 845
f 848 845 852
f 849 846 843
f 849 843 845
f 849 851 850
f 847 846 849
f 847 849 850
f 848 847 850
f 848 850 851
f 849 848 851
f 852 854 853
f 843 844 852
f 852 845 854
f 845 843 853
f 845 853 854
f 843 852 853

o chimneys
v 4.84362495 7.80886036 -6.12757607
v 3.80762495 7.80886036 -6.12757607
v 3.80762495 7.80886026 -6.76357607
v 4.84362495 7.80886026 -6.76357607
v 4.93902495 7.84410852 -6.00037708
v 4.84362495 7.88286026 -6.76357709
v 3.80762595 8.02886026 -6.76357711
v 3.80762495 7.88286036 -6.12757709
v 4.84362495 8.02886036 -6.12757711
v 3.80762495 8.02886036 -6.12757711
v 4.84362495 7.88286036 -6.12757709
v 3.80762595 7.88286026 -6.76357709
v 3.85395861 7.94136036 -6.12757717
v 4.84362495 8.02886026 -6.76357711
v 4.18562495 7.94136026 -6.76357710
v 4.84362495 7.96686027 -6.71724377
v 3.83079261 7.95411026 -6.74041043
v 4.18562495 7.96686036 -6.12757710
v 4.84362495 7.94136035 -6.21357710
v 3.80762595 7.96686032 -6.38557710
v 3.84762495 7.95411030 -6.50507710
v 4.06612545 7.95411036 -6.16757710
v 4.06612545 7.95411027 -6.72357710
v 4.78362595 7.95411030 -6.50507710
v 4.09062445 8.11417732 -6.37489712
v 4.09062495 8.11417728 -6.64625712
v 4.08681530 8.20017732 -6.39524926
v 4.09443477 8.20017728 -6.62590520
v 4.09062545 8.12017730 -6.51057712
v 4.93902495 7.85508629 -6.89077708
v 3.71222486 7.84917525 -6.00037708
v 3.71222587 7.83397490 -6.89077708
v 4.77545195 7.85086413 -6.17845708
v 4.77545195 7.84241949 -6.71269708
v 3.87579795 7.84241958 -6.17845708
v 3.87579795 7.85086404 -6.71269708
v 4.90181995 8.08597491 -6.84625712
v 3.74943195 8.06208630 -6.84625712
v 3.74943195 8.06686415 -6.04489712
v 4.90181995 8.07880846 -6.04489712
v 4.07495815 8.02864231 -6.46308911
v 4.10181637 8.09594586 -6.53432112
v 8.45494595 8.85417829 -6.56557724
v 8.72630595 8.85417829 -6.56557724
v 8.47529745 8.94017829 -6.56938693
v 8.70595395 8.94017829 -6.56176759
v 8.59062545 8.86017829 -6.56557725
v 8.84362595 8.76886136 -6.12757723
v 8.84362595 8.76886126 -6.76357723
v 8.20762595 8.58286126 -6.76357720
v 8.84362595 8.58286136 -6.12757720
v 8.20762595 8.76886126 -6.76357723
v 8.20762595 8.58286136 -6.12757720
v 8.84362595 8.58286126 -6.76357720
v 8.20762595 8.76886136 -6.12757723
v 8.79729261 8.65469359 -6.76357721
v 8.20762595 8.65469360 -6.71724388
v 8.20762595 8.61586036 -6.12757721
v 8.46562595 8.69352693 -6.76357722
v 8.20762595 8.73236036 -6.12757722
v 8.79729261 8.69352703 -6.12757722
v 8.84362595 8.67411029 -6.55507722
v 8.20762595 8.69352697 -6.48557722
v 8.46562595 8.65469370 -6.12757721
v 8.46562595 8.67411027 -6.72357722
v 8.70462595 8.67411027 -6.72357722
v 8.24762595 8.67411029 -6.55507722
v 8.58512595 8.73236035 -6.18757722
v 8.58512595 8.61586035 -6.18757721
v 8.97082695 8.55930704 -6.03217720
v 3.80762495 6.70868036 -6.12757589
v 4.84362495 7.16402026 -6.76357597
v 3.80762495 6.70868026 -6.76357589
v 4.84362495 7.16402036 -6.12757597
v 8.20762595 8.50886136 -6.12757719
v 8.20762595 8.50886126 -6.76357719
v 8.84362595 8.50886126 -6.76357719
v 8.84362595 8.50886136 -6.12757719
v 8.92630695 8.80447571 -6.06938324
v 8.12494695 8.81450892 -6.82177124
v 8.49564895 8.81164229 -6.56557674
v 8.92630695 8.80208669 -6.82177124
v 8.12494695 8.82597571 -6.06938324
v 8.68560095 8.81164229 -6.56557674
v 8.08042695 8.53819593 -6.03217719
v 8.08042695 8.54917358 -6.85897719
v 8.97082695 8.54410691 -6.85897719
v 8.21398695 8.54241805 -6.69361719
v 8.21398695 8.55086257 -6.19753720
v 8.83726595 8.55086249 -6.69361720
v 8.83726595 8.54241813 -6.19753719
v 8.20762595 7.98289636 -6.12757710
v 8.84362595 7.70076126 -6.76357706
v 8.84362595 7.70076136 -6.12757706
v 8.20762595 7.98289626 -6.76357710
f 856 857 927
f 856 927 925
f 857 858 926
f 857 926 927
f 869 870 860
f 869 860 866
f 867 874 862
f 870 873 865
f 871 869 866
f 874 871 866
f 874 866 862
f 870 865 860
f 873 872 865
f 870 873 878
f 872 867 862
f 872 862 865
f 873 870 878
f 868 869 871
f 868 863 873
f 868 873 870
f 861 868 871
f 864 867 872
f 863 864 872
f 863 872 873
f 864 874 867
f 868 870 869
f 864 871 874
f 864 861 871
f 867 872 876
f 869 871 877
f 872 867 876
f 874 871 875
f 871 869 877
f 871 874 875
f 881 882 880
f 881 880 879
f 882 881 879
f 882 879 880
f 881 882 883
f 882 881 883
f 888 890 886
f 888 886 884
f 887 889 885
f 887 885 859
f 889 885 886
f 889 886 890
f 884 886 890
f 890 886 885
f 890 885 889
f 859 887 888
f 859 888 884
f 859 885 889
f 859 889 887
f 884 888 887
f 884 887 859
f 884 890 888
f 891 896 892
f 896 895 892
f 896 893 894
f 896 892 893
f 894 893 895
f 891 896 894
f 895 893 892
f 894 895 896
f 894 896 891
f 891 892 896
f 899 900 898
f 899 898 897
f 900 899 897
f 900 897 898
f 899 900 901
f 900 899 901
f 916 915 905
f 916 905 908
f 918 912 907
f 918 907 905
f 911 913 904
f 915 918 905
f 913 910 908
f 913 908 904
f 912 917 907
f 915 918 922
f 918 923 922
f 917 911 904
f 917 904 907
f 910 916 908
f 918 915 923
f 914 917 912
f 918 914 912
f 915 922 923
f 902 909 915
f 909 918 915
f 903 916 910
f 906 911 917
f 909 906 917
f 909 917 914
f 909 914 918
f 906 903 913
f 906 913 911
f 903 902 915
f 903 915 916
f 903 910 913
f 911 917 921
f 917 911 921
f 913 910 920
f 913 920 919
f 910 913 919
f 910 919 920
f 929 930 949
f 929 949 946
f 932 929 946
f 932 946 948
f 933 938 936
f 935 934 937
f 938 936 934
f 938 934 935
f 937 935 933
f 937 938 935
f 937 934 935
f 935 934 936
f 935 936 938
f 933 935 938
f 933 938 937
f 933 936 938
f 942 940 941
f 942 941 944
f 944 941 940
f 944 940 942
f 939 945 924
f 945 944 941
f 945 941 924
f 943 942 940
f 943 940 939
f 939 940 942
f 939 942 943
f 939 943 945
f 924 941 944
f 924 944 945
f 924 945 943
f 924 943 939
f 858 855 928
f 858 928 926
f 855 856 925
f 855 925 928
f 930 931 947
f 930 947 949
f 931 932 948
f 931 948 947

o windows
v 2.03569695 1.14649681 -9.54067499
v 2.03569695 1.14706181 -9.54123999
v 2.03626195 1.14706181 -9.54067499
v 2.03597945 1.14677931 -9.53323999
v 2.00386095 1.14706181 -9.53323999
v 2.00386095 1.14706181 -9.54067499
v 2.00442595 1.14706181 -9.54123999
v 2.00442595 1.14649681 -9.54067499
v 2.03626195 1.29793181 -9.54067501
v 2.03569695 1.29793181 -9.54124001
v 2.03569695 1.29849681 -9.54067501
v 2.03626195 1.29793181 -9.53324001
v 2.00414345 1.29821431 -9.53324001
v 2.00386095 1.29793181 -9.54067501
v 2.00442595 1.29849681 -9.54067501
v 2.00442595 1.29793181 -9.54124001
v 12.55560795 0.61638440 -5.89027490
v 12.50560895 0.61638440 -5.89027490
v 12.50560895 0.61638439 -5.98027490
v 12.55560795 0.61638439 -5.98027490
v 12.55560795 2.91998940 -5.89027528
v 12.50560895 2.91998940 -5.89027528
v 12.50560895 2.91998939 -5.98027528
v 12.55560795 2.91998939 -5.98027528
v 11.40560995 0.61638757 -4.83527490
v 11.40560995 0.61638756 -4.88527490
v 11.50560995 0.61638756 -4.88527490
v 11.50560995 0.61638757 -4.83527490
v 11.40560995 2.91988357 -4.83527528
v 11.40560995 2.91988356 -4.88527528
v 11.50560995 2.91988356 -4.88527528
v 11.50560995 2.91988357 -4.83527528
v 12.45560895 2.91887810 -7.73527528
v 12.45560895 3.01893610 -7.73527529
v 12.55560995 3.01893610 -7.73527529
v 12.55560995 2.91887810 -7.73527528
v 12.45560995 2.91887852 -5.13527528
v 12.45560995 3.01893652 -5.13527529
v 12.55560995 3.01893652 -5.13527529
v 12.55560995 2.91887852 -5.13527528
v 11.50560995 2.91988307 -7.93527528
v 11.50560995 2.91988306 -7.98527528
v 11.40560995 2.91988306 -7.98527528
v 11.40560995 2.91988307 -7.93527528
v 11.50560995 0.61638407 -7.93527490
v 11.50560995 0.61638406 -7.98527490
v 11.40560995 0.61638406 -7.98527490
v 11.40560995 0.61638407 -7.93527490
v 12.45560895 0.61638438 -6.02527490
v 12.50560995 0.61638438 -6.02527490
v 12.50560995 0.61638441 -5.84527490
v 12.45560895 0.61638441 -5.84527490
v 12.45560895 2.91887838 -6.02527528
v 12.48060945 2.91887839 -5.93527528
v 12.50560995 2.91887841 -5.84527528
v 11.40560995 0.61638456 -4.88527490
v 11.40560995 0.61638456 -4.93527490
v 11.55560995 0.61638456 -4.93527490
v 11.55560995 0.61638456 -4.88527490
v 11.40560995 2.91994156 -4.88527528
v 11.48060995 2.91994156 -4.91027528
v 11.55560995 2.91994156 -4.93527528
v 12.55560795 0.61638423 -6.93027490
v 12.50560895 0.61638423 -6.93027490
v 12.50560895 0.61638422 -7.02027490
v 12.55560795 0.61638422 -7.02027490
v 12.55560795 2.91998923 -6.93027528
v 12.50560895 2.91998923 -6.93027528
v 12.50560895 2.91998922 -7.02027528
v 12.55560795 2.91998922 -7.02027528
v 12.45560895 0.61638421 -7.06527490
v 12.50560995 0.61638421 -7.06527490
v 12.50560995 0.61638424 -6.88527590
v 12.45560895 0.61638424 -6.88527590
v 12.45560895 2.91887821 -7.06527528
v 12.48060945 2.91887822 -6.97527578
v 12.50560995 2.91887824 -6.88527628
v 11.40560995 0.61638405 -8.03527490
v 11.48060995 0.61638406 -8.01027490
v 11.55560995 0.61638406 -7.98527490
v 11.40560995 2.91994106 -7.98527528
v 11.40560995 2.91994105 -8.03527528
v 11.55560995 2.91994105 -8.03527528
v 11.55560995 2.91994106 -7.98527528
v 2.08025695 0.18132181 -9.53457583
v 2.08025695 2.42554181 -9.51857620
v 2.08025695 0.18132181 -9.50257583
v 2.08025695 2.00343181 -9.50257613
v 1.60281845 0.18132181 -9.51857583
v 1.35760595 1.79723403 -9.51933800
v 2.08025695 1.14237681 -9.50257599
v 2.08025695 1.14237681 -9.53457599
v 1.18261195 0.19480181 -9.49057583
v 1.13261195 0.14480180 -9.55057483
v 1.13261195 0.14480181 -9.49057583
v 1.18261195 0.19480080 -9.55057483
v 2.06889995 0.19480181 -9.49057583
v 2.11889995 0.14480080 -9.55057583
v 2.11889995 0.14480181 -9.49057583
v 2.06889995 0.19480080 -9.55057583
v 1.18261195 2.41206281 -9.49057619
v 1.13261195 2.46206280 -9.55057520
v 1.13261195 2.46206281 -9.49057620
v 1.18261195 2.41206280 -9.55057519
v 2.06889995 2.41206281 -9.49057619
v 2.11889995 2.46206280 -9.55057620
v 2.11889995 2.46206281 -9.49057620
v 2.06889995 2.41206280 -9.55057619
v 4.75788495 1.71875465 -10.52527608
v 4.70788395 1.66875465 -10.52527607
v 5.81617195 1.71875465 -10.52527708
v 5.86617195 1.66875465 -10.52527707
v 4.75788495 2.70107865 -10.52527624
v 4.70788395 2.75107965 -10.52527625
v 5.81617195 2.70107865 -10.52527724
v 5.86617195 2.75107965 -10.52527725
v 4.75788495 1.71875465 -10.48527608
v 4.70788395 1.66875465 -10.48527607
v 5.81617195 1.71875465 -10.48527708
v 5.86617195 1.66875465 -10.48527707
v 4.75788495 2.70107865 -10.48527624
v 4.70788395 2.75107965 -10.48527625
v 5.81617195 2.70107865 -10.48527724
v 5.86617195 2.75107965 -10.48527725
v 4.73788495 1.69875465 -10.52527608
v 4.68788395 1.64875464 -10.58527607
v 4.68788395 1.64875465 -10.52527607
v 4.73788495 1.69875364 -10.58527608
v 5.83617195 1.69875465 -10.52527708
v 5.88617195 1.64875464 -10.58527707
v 5.88617195 1.64875465 -10.52527707
v 5.83617195 1.69875364 -10.58527708
v 4.71288445 2.74607947 -10.55527633
v 5.86117195 2.74607923 -10.55527729
v 0.16261095 1.99508667 -6.38832279
v 0.16261095 1.96175209 -7.81720412
v 0.16261095 2.40668098 -6.40498953
v 0.16261095 2.20088310 -7.76720411
v 0.16261095 2.44001409 -7.81720420
v 0.20261095 2.01175331 -6.42165613
v 0.20261095 1.96175332 -6.37165612
v 0.20261095 2.01175210 -7.76720413
v 0.20261095 1.96175209 -7.81720412
v 0.20261095 2.39001431 -6.42165619
v 0.20261095 2.44001432 -6.37165620
v 0.20261095 2.39001410 -7.76720419
v 0.20261095 2.44001409 -7.81720420
v 0.16261095 1.99175332 -6.40165613
v 0.10261095 1.94175233 -6.35165612
v 0.16261095 1.94175233 -6.35165612
v 0.10261095 1.99175232 -6.40165613
v 0.16261095 1.99175309 -7.78720313
v 0.10261095 1.94175208 -7.83720312
v 0.16261095 1.94175208 -7.83720312
v 0.10261095 1.99175209 -7.78720413
v 0.16261095 2.41001432 -6.40165619
v 0.10261095 2.46001433 -6.35165620
v 0.16261095 2.46001433 -6.35165620
v 0.10261095 2.41001432 -6.40165619
v 0.16261095 2.41001409 -7.78720319
v 0.10261095 2.46001408 -7.83720320
v 0.16261095 2.46001308 -7.83720320
v 0.10261095 2.41001409 -7.78720419
v 0.16261095 1.99508741 -1.82832279
v 0.16261095 1.96175282 -3.29120412
v 0.16261095 2.40668173 -1.84498953
v 0.16261095 2.20088383 -3.24120311
v 0.16261095 2.44001482 -3.29120420
v 0.20261095 2.01175406 -1.86165613
v 0.20261095 1.96175407 -1.81165612
v 0.20261095 2.01175283 -3.24120313
v 0.20261095 1.96175282 -3.29120412
v 0.20261095 2.39001506 -1.86165619
v 0.20261095 2.44001507 -1.81165620
v 0.20261095 2.39001483 -3.24120319
v 0.20261095 2.44001482 -3.29120420
v 0.16261095 1.99175406 -1.84165613
v 0.10261095 1.94175307 -1.79165612
v 0.16261095 1.94175307 -1.79165612
v 0.10261095 1.99175306 -1.84165613
v 0.16261095 1.99175383 -3.26120313
v 0.10261095 1.94175282 -3.31120312
v 0.16261095 1.94175282 -3.31120412
v 0.10261095 1.99175283 -3.26120413
v 0.16261095 2.41001506 -1.84165619
v 0.10261095 2.46001507 -1.79165620
v 0.16261095 2.46001507 -1.79165620
v 0.10261095 2.41001506 -1.84165619
v 0.16261095 2.41001483 -3.26120319
v 0.10261095 2.46001482 -3.31120320
v 0.16261095 2.46001382 -3.31120420
v 0.10261095 2.41001483 -3.26120419
v 8.75560895 0.45638406 -1.81527588
v 8.78060895 0.45638406 -1.86027588
v 8.80560895 0.45638405 -1.90527588
v 8.80560895 2.35887906 -1.81527619
v 8.75560895 2.35887906 -1.81527619
v 8.75560895 2.35887905 -1.90527619
v 8.80560895 2.35887905 -1.90527619
v 8.75560895 0.45638419 -1.06027588
v 8.78060895 0.45638418 -1.10527588
v 8.80560895 0.45638417 -1.15027588
v 8.80560895 2.35887919 -1.06027619
v 8.75560895 2.35887919 -1.06027619
v 8.75560895 2.35887917 -1.15027619
v 8.80560895 2.35887917 -1.15027619
v 7.97061095 0.13711233 -0.16527482
v 7.97061095 0.13711232 -0.26527582
v 8.06060995 0.13711232 -0.26527582
v 8.06060995 0.13711233 -0.16527482
v 7.97061095 2.35999033 -0.16527519
v 7.97061095 2.35999032 -0.26527619
v 8.06060995 2.35999032 -0.26527619
v 8.06060995 2.35999033 -0.16527519
v 7.13060995 0.13711233 -0.16527482
v 7.13060995 0.13711232 -0.26527582
v 7.22060995 0.13711232 -0.26527582
v 7.22060995 0.13711233 -0.16527482
v 7.13060995 2.35999033 -0.16527519
v 7.13060995 2.35999032 -0.26527619
v 7.22060995 2.35999032 -0.26527619
v 7.22060995 2.35999033 -0.16527519
v 6.60560995 0.45638833 -0.21527488
v 6.65560995 0.45638833 -0.19027488
v 6.70560995 0.45638833 -0.16527488
v 6.60560995 2.35988433 -0.16527519
v 6.60560995 2.35988433 -0.21527519
v 6.70560995 2.35988433 -0.21527519
v 6.70560995 2.35988433 -0.16527519
v 8.75560995 0.45611205 -1.90527588
v 8.73060995 0.45611206 -1.83527588
v 8.70560995 0.45611207 -1.76527588
v 8.70560995 2.35887905 -1.90527619
v 8.75560995 2.35887905 -1.90527619
v 8.75560995 2.35887907 -1.76527619
v 8.70560995 2.35887907 -1.76527619
v 6.60560995 0.45638432 -0.26527588
v 6.68060995 0.45638432 -0.24027538
v 6.75560995 0.45638433 -0.21527488
v 6.60560995 2.35994233 -0.21527519
v 6.60560995 2.35994232 -0.26527619
v 6.75560995 2.35994232 -0.26527619
v 6.75560995 2.35994233 -0.21527519
v 7.62788495 4.68975266 -10.42527657
v 7.57788495 4.63975266 -10.42527656
v 8.63617295 4.68975266 -10.42527657
v 8.68617295 4.63975266 -10.42527656
v 7.62788495 5.72301366 -10.42527673
v 7.57788495 5.77301366 -10.42527674
v 8.63617295 5.72301366 -10.42527673
v 8.68617295 5.77301366 -10.42527674
v 7.62788495 4.68975267 -10.38527657
v 7.57788495 4.63975267 -10.38527656
v 8.63617295 4.68975267 -10.38527657
v 8.68617295 4.63975267 -10.38527656
v 7.62788495 5.72301367 -10.38527673
v 7.57788495 5.77301367 -10.38527674
v 8.63617295 5.72301367 -10.38527673
v 8.68617295 5.77301367 -10.38527674
v 9.10788495 4.68975266 -10.42527657
v 9.05788495 4.63975166 -10.42527656
v 10.11617295 4.68975266 -10.42527757
v 10.16617295 4.63975166 -10.42527756
v 9.10788495 5.72301366 -10.42527673
v 9.05788495 5.77301366 -10.42527674
v 10.11617295 5.72301366 -10.42527773
v 10.16617295 5.77301366 -10.42527774
v 9.10788495 4.68975267 -10.38527657
v 9.05788495 4.63975167 -10.38527656
v 10.11617295 4.68975267 -10.38527757
v 10.16617295 4.63975167 -10.38527756
v 9.10788495 5.72301367 -10.38527673
v 9.05788495 5.77301367 -10.38527674
v 10.11617295 5.72301367 -10.38527773
v 10.16617295 5.77301367 -10.38527774
v 4.79788495 4.68975266 -10.42527657
v 4.74788395 4.63975166 -10.42527656
v 5.80617195 4.68975266 -10.42527757
v 5.85617295 4.63975166 -10.42527756
v 4.79788495 5.72301366 -10.42527673
v 4.74788395 5.77301366 -10.42527674
v 5.80617195 5.72301366 -10.42527773
v 5.85617295 5.77301366 -10.42527774
v 4.79788495 4.68975267 -10.38527657
v 4.74788395 4.63975167 -10.38527656
v 5.80617195 4.68975267 -10.38527757
v 5.85617295 4.63975167 -10.38527756
v 4.79788495 5.72301367 -10.38527673
v 4.74788395 5.77301367 -10.38527674
v 5.80617195 5.72301367 -10.38527773
v 5.85617295 5.77301367 -10.38527774
v 3.71261095 5.27526060 -4.68506266
v 3.71261095 5.22526061 -4.63506265
v 3.71260995 5.27526038 -6.04061066
v 3.71260995 5.22526037 -6.09061065
v 3.71261095 5.72252160 -4.68506273
v 3.71261095 5.77252161 -4.63506274
v 3.71260995 5.72252138 -6.04061073
v 3.71260995 5.77252137 -6.09061074
v 3.75260995 5.27526060 -4.68506266
v 3.75260995 5.22526061 -4.63506265
v 3.75260995 5.27526038 -6.04061066
v 3.75260995 5.22526037 -6.09061065
v 3.75260995 5.72252160 -4.68506273
v 3.75260995 5.77252161 -4.63506274
v 3.75260995 5.72252138 -6.04061073
v 3.75260995 5.77252137 -6.09061074
v 3.71261095 5.25525960 -4.66506266
v 3.65260995 5.20525961 -4.61506265
v 3.71261095 5.20526061 -4.61506265
v 3.65260995 5.25525960 -4.66506266
v 3.71260995 5.25525937 -6.06061066
v 3.65260995 5.20525937 -6.11060965
v 3.71260995 5.20525937 -6.11061065
v 3.65260995 5.25525937 -6.06061066
v 3.71261095 5.74252160 -4.66506274
v 3.65260995 5.79252161 -4.61506275
v 3.71261095 5.79252161 -4.61506275
v 3.65260995 5.74252160 -4.66506274
v 3.71260995 5.74252137 -6.06061074
v 3.65260995 5.79252137 -6.11060975
v 3.71260995 5.79252037 -6.11061075
v 3.65260995 5.74252137 -6.06061074
v 3.71160995 4.68975309 -7.82476357
v 3.71160995 4.63975209 -7.77476256
v 3.71160995 4.68975292 -8.82505157
v 3.71160995 4.63975191 -8.87505156
v 3.71160995 5.72301409 -7.82476373
v 3.71160995 5.77301409 -7.77476274
v 3.71160995 5.72301392 -8.82505173
v 3.71160995 5.77301391 -8.87505174
v 3.75161095 4.68975309 -7.82476357
v 3.75161095 4.63975209 -7.77476256
v 3.75161095 4.68975292 -8.82505157
v 3.75161095 4.63975191 -8.87505156
v 3.75161095 5.72301409 -7.82476373
v 3.75161095 5.77301409 -7.77476274
v 3.75161095 5.72301392 -8.82505173
v 3.75161095 5.77301391 -8.87505174
v 11.30444095 3.66878811 -7.68528840
v 11.30444095 3.61878810 -7.73528839
v 11.30444095 3.66878823 -6.94050340
v 11.30444095 3.61878824 -6.89050339
v 11.30444095 5.72301411 -7.68528873
v 11.30444095 5.77301410 -7.73528874
v 11.30444095 5.72301423 -6.94050373
v 11.30444095 5.77301424 -6.89050374
v 11.26444095 3.66878811 -7.68528840
v 11.26444095 3.61878810 -7.73528839
v 11.26444095 3.66878823 -6.94050340
v 11.26444095 3.61878824 -6.89050339
v 11.26444095 5.72301411 -7.68528873
v 11.26444095 5.77301410 -7.73528874
v 11.26444095 5.72301423 -6.94050373
v 11.26444095 5.77301424 -6.89050374
v 11.30444095 3.64878811 -7.70528840
v 11.36443995 3.42878810 -7.75528736
v 11.30444095 3.42878810 -7.75528836
v 11.36443995 3.64878811 -7.70528840
v 11.30444095 3.64878823 -6.92050340
v 11.36443995 3.42878824 -6.87050336
v 11.30444095 3.42878824 -6.87050336
v 11.36443995 3.64878823 -6.92050340
v 11.30444095 5.74301411 -7.70528874
v 11.36443995 5.79301410 -7.75528775
v 11.30444095 5.79301410 -7.75528875
v 11.36443995 5.74301411 -7.70528874
v 11.30444095 5.74301323 -6.92050374
v 11.36443995 5.79301424 -6.87050375
v 11.30444095 5.79301424 -6.87050375
v 11.36443995 5.74301423 -6.92050374
v 11.30444095 3.66878839 -5.94028840
v 11.30444095 3.61878838 -5.99028839
v 11.30444095 3.66878852 -5.17050340
v 11.30444095 3.61878853 -5.12050339
v 11.30444095 5.72301439 -5.94028873
v 11.30444095 5.77301438 -5.99028874
v 11.30444095 5.72301452 -5.17050373
v 11.30444095 5.77301453 -5.12050374
v 11.26444095 3.66878839 -5.94028840
v 11.26444095 3.61878838 -5.99028839
v 11.26444095 3.66878852 -5.17050340
v 11.26444095 3.61878853 -5.12050339
v 11.26444095 5.72301439 -5.94028873
v 11.26444095 5.77301438 -5.99028874
v 11.26444095 5.72301452 -5.17050373
v 11.26444095 5.77301453 -5.12050374
v 11.30444095 3.64878839 -5.96028840
v 11.36443995 3.42878838 -6.01028836
v 11.30444095 3.42878838 -6.01028836
v 11.36443995 3.64878839 -5.96028840
v 11.30444095 3.64878852 -5.15050340
v 11.36443995 3.42878853 -5.10050336
v 11.30444095 3.42878853 -5.10050336
v 11.36443995 3.64878852 -5.15050340
v 11.30444095 5.74301439 -5.96028874
v 11.36443995 5.79301438 -6.01028875
v 11.30444095 5.79301438 -6.01028875
v 11.36443995 5.74301439 -5.96028874
v 11.30444095 5.74301352 -5.15050374
v 11.36443995 5.79301453 -5.10050375
v 11.30444095 5.79301453 -5.10050375
v 11.36443995 5.74301452 -5.15050374
v 11.20160895 4.68975373 -3.86228757
v 11.20160895 4.63975272 -3.91228856
v 11.20160895 4.68975391 -2.78550357
v 11.20160895 4.63975291 -2.73550356
v 11.20160895 5.72301473 -3.86228773
v 11.20160895 5.77301472 -3.91228874
v 11.20160895 5.72301491 -2.78550373
v 11.20160895 5.77301491 -2.73550374
v 11.16160895 4.68975373 -3.86228757
v 11.16160895 4.63975272 -3.91228856
v 11.16160895 4.68975391 -2.78550357
v 11.16160895 4.63975291 -2.73550356
v 11.16160895 5.72301473 -3.86228773
v 11.16160895 5.77301472 -3.91228874
v 11.16160895 5.72301491 -2.78550373
v 11.16160895 5.77301491 -2.73550374
v 11.20160895 4.66975373 -3.88228756
v 11.26160895 4.61975272 -3.93228755
v 11.20160895 4.61975372 -3.93228855
v 11.26160895 4.66975273 -3.88228856
v 11.20160895 4.66975391 -2.76550356
v 11.26160895 4.61975292 -2.71550355
v 11.20160895 4.61975292 -2.71550355
v 11.26160895 4.66975291 -2.76550356
v 11.20160895 5.74301473 -3.88228774
v 11.26160895 5.79301472 -3.93228775
v 11.20160895 5.79301472 -3.93228875
v 11.26160895 5.74301473 -3.88228874
v 11.20160895 5.74301391 -2.76550374
v 11.26160895 5.79301492 -2.71550375
v 11.20160895 5.79301492 -2.71550375
v 11.26160895 5.74301491 -2.76550374
v 5.68571695 1.99508767 -0.17527713
v 4.22283695 1.96175433 -0.17527712
v 5.66904995 2.40668200 -0.17527719
v 4.27283595 2.20088483 -0.17527716
v 4.22283695 2.44001533 -0.17527720
v 5.65238295 2.01175433 -0.21527713
v 5.70238395 1.96175433 -0.21527712
v 4.27283595 2.01175433 -0.21527713
v 4.22283695 1.96175433 -0.21527712
v 5.65238295 2.39001533 -0.21527719
v 5.70238395 2.44001533 -0.21527720
v 4.27283595 2.39001533 -0.21527719
v 4.22283695 2.44001533 -0.21527720
v 5.67238295 1.99175433 -0.17527713
v 5.72238395 1.94175334 -0.11527712
v 5.72238395 1.94175333 -0.17527712
v 5.67238295 1.99175434 -0.11527713
v 4.25283595 1.99175433 -0.17527713
v 4.20283595 1.94175334 -0.11527712
v 4.20283595 1.94175333 -0.17527712
v 4.25283595 1.99175334 -0.11527713
v 5.67238295 2.41001533 -0.17527719
v 5.72238395 2.46001534 -0.11527720
v 5.72238395 2.46001533 -0.17527720
v 5.67238295 2.41001534 -0.11527719
v 4.25283595 2.41001533 -0.17527719
v 4.20283595 2.46001534 -0.11527720
v 4.20283595 2.46001533 -0.17527720
v 4.25283595 2.41001534 -0.11527719
v 10.85861995 4.68975396 -2.47527757
v 10.90861995 4.63975296 -2.47527756
v 9.48183495 4.68975396 -2.47527757
v 9.43183495 4.63975296 -2.47527756
v 10.85861995 5.72301496 -2.47527773
v 10.90861995 5.77301496 -2.47527774
v 9.48183495 5.72301496 -2.47527773
v 9.43183495 5.77301496 -2.47527774
v 10.85861995 4.68975395 -2.51527757
v 10.90861995 4.63975295 -2.51527756
v 9.48183495 4.68975395 -2.51527757
v 9.43183495 4.63975295 -2.51527756
v 10.85861995 5.72301495 -2.51527773
v 10.90861995 5.77301495 -2.51527774
v 9.48183495 5.72301495 -2.51527773
v 9.43183495 5.77301495 -2.51527774
v 10.87861995 4.66975396 -2.47527756
v 10.92861995 4.61975297 -2.41527755
v 10.92861995 4.61975396 -2.47527755
v 10.87861995 4.66975297 -2.41527756
v 9.46183495 4.66975396 -2.47527756
v 9.41183495 4.61975297 -2.41527755
v 9.41183495 4.61975296 -2.47527755
v 9.46183495 4.66975297 -2.41527756
v 10.87861995 5.74301496 -2.47527774
v 10.92861995 5.79301497 -2.41527775
v 10.92861995 5.79301496 -2.47527775
v 10.87861995 5.74301497 -2.41527774
v 9.46183495 5.74301396 -2.47527774
v 9.41183495 5.79301497 -2.41527775
v 9.41183495 5.79301496 -2.47527775
v 9.46183495 5.74301497 -2.41527774
v 6.63538395 4.68975396 -2.47527757
v 6.68538395 4.63975296 -2.47527756
v 5.57583595 4.68975396 -2.47527757
v 5.52583595 4.63975296 -2.47527756
v 6.63538395 5.72301496 -2.47527773
v 6.68538395 5.77301496 -2.47527774
v 5.57583595 5.72301496 -2.47527773
v 5.52583595 5.77301496 -2.47527774
v 6.63538395 4.68975395 -2.51527757
v 6.68538395 4.63975295 -2.51527756
v 5.57583595 4.68975395 -2.51527757
v 5.52583595 4.63975295 -2.51527756
v 6.63538395 5.72301495 -2.51527773
v 6.68538395 5.77301495 -2.51527774
v 5.57583595 5.72301495 -2.51527773
v 5.52583595 5.77301495 -2.51527774
v 6.65538295 4.66975396 -2.47527756
v 6.70538295 4.61975297 -2.41527755
v 6.70538395 4.61975396 -2.47527755
v 6.65538395 4.66975297 -2.41527756
v 5.55583595 4.66975396 -2.47527756
v 5.50583695 4.61975297 -2.41527755
v 5.50583595 4.61975296 -2.47527755
v 5.55583595 4.66975297 -2.41527756
v 6.65538295 5.74301496 -2.47527774
v 6.70538295 5.79301497 -2.41527775
v 6.70538395 5.79301496 -2.47527775
v 6.65538395 5.74301497 -2.41527774
v 5.55583595 5.74301396 -2.47527774
v 5.50583695 5.79301497 -2.41527775
v 5.50583595 5.79301496 -2.47527775
v 5.55583595 5.74301497 -2.41527774
f 950 953 957
f 964 962 960
f 962 963 955
f 962 955 954
f 965 959 951
f 965 951 956
f 950 951 952
f 955 956 957
f 958 959 960
f 963 964 965
f 951 959 958
f 951 958 952
f 960 962 961
f 960 961 958
f 953 950 952
f 962 964 963
f 965 956 955
f 965 955 963
f 957 953 954
f 957 954 955
f 964 960 959
f 964 959 965
f 950 957 956
f 950 956 951
f 958 961 953
f 958 953 952
f 970 971 967
f 970 967 966
f 971 972 968
f 971 968 967
f 972 973 969
f 972 969 968
f 973 970 966
f 973 966 969
f 973 972 971
f 973 971 970
f 978 979 975
f 978 975 974
f 979 980 976
f 979 976 975
f 980 981 977
f 980 977 976
f 981 978 974
f 981 974 977
f 981 980 979
f 981 979 978
f 986 987 983
f 986 983 982
f 987 988 984
f 987 984 983
f 988 989 985
f 988 985 984
f 989 986 982
f 989 982 985
f 982 983 984
f 982 984 985
f 989 988 987
f 989 987 986
f 990 991 992
f 990 992 993
f 997 996 995
f 997 995 994
f 990 993 997
f 990 997 994
f 991 990 994
f 991 994 995
f 992 991 995
f 992 995 996
f 993 992 996
f 993 996 997
f 1002 1003 999
f 1002 999 998
f 1003 1004 1000
f 1003 1000 999
f 1004 1003 1001
f 1004 1001 1000
f 1003 1002 998
f 1003 998 1001
f 1009 1010 1006
f 1009 1006 1005
f 1010 1011 1007
f 1010 1007 1006
f 1011 1010 1008
f 1011 1008 1007
f 1010 1009 1005
f 1010 1005 1008
f 1016 1017 1013
f 1016 1013 1012
f 1017 1018 1014
f 1017 1014 1013
f 1018 1019 1015
f 1018 1015 1014
f 1019 1016 1012
f 1019 1012 1015
f 1019 1018 1017
f 1019 1017 1016
f 1024 1025 1021
f 1024 1021 1020
f 1025 1026 1022
f 1025 1022 1021
f 1026 1025 1023
f 1026 1023 1022
f 1025 1024 1020
f 1025 1020 1023
f 1030 1031 1027
f 1030 1027 1028
f 1031 1032 1028
f 1031 1028 1027
f 1032 1033 1029
f 1032 1029 1028
f 1033 1030 1028
f 1033 1028 1029
f 1033 1032 1031
f 1033 1031 1030
f 1039 1037 1035
f 1038 1034 1036
f 1041 1035 1037
f 1041 1037 1040
f 1039 1040 1037
f 1039 1035 1041
f 1038 1039 1041
f 1038 1041 1034
f 1034 1041 1040
f 1034 1040 1036
f 1036 1040 1039
f 1038 1036 1039
f 1047 1048 1044
f 1047 1044 1043
f 1049 1047 1043
f 1049 1043 1045
f 1046 1049 1045
f 1046 1045 1042
f 1049 1057 1055
f 1049 1055 1047
f 1046 1054 1057
f 1046 1057 1049
f 1047 1055 1056
f 1047 1056 1048
f 1042 1045 1053
f 1042 1053 1050
f 1043 1044 1052
f 1043 1052 1051
f 1045 1043 1051
f 1045 1051 1053
f 1057 1053 1051
f 1057 1051 1055
f 1054 1050 1053
f 1054 1053 1057
f 1055 1051 1052
f 1055 1052 1056
f 1054 1056 1052
f 1054 1052 1050
f 1050 1052 1044
f 1050 1044 1042
f 1056 1054 1046
f 1056 1046 1048
f 1048 1046 1042
f 1048 1042 1044
f 1061 1065 1064
f 1061 1064 1060
f 1061 1060 1058
f 1061 1058 1059
f 1059 1058 1062
f 1059 1062 1063
f 1065 1063 1062
f 1065 1062 1064
f 1069 1073 1072
f 1069 1072 1068
f 1069 1068 1066
f 1069 1066 1067
f 1067 1066 1070
f 1067 1070 1071
f 1073 1071 1070
f 1073 1070 1072
f 1061 1069 1067
f 1061 1067 1059
f 1068 1060 1058
f 1068 1058 1066
f 1068 1072 1064
f 1068 1064 1060
f 1061 1065 1073
f 1061 1073 1069
f 1066 1058 1062
f 1066 1062 1070
f 1059 1067 1071
f 1059 1071 1063
f 1072 1070 1062
f 1072 1062 1064
f 1065 1063 1071
f 1065 1071 1073
f 1079 1080 1076
f 1079 1076 1075
f 1081 1079 1075
f 1081 1075 1077
f 1078 1081 1077
f 1078 1077 1074
f 1081 1083 1079
f 1078 1083 1081
f 1079 1083 1080
f 1074 1077 1082
f 1075 1076 1082
f 1077 1075 1082
f 1083 1078 1080
f 1082 1076 1074
f 1080 1078 1074
f 1080 1074 1076
f 1085 1088 1087
f 1085 1087 1084
f 1088 1086 1087
f 1092 1096 1095
f 1092 1095 1091
f 1092 1091 1089
f 1092 1089 1090
f 1090 1089 1093
f 1090 1093 1094
f 1096 1094 1093
f 1096 1093 1095
f 1085 1092 1090
f 1085 1090 1084
f 1091 1087 1084
f 1091 1084 1089
f 1091 1095 1087
f 1085 1088 1096
f 1085 1096 1092
f 1089 1084 1086
f 1089 1086 1093
f 1084 1090 1094
f 1084 1094 1086
f 1095 1093 1086
f 1095 1086 1087
f 1088 1086 1094
f 1088 1094 1096
f 1102 1103 1099
f 1102 1099 1098
f 1104 1102 1098
f 1104 1098 1100
f 1101 1104 1100
f 1101 1100 1097
f 1104 1112 1110
f 1104 1110 1102
f 1101 1109 1112
f 1101 1112 1104
f 1102 1110 1111
f 1102 1111 1103
f 1097 1100 1108
f 1097 1108 1105
f 1098 1099 1107
f 1098 1107 1106
f 1100 1098 1106
f 1100 1106 1108
f 1112 1108 1106
f 1112 1106 1110
f 1109 1105 1108
f 1109 1108 1112
f 1110 1106 1107
f 1110 1107 1111
f 1109 1111 1107
f 1109 1107 1105
f 1105 1107 1099
f 1105 1099 1097
f 1103 1101 1097
f 1103 1097 1099
f 1111 1109 1101
f 1111 1101 1103
f 1114 1117 1116
f 1114 1116 1113
f 1117 1115 1116
f 1121 1125 1124
f 1121 1124 1120
f 1121 1120 1118
f 1121 1118 1119
f 1119 1118 1122
f 1119 1122 1123
f 1125 1123 1122
f 1125 1122 1124
f 1114 1121 1119
f 1114 1119 1113
f 1120 1116 1113
f 1120 1113 1118
f 1120 1124 1116
f 1114 1117 1125
f 1114 1125 1121
f 1118 1113 1115
f 1118 1115 1122
f 1113 1119 1123
f 1113 1123 1115
f 1124 1122 1115
f 1124 1115 1116
f 1117 1115 1123
f 1117 1123 1125
f 1131 1132 1128
f 1131 1128 1127
f 1133 1131 1127
f 1133 1127 1129
f 1130 1133 1129
f 1130 1129 1126
f 1133 1141 1139
f 1133 1139 1131
f 1130 1138 1141
f 1130 1141 1133
f 1131 1139 1140
f 1131 1140 1132
f 1126 1129 1137
f 1126 1137 1134
f 1127 1128 1136
f 1127 1136 1135
f 1129 1127 1135
f 1129 1135 1137
f 1141 1137 1135
f 1141 1135 1139
f 1138 1134 1137
f 1138 1137 1141
f 1139 1135 1136
f 1139 1136 1140
f 1134 1136 1128
f 1134 1128 1126
f 1132 1130 1126
f 1132 1126 1128
f 1138 1140 1136
f 1138 1136 1134
f 1140 1138 1130
f 1140 1130 1132
f 1145 1146 1142
f 1145 1142 1143
f 1146 1147 1143
f 1146 1143 1142
f 1147 1148 1144
f 1147 1144 1143
f 1148 1145 1143
f 1148 1143 1144
f 1148 1147 1146
f 1148 1146 1145
f 1152 1153 1149
f 1152 1149 1150
f 1153 1154 1150
f 1153 1150 1149
f 1154 1155 1151
f 1154 1151 1150
f 1155 1152 1150
f 1155 1150 1151
f 1155 1154 1153
f 1155 1153 1152
f 1160 1161 1157
f 1160 1157 1156
f 1161 1162 1158
f 1161 1158 1157
f 1162 1163 1159
f 1162 1159 1158
f 1163 1160 1156
f 1163 1156 1159
f 1156 1157 1158
f 1156 1158 1159
f 1163 1162 1161
f 1163 1161 1160
f 1168 1169 1165
f 1168 1165 1164
f 1169 1170 1166
f 1169 1166 1165
f 1170 1171 1167
f 1170 1167 1166
f 1171 1168 1164
f 1171 1164 1167
f 1164 1165 1166
f 1164 1166 1167
f 1171 1170 1169
f 1171 1169 1168
f 1175 1176 1172
f 1175 1172 1173
f 1176 1177 1173
f 1176 1173 1172
f 1177 1178 1174
f 1177 1174 1173
f 1178 1175 1173
f 1178 1173 1174
f 1178 1177 1176
f 1178 1176 1175
f 1182 1183 1179
f 1182 1179 1180
f 1183 1184 1180
f 1183 1180 1179
f 1184 1185 1181
f 1184 1181 1180
f 1185 1182 1180
f 1185 1180 1181
f 1185 1184 1183
f 1185 1183 1182
f 1189 1190 1186
f 1189 1186 1187
f 1190 1191 1187
f 1190 1187 1186
f 1191 1192 1188
f 1191 1188 1187
f 1192 1189 1187
f 1192 1187 1188
f 1192 1191 1190
f 1192 1190 1189
f 1196 1200 1199
f 1196 1199 1195
f 1196 1195 1193
f 1196 1193 1194
f 1194 1193 1197
f 1194 1197 1198
f 1200 1198 1197
f 1200 1197 1199
f 1204 1208 1207
f 1204 1207 1203
f 1204 1203 1201
f 1204 1201 1202
f 1202 1201 1205
f 1202 1205 1206
f 1208 1206 1205
f 1208 1205 1207
f 1196 1204 1202
f 1196 1202 1194
f 1203 1195 1193
f 1203 1193 1201
f 1203 1207 1199
f 1203 1199 1195
f 1196 1200 1208
f 1196 1208 1204
f 1201 1193 1197
f 1201 1197 1205
f 1194 1202 1206
f 1194 1206 1198
f 1207 1205 1197
f 1207 1197 1199
f 1200 1198 1206
f 1200 1206 1208
f 1212 1216 1215
f 1212 1215 1211
f 1212 1211 1209
f 1212 1209 1210
f 1210 1209 1213
f 1210 1213 1214
f 1216 1214 1213
f 1216 1213 1215
f 1220 1224 1223
f 1220 1223 1219
f 1220 1219 1217
f 1220 1217 1218
f 1218 1217 1221
f 1218 1221 1222
f 1224 1222 1221
f 1224 1221 1223
f 1212 1220 1218
f 1212 1218 1210
f 1219 1211 1209
f 1219 1209 1217
f 1219 1223 1215
f 1219 1215 1211
f 1212 1216 1224
f 1212 1224 1220
f 1217 1209 1213
f 1217 1213 1221
f 1210 1218 1222
f 1210 1222 1214
f 1223 1221 1213
f 1223 1213 1215
f 1216 1214 1222
f 1216 1222 1224
f 1228 1232 1231
f 1228 1231 1227
f 1228 1227 1225
f 1228 1225 1226
f 1226 1225 1229
f 1226 1229 1230
f 1232 1230 1229
f 1232 1229 1231
f 1236 1240 1239
f 1236 1239 1235
f 1236 1235 1233
f 1236 1233 1234
f 1234 1233 1237
f 1234 1237 1238
f 1240 1238 1237
f 1240 1237 1239
f 1228 1236 1234
f 1228 1234 1226
f 1235 1227 1225
f 1235 1225 1233
f 1235 1239 1231
f 1235 1231 1227
f 1228 1232 1240
f 1228 1240 1236
f 1233 1225 1229
f 1233 1229 1237
f 1226 1234 1238
f 1226 1238 1230
f 1239 1237 1229
f 1239 1229 1231
f 1232 1230 1238
f 1232 1238 1240
f 1244 1248 1247
f 1244 1247 1243
f 1244 1243 1241
f 1244 1241 1242
f 1242 1241 1245
f 1242 1245 1246
f 1248 1246 1245
f 1248 1245 1247
f 1252 1256 1255
f 1252 1255 1251
f 1252 1251 1249
f 1252 1249 1250
f 1250 1249 1253
f 1250 1253 1254
f 1256 1254 1253
f 1256 1253 1255
f 1244 1252 1250
f 1244 1250 1242
f 1251 1243 1241
f 1251 1241 1249
f 1251 1255 1247
f 1251 1247 1243
f 1244 1248 1256
f 1244 1256 1252
f 1249 1241 1245
f 1249 1245 1253
f 1242 1250 1254
f 1242 1254 1246
f 1255 1253 1245
f 1255 1245 1247
f 1248 1246 1254
f 1248 1254 1256
f 1262 1263 1259
f 1262 1259 1258
f 1264 1262 1258
f 1264 1258 1260
f 1261 1264 1260
f 1261 1260 1257
f 1264 1272 1270
f 1264 1270 1262
f 1261 1269 1272
f 1261 1272 1264
f 1262 1270 1271
f 1262 1271 1263
f 1257 1260 1268
f 1257 1268 1265
f 1258 1259 1267
f 1258 1267 1266
f 1260 1258 1266
f 1260 1266 1268
f 1272 1268 1266
f 1272 1266 1270
f 1269 1265 1268
f 1269 1268 1272
f 1270 1266 1267
f 1270 1267 1271
f 1276 1280 1279
f 1276 1279 1275
f 1276 1275 1273
f 1276 1273 1274
f 1274 1273 1277
f 1274 1277 1278
f 1280 1278 1277
f 1280 1277 1279
f 1284 1288 1287
f 1284 1287 1283
f 1284 1283 1281
f 1284 1281 1282
f 1282 1281 1285
f 1282 1285 1286
f 1288 1286 1285
f 1288 1285 1287
f 1276 1284 1282
f 1276 1282 1274
f 1283 1275 1273
f 1283 1273 1281
f 1283 1287 1279
f 1283 1279 1275
f 1276 1280 1288
f 1276 1288 1284
f 1281 1273 1277
f 1281 1277 1285
f 1274 1282 1286
f 1274 1286 1278
f 1287 1285 1277
f 1287 1277 1279
f 1280 1278 1286
f 1280 1286 1288
f 1292 1296 1295
f 1292 1295 1291
f 1292 1291 1289
f 1292 1289 1290
f 1290 1289 1293
f 1290 1293 1294
f 1296 1294 1293
f 1296 1293 1295
f 1300 1304 1303
f 1300 1303 1299
f 1300 1299 1297
f 1300 1297 1298
f 1298 1297 1301
f 1298 1301 1302
f 1304 1302 1301
f 1304 1301 1303
f 1292 1300 1298
f 1292 1298 1290
f 1299 1291 1289
f 1299 1289 1297
f 1299 1303 1295
f 1299 1295 1291
f 1292 1296 1304
f 1292 1304 1300
f 1297 1289 1293
f 1297 1293 1301
f 1290 1298 1302
f 1290 1302 1294
f 1303 1301 1293
f 1303 1293 1295
f 1296 1294 1302
f 1296 1302 1304
f 1310 1311 1307
f 1310 1307 1306
f 1312 1310 1306
f 1312 1306 1308
f 1309 1312 1308
f 1309 1308 1305
f 1312 1320 1318
f 1312 1318 1310
f 1309 1317 1320
f 1309 1320 1312
f 1310 1318 1319
f 1310 1319 1311
f 1305 1308 1316
f 1305 1316 1313
f 1306 1307 1315
f 1306 1315 1314
f 1308 1306 1314
f 1308 1314 1316
f 1320 1316 1314
f 1320 1314 1318
f 1317 1313 1316
f 1317 1316 1320
f 1318 1314 1315
f 1318 1315 1319
f 1324 1328 1327
f 1324 1327 1323
f 1324 1323 1321
f 1324 1321 1322
f 1322 1321 1325
f 1322 1325 1326
f 1328 1326 1325
f 1328 1325 1327
f 1332 1336 1335
f 1332 1335 1331
f 1332 1331 1329
f 1332 1329 1330
f 1330 1329 1333
f 1330 1333 1334
f 1336 1334 1333
f 1336 1333 1335
f 1324 1332 1330
f 1324 1330 1322
f 1331 1323 1321
f 1331 1321 1329
f 1331 1335 1327
f 1331 1327 1323
f 1324 1328 1336
f 1324 1336 1332
f 1329 1321 1325
f 1329 1325 1333
f 1322 1330 1334
f 1322 1334 1326
f 1335 1333 1325
f 1335 1325 1327
f 1328 1326 1334
f 1328 1334 1336
f 1342 1343 1339
f 1342 1339 1338
f 1344 1342 1338
f 1344 1338 1340
f 1341 1344 1340
f 1341 1340 1337
f 1344 1352 1350
f 1344 1350 1342
f 1341 1349 1352
f 1341 1352 1344
f 1342 1350 1351
f 1342 1351 1343
f 1337 1340 1348
f 1337 1348 1345
f 1338 1339 1347
f 1338 1347 1346
f 1340 1338 1346
f 1340 1346 1348
f 1352 1348 1346
f 1352 1346 1350
f 1349 1345 1348
f 1349 1348 1352
f 1350 1346 1347
f 1350 1347 1351
f 1356 1360 1359
f 1356 1359 1355
f 1356 1355 1353
f 1356 1353 1354
f 1354 1353 1357
f 1354 1357 1358
f 1360 1358 1357
f 1360 1357 1359
f 1364 1368 1367
f 1364 1367 1363
f 1364 1363 1361
f 1364 1361 1362
f 1362 1361 1365
f 1362 1365 1366
f 1368 1366 1365
f 1368 1365 1367
f 1356 1364 1362
f 1356 1362 1354
f 1363 1355 1353
f 1363 1353 1361
f 1363 1367 1359
f 1363 1359 1355
f 1356 1360 1368
f 1356 1368 1364
f 1361 1353 1357
f 1361 1357 1365
f 1354 1362 1366
f 1354 1366 1358
f 1367 1365 1357
f 1367 1357 1359
f 1360 1358 1366
f 1360 1366 1368
f 1374 1375 1371
f 1374 1371 1370
f 1376 1374 1370
f 1376 1370 1372
f 1373 1376 1372
f 1373 1372 1369
f 1376 1384 1382
f 1376 1382 1374
f 1373 1381 1384
f 1373 1384 1376
f 1374 1382 1383
f 1374 1383 1375
f 1369 1372 1380
f 1369 1380 1377
f 1370 1371 1379
f 1370 1379 1378
f 1372 1370 1378
f 1372 1378 1380
f 1384 1380 1378
f 1384 1378 1382
f 1381 1377 1380
f 1381 1380 1384
f 1382 1378 1379
f 1382 1379 1383
f 1386 1389 1388
f 1386 1388 1385
f 1389 1387 1388
f 1393 1397 1396
f 1393 1396 1392
f 1393 1392 1390
f 1393 1390 1391
f 1391 1390 1394
f 1391 1394 1395
f 1397 1395 1394
f 1397 1394 1396
f 1386 1393 1391
f 1386 1391 1385
f 1392 1388 1385
f 1392 1385 1390
f 1392 1396 1388
f 1386 1389 1397
f 1386 1397 1393
f 1390 1385 1387
f 1390 1387 1394
f 1385 1391 1395
f 1385 1395 1387
f 1396 1394 1387
f 1396 1387 1388
f 1389 1387 1395
f 1389 1395 1397
f 1403 1404 1400
f 1403 1400 1399
f 1405 1403 1399
f 1405 1399 1401
f 1402 1405 1401
f 1402 1401 1398
f 1405 1413 1411
f 1405 1411 1403
f 1402 1410 1413
f 1402 1413 1405
f 1403 1411 1412
f 1403 1412 1404
f 1398 1401 1409
f 1398 1409 1406
f 1399 1400 1408
f 1399 1408 1407
f 1401 1399 1407
f 1401 1407 1409
f 1413 1409 1407
f 1413 1407 1411
f 1410 1406 1409
f 1410 1409 1413
f 1411 1407 1408
f 1411 1408 1412
f 1417 1421 1420
f 1417 1420 1416
f 1417 1416 1414
f 1417 1414 1415
f 1415 1414 1418
f 1415 1418 1419
f 1421 1419 1418
f 1421 1418 1420
f 1425 1429 1428
f 1425 1428 1424
f 1425 1424 1422
f 1425 1422 1423
f 1423 1422 1426
f 1423 1426 1427
f 1429 1427 1426
f 1429 1426 1428
f 1417 1425 1423
f 1417 1423 1415
f 1424 1416 1414
f 1424 1414 1422
f 1424 1428 1420
f 1424 1420 1416
f 1417 1421 1429
f 1417 1429 1425
f 1422 1414 1418
f 1422 1418 1426
f 1415 1423 1427
f 1415 1427 1419
f 1428 1426 1418
f 1428 1418 1420
f 1421 1419 1427
f 1421 1427 1429
f 1435 1436 1432
f 1435 1432 1431
f 1437 1435 1431
f 1437 1431 1433
f 1434 1437 1433
f 1434 1433 1430
f 1437 1445 1443
f 1437 1443 1435
f 1434 1442 1445
f 1434 1445 1437
f 1435 1443 1444
f 1435 1444 1436
f 1430 1433 1441
f 1430 1441 1438
f 1431 1432 1440
f 1431 1440 1439
f 1433 1431 1439
f 1433 1439 1441
f 1445 1441 1439
f 1445 1439 1443
f 1442 1438 1441
f 1442 1441 1445
f 1443 1439 1440
f 1443 1440 1444
f 1449 1453 1452
f 1449 1452 1448
f 1449 1448 1446
f 1449 1446 1447
f 1447 1446 1450
f 1447 1450 1451
f 1453 1451 1450
f 1453 1450 1452
f 1457 1461 1460
f 1457 1460 1456
f 1457 1456 1454
f 1457 1454 1455
f 1455 1454 1458
f 1455 1458 1459
f 1461 1459 1458
f 1461 1458 1460
f 1449 1457 1455
f 1449 1455 1447
f 1456 1448 1446
f 1456 1446 1454
f 1456 1460 1452
f 1456 1452 1448
f 1449 1453 1461
f 1449 1461 1457
f 1454 1446 1450
f 1454 1450 1458
f 1447 1455 1459
f 1447 1459 1451
f 1460 1458 1450
f 1460 1450 1452
f 1453 1451 1459
f 1453 1459 1461
f 1467 1468 1464
f 1467 1464 1463
f 1469 1467 1463
f 1469 1463 1465
f 1466 1469 1465
f 1466 1465 1462
f 1469 1477 1475
f 1469 1475 1467
f 1466 1474 1477
f 1466 1477 1469
f 1467 1475 1476
f 1467 1476 1468
f 1462 1465 1473
f 1462 1473 1470
f 1463 1464 1472
f 1463 1472 1471
f 1465 1463 1471
f 1465 1471 1473
f 1477 1473 1471
f 1477 1471 1475
f 1474 1470 1473
f 1474 1473 1477
f 1475 1471 1472
f 1475 1472 1476
f 1313 1315 1307
f 1313 1307 1305
f 1311 1309 1305
f 1311 1305 1307
f 1319 1317 1309
f 1319 1309 1311
f 1317 1319 1315
f 1317 1315 1313
f 1345 1347 1339
f 1345 1339 1337
f 1349 1351 1347
f 1349 1347 1345
f 1351 1349 1341
f 1351 1341 1343
f 1343 1341 1337
f 1343 1337 1339
f 1381 1383 1379
f 1381 1379 1377
f 1377 1379 1371
f 1377 1371 1369
f 1375 1373 1369
f 1375 1369 1371
f 1383 1381 1373
f 1383 1373 1375
f 1442 1444 1440
f 1442 1440 1438
f 1438 1440 1432
f 1438 1432 1430
f 1436 1434 1430
f 1436 1430 1432
f 1444 1442 1434
f 1444 1434 1436
f 1474 1476 1472
f 1474 1472 1470
f 1470 1472 1464
f 1470 1464 1462
f 1468 1466 1462
f 1468 1462 1464
f 1476 1474 1466
f 1476 1466 1468
f 1269 1271 1267
f 1269 1267 1265
f 1265 1267 1259
f 1265 1259 1257
f 1263 1261 1257
f 1263 1257 1259
f 1271 1269 1261
f 1271 1261 1263
f 1410 1412 1408
f 1410 1408 1406
f 1406 1408 1400
f 1406 1400 1398
f 1404 1402 1398
f 1404 1398 1400
f 1412 1410 1402
f 1412 1402 1404

o door
v 7.31060895 0.25505432 -0.24027584
v 7.31060895 0.25505433 -0.19027484
v 7.22060995 0.16505332 -0.24027583
v 7.22060995 0.16505333 -0.19027483
v 7.22060995 2.35994233 -0.19027519
v 7.22060995 2.35994232 -0.24027619
v 7.31060895 2.26994333 -0.19027517
v 7.31060895 2.26994332 -0.24027617
v 7.88064395 0.25505432 -0.24027584
v 7.88064395 0.25505433 -0.19027484
v 7.97064395 0.16505332 -0.24027583
v 7.97064395 0.16505333 -0.19027483
v 7.88064395 2.26994232 -0.24027617
v 7.88064395 2.26994233 -0.19027517
v 7.97064395 2.35994232 -0.24027619
v 7.97064395 2.35994233 -0.19027519
v 9.34665395 0.75638265 -10.50561993
v 9.30165445 0.75638264 -10.53061993
v 9.25665495 0.75638264 -10.55561993
v 9.34665395 2.67198864 -10.55562024
v 9.34665395 2.67198865 -10.50562024
v 9.25665495 2.67198865 -10.50562024
v 9.25665495 2.67198864 -10.55562024
v 7.44465495 2.67087766 -10.45562024
v 7.44465495 2.77093566 -10.45562025
v 7.44465495 2.77093564 -10.55562025
v 7.44465495 2.67087764 -10.55562024
v 10.27065495 2.67087766 -10.45562024
v 10.27065495 2.77093566 -10.45562025
v 10.27065495 2.77093564 -10.55562025
v 10.27065495 2.67087764 -10.55562024
v 9.21165495 0.75638265 -10.50561993
v 9.30165495 0.75638265 -10.48061993
v 9.39165495 0.75638266 -10.45561993
v 9.21165495 2.77038265 -10.48895359
v 9.39165495 2.77038265 -10.47228692
v 7.44522095 0.45638266 -10.45561988
v 7.44522095 0.75638266 -10.45561993
v 7.44522195 0.75638264 -10.55561993
v 7.44522195 0.45638264 -10.55561988
v 10.26965495 0.45638366 -10.45561988
v 10.26965495 0.75638366 -10.45561993
v 10.26965495 0.75638364 -10.55561993
v 10.26965495 0.45638364 -10.55561988
v 8.40665495 0.75638265 -10.50561993
v 8.36165495 0.75638264 -10.53061993
v 8.31665495 0.75638264 -10.55561993
v 8.40665495 2.67198864 -10.55562024
v 8.40665495 2.67198865 -10.50562024
v 8.31665495 2.67198865 -10.50562024
v 8.31665495 2.67198864 -10.55562024
v 8.27165495 0.75638265 -10.50561993
v 8.36165445 0.75638265 -10.48061993
v 8.45165395 0.75638266 -10.45561993
v 8.27165495 2.77038266 -10.45562025
v 8.27165495 2.77038265 -10.50562025
v 8.45165395 2.77038265 -10.47228692
v 10.35974295 2.67087765 -10.50562024
v 10.26974295 2.67087765 -10.48062024
v 10.17974295 2.67087766 -10.45562024
v 10.35974295 0.75638265 -10.48895326
v 10.17974295 0.75638265 -10.47228659
v 10.26974295 2.76998864 -10.55562025
v 10.26974295 2.76998865 -10.50562025
v 10.35974395 2.76998865 -10.50562025
v 10.35974395 2.76998864 -10.55562025
v 10.26974295 0.45638364 -10.55561988
v 10.26974295 0.45638365 -10.50561988
v 10.35974395 0.45638365 -10.50561988
v 10.35974395 0.45638364 -10.55561988
v 7.35474395 2.67087765 -10.50562024
v 7.44474320 2.67087765 -10.48062069
v 7.53474295 2.67087766 -10.45562024
v 7.35474361 0.75638265 -10.48895326
v 7.53474295 0.75638265 -10.47228659
v 7.44474295 2.76998864 -10.55562025
v 7.44474295 2.76998865 -10.50562025
v 7.35474295 2.76998865 -10.50562025
v 7.35474295 2.76998864 -10.55562025
v 7.44474295 0.45638364 -10.55561988
v 7.44474295 0.45638365 -10.50561988
v 7.35474295 0.45638365 -10.50561988
v 7.35474295 0.45638364 -10.55561988
v 7.26575070 1.29835708 -0.19149301
v 7.25870112 1.23714205 -0.17989178
v 7.28218692 1.24720528 -0.14576636
v 7.37834520 1.24654465 -0.15615698
v 7.37618544 1.23627480 -0.15382575
v 7.26400220 1.29922997 -0.17998905
v 7.25656529 1.14556561 -0.18176367
v 7.28180995 1.14706333 -0.18405699
v 7.24969195 1.14678083 -0.19149299
v 7.25792987 1.17997441 -0.18143730
v 7.28124495 1.19120133 -0.18349300
v 7.28180995 1.19120133 -0.18405700
v 7.28180995 1.17862933 -0.18405699
v 7.27646991 1.20463357 -0.18293810
v 7.28152745 1.14678083 -0.19149299
v 7.26299029 1.19459470 -0.18961100
f 1562 1563 1564
f 1491 1490 1486
f 1491 1486 1487
f 1492 1493 1489
f 1492 1489 1488
f 1488 1480 1478
f 1488 1478 1486
f 1487 1479 1481
f 1487 1481 1489
f 1485 1490 1491
f 1485 1491 1484
f 1491 1493 1482
f 1491 1482 1484
f 1482 1481 1479
f 1482 1479 1484
f 1484 1479 1478
f 1484 1478 1485
f 1493 1492 1483
f 1493 1483 1482
f 1493 1491 1487
f 1493 1487 1489
f 1478 1480 1483
f 1478 1483 1485
f 1489 1481 1480
f 1489 1480 1488
f 1486 1490 1492
f 1486 1492 1488
f 1483 1480 1481
f 1483 1481 1482
f 1492 1490 1485
f 1492 1485 1483
f 1486 1478 1479
f 1486 1479 1487
f 1497 1498 1494
f 1497 1494 1495
f 1498 1499 1495
f 1498 1495 1494
f 1499 1500 1496
f 1499 1496 1495
f 1500 1497 1495
f 1500 1495 1496
f 1500 1499 1498
f 1500 1498 1497
f 1505 1506 1502
f 1505 1502 1501
f 1506 1507 1503
f 1506 1503 1502
f 1507 1508 1504
f 1507 1504 1503
f 1508 1505 1501
f 1508 1501 1504
f 1501 1502 1503
f 1501 1503 1504
f 1508 1507 1506
f 1508 1506 1505
f 1512 1509 1510
f 1512 1513 1510
f 1512 1510 1509
f 1513 1511 1510
f 1513 1512 1510
f 1513 1510 1511
f 1518 1519 1515
f 1518 1515 1514
f 1519 1520 1516
f 1519 1516 1515
f 1520 1521 1517
f 1520 1517 1516
f 1521 1518 1514
f 1521 1514 1517
f 1514 1515 1516
f 1514 1516 1517
f 1521 1520 1519
f 1521 1519 1518
f 1525 1526 1522
f 1525 1522 1523
f 1526 1527 1523
f 1526 1523 1522
f 1527 1528 1524
f 1527 1524 1523
f 1528 1525 1523
f 1528 1523 1524
f 1528 1527 1526
f 1528 1526 1525
f 1532 1533 1529
f 1532 1529 1530
f 1533 1534 1530
f 1533 1530 1529
f 1534 1531 1530
f 1534 1532 1530
f 1534 1530 1531
f 1534 1533 1532
f 1536 1537 1539
f 1536 1539 1538
f 1535 1536 1538
f 1536 1535 1538
f 1536 1538 1539
f 1537 1536 1539
f 1540 1541 1542
f 1540 1542 1543
f 1547 1546 1545
f 1547 1545 1544
f 1540 1543 1547
f 1540 1547 1544
f 1541 1540 1544
f 1541 1544 1545
f 1542 1541 1545
f 1542 1545 1546
f 1543 1542 1546
f 1543 1546 1547
f 1549 1551 1552
f 1549 1552 1550
f 1548 1551 1549
f 1549 1552 1551
f 1549 1551 1548
f 1550 1552 1549
f 1553 1556 1555
f 1553 1555 1554
f 1560 1557 1558
f 1560 1558 1559
f 1553 1557 1560
f 1553 1560 1556
f 1554 1558 1557
f 1554 1557 1553
f 1555 1559 1558
f 1555 1558 1554
f 1556 1560 1559
f 1556 1559 1555
f 1567 1575 1568
f 1562 1564 1565
f 1562 1565 1563
f 1564 1563 1565
f 1561 1566 1575
f 1575 1573 1568
f 1570 1567 1568
f 1570 1568 1573
f 1566 1561 1569
f 1575 1566 1574
f 1575 1574 1572
f 1575 1572 1573
f 1574 1566 1570
f 1574 1571 1572
f 1571 1570 1573
f 1571 1573 1572
f 1566 1569 1570
f 1570 1569 1567
f 1571 1574 1570
f 1567 1569 1575
f 1574 1570 1576
f 1576 1570 1574

o garage
v 0.87575495 2.18757236 -0.03057616
v 0.87575495 2.18757235 -0.07057616
v 3.27575595 2.18757235 -0.07057616
v 3.27575595 2.18757236 -0.03057616
v 0.87575495 2.41993336 -0.03057620
v 0.87575495 2.41993335 -0.07057620
v 3.27575595 2.41993335 -0.07057620
v 3.27575595 2.41993336 -0.03057620
v 0.87575495 2.16757235 -0.07057616
v 3.27575595 2.16757235 -0.07057616
v 0.87575495 2.41993335 -0.05057620
v 0.87575495 2.18757235 -0.05057616
v 3.27575595 2.41993335 -0.05057620
v 3.27575595 2.18757235 -0.05057616
v 0.87575495 2.16757235 -0.05057616
v 3.27575595 2.16757235 -0.05057616
v 0.87575495 1.93521036 -0.03057612
v 0.87575495 1.93521035 -0.07057612
v 3.27575595 1.93521035 -0.07057612
v 3.27575595 1.93521036 -0.03057612
v 0.87575495 2.16757236 -0.03057616
v 0.87575495 2.16757235 -0.07057616
v 3.27575595 2.16757235 -0.07057616
v 3.27575595 2.16757236 -0.03057616
v 0.87575495 1.91521035 -0.07057611
v 3.27575595 1.91521035 -0.07057611
v 0.87575495 2.16757235 -0.05057616
v 0.87575495 1.93521035 -0.05057612
v 3.27575595 2.16757235 -0.05057616
v 3.27575595 1.93521035 -0.05057612
v 0.87575495 1.91521035 -0.05057611
v 3.27575595 1.91521035 -0.05057611
v 0.87575495 1.68284836 -0.03057608
v 0.87575495 1.68284835 -0.07057608
v 3.27575595 1.68284835 -0.07057608
v 3.27575595 1.68284836 -0.03057608
v 0.87575495 1.91521036 -0.03057611
v 0.87575495 1.91521035 -0.07057611
v 3.27575595 1.91521035 -0.07057611
v 3.27575595 1.91521036 -0.03057611
v 0.87575495 1.66284835 -0.07057607
v 3.27575595 1.66284835 -0.07057607
v 0.87575495 1.91521035 -0.05057611
v 0.87575495 1.68284835 -0.05057608
v 3.27575595 1.91521035 -0.05057611
v 3.27575595 1.68284835 -0.05057608
v 0.87575495 1.66284835 -0.05057607
v 3.27575595 1.66284835 -0.05057607
v 0.87575495 1.43048736 -0.03057604
v 0.87575495 1.43048735 -0.07057604
v 3.27575595 1.43048735 -0.07057604
v 3.27575595 1.43048736 -0.03057604
v 0.87575495 1.66284836 -0.03057607
v 0.87575495 1.66284835 -0.07057607
v 3.27575595 1.66284835 -0.07057607
v 3.27575595 1.66284836 -0.03057607
v 0.87575495 1.41048735 -0.07057603
v 3.27575595 1.41048735 -0.07057603
v 0.87575495 1.66284835 -0.05057607
v 0.87575495 1.43048735 -0.05057604
v 3.27575595 1.66284835 -0.05057607
v 3.27575595 1.43048735 -0.05057604
v 0.87575495 1.41048735 -0.05057603
v 3.27575595 1.41048735 -0.05057603
v 0.87575495 1.17812536 -0.03057599
v 0.87575495 1.17812535 -0.07057599
v 3.27575595 1.17812535 -0.07057599
v 3.27575595 1.17812536 -0.03057599
v 0.87575495 1.41048736 -0.03057603
v 0.87575495 1.41048735 -0.07057603
v 3.27575595 1.41048735 -0.07057603
v 3.27575595 1.41048736 -0.03057603
v 0.87575495 1.15812535 -0.07057599
v 3.27575595 1.15812535 -0.07057599
v 0.87575495 1.41048735 -0.05057603
v 0.87575495 1.17812535 -0.05057599
v 3.27575595 1.41048735 -0.05057603
v 3.27575595 1.17812535 -0.05057599
v 0.87575495 1.15812535 -0.05057599
v 3.27575595 1.15812535 -0.05057599
v 0.87575495 0.67340236 -0.03057591
v 0.87575495 0.67340235 -0.07057591
v 3.27575595 0.67340235 -0.07057591
v 3.27575595 0.67340236 -0.03057591
v 0.87575495 0.90576436 -0.03057595
v 0.87575495 0.90576435 -0.07057595
v 3.27575595 0.90576435 -0.07057595
v 3.27575595 0.90576436 -0.03057595
v 0.87575495 0.65340235 -0.07057591
v 3.27575595 0.65340235 -0.07057591
v 0.87575495 0.90576435 -0.05057595
v 0.87575495 0.67340235 -0.05057591
v 3.27575595 0.90576435 -0.05057595
v 3.27575595 0.67340235 -0.05057591
v 0.87575495 0.65340235 -0.05057591
v 3.27575595 0.65340235 -0.05057591
v 0.87575495 0.42104036 -0.03057587
v 0.87575495 0.42104035 -0.07057587
v 3.27575595 0.42104035 -0.07057587
v 3.27575595 0.42104036 -0.03057587
v 0.87575495 0.65340236 -0.03057591
v 0.87575495 0.65340235 -0.07057591
v 3.27575595 0.65340235 -0.07057591
v 3.27575595 0.65340236 -0.03057591
v 0.87575495 0.40104035 -0.07057587
v 3.27575595 0.40104035 -0.07057587
v 0.87575495 0.65340235 -0.05057591
v 0.87575495 0.42104035 -0.05057587
v 3.27575595 0.65340235 -0.05057591
v 3.27575595 0.42104035 -0.05057587
v 0.87575495 0.40104035 -0.05057587
v 3.27575595 0.40104035 -0.05057587
v 0.87575495 0.16867836 -0.03057583
v 0.87575495 0.16867835 -0.07057583
v 3.27575595 0.16867835 -0.07057583
v 3.27575595 0.16867836 -0.03057583
v 0.87575495 0.40104036 -0.03057587
v 0.87575495 0.40104035 -0.07057587
v 3.27575595 0.40104035 -0.07057587
v 3.27575595 0.40104036 -0.03057587
v 0.87575495 0.14867835 -0.07057583
v 3.27575595 0.14867835 -0.07057583
v 0.87575495 0.40104035 -0.05057587
v 0.87575495 0.16867835 -0.05057583
v 3.27575595 0.40104035 -0.05057587
v 3.27575595 0.16867835 -0.05057583
v 0.87575495 0.14867835 -0.05057583
v 3.27575595 0.14867835 -0.05057583
v 0.87575495 0.92576436 -0.03057595
v 0.87575495 0.92576435 -0.07057595
v 3.27575595 0.92576435 -0.07057595
v 3.27575595 0.92576436 -0.03057595
v 0.87575495 1.15812536 -0.03057599
v 0.87575495 1.15812535 -0.07057599
v 3.27575595 1.15812535 -0.07057599
v 3.27575595 1.15812536 -0.03057599
v 0.87575495 0.90576435 -0.07057595
v 3.27575595 0.90576435 -0.07057595
v 0.87575495 1.15812535 -0.05057599
v 0.87575495 0.92576435 -0.05057595
v 3.27575595 1.15812535 -0.05057599
v 3.27575595 0.92576435 -0.05057595
v 0.87575495 0.90576435 -0.05057595
v 3.27575595 0.90576435 -0.05057595
v 0.88261195 0.14880336 -0.02057583
v 0.83261195 0.14880335 -0.08057583
v 0.83261195 0.14880336 -0.02057583
v 0.88261195 0.14880335 -0.08057583
v 3.26889995 0.14880336 -0.02057583
v 3.31889995 0.14880335 -0.08057583
v 3.31889995 0.14880336 -0.02057583
v 3.26889995 0.14880335 -0.08057583
v 0.88261195 2.41206436 -0.02057619
v 0.83261195 2.46206435 -0.08057620
v 0.83261195 2.46206436 -0.02057620
v 0.88261195 2.41206435 -0.08057619
v 3.26889995 2.41206436 -0.02057619
v 3.31889995 2.46206435 -0.08057620
v 3.31889995 2.46206436 -0.02057620
v 3.26889995 2.41206435 -0.08057619
f 1587 1582 1578
f 1587 1578 1588
f 1582 1583 1579
f 1582 1579 1578
f 1589 1584 1580
f 1589 1580 1590
f 1584 1581 1577
f 1584 1577 1580
f 1589 1583 1582
f 1589 1582 1587
f 1591 1585 1586
f 1591 1586 1592
f 1588 1578 1585
f 1588 1585 1591
f 1578 1579 1586
f 1578 1586 1585
f 1581 1587 1588
f 1581 1588 1577
f 1583 1589 1590
f 1583 1590 1579
f 1584 1589 1587
f 1584 1587 1581
f 1592 1590 1588
f 1592 1588 1591
f 1579 1590 1592
f 1579 1592 1586
f 1588 1590 1580
f 1588 1580 1577
f 1603 1598 1594
f 1603 1594 1604
f 1598 1599 1595
f 1598 1595 1594
f 1605 1600 1596
f 1605 1596 1606
f 1600 1597 1593
f 1600 1593 1596
f 1605 1599 1598
f 1605 1598 1603
f 1607 1601 1602
f 1607 1602 1608
f 1604 1594 1601
f 1604 1601 1607
f 1594 1595 1602
f 1594 1602 1601
f 1597 1603 1604
f 1597 1604 1593
f 1599 1605 1606
f 1599 1606 1595
f 1600 1605 1603
f 1600 1603 1597
f 1608 1606 1604
f 1608 1604 1607
f 1595 1606 1608
f 1595 1608 1602
f 1604 1606 1596
f 1604 1596 1593
f 1619 1614 1610
f 1619 1610 1620
f 1614 1615 1611
f 1614 1611 1610
f 1621 1616 1612
f 1621 1612 1622
f 1616 1613 1609
f 1616 1609 1612
f 1621 1615 1614
f 1621 1614 1619
f 1623 1617 1618
f 1623 1618 1624
f 1620 1610 1617
f 1620 1617 1623
f 1610 1611 1618
f 1610 1618 1617
f 1613 1619 1620
f 1613 1620 1609
f 1615 1621 1622
f 1615 1622 1611
f 1616 1621 1619
f 1616 1619 1613
f 1624 1622 1620
f 1624 1620 1623
f 1611 1622 1624
f 1611 1624 1618
f 1620 1622 1612
f 1620 1612 1609
f 1635 1630 1626
f 1635 1626 1636
f 1630 1631 1627
f 1630 1627 1626
f 1637 1632 1628
f 1637 1628 1638
f 1632 1629 1625
f 1632 1625 1628
f 1637 1631 1630
f 1637 1630 1635
f 1639 1633 1634
f 1639 1634 1640
f 1636 1626 1633
f 1636 1633 1639
f 1626 1627 1634
f 1626 1634 1633
f 1629 1635 1636
f 1629 1636 1625
f 1631 1637 1638
f 1631 1638 1627
f 1632 1637 1635
f 1632 1635 1629
f 1640 1638 1636
f 1640 1636 1639
f 1627 1638 1640
f 1627 1640 1634
f 1636 1638 1628
f 1636 1628 1625
f 1651 1646 1642
f 1651 1642 1652
f 1646 1647 1643
f 1646 1643 1642
f 1653 1648 1644
f 1653 1644 1654
f 1648 1645 1641
f 1648 1641 1644
f 1653 1647 1646
f 1653 1646 1651
f 1655 1649 1650
f 1655 1650 1656
f 1652 1642 1649
f 1652 1649 1655
f 1642 1643 1650
f 1642 1650 1649
f 1645 1651 1652
f 1645 1652 1641
f 1647 1653 1654
f 1647 1654 1643
f 1648 1653 1651
f 1648 1651 1645
f 1656 1654 1652
f 1656 1652 1655
f 1643 1654 1656
f 1643 1656 1650
f 1652 1654 1644
f 1652 1644 1641
f 1667 1662 1658
f 1667 1658 1668
f 1662 1663 1659
f 1662 1659 1658
f 1669 1664 1660
f 1669 1660 1670
f 1664 1661 1657
f 1664 1657 1660
f 1669 1663 1662
f 1669 1662 1667
f 1671 1665 1666
f 1671 1666 1672
f 1668 1658 1665
f 1668 1665 1671
f 1658 1659 1666
f 1658 1666 1665
f 1661 1667 1668
f 1661 1668 1657
f 1663 1669 1670
f 1663 1670 1659
f 1664 1669 1667
f 1664 1667 1661
f 1672 1670 1668
f 1672 1668 1671
f 1659 1670 1672
f 1659 1672 1666
f 1668 1670 1660
f 1668 1660 1657
f 1683 1678 1674
f 1683 1674 1684
f 1678 1679 1675
f 1678 1675 1674
f 1685 1680 1676
f 1685 1676 1686
f 1680 1677 1673
f 1680 1673 1676
f 1685 1679 1678
f 1685 1678 1683
f 1687 1681 1682
f 1687 1682 1688
f 1684 1674 1681
f 1684 1681 1687
f 1674 1675 1682
f 1674 1682 1681
f 1677 1683 1684
f 1677 1684 1673
f 1679 1685 1686
f 1679 1686 1675
f 1680 1685 1683
f 1680 1683 1677
f 1688 1686 1684
f 1688 1684 1687
f 1675 1686 1688
f 1675 1688 1682
f 1684 1686 1676
f 1684 1676 1673
f 1699 1694 1690
f 1699 1690 1700
f 1694 1695 1691
f 1694 1691 1690
f 1701 1696 1692
f 1701 1692 1702
f 1696 1693 1689
f 1696 1689 1692
f 1701 1695 1694
f 1701 1694 1699
f 1703 1697 1698
f 1703 1698 1704
f 1700 1690 1697
f 1700 1697 1703
f 1690 1691 1698
f 1690 1698 1697
f 1693 1699 1700
f 1693 1700 1689
f 1695 1701 1702
f 1695 1702 1691
f 1696 1701 1699
f 1696 1699 1693
f 1704 1702 1700
f 1704 1700 1703
f 1691 1702 1704
f 1691 1704 1698
f 1700 1702 1692
f 1700 1692 1689
f 1715 1710 1706
f 1715 1706 1716
f 1710 1711 1707
f 1710 1707 1706
f 1717 1712 1708
f 1717 1708 1718
f 1712 1709 1705
f 1712 1705 1708
f 1717 1711 1710
f 1717 1710 1715
f 1719 1713 1714
f 1719 1714 1720
f 1716 1706 1713
f 1716 1713 1719
f 1706 1707 1714
f 1706 1714 1713
f 1709 1715 1716
f 1709 1716 1705
f 1711 1717 1718
f 1711 1718 1707
f 1712 1717 1715
f 1712 1715 1709
f 1720 1718 1716
f 1720 1716 1719
f 1707 1718 1720
f 1707 1720 1714
f 1716 1718 1708
f 1716 1708 1705
f 1735 1733 1725
f 1735 1725 1727
f 1729 1731 1723
f 1729 1723 1721
f 1735 1731 1729
f 1735 1729 1733
f 1728 1736 1734
f 1728 1734 1726
f 1725 1733 1736
f 1725 1736 1728
f 1726 1734 1735
f 1726 1735 1727
f 1721 1724 1732
f 1721 1732 1729
f 1722 1723 1731
f 1722 1731 1730
f 1724 1722 1730
f 1724 1730 1732
f 1736 1732 1730
f 1736 1730 1734
f 1733 1729 1732
f 1733 1732 1736
f 1734 1730 1731
f 1734 1731 1735
f 1728 1726 1727
f 1728 1727 1725
f 1722 1724 1721
f 1722 1721 1723

o parapet
v 4.60206295 1.54893168 -10.33257605
v 4.60206295 1.54893161 -10.74857605
v 5.94506295 1.54893161 -10.74857605
v 5.94506295 1.54893168 -10.33257605
v 4.60206295 1.64893168 -10.33257607
v 4.60206295 1.64893161 -10.74857607
v 5.94506295 1.64893161 -10.74857607
v 5.94506295 1.64893168 -10.33257607
v 0.35093895 1.84343233 -6.30057510
v -0.06506205 1.84343233 -6.30057510
v -0.06506205 1.84343207 -7.90057510
v 0.35093895 1.84343207 -7.90057610
v 0.35093895 1.94343233 -6.30057512
v -0.06506205 1.94343233 -6.30057512
v -0.06506205 1.94343207 -7.90057512
v 0.35093895 1.94343207 -7.90057612
v 0.35093795 1.84343308 -1.75057510
v -0.06506205 1.84343308 -1.75057510
v -0.06506205 1.84343281 -3.35057610
v 0.35093895 1.84343281 -3.35057610
v 0.35093795 1.94343308 -1.75057512
v -0.06506205 1.94343308 -1.75057512
v -0.06506205 1.94343281 -3.35057612
v 0.35093895 1.94343281 -3.35057612
v 9.40206195 1.49893301 -2.15257605
v 9.40206195 1.49893294 -2.56857605
v 11.04506195 1.49893294 -2.56857605
v 11.04506195 1.49893301 -2.15257605
v 9.40206195 1.59893301 -2.15257606
v 9.40206195 1.59893294 -2.56857606
v 11.04506195 1.59893294 -2.56857606
v 11.04506195 1.59893301 -2.15257606
v 11.46104995 1.49893294 -2.56857605
v 11.46104995 1.49893301 -2.15257605
v 11.46104995 1.59893294 -2.56857606
v 11.46104995 1.59893301 -2.15257606
v 11.04506195 1.49893272 -3.94657605
v 11.04506195 1.59893272 -3.94657606
v 11.46104995 1.49893272 -3.94657605
v 11.46104995 1.59893272 -3.94657606
v 4.16293895 1.84343337 0.05742390
v 4.16293895 1.84343330 -0.35857610
v 5.76293895 1.84343330 -0.35857610
v 5.76293895 1.84343337 0.05742390
v 4.16293895 1.94343337 0.05742388
v 4.16293895 1.94343330 -0.35857612
v 5.76293895 1.94343330 -0.35857612
v 5.76293895 1.94343337 0.05742388
v 3.90093895 5.20343262 -4.56057665
v 3.48493895 5.20343262 -4.56057665
v 3.48493895 5.20343236 -6.16057665
v 3.90093895 5.20343236 -6.16057665
v 3.90093895 5.30343262 -4.56057667
v 3.48493895 5.30343262 -4.56057667
v 3.48493895 5.30343236 -6.16057667
v 3.90093895 5.30343236 -6.16057667
f 1741 1742 1738
f 1741 1738 1737
f 1742 1743 1739
f 1742 1739 1738
f 1744 1741 1737
f 1744 1737 1740
f 1737 1738 1739
f 1737 1739 1740
f 1744 1743 1742
f 1744 1742 1741
f 1743 1744 1740
f 1743 1740 1739
f 1749 1750 1746
f 1749 1746 1745
f 1750 1751 1747
f 1750 1747 1746
f 1751 1752 1748
f 1751 1748 1747
f 1752 1749 1745
f 1752 1745 1748
f 1745 1746 1747
f 1745 1747 1748
f 1752 1751 1750
f 1752 1750 1749
f 1757 1758 1754
f 1757 1754 1753
f 1758 1759 1755
f 1758 1755 1754
f 1759 1760 1756
f 1759 1756 1755
f 1760 1757 1753
f 1760 1753 1756
f 1753 1754 1755
f 1753 1755 1756
f 1760 1759 1758
f 1760 1758 1757
f 1765 1766 1762
f 1765 1762 1761
f 1766 1767 1763
f 1766 1763 1762
f 1767 1768 1772
f 1767 1772 1771
f 1768 1765 1761
f 1768 1761 1764
f 1761 1762 1763
f 1761 1763 1764
f 1768 1767 1766
f 1768 1766 1765
f 1771 1772 1770
f 1771 1770 1769
f 1768 1764 1770
f 1768 1770 1772
f 1769 1763 1773
f 1769 1773 1775
f 1764 1763 1769
f 1764 1769 1770
f 1773 1774 1776
f 1773 1776 1775
f 1771 1769 1775
f 1771 1775 1776
f 1763 1767 1774
f 1763 1774 1773
f 1767 1771 1776
f 1767 1776 1774
f 1781 1782 1778
f 1781 1778 1777
f 1782 1783 1779
f 1782 1779 1778
f 1783 1784 1780
f 1783 1780 1779
f 1784 1781 1777
f 1784 1777 1780
f 1777 1778 1779
f 1777 1779 1780
f 1784 1783 1782
f 1784 1782 1781
f 1789 1790 1786
f 1789 1786 1785
f 1790 1791 1787
f 1790 1787 1786
f 1791 1792 1788
f 1791 1788 1787
f 1792 1789 1785
f 1792 1785 1788
f 1785 1786 1787
f 1785 1787 1788
f 1792 1791 1790
f 1792 1790 1789

o lamp_exterior
v 2.45975795 2.35145731 -9.66611619
v 2.43175795 2.35145730 -9.70611619
v 2.45975795 2.39145730 -9.70611619
v 2.43175795 2.39145731 -9.66611619
v 2.43175795 2.39145730 -9.70611619
v 2.45975795 2.39145730 -9.70494919
v 2.45975795 2.35145730 -9.70611619
v 2.43175795 2.35145730 -9.70494919
v 2.43175795 2.39145731 -9.66727619
v 2.45975795 2.35145731 -9.66727619
v 2.44608395 2.35145730 -9.70611619
v 2.45975795 2.39145731 -9.66611619
v 2.43175795 2.35145731 -9.66611619
v 2.45975795 2.39018030 -9.70611619
v 2.43175795 2.39018031 -9.66611619
v 2.45975795 2.39018030 -9.70494919
v 2.43175795 2.39018030 -9.70494919
v 2.44608395 2.39145730 -9.70611619
v 2.43175795 2.39018031 -9.66727619
v 2.45975795 2.39018031 -9.66727619
v 2.45735895 2.39145731 -9.66611619
v 2.45975795 2.35271631 -9.66611619
v 2.43175795 2.35271630 -9.70611619
v 2.45975795 2.35271630 -9.70494919
v 2.43175795 2.35271630 -9.70494919
v 2.44608395 2.35145731 -9.66611619
v 2.43175795 2.35271631 -9.66727619
v 2.45975795 2.35271631 -9.66727619
v 2.45975795 2.01045731 -9.66611613
v 2.43175795 2.01045730 -9.70611613
v 2.45975795 2.05045730 -9.70611614
v 2.43175795 2.05045731 -9.66611614
v 2.43175795 2.05045730 -9.70611614
v 2.45975795 2.05045730 -9.70494914
v 2.45975795 2.01045730 -9.70611613
v 2.43175795 2.01045730 -9.70494913
v 2.43175795 2.05045731 -9.66727614
v 2.45975795 2.01045731 -9.66727613
v 2.44608395 2.01045730 -9.70611613
v 2.45975795 2.05045731 -9.66611614
v 2.43175795 2.01045731 -9.66611613
v 2.45975795 2.04917930 -9.70611614
v 2.43175795 2.04917931 -9.66611614
v 2.45975795 2.04917930 -9.70494914
v 2.43175795 2.04917930 -9.70494914
v 2.44608395 2.05045730 -9.70611614
v 2.43175795 2.04917931 -9.66727614
v 2.45975795 2.04917931 -9.66727614
v 2.45735895 2.05045731 -9.66611614
v 2.45975795 2.01171631 -9.66611613
v 2.43175795 2.01171630 -9.70611613
v 2.45975795 2.01171630 -9.70494913
v 2.43175795 2.01171630 -9.70494913
v 2.44608395 2.01045731 -9.66611613
v 2.43175795 2.01171631 -9.66727613
v 2.45975795 2.01171631 -9.66727613
v 2.44575844 2.00755451 -9.77213277
v 2.44575795 2.05579830 -9.70085214
v 2.47303595 2.05579830 -9.70627814
v 2.49616095 2.05579830 -9.72172914
v 2.51161295 2.05579830 -9.74485514
v 2.51703895 2.05579829 -9.77213314
v 2.51161295 2.05579829 -9.79941014
v 2.49616095 2.05579828 -9.82253514
v 2.47303595 2.05579828 -9.83798614
v 2.44575795 2.05579828 -9.84341314
v 2.41848095 2.05579828 -9.83798614
v 2.39535595 2.05579828 -9.82253514
v 2.37990395 2.05579829 -9.79941014
v 2.37447795 2.05579829 -9.77213314
v 2.37990395 2.05579830 -9.74485514
v 2.39535595 2.05579830 -9.72172914
v 2.41848095 2.05579830 -9.70627814
v 2.44575795 2.05579830 -9.70370314
v 2.47194495 2.05579830 -9.70891214
v 2.49414495 2.05579830 -9.72374614
v 2.50897795 2.05579830 -9.74594614
v 2.51418795 2.05579829 -9.77213314
v 2.50897795 2.05579829 -9.79831914
v 2.49414495 2.05579828 -9.82051914
v 2.47194495 2.05579828 -9.83535214
v 2.44575795 2.05579828 -9.84056114
v 2.41957195 2.05579828 -9.83535214
v 2.39737295 2.05579828 -9.82051914
v 2.38253895 2.05579829 -9.79831914
v 2.37732995 2.05579829 -9.77213314
v 2.38253895 2.05579830 -9.74594614
v 2.39737295 2.05579830 -9.72374614
v 2.41957195 2.05579830 -9.70891214
v 2.44575795 2.34579830 -9.70370318
v 2.47194495 2.34579830 -9.70891218
v 2.49414495 2.34579830 -9.72374618
v 2.50897795 2.34579830 -9.74594618
v 2.51418795 2.34579829 -9.77213318
v 2.50897795 2.34579829 -9.79831918
v 2.49414495 2.34579828 -9.82051918
v 2.47194495 2.34579828 -9.83535218
v 2.44575795 2.34579828 -9.84056118
v 2.41957195 2.34579828 -9.83535218
v 2.39737295 2.34579828 -9.82051918
v 2.38253895 2.34579829 -9.79831918
v 2.37732995 2.34579829 -9.77213318
v 2.38253895 2.34579830 -9.74594618
v 2.39737295 2.34579830 -9.72374618
v 2.41957195 2.34579830 -9.70891218
v 2.43223331 2.39859728 -9.84845664
v 2.44584465 2.34601221 -9.70038267
v 2.41862077 2.34592149 -9.70592639
v 2.37420709 2.34592128 -9.77186831
v 2.39496248 2.34601222 -9.82280547
v 2.41813305 2.34592171 -9.83813651
v 2.49643234 2.34601246 -9.82292840
v 2.51176263 2.34592152 -9.79975832
v 2.52643493 2.39307921 -9.75454528
v 2.49654051 2.34592153 -9.72172508
v 2.37626374 2.39342295 -9.72751188
v 2.47313596 2.34601256 -9.83845369
v 2.38253895 2.34480429 -9.79831918
v 2.39737295 2.34480428 -9.82051918
v 2.50897795 2.34480429 -9.79831918
v 2.51418795 2.34480429 -9.77213318
v 2.37732995 2.34480429 -9.77213318
v 2.49414495 2.34480428 -9.82051918
v 2.38253895 2.34480430 -9.74594618
v 2.47194495 2.34480428 -9.83535218
v 2.47194495 2.34480430 -9.70891218
v 2.44575795 2.34480430 -9.70370318
v 2.39737295 2.34480430 -9.72374618
v 2.44575795 2.34480428 -9.84056118
v 2.49414495 2.34480430 -9.72374618
v 2.41957195 2.34480430 -9.70891218
v 2.41957195 2.34480428 -9.83535218
v 2.50897795 2.34480430 -9.74594618
v 2.44567063 2.34601191 -9.84388190
v 2.47329609 2.34601221 -9.70587775
v 2.37943716 2.34601215 -9.79951015
v 2.39737295 2.05643628 -9.82051914
v 2.51418795 2.05643629 -9.77213314
v 2.44575795 2.05643630 -9.70370314
v 2.38253895 2.05643629 -9.79831914
v 2.50897795 2.05643629 -9.79831914
v 2.37732995 2.05643629 -9.77213314
v 2.49414495 2.05643628 -9.82051914
v 2.38253895 2.05643630 -9.74594614
v 2.47194495 2.05643628 -9.83535214
v 2.47194495 2.05643630 -9.70891214
v 2.39737295 2.05643630 -9.72374614
v 2.44575795 2.05643628 -9.84056114
v 2.49414495 2.05643630 -9.72374614
v 2.41957195 2.05643630 -9.70891214
v 2.41957195 2.05643628 -9.83535214
v 2.50897795 2.05643630 -9.74594614
v 2.49592295 2.05579828 -9.82229614
v 2.51130095 2.05579829 -9.79928114
v 2.38021595 2.05579830 -9.74498314
v 2.37481595 2.05579829 -9.77213314
v 2.47290695 2.05579828 -9.83767514
v 2.47290695 2.05579830 -9.70658914
v 2.44575795 2.05579830 -9.70118914
v 2.39559395 2.05579830 -9.72196814
v 2.44575795 2.05579828 -9.84307514
v 2.49592295 2.05579830 -9.72196814
v 2.41860995 2.05579830 -9.70658914
v 2.41860995 2.05579828 -9.83767514
v 2.51130095 2.05579830 -9.74498314
v 2.39559395 2.05579828 -9.82229614
v 2.51670195 2.05579829 -9.77213314
v 2.38021595 2.05579829 -9.79928114
v 2.39737295 2.05820828 -9.82051914
v 2.51418795 2.05820829 -9.77213314
v 2.44575795 2.05820830 -9.70370314
v 2.38253895 2.05820829 -9.79831914
v 2.50897795 2.05820829 -9.79831914
v 2.37732995 2.05820829 -9.77213314
v 2.49414495 2.05820828 -9.82051914
v 2.38253895 2.05820830 -9.74594614
v 2.47194495 2.05820828 -9.83535214
v 2.47194495 2.05820830 -9.70891214
v 2.39737295 2.05820830 -9.72374614
v 2.44575795 2.05820828 -9.84056114
v 2.49414495 2.05820830 -9.72374614
v 2.41957195 2.05820830 -9.70891214
v 2.41957195 2.05820828 -9.83535214
v 2.50897795 2.05820830 -9.74594614
v 2.39737295 2.34431728 -9.82051918
v 2.51418795 2.34431729 -9.77213318
v 2.44575795 2.34431730 -9.70370318
v 2.38253895 2.34431729 -9.79831918
v 2.50897795 2.34431729 -9.79831918
v 2.37732995 2.34431729 -9.77213318
v 2.49414495 2.34431728 -9.82051918
v 2.38253895 2.34431730 -9.74594618
v 2.47194495 2.34431728 -9.83535218
v 2.47194495 2.34431730 -9.70891218
v 2.39737295 2.34431730 -9.72374618
v 2.44575795 2.34431728 -9.84056118
v 2.49414495 2.34431730 -9.72374618
v 2.41957195 2.34431730 -9.70891218
v 2.41957195 2.34431728 -9.83535218
v 2.50897795 2.34431730 -9.74594618
v 10.60015195 2.58145714 -10.67387522
v 10.57215195 2.58145714 -10.71387522
v 10.60015195 2.62145614 -10.71387523
v 10.57215195 2.62145614 -10.67387523
v 10.57215195 2.62145614 -10.71387523
v 10.60015195 2.62145614 -10.71270723
v 10.60015195 2.58145714 -10.71387522
v 10.57215195 2.58145714 -10.71270722
v 10.57215195 2.62145614 -10.67503423
v 10.60015195 2.58145714 -10.67503422
v 10.58647745 2.58145714 -10.71387522
v 10.60015195 2.62145614 -10.67387523
v 10.57215195 2.58145714 -10.67387522
v 10.60015195 2.62017914 -10.71387523
v 10.57215195 2.62017914 -10.67387523
v 10.60015195 2.62017914 -10.71270723
v 10.57215195 2.62017914 -10.71270723
v 10.58647745 2.62145614 -10.71387523
v 10.57215195 2.62017914 -10.67503423
v 10.60015195 2.62017914 -10.67503423
v 10.59775195 2.62145614 -10.67387523
v 10.60015195 2.58271514 -10.67387522
v 10.57215195 2.58271514 -10.71387522
v 10.60015195 2.58271514 -10.71270722
v 10.57215195 2.58271514 -10.71270722
v 10.58647745 2.58145714 -10.67387522
v 10.57215195 2.58271514 -10.67503422
v 10.60015195 2.58271514 -10.67503422
v 10.60015195 2.24045614 -10.67387517
v 10.57215195 2.24045614 -10.71387517
v 10.60015195 2.28045614 -10.71387517
v 10.57215195 2.28045614 -10.67387517
v 10.57215195 2.28045614 -10.71387517
v 10.60015195 2.28045614 -10.71270717
v 10.60015195 2.24045614 -10.71387517
v 10.57215195 2.24045614 -10.71270717
v 10.57215195 2.28045614 -10.67503417
v 10.60015195 2.24045614 -10.67503417
v 10.58647745 2.24045614 -10.71387517
v 10.60015195 2.28045614 -10.67387517
v 10.57215195 2.24045614 -10.67387517
v 10.60015195 2.27917814 -10.71387517
v 10.57215195 2.27917814 -10.67387517
v 10.60015195 2.27917814 -10.71270717
v 10.57215195 2.27917814 -10.71270717
v 10.58647745 2.28045614 -10.71387517
v 10.57215195 2.27917814 -10.67503417
v 10.60015195 2.27917814 -10.67503417
v 10.59775195 2.28045614 -10.67387517
v 10.60015195 2.24171514 -10.67387517
v 10.57215195 2.24171514 -10.71387517
v 10.60015195 2.24171514 -10.71270717
v 10.57215195 2.24171514 -10.71270717
v 10.58647745 2.24045614 -10.67387517
v 10.57215195 2.24171514 -10.67503417
v 10.60015195 2.24171514 -10.67503417
v 10.58615245 2.23745938 -10.77989119
v 10.58615195 2.28579814 -10.71019517
v 10.61342995 2.28579814 -10.71550017
v 10.63655495 2.28579814 -10.73060817
v 10.65200595 2.28579813 -10.75321917
v 10.65743195 2.28579813 -10.77989117
v 10.65200595 2.28579812 -10.80656217
v 10.63655495 2.28579812 -10.82917417
v 10.61342995 2.28579812 -10.84428217
v 10.58615195 2.28579812 -10.84958717
v 10.55887495 2.28579812 -10.84428217
v 10.53574895 2.28579812 -10.82917417
v 10.52029895 2.28579812 -10.80656217
v 10.51487295 2.28579813 -10.77989117
v 10.52029895 2.28579813 -10.75321917
v 10.53574895 2.28579814 -10.73060817
v 10.55887495 2.28579814 -10.71550017
v 10.58615195 2.28579814 -10.71298317
v 10.61233895 2.28579814 -10.71807617
v 10.63453895 2.28579814 -10.73258017
v 10.64937295 2.28579813 -10.75428617
v 10.65458095 2.28579813 -10.77989117
v 10.64937295 2.28579812 -10.80549517
v 10.63453895 2.28579812 -10.82720217
v 10.61233895 2.28579812 -10.84170617
v 10.58615195 2.28579812 -10.84679917
v 10.55996595 2.28579812 -10.84170617
v 10.53776595 2.28579812 -10.82720217
v 10.52293195 2.28579812 -10.80549517
v 10.51772395 2.28579813 -10.77989117
v 10.52293195 2.28579813 -10.75428617
v 10.53776595 2.28579814 -10.73258017
v 10.55996595 2.28579814 -10.71807617
v 10.58615195 2.57579714 -10.71298322
v 10.61233895 2.57579714 -10.71807622
v 10.63453895 2.57579714 -10.73258022
v 10.64937295 2.57579713 -10.75428622
v 10.65458095 2.57579713 -10.77989122
v 10.64937295 2.57579712 -10.80549522
v 10.63453895 2.57579712 -10.82720222
v 10.61233895 2.57579712 -10.84170622
v 10.58615195 2.57579712 -10.84679922
v 10.55996595 2.57579712 -10.84170622
v 10.53776595 2.57579712 -10.82720222
v 10.52293195 2.57579712 -10.80549522
v 10.51772395 2.57579713 -10.77989122
v 10.52293195 2.57579713 -10.75428622
v 10.53776595 2.57579714 -10.73258022
v 10.55996595 2.57579714 -10.71807622
v 10.51124236 2.62419683 -10.75168730
v 10.62102750 2.62648564 -10.85732781
v 10.58623892 2.57600438 -10.70973744
v 10.55877497 2.57600537 -10.71504509
v 10.53547961 2.57600780 -10.73022427
v 10.51440266 2.57601251 -10.77980639
v 10.51983149 2.57601127 -10.80666003
v 10.53535632 2.57600797 -10.82943799
v 10.55852624 2.57591743 -10.84442689
v 10.63682528 2.57600812 -10.82955825
v 10.65215492 2.57592055 -10.80690327
v 10.65235793 2.57592076 -10.75335747
v 10.61377870 2.57591747 -10.71535555
v 10.52293195 2.57480312 -10.80549522
v 10.53776595 2.57480312 -10.82720222
v 10.64937295 2.57480312 -10.80549522
v 10.65458095 2.57480313 -10.77989122
v 10.51772395 2.57480313 -10.77989122
v 10.63453895 2.57480312 -10.82720222
v 10.52293195 2.57480313 -10.75428622
v 10.61233895 2.57480312 -10.84170622
v 10.61233895 2.57480314 -10.71807622
v 10.58615195 2.57480314 -10.71298322
v 10.53776595 2.57480314 -10.73258022
v 10.58615195 2.57480312 -10.84679922
v 10.63453895 2.57480314 -10.73258022
v 10.55996595 2.57480314 -10.71807622
v 10.55996595 2.57480312 -10.84170622
v 10.64937295 2.57480313 -10.75428622
v 10.63694805 2.57600816 -10.73034442
v 10.63172054 2.62859713 -10.71766655
v 10.58606499 2.57600436 -10.85004500
v 10.65790228 2.57601238 -10.77997565
v 10.53776595 2.28643512 -10.82720217
v 10.65458095 2.28643513 -10.77989117
v 10.58615195 2.28643514 -10.71298317
v 10.52293195 2.28643512 -10.80549517
v 10.64937295 2.28643512 -10.80549517
v 10.51772395 2.28643513 -10.77989117
v 10.63453895 2.28643512 -10.82720217
v 10.52293195 2.28643513 -10.75428617
v 10.61233895 2.28643512 -10.84170617
v 10.61233895 2.28643514 -10.71807617
v 10.53776595 2.28643514 -10.73258017
v 10.58615195 2.28643512 -10.84679917
v 10.63453895 2.28643514 -10.73258017
v 10.55996595 2.28643514 -10.71807617
v 10.55996595 2.28643512 -10.84170617
v 10.64937295 2.28643513 -10.75428617
v 10.63631595 2.28579812 -10.82894117
v 10.65169495 2.28579812 -10.80643617
v 10.52060995 2.28579813 -10.75334517
v 10.51520995 2.28579813 -10.77989117
v 10.61330095 2.28579812 -10.84397717
v 10.61330095 2.28579814 -10.71580517
v 10.58615195 2.28579814 -10.71052517
v 10.53598795 2.28579814 -10.73084117
v 10.58615195 2.28579812 -10.84925717
v 10.63631595 2.28579814 -10.73084217
v 10.55900395 2.28579814 -10.71580517
v 10.55900395 2.28579812 -10.84397717
v 10.65169495 2.28579813 -10.75334517
v 10.53598795 2.28579812 -10.82894117
v 10.65709495 2.28579813 -10.77989117
v 10.52060995 2.28579812 -10.80643617
v 10.53776595 2.28820812 -10.82720217
v 10.65458095 2.28820813 -10.77989117
v 10.58615195 2.28820814 -10.71298317
v 10.52293195 2.28820812 -10.80549517
v 10.64937295 2.28820812 -10.80549517
v 10.51772395 2.28820813 -10.77989117
v 10.63453895 2.28820812 -10.82720217
v 10.52293195 2.28820813 -10.75428617
v 10.61233895 2.28820812 -10.84170617
v 10.61233895 2.28820814 -10.71807617
v 10.53776595 2.28820814 -10.73258017
v 10.58615195 2.28820812 -10.84679917
v 10.63453895 2.28820814 -10.73258017
v 10.55996595 2.28820814 -10.71807617
v 10.55996595 2.28820812 -10.84170617
v 10.64937295 2.28820813 -10.75428617
v 10.53776595 2.57431612 -10.82720222
v 10.65458095 2.57431613 -10.77989122
v 10.58615195 2.57431614 -10.71298322
v 10.52293195 2.57431612 -10.80549522
v 10.64937295 2.57431612 -10.80549522
v 10.51772395 2.57431613 -10.77989122
v 10.63453895 2.57431612 -10.82720222
v 10.52293195 2.57431613 -10.75428622
v 10.61233895 2.57431612 -10.84170622
v 10.61233895 2.57431614 -10.71807622
v 10.53776595 2.57431614 -10.73258022
v 10.58615195 2.57431612 -10.84679922
v 10.63453895 2.57431614 -10.73258022
v 10.55996595 2.57431614 -10.71807622
v 10.55996595 2.57431612 -10.84170622
v 10.64937295 2.57431613 -10.75428622
v 7.15015295 2.58145714 -10.67387522
v 7.12215295 2.58145714 -10.71387522
v 7.15015295 2.62145714 -10.71387523
v 7.12215295 2.62145714 -10.67387523
v 7.12215295 2.62145714 -10.71387523
v 7.15015295 2.62145714 -10.71270723
v 7.15015295 2.58145714 -10.71387522
v 7.12215295 2.58145714 -10.71270722
v 7.12215295 2.62145714 -10.67503423
v 7.15015295 2.58145714 -10.67503422
v 7.13647795 2.58145714 -10.71387522
v 7.15015295 2.62145714 -10.67387523
v 7.12215295 2.58145714 -10.67387522
v 7.15015295 2.62017914 -10.71387523
v 7.12215295 2.62017914 -10.67387523
v 7.15015295 2.62017914 -10.71270723
v 7.12215295 2.62017914 -10.71270723
v 7.13647795 2.62145714 -10.71387523
v 7.12215295 2.62017914 -10.67503423
v 7.15015295 2.62017914 -10.67503423
v 7.14775295 2.62145714 -10.67387523
v 7.15015295 2.58271514 -10.67387522
v 7.12215295 2.58271514 -10.71387522
v 7.15015295 2.58271514 -10.71270722
v 7.12215295 2.58271514 -10.71270722
v 7.13647795 2.58145714 -10.67387522
v 7.12215295 2.58271514 -10.67503422
v 7.15015295 2.58271514 -10.67503422
v 7.15015295 2.24045714 -10.67387517
v 7.12215295 2.24045714 -10.71387517
v 7.15015295 2.28045714 -10.71387517
v 7.12215295 2.28045714 -10.67387517
v 7.12215295 2.28045714 -10.71387517
v 7.15015295 2.28045714 -10.71270717
v 7.15015295 2.24045714 -10.71387517
v 7.12215295 2.24045714 -10.71270717
v 7.12215295 2.28045714 -10.67503417
v 7.15015295 2.24045714 -10.67503417
v 7.13647795 2.24045714 -10.71387517
v 7.15015295 2.28045714 -10.67387517
v 7.12215295 2.24045714 -10.67387517
v 7.15015295 2.27917914 -10.71387517
v 7.12215295 2.27917914 -10.67387517
v 7.15015295 2.27917914 -10.71270717
v 7.12215295 2.27917914 -10.71270717
v 7.13647795 2.28045714 -10.71387517
v 7.12215295 2.27917914 -10.67503417
v 7.15015295 2.27917914 -10.67503417
v 7.14775295 2.28045714 -10.67387517
v 7.15015295 2.24171614 -10.67387517
v 7.12215295 2.24171614 -10.71387517
v 7.15015295 2.24171614 -10.71270717
v 7.12215295 2.24171614 -10.71270717
v 7.13647795 2.24045714 -10.67387517
v 7.12215295 2.24171614 -10.67503417
v 7.15015295 2.24171614 -10.67503417
v 7.13615295 2.23755468 -10.77989091
v 7.13615295 2.28579814 -10.70861117
v 7.16343095 2.28579814 -10.71403717
v 7.18655495 2.28579814 -10.72948817
v 7.20200695 2.28579813 -10.75261317
v 7.20743295 2.28579813 -10.77989117
v 7.20200695 2.28579812 -10.80716817
v 7.18655495 2.28579812 -10.83029317
v 7.16343095 2.28579812 -10.84574517
v 7.13615295 2.28579812 -10.85117117
v 7.10887495 2.28579812 -10.84574517
v 7.08575095 2.28579812 -10.83029317
v 7.07029895 2.28579812 -10.80716817
v 7.06487295 2.28579813 -10.77989117
v 7.07029895 2.28579813 -10.75261317
v 7.08575095 2.28579814 -10.72948817
v 7.10887495 2.28579814 -10.71403717
v 7.13615295 2.28579814 -10.71146217
v 7.16233995 2.28579814 -10.71667117
v 7.18453895 2.28579814 -10.73150417
v 7.19937295 2.28579813 -10.75370417
v 7.20458195 2.28579813 -10.77989117
v 7.19937295 2.28579812 -10.80607717
v 7.18453895 2.28579812 -10.82827717
v 7.16233995 2.28579812 -10.84311117
v 7.13615295 2.28579812 -10.84832017
v 7.10996695 2.28579812 -10.84311117
v 7.08776695 2.28579812 -10.82827717
v 7.07293295 2.28579812 -10.80607717
v 7.06772395 2.28579813 -10.77989117
v 7.07293295 2.28579813 -10.75370417
v 7.08776695 2.28579814 -10.73150417
v 7.10996595 2.28579814 -10.71667117
v 7.13615295 2.57579814 -10.71146222
v 7.16233995 2.57579814 -10.71667122
v 7.18453895 2.57579814 -10.73150422
v 7.19937295 2.57579813 -10.75370422
v 7.20458195 2.57579813 -10.77989122
v 7.19937295 2.57579812 -10.80607722
v 7.18453895 2.57579812 -10.82827722
v 7.16233995 2.57579812 -10.84311122
v 7.13615295 2.57579812 -10.84832022
v 7.10996695 2.57579812 -10.84311122
v 7.08776695 2.57579812 -10.82827722
v 7.07293295 2.57579812 -10.80607722
v 7.06772395 2.57579813 -10.77989122
v 7.07293295 2.57579813 -10.75370422
v 7.08776695 2.57579814 -10.73150422
v 7.10996595 2.57579814 -10.71667122
v 7.17071516 2.62648232 -10.85905342
v 7.19032899 2.62859714 -10.72791260
v 7.13623993 2.57601221 -10.70814170
v 7.10901594 2.57592158 -10.71368475
v 7.06460151 2.57592140 -10.77962664
v 7.08535723 2.57601257 -10.83056494
v 7.10852670 2.57592134 -10.84589457
v 7.18682653 2.57601259 -10.83068703
v 7.20215634 2.57592145 -10.80751690
v 7.20235898 2.57592144 -10.75275401
v 7.18693451 2.57592158 -10.72948356
v 7.06669145 2.62247382 -10.73529185
v 7.07293295 2.57480412 -10.80607722
v 7.08776695 2.57480412 -10.82827722
v 7.19937295 2.57480412 -10.80607722
v 7.20458195 2.57480413 -10.77989122
v 7.06772395 2.57480413 -10.77989122
v 7.18453895 2.57480412 -10.82827722
v 7.07293295 2.57480413 -10.75370422
v 7.16233995 2.57480412 -10.84311122
v 7.16233995 2.57480414 -10.71667122
v 7.13615295 2.57480414 -10.71146222
v 7.08776695 2.57480414 -10.73150422
v 7.13615295 2.57480412 -10.84832022
v 7.18453895 2.57480414 -10.73150422
v 7.10996595 2.57480414 -10.71667122
v 7.10996695 2.57480412 -10.84311122
v 7.19937295 2.57480413 -10.75370422
v 7.13606632 2.57601207 -10.85164077
v 7.16369026 2.57601235 -10.71363594
v 7.06983199 2.57601221 -10.80726773
v 7.20790249 2.57601210 -10.77997792
v 7.08776695 2.28643512 -10.82827717
v 7.20458195 2.28643513 -10.77989117
v 7.13615295 2.28643514 -10.71146217
v 7.07293295 2.28643512 -10.80607717
v 7.19937295 2.28643512 -10.80607717
v 7.06772395 2.28643513 -10.77989117
v 7.18453895 2.28643512 -10.82827717
v 7.07293295 2.28643513 -10.75370417
v 7.16233995 2.28643512 -10.84311117
v 7.16233995 2.28643514 -10.71667117
v 7.08776695 2.28643514 -10.73150417
v 7.13615295 2.28643512 -10.84832017
v 7.18453895 2.28643514 -10.73150417
v 7.10996595 2.28643514 -10.71667117
v 7.10996695 2.28643512 -10.84311117
v 7.19937295 2.28643513 -10.75370417
v 7.18631695 2.28579812 -10.83005517
v 7.20169595 2.28579812 -10.80703917
v 7.07060995 2.28579813 -10.75274217
v 7.06520995 2.28579813 -10.77989117
v 7.16330195 2.28579812 -10.84543317
v 7.16330195 2.28579814 -10.71434817
v 7.13615295 2.28579814 -10.70894817
v 7.08598895 2.28579814 -10.72972717
v 7.13615295 2.28579812 -10.85083417
v 7.18631695 2.28579814 -10.72972717
v 7.10900395 2.28579814 -10.71434817
v 7.10900395 2.28579812 -10.84543317
v 7.20169595 2.28579813 -10.75274217
v 7.08598895 2.28579812 -10.83005517
v 7.20709595 2.28579813 -10.77989117
v 7.07060995 2.28579812 -10.80703917
v 7.08776695 2.28820812 -10.82827717
v 7.20458195 2.28820813 -10.77989117
v 7.13615295 2.28820814 -10.71146217
v 7.07293295 2.28820812 -10.80607717
v 7.19937295 2.28820812 -10.80607717
v 7.06772395 2.28820813 -10.77989117
v 7.18453895 2.28820812 -10.82827717
v 7.07293295 2.28820813 -10.75370417
v 7.16233995 2.28820812 -10.84311117
v 7.16233995 2.28820814 -10.71667117
v 7.08776695 2.28820814 -10.73150417
v 7.13615295 2.28820812 -10.84832017
v 7.18453895 2.28820814 -10.73150417
v 7.10996595 2.28820814 -10.71667117
v 7.10996695 2.28820812 -10.84311117
v 7.19937295 2.28820813 -10.75370417
v 7.08776695 2.57431612 -10.82827722
v 7.20458195 2.57431613 -10.77989122
v 7.13615295 2.57431614 -10.71146222
v 7.07293295 2.57431612 -10.80607722
v 7.19937295 2.57431612 -10.80607722
v 7.06772395 2.57431613 -10.77989122
v 7.18453895 2.57431612 -10.82827722
v 7.07293295 2.57431613 -10.75370422
v 7.16233995 2.57431612 -10.84311122
v 7.16233995 2.57431614 -10.71667122
v 7.08776695 2.57431614 -10.73150422
v 7.13615295 2.57431612 -10.84832022
v 7.18453895 2.57431614 -10.73150422
v 7.10996595 2.57431614 -10.71667122
v 7.10996695 2.57431612 -10.84311122
v 7.19937295 2.57431613 -10.75370422
v 0.36215295 2.28145988 -0.00590717
v 0.39015295 2.28145989 0.03409383
v 0.36215295 2.32145989 0.03409382
v 0.39015295 2.32145988 -0.00590718
v 0.39015295 2.32145989 0.03409382
v 0.36215295 2.32145989 0.03292482
v 0.36215295 2.28145989 0.03409383
v 0.39015295 2.28145989 0.03292483
v 0.39015295 2.32145988 -0.00474718
v 0.36215295 2.28145988 -0.00474717
v 0.37582795 2.28145989 0.03409383
v 0.36215295 2.32145988 -0.00590718
v 0.39015295 2.28145988 -0.00590717
v 0.36215295 2.32018189 0.03409382
v 0.39015295 2.32018188 -0.00590718
v 0.36215295 2.32018189 0.03292482
v 0.39015295 2.32018189 0.03292482
v 0.37582795 2.32145989 0.03409382
v 0.39015295 2.32018188 -0.00474718
v 0.36215295 2.32018188 -0.00474718
v 0.36455295 2.32145988 -0.00590718
v 0.36215295 2.28271888 -0.00590717
v 0.39015295 2.28271889 0.03409383
v 0.36215295 2.28271889 0.03292483
v 0.39015295 2.28271889 0.03292483
v 0.37582795 2.28145988 -0.00590717
v 0.39015295 2.28271888 -0.00474717
v 0.36215295 2.28271888 -0.00474717
v 0.36215295 1.94045888 -0.00590712
v 0.39015295 1.94045889 0.03409388
v 0.36215295 1.98045989 0.03409388
v 0.39015295 1.98045988 -0.00590712
v 0.39015295 1.98045989 0.03409388
v 0.36215295 1.98045989 0.03292488
v 0.36215295 1.94045889 0.03409388
v 0.39015295 1.94045889 0.03292488
v 0.39015295 1.98045988 -0.00474712
v 0.36215295 1.94045888 -0.00474712
v 0.37582795 1.94045889 0.03409388
v 0.36215295 1.98045988 -0.00590712
v 0.39015295 1.94045888 -0.00590712
v 0.36215295 1.97918189 0.03409388
v 0.39015295 1.97918188 -0.00590712
v 0.36215295 1.97918189 0.03292488
v 0.39015295 1.97918189 0.03292488
v 0.37582795 1.98045989 0.03409388
v 0.39015295 1.97918188 -0.00474712
v 0.36215295 1.97918188 -0.00474712
v 0.36455295 1.98045988 -0.00590712
v 0.36215295 1.94171788 -0.00590712
v 0.39015295 1.94171789 0.03409388
v 0.36215295 1.94171789 0.03292488
v 0.39015295 1.94171789 0.03292488
v 0.37582795 1.94045888 -0.00590712
v 0.39015295 1.94171788 -0.00474712
v 0.36215295 1.94171788 -0.00474712
v 0.37615258 1.93755513 0.10010904
v 0.37615295 1.98580089 0.02882987
v 0.34887495 1.98580089 0.03425587
v 0.32574995 1.98580089 0.04970687
v 0.31029795 1.98580090 0.07283087
v 0.30487295 1.98580090 0.10010887
v 0.31029795 1.98580090 0.12738787
v 0.32574995 1.98580091 0.15051287
v 0.34887495 1.98580091 0.16596287
v 0.37615295 1.98580091 0.17138887
v 0.40343095 1.98580091 0.16596287
v 0.42655495 1.98580091 0.15051287
v 0.44200695 1.98580090 0.12738787
v 0.44743295 1.98580090 0.10010887
v 0.44200695 1.98580090 0.07283087
v 0.42655495 1.98580089 0.04970687
v 0.40343095 1.98580089 0.03425587
v 0.37615295 1.98580089 0.03167987
v 0.34996595 1.98580089 0.03688887
v 0.32776595 1.98580089 0.05172187
v 0.31293295 1.98580090 0.07392187
v 0.30772395 1.98580090 0.10010887
v 0.31293295 1.98580090 0.12629687
v 0.32776595 1.98580091 0.14849487
v 0.34996595 1.98580091 0.16332987
v 0.37615295 1.98580091 0.16853687
v 0.40233995 1.98580091 0.16332987
v 0.42453895 1.98580091 0.14849487
v 0.43937295 1.98580090 0.12629687
v 0.44458095 1.98580090 0.10010887
v 0.43937295 1.98580090 0.07392187
v 0.42453895 1.98580089 0.05172187
v 0.40233995 1.98580089 0.03688887
v 0.37615295 2.27580089 0.03167983
v 0.34996595 2.27580089 0.03688883
v 0.32776595 2.27580089 0.05172183
v 0.31293295 2.27580090 0.07392183
v 0.30772395 2.27580090 0.10010883
v 0.31293295 2.27580090 0.12629683
v 0.32776595 2.27580091 0.14849483
v 0.34996595 2.27580091 0.16332983
v 0.37615295 2.27580091 0.16853683
v 0.40233995 2.27580091 0.16332983
v 0.42453895 2.27580091 0.14849483
v 0.43937295 2.27580090 0.12629683
v 0.44458095 2.27580090 0.10010883
v 0.43937295 2.27580090 0.07392183
v 0.42453895 2.27580089 0.05172183
v 0.40233995 2.27580089 0.03688883
v 0.34159162 2.32648491 0.17927388
v 0.32197435 2.32859989 0.04813324
v 0.37606658 2.27601524 0.02835950
v 0.40328949 2.27592414 0.03390373
v 0.44770442 2.27592415 0.09984449
v 0.42694849 2.27601428 0.15078152
v 0.40377935 2.27592430 0.16611249
v 0.32547941 2.27601421 0.15090470
v 0.31014865 2.27592394 0.12773552
v 0.30994591 2.27592403 0.07297268
v 0.32537104 2.27592427 0.04970148
v 0.44561356 2.32247703 0.05551213
v 0.43937295 2.27480690 0.12629683
v 0.42453895 2.27480691 0.14849483
v 0.31293295 2.27480690 0.12629683
v 0.30772395 2.27480690 0.10010883
v 0.44458095 2.27480690 0.10010883
v 0.32776595 2.27480691 0.14849483
v 0.43937295 2.27480690 0.07392183
v 0.34996595 2.27480691 0.16332983
v 0.34996595 2.27480689 0.03688883
v 0.37615295 2.27480689 0.03167983
v 0.42453895 2.27480689 0.05172183
v 0.37615295 2.27480691 0.16853683
v 0.32776595 2.27480689 0.05172183
v 0.40233995 2.27480689 0.03688883
v 0.40233995 2.27480691 0.16332983
v 0.31293295 2.27480690 0.07392183
v 0.37623973 2.27601540 0.17185911
v 0.34861447 2.27601499 0.03385553
v 0.44247373 2.27601450 0.12748646
v 0.30440339 2.27601483 0.10019539
v 0.42453895 1.98643791 0.14849487
v 0.30772395 1.98643790 0.10010887
v 0.37615295 1.98643789 0.03167987
v 0.43937295 1.98643790 0.12629687
v 0.31293295 1.98643790 0.12629687
v 0.44458095 1.98643790 0.10010887
v 0.32776595 1.98643791 0.14849487
v 0.43937295 1.98643790 0.07392187
v 0.34996595 1.98643791 0.16332987
v 0.34996595 1.98643789 0.03688887
v 0.42453895 1.98643789 0.05172187
v 0.37615295 1.98643791 0.16853687
v 0.32776595 1.98643789 0.05172187
v 0.40233995 1.98643789 0.03688887
v 0.40233995 1.98643791 0.16332987
v 0.31293295 1.98643790 0.07392187
v 0.32598795 1.98580091 0.15027287
v 0.31060995 1.98580090 0.12725787
v 0.44169595 1.98580090 0.07296087
v 0.44709595 1.98580090 0.10010887
v 0.34900395 1.98580091 0.16565187
v 0.34900395 1.98580089 0.03456687
v 0.37615295 1.98580089 0.02916687
v 0.42631695 1.98580089 0.04994487
v 0.37615295 1.98580091 0.17105187
v 0.32598795 1.98580089 0.04994487
v 0.40330195 1.98580089 0.03456687
v 0.40330195 1.98580091 0.16565187
v 0.31060995 1.98580090 0.07296087
v 0.42631695 1.98580091 0.15027287
v 0.30520995 1.98580090 0.10010887
v 0.44169595 1.98580090 0.12725787
v 0.42453895 1.98821091 0.14849487
v 0.30772395 1.98821090 0.10010887
v 0.37615295 1.98821089 0.03167987
v 0.43937295 1.98821090 0.12629687
v 0.31293295 1.98821090 0.12629687
v 0.44458095 1.98821090 0.10010887
v 0.32776595 1.98821091 0.14849487
v 0.43937295 1.98821090 0.07392187
v 0.34996595 1.98821091 0.16332987
v 0.34996595 1.98821089 0.03688887
v 0.42453895 1.98821089 0.05172187
v 0.37615295 1.98821091 0.16853687
v 0.32776595 1.98821089 0.05172187
v 0.40233995 1.98821089 0.03688887
v 0.40233995 1.98821091 0.16332987
v 0.31293295 1.98821090 0.07392187
v 0.42453895 2.27431991 0.14849483
v 0.30772395 2.27431990 0.10010883
v 0.37615295 2.27431989 0.03167983
v 0.43937295 2.27431990 0.12629683
v 0.31293295 2.27431990 0.12629683
v 0.44458095 2.27431990 0.10010883
v 0.32776595 2.27431991 0.14849483
v 0.43937295 2.27431990 0.07392183
v 0.34996595 2.27431991 0.16332983
v 0.34996595 2.27431989 0.03688883
v 0.42453895 2.27431989 0.05172183
v 0.37615295 2.27431991 0.16853683
v 0.32776595 2.27431989 0.05172183
v 0.40233995 2.27431989 0.03688883
v 0.40233995 2.27431991 0.16332983
v 0.31293295 2.27431990 0.07392183
v 3.76215295 2.28145888 -0.00590617
v 3.79015195 2.28145889 0.03409283
v 3.76215295 2.32145889 0.03409282
v 3.79015195 2.32145888 -0.00590618
v 3.79015195 2.32145889 0.03409282
v 3.76215295 2.32145889 0.03292482
v 3.76215295 2.28145889 0.03409283
v 3.79015195 2.28145889 0.03292483
v 3.79015195 2.32145888 -0.00474918
v 3.76215295 2.28145888 -0.00474917
v 3.77582745 2.28145889 0.03409283
v 3.76215295 2.32145888 -0.00590618
v 3.79015195 2.28145888 -0.00590617
v 3.76215295 2.32018089 0.03409282
v 3.79015195 2.32018088 -0.00590618
v 3.76215295 2.32018089 0.03292482
v 3.79015195 2.32018089 0.03292482
v 3.77582745 2.32145889 0.03409282
v 3.79015195 2.32018088 -0.00474918
v 3.76215295 2.32018088 -0.00474918
v 3.76455295 2.32145888 -0.00590618
v 3.76215295 2.28271788 -0.00590617
v 3.79015195 2.28271789 0.03409283
v 3.76215295 2.28271789 0.03292483
v 3.79015195 2.28271789 0.03292483
v 3.77582745 2.28145888 -0.00590617
v 3.79015195 2.28271788 -0.00474917
v 3.76215295 2.28271788 -0.00474917
v 3.76215295 1.94045888 -0.00590612
v 3.79015195 1.94045889 0.03409288
v 3.76215295 1.98045889 0.03409288
v 3.79015195 1.98045888 -0.00590612
v 3.79015195 1.98045889 0.03409288
v 3.76215295 1.98045889 0.03292488
v 3.76215295 1.94045889 0.03409288
v 3.79015195 1.94045889 0.03292488
v 3.79015195 1.98045888 -0.00474912
v 3.76215295 1.94045888 -0.00474912
v 3.77582745 1.94045889 0.03409288
v 3.76215295 1.98045888 -0.00590612
v 3.79015195 1.94045888 -0.00590612
v 3.76215295 1.97918189 0.03409288
v 3.79015195 1.97918188 -0.00590612
v 3.76215295 1.97918189 0.03292488
v 3.79015195 1.97918189 0.03292488
v 3.77582745 1.98045889 0.03409288
v 3.79015195 1.97918188 -0.00474912
v 3.76215295 1.97918188 -0.00474912
v 3.76455295 1.98045888 -0.00590612
v 3.76215295 1.94171788 -0.00590612
v 3.79015195 1.94171789 0.03409288
v 3.76215295 1.94171789 0.03292488
v 3.79015195 1.94171789 0.03292488
v 3.77582745 1.94045888 -0.00590612
v 3.79015195 1.94171788 -0.00474912
v 3.76215295 1.94171788 -0.00474912
v 3.77615267 1.93755639 0.10010879
v 3.77615295 1.98579989 0.02882787
v 3.74887495 1.98579989 0.03425487
v 3.72574995 1.98579989 0.04970687
v 3.71029895 1.98580090 0.07283187
v 3.70487295 1.98580090 0.10010787
v 3.71029895 1.98580090 0.12738687
v 3.72574995 1.98580091 0.15051187
v 3.74887495 1.98579991 0.16596387
v 3.77615195 1.98579991 0.17138787
v 3.80343095 1.98579991 0.16596387
v 3.82655495 1.98579991 0.15051187
v 3.84200595 1.98579990 0.12738687
v 3.84743195 1.98579990 0.10010787
v 3.84200595 1.98579990 0.07283187
v 3.82655495 1.98579989 0.04970687
v 3.80343095 1.98579989 0.03425487
v 3.77615295 1.98579989 0.03167987
v 3.74996595 1.98579989 0.03688987
v 3.72776595 1.98579989 0.05172287
v 3.71293195 1.98580090 0.07392287
v 3.70772395 1.98580090 0.10010787
v 3.71293195 1.98580090 0.12629587
v 3.72776595 1.98580091 0.14849487
v 3.74996595 1.98579991 0.16332887
v 3.77615195 1.98579991 0.16853787
v 3.80233995 1.98579991 0.16332887
v 3.82453995 1.98579991 0.14849487
v 3.83937295 1.98579990 0.12629587
v 3.84458095 1.98579990 0.10010787
v 3.83937295 1.98579990 0.07392287
v 3.82453995 1.98579989 0.05172287
v 3.80233995 1.98579989 0.03688987
v 3.77615295 2.27579989 0.03167983
v 3.74996595 2.27579989 0.03688983
v 3.72776595 2.27579989 0.05172283
v 3.71293195 2.27579990 0.07392283
v 3.70772395 2.27579990 0.10010783
v 3.71293195 2.27579990 0.12629583
v 3.72776595 2.27579991 0.14849483
v 3.74996595 2.27579991 0.16332883
v 3.77615195 2.27579991 0.16853783
v 3.80233995 2.27579991 0.16332883
v 3.82453995 2.27579991 0.14849483
v 3.83937295 2.27579990 0.12629583
v 3.84458095 2.27579990 0.10010783
v 3.83937295 2.27579990 0.07392283
v 3.82453995 2.27579989 0.05172283
v 3.80233995 2.27579989 0.03688983
v 3.74159008 2.32648568 0.17926983
v 3.72197609 2.32859989 0.04813110
v 3.77606601 2.27601512 0.02835827
v 3.80328984 2.27592444 0.03390230
v 3.84770389 2.27592459 0.09984295
v 3.82694801 2.27601492 0.15078277
v 3.80377929 2.27592396 0.16611259
v 3.72547984 2.27601493 0.15090525
v 3.71014920 2.27592455 0.12773574
v 3.70994644 2.27592455 0.07297219
v 3.72537087 2.27592444 0.04970159
v 3.84561673 2.32247647 0.05550994
v 3.83937295 2.27480590 0.12629583
v 3.82453995 2.27480591 0.14849483
v 3.71293195 2.27480590 0.12629583
v 3.70772395 2.27480590 0.10010783
v 3.84458095 2.27480590 0.10010783
v 3.72776595 2.27480591 0.14849483
v 3.83937295 2.27480590 0.07392283
v 3.74996595 2.27480591 0.16332883
v 3.74996595 2.27480589 0.03688983
v 3.77615295 2.27480589 0.03167983
v 3.82453995 2.27480589 0.05172283
v 3.77615195 2.27480591 0.16853783
v 3.72776595 2.27480589 0.05172283
v 3.80233995 2.27480589 0.03688983
v 3.80233995 2.27480591 0.16332883
v 3.71293195 2.27480590 0.07392283
v 3.77623862 2.27601486 0.17185736
v 3.74861564 2.27601526 0.03385350
v 3.84247351 2.27601544 0.12748704
v 3.70440262 2.27601555 0.10019458
v 3.82453995 1.98643791 0.14849487
v 3.70772395 1.98643790 0.10010787
v 3.77615295 1.98643789 0.03167987
v 3.83937295 1.98643790 0.12629587
v 3.71293195 1.98643790 0.12629587
v 3.84458095 1.98643790 0.10010787
v 3.72776595 1.98643791 0.14849487
v 3.83937295 1.98643790 0.07392287
v 3.74996595 1.98643791 0.16332887
v 3.74996595 1.98643789 0.03688987
v 3.82453995 1.98643789 0.05172287
v 3.77615195 1.98643791 0.16853787
v 3.72776595 1.98643789 0.05172287
v 3.80233995 1.98643789 0.03688987
v 3.80233995 1.98643791 0.16332887
v 3.71293195 1.98643790 0.07392287
v 3.72598795 1.98580091 0.15027287
v 3.71060995 1.98580090 0.12725887
v 3.84169495 1.98579990 0.07295987
v 3.84709495 1.98579990 0.10010787
v 3.74900395 1.98579991 0.16565087
v 3.74900395 1.98579989 0.03456587
v 3.77615295 1.98579989 0.02916587
v 3.82631695 1.98579989 0.04994487
v 3.77615195 1.98579991 0.17105287
v 3.72598895 1.98579989 0.04994487
v 3.80330095 1.98579989 0.03456587
v 3.80330095 1.98579991 0.16565087
v 3.71060995 1.98580090 0.07295987
v 3.82631695 1.98579991 0.15027287
v 3.70520995 1.98580090 0.10010787
v 3.84169495 1.98579990 0.12725887
v 3.82453995 1.98820991 0.14849487
v 3.70772395 1.98820990 0.10010787
v 3.77615295 1.98820989 0.03167987
v 3.83937295 1.98820990 0.12629587
v 3.71293195 1.98820990 0.12629587
v 3.84458095 1.98820990 0.10010787
v 3.72776595 1.98820991 0.14849487
v 3.83937295 1.98820990 0.07392287
v 3.74996595 1.98820991 0.16332887
v 3.74996595 1.98820989 0.03688987
v 3.82453995 1.98820989 0.05172287
v 3.77615195 1.98820991 0.16853787
v 3.72776595 1.98820989 0.05172287
v 3.80233995 1.98820989 0.03688987
v 3.80233995 1.98820991 0.16332887
v 3.71293195 1.98820990 0.07392287
v 3.82453995 2.27431891 0.14849483
v 3.70772395 2.27431890 0.10010783
v 3.77615295 2.27431889 0.03167983
v 3.83937295 2.27431890 0.12629583
v 3.71293195 2.27431890 0.12629583
v 3.84458095 2.27431890 0.10010783
v 3.72776595 2.27431891 0.14849483
v 3.83937295 2.27431890 0.07392283
v 3.74996595 2.27431891 0.16332883
v 3.74996595 2.27431889 0.03688983
v 3.82453995 2.27431889 0.05172283
v 3.77615195 2.27431891 0.16853783
v 3.72776595 2.27431889 0.05172283
v 3.80233995 2.27431889 0.03688983
v 3.80233995 2.27431891 0.16332883
v 3.71293195 2.27431890 0.07392283
v 6.16215295 2.28145888 -0.00590817
v 6.19015295 2.28145889 0.03409283
v 6.16215295 2.32145889 0.03409282
v 6.19015295 2.32145888 -0.00590818
v 6.19015295 2.32145889 0.03409282
v 6.16215295 2.32145889 0.03292382
v 6.16215295 2.28145889 0.03409283
v 6.19015295 2.28145889 0.03292383
v 6.19015295 2.32145888 -0.00474818
v 6.16215295 2.28145888 -0.00474817
v 6.17582745 2.28145889 0.03409283
v 6.16215295 2.32145888 -0.00590818
v 6.19015295 2.28145888 -0.00590817
v 6.16215295 2.32018089 0.03409282
v 6.19015295 2.32018088 -0.00590818
v 6.16215295 2.32018089 0.03292382
v 6.19015295 2.32018089 0.03292382
v 6.17582745 2.32145889 0.03409282
v 6.19015295 2.32018088 -0.00474818
v 6.16215295 2.32018088 -0.00474818
v 6.16455295 2.32145888 -0.00590818
v 6.16215295 2.28271788 -0.00590817
v 6.19015295 2.28271789 0.03409283
v 6.16215295 2.28271789 0.03292383
v 6.19015295 2.28271789 0.03292383
v 6.17582745 2.28145888 -0.00590817
v 6.19015295 2.28271788 -0.00474817
v 6.16215295 2.28271788 -0.00474817
v 6.16215295 1.94045888 -0.00590812
v 6.19015295 1.94045889 0.03409288
v 6.16215295 1.98045889 0.03409288
v 6.19015295 1.98045888 -0.00590812
v 6.19015295 1.98045889 0.03409288
v 6.16215295 1.98045889 0.03292388
v 6.16215295 1.94045889 0.03409288
v 6.19015295 1.94045889 0.03292388
v 6.19015295 1.98045888 -0.00474812
v 6.16215295 1.94045888 -0.00474812
v 6.17582745 1.94045889 0.03409288
v 6.16215295 1.98045888 -0.00590812
v 6.19015295 1.94045888 -0.00590812
v 6.16215295 1.97918089 0.03409288
v 6.19015295 1.97918088 -0.00590812
v 6.16215295 1.97918089 0.03292388
v 6.19015295 1.97918089 0.03292388
v 6.17582745 1.98045889 0.03409288
v 6.19015295 1.97918088 -0.00474812
v 6.16215295 1.97918088 -0.00474812
v 6.16455295 1.98045888 -0.00590812
v 6.16215295 1.94171788 -0.00590812
v 6.19015295 1.94171789 0.03409288
v 6.16215295 1.94171789 0.03292388
v 6.19015295 1.94171789 0.03292388
v 6.17582745 1.94045888 -0.00590812
v 6.19015295 1.94171788 -0.00474812
v 6.16215295 1.94171788 -0.00474812
v 6.17615283 1.93755250 0.10010876
v 6.17615295 1.98579989 0.02882887
v 6.14887495 1.98579989 0.03425487
v 6.12574995 1.98579989 0.04970587
v 6.11029795 1.98579990 0.07283087
v 6.10487295 1.98579990 0.10010887
v 6.11029795 1.98579990 0.12738687
v 6.12574995 1.98579991 0.15051187
v 6.14887495 1.98579991 0.16596287
v 6.17615295 1.98579991 0.17138887
v 6.20342995 1.98579991 0.16596287
v 6.22655495 1.98579991 0.15051187
v 6.24200695 1.98579990 0.12738687
v 6.24743295 1.98579990 0.10010887
v 6.24200695 1.98579990 0.07283087
v 6.22655495 1.98579989 0.04970587
v 6.20342995 1.98579989 0.03425487
v 6.17615295 1.98579989 0.03167887
v 6.14996595 1.98579989 0.03688887
v 6.12776595 1.98579989 0.05172187
v 6.11293295 1.98579990 0.07392187
v 6.10772395 1.98579990 0.10010887
v 6.11293295 1.98579990 0.12629587
v 6.12776595 1.98579991 0.14849487
v 6.14996595 1.98579991 0.16332887
v 6.17615295 1.98579991 0.16853687
v 6.20233895 1.98579991 0.16332887
v 6.22453895 1.98579991 0.14849487
v 6.23937295 1.98579990 0.12629587
v 6.24458195 1.98579990 0.10010887
v 6.23937295 1.98579990 0.07392187
v 6.22453895 1.98579989 0.05172187
v 6.20233895 1.98579989 0.03688887
v 6.17615295 2.27579989 0.03167883
v 6.14996595 2.27579989 0.03688883
v 6.12776595 2.27579989 0.05172183
v 6.11293295 2.27579990 0.07392183
v 6.10772395 2.27579990 0.10010883
v 6.11293295 2.27579990 0.12629583
v 6.12776595 2.27579991 0.14849483
v 6.14996595 2.27579991 0.16332883
v 6.17615295 2.27579991 0.16853683
v 6.20233895 2.27579991 0.16332883
v 6.22453895 2.27579991 0.14849483
v 6.23937295 2.27579990 0.12629583
v 6.24458195 2.27579990 0.10010883
v 6.23937295 2.27579990 0.07392183
v 6.22453895 2.27579989 0.05172183
v 6.20233895 2.27579989 0.03688883
v 6.18967690 2.32859891 0.17643295
v 6.17606626 2.27601386 0.02835929
v 6.20328964 2.27592316 0.03390289
v 6.24770440 2.27592316 0.09984437
v 6.22694835 2.27601355 0.15078148
v 6.20377853 2.27592317 0.16611221
v 6.12547917 2.27601342 0.15090421
v 6.11014925 2.27592284 0.12773520
v 6.09547602 2.32308075 0.08252224
v 6.12537113 2.27592308 0.04970088
v 6.24564862 2.32342397 0.05548747
v 6.14877557 2.27601367 0.16642962
v 6.23937295 2.27480590 0.12629583
v 6.22453895 2.27480591 0.14849483
v 6.11293295 2.27480590 0.12629583
v 6.10772395 2.27480590 0.10010883
v 6.24458195 2.27480590 0.10010883
v 6.12776595 2.27480591 0.14849483
v 6.23937295 2.27480590 0.07392183
v 6.14996595 2.27480591 0.16332883
v 6.14996595 2.27480589 0.03688883
v 6.17615295 2.27480589 0.03167883
v 6.22453895 2.27480589 0.05172183
v 6.17615295 2.27480591 0.16853683
v 6.12776595 2.27480589 0.05172183
v 6.20233895 2.27480589 0.03688883
v 6.20233895 2.27480591 0.16332883
v 6.11293295 2.27480590 0.07392183
v 6.17623958 2.27601387 0.17185838
v 6.14861544 2.27601372 0.03385441
v 6.24247376 2.27601369 0.12748612
v 6.22453895 1.98643691 0.14849487
v 6.10772395 1.98643690 0.10010887
v 6.17615295 1.98643689 0.03167887
v 6.23937295 1.98643690 0.12629587
v 6.11293295 1.98643690 0.12629587
v 6.24458195 1.98643690 0.10010887
v 6.12776595 1.98643691 0.14849487
v 6.23937295 1.98643690 0.07392187
v 6.14996595 1.98643691 0.16332887
v 6.14996595 1.98643689 0.03688887
v 6.22453895 1.98643689 0.05172187
v 6.17615295 1.98643691 0.16853687
v 6.12776595 1.98643689 0.05172187
v 6.20233895 1.98643689 0.03688887
v 6.20233895 1.98643691 0.16332887
v 6.11293295 1.98643690 0.07392187
v 6.12598795 1.98579991 0.15027187
v 6.11060995 1.98579990 0.12725787
v 6.24169495 1.98579990 0.07296087
v 6.24709495 1.98579990 0.10010887
v 6.14900395 1.98579991 0.16565187
v 6.14900395 1.98579989 0.03456587
v 6.17615295 1.98579989 0.02916687
v 6.22631695 1.98579989 0.04994387
v 6.17615295 1.98579991 0.17105187
v 6.12598795 1.98579989 0.04994387
v 6.20330095 1.98579989 0.03456587
v 6.20330095 1.98579991 0.16565187
v 6.11060995 1.98579990 0.07296087
v 6.22631695 1.98579991 0.15027187
v 6.10520995 1.98579990 0.10010887
v 6.24169495 1.98579990 0.12725787
v 6.22453895 1.98820991 0.14849487
v 6.10772395 1.98820990 0.10010887
v 6.17615295 1.98820989 0.03167887
v 6.23937295 1.98820990 0.12629587
v 6.11293295 1.98820990 0.12629587
v 6.24458195 1.98820990 0.10010887
v 6.12776595 1.98820991 0.14849487
v 6.23937295 1.98820990 0.07392187
v 6.14996595 1.98820991 0.16332887
v 6.14996595 1.98820989 0.03688887
v 6.22453895 1.98820989 0.05172187
v 6.17615295 1.98820991 0.16853687
v 6.12776595 1.98820989 0.05172187
v 6.20233895 1.98820989 0.03688887
v 6.20233895 1.98820991 0.16332887
v 6.11293295 1.98820990 0.07392187
v 6.22453895 2.27431891 0.14849483
v 6.10772395 2.27431890 0.10010883
v 6.17615295 2.27431889 0.03167883
v 6.23937295 2.27431890 0.12629583
v 6.11293295 2.27431890 0.12629583
v 6.24458195 2.27431890 0.10010883
v 6.12776595 2.27431891 0.14849483
v 6.23937295 2.27431890 0.07392183
v 6.14996595 2.27431891 0.16332883
v 6.14996595 2.27431889 0.03688883
v 6.22453895 2.27431889 0.05172183
v 6.17615295 2.27431891 0.16853683
v 6.12776595 2.27431889 0.05172183
v 6.20233895 2.27431889 0.03688883
v 6.20233895 2.27431891 0.16332883
v 6.11293295 2.27431890 0.07392183
f 1820 1814 1793
f 1820 1793 1802
f 1817 1815 1794
f 1817 1794 1800
f 1819 1817 1800
f 1819 1800 1805
f 1803 1800 1794
f 1810 1798 1795
f 1814 1818 1793
f 1802 1793 1818
f 1810 1813 1804
f 1810 1804 1798
f 1801 1796 1813
f 1815 1803 1794
f 1803 1805 1800
f 1803 1818 1805
f 1816 1820 1802
f 1816 1802 1799
f 1797 1801 1813
f 1797 1813 1810
f 1799 1802 1818
f 1799 1818 1803
f 1796 1807 1813
f 1810 1795 1806
f 1795 1798 1808
f 1795 1808 1806
f 1801 1797 1809
f 1801 1809 1811
f 1796 1801 1811
f 1796 1811 1807
f 1798 1804 1812
f 1798 1812 1808
f 1812 1804 1814
f 1812 1814 1820
f 1813 1807 1805
f 1813 1805 1818
f 1809 1797 1815
f 1809 1815 1817
f 1810 1806 1799
f 1810 1799 1803
f 1806 1808 1816
f 1806 1816 1799
f 1811 1809 1817
f 1811 1817 1819
f 1807 1811 1819
f 1807 1819 1805
f 1804 1813 1818
f 1804 1818 1814
f 1797 1810 1803
f 1797 1803 1815
f 1808 1812 1820
f 1808 1820 1816
f 1848 1842 1821
f 1848 1821 1830
f 1845 1843 1822
f 1845 1822 1828
f 1847 1845 1828
f 1847 1828 1833
f 1831 1828 1822
f 1838 1826 1823
f 1842 1846 1821
f 1830 1821 1846
f 1838 1841 1832
f 1838 1832 1826
f 1829 1824 1841
f 1843 1831 1822
f 1831 1833 1828
f 1831 1846 1833
f 1844 1848 1830
f 1844 1830 1827
f 1825 1829 1841
f 1825 1841 1838
f 1827 1830 1846
f 1827 1846 1831
f 1824 1835 1841
f 1838 1823 1834
f 1823 1826 1836
f 1823 1836 1834
f 1829 1825 1837
f 1829 1837 1839
f 1824 1829 1839
f 1824 1839 1835
f 1826 1832 1840
f 1826 1840 1836
f 1840 1832 1842
f 1840 1842 1848
f 1841 1835 1833
f 1841 1833 1846
f 1837 1825 1843
f 1837 1843 1845
f 1838 1834 1827
f 1838 1827 1831
f 1834 1836 1844
f 1834 1844 1827
f 1839 1837 1845
f 1839 1845 1847
f 1835 1839 1847
f 1835 1847 1833
f 1832 1841 1846
f 1832 1846 1842
f 1825 1838 1831
f 1825 1831 1843
f 1836 1840 1848
f 1836 1848 1844
f 1849 1850 1865
f 1849 1860 1859
f 1849 1854 1853
f 1849 1861 1860
f 1849 1855 1854
f 1849 1862 1861
f 1849 1856 1855
f 1849 1863 1862
f 1849 1857 1856
f 1849 1851 1850
f 1849 1864 1863
f 1849 1858 1857
f 1849 1852 1851
f 1849 1865 1864
f 1849 1859 1858
f 1849 1853 1852
f 1946 1945 1872
f 1946 1872 1871
f 1948 1947 1879
f 1948 1879 1878
f 1945 1949 1873
f 1945 1873 1872
f 1951 1950 1867
f 1951 1867 1866
f 1947 1952 1880
f 1947 1880 1879
f 1949 1953 1874
f 1949 1874 1873
f 1950 1954 1868
f 1950 1868 1867
f 1952 1955 1881
f 1952 1881 1880
f 1953 1956 1875
f 1953 1875 1874
f 1954 1957 1869
f 1954 1869 1868
f 1955 1951 1866
f 1955 1866 1881
f 1956 1958 1876
f 1956 1876 1875
f 1957 1959 1870
f 1957 1870 1869
f 1958 1960 1877
f 1958 1877 1876
f 1959 1946 1871
f 1959 1871 1870
f 1960 1948 1878
f 1960 1878 1877
f 1911 1910 1893
f 1911 1893 1892
f 1913 1912 1887
f 1913 1887 1886
f 1910 1914 1894
f 1910 1894 1893
f 1912 1915 1888
f 1912 1888 1887
f 1914 1916 1895
f 1914 1895 1894
f 1915 1917 1889
f 1915 1889 1888
f 1919 1918 1883
f 1919 1883 1882
f 1916 1920 1896
f 1916 1896 1895
f 1917 1921 1890
f 1917 1890 1889
f 1918 1922 1884
f 1918 1884 1883
f 1920 1923 1897
f 1920 1897 1896
f 1921 1924 1891
f 1921 1891 1890
f 1922 1925 1885
f 1922 1885 1884
f 1923 1919 1882
f 1923 1882 1897
f 1924 1911 1892
f 1924 1892 1891
f 1925 1913 1886
f 1925 1886 1885
f 1902 1898 1903
f 1899 1908 1900
f 1898 1926 1903
f 1906 1927 1907
f 1904 1906 1905
f 1908 1928 1901
f 1928 1902 1892
f 1928 1892 1893
f 1906 1885 1886
f 1902 1903 1891
f 1902 1891 1892
f 1899 1900 1897
f 1899 1897 1882
f 1906 1907 1884
f 1906 1884 1885
f 1903 1926 1890
f 1903 1890 1891
f 1900 1908 1896
f 1900 1896 1897
f 1907 1927 1883
f 1907 1883 1884
f 1926 1909 1889
f 1926 1889 1890
f 1908 1895 1896
f 1927 1899 1882
f 1927 1882 1883
f 1909 1904 1888
f 1909 1888 1889
f 1908 1901 1894
f 1908 1894 1895
f 1904 1905 1887
f 1904 1887 1888
f 1901 1928 1893
f 1901 1893 1894
f 1905 1906 1886
f 1905 1886 1887
f 1977 1980 1910
f 1977 1910 1911
f 1978 1981 1912
f 1978 1912 1913
f 1980 1982 1914
f 1980 1914 1910
f 1981 1983 1915
f 1981 1915 1912
f 1982 1984 1916
f 1982 1916 1914
f 1983 1985 1917
f 1983 1917 1915
f 1979 1986 1918
f 1979 1918 1919
f 1984 1987 1920
f 1984 1920 1916
f 1985 1988 1921
f 1985 1921 1917
f 1986 1989 1922
f 1986 1922 1918
f 1987 1990 1923
f 1987 1923 1920
f 1988 1991 1924
f 1988 1924 1921
f 1989 1992 1925
f 1989 1925 1922
f 1990 1979 1919
f 1990 1919 1923
f 1991 1977 1911
f 1991 1911 1924
f 1992 1978 1913
f 1992 1913 1925
f 1898 1909 1926
f 1906 1908 1899
f 1906 1899 1927
f 1898 1906 1904
f 1898 1904 1909
f 1908 1898 1902
f 1908 1902 1928
f 1876 1877 1932
f 1876 1932 1929
f 1870 1871 1933
f 1870 1933 1930
f 1877 1878 1934
f 1877 1934 1932
f 1871 1872 1935
f 1871 1935 1933
f 1878 1879 1936
f 1878 1936 1934
f 1872 1873 1937
f 1872 1937 1935
f 1866 1867 1938
f 1866 1938 1931
f 1879 1880 1939
f 1879 1939 1936
f 1873 1874 1940
f 1873 1940 1937
f 1867 1868 1941
f 1867 1941 1938
f 1880 1881 1942
f 1880 1942 1939
f 1874 1875 1943
f 1874 1943 1940
f 1868 1869 1944
f 1868 1944 1941
f 1881 1866 1931
f 1881 1931 1942
f 1875 1876 1929
f 1875 1929 1943
f 1869 1870 1930
f 1869 1930 1944
f 1855 1856 1945
f 1855 1945 1946
f 1862 1863 1947
f 1862 1947 1948
f 1856 1857 1949
f 1856 1949 1945
f 1850 1851 1950
f 1850 1950 1951
f 1863 1864 1952
f 1863 1952 1947
f 1857 1858 1953
f 1857 1953 1949
f 1851 1852 1954
f 1851 1954 1950
f 1864 1865 1955
f 1864 1955 1952
f 1858 1859 1956
f 1858 1956 1953
f 1852 1853 1957
f 1852 1957 1954
f 1865 1850 1951
f 1865 1951 1955
f 1859 1860 1958
f 1859 1958 1956
f 1853 1854 1959
f 1853 1959 1957
f 1860 1861 1960
f 1860 1960 1958
f 1854 1855 1946
f 1854 1946 1959
f 1861 1862 1948
f 1861 1948 1960
f 1929 1932 1964
f 1929 1964 1961
f 1930 1933 1965
f 1930 1965 1962
f 1932 1934 1966
f 1932 1966 1964
f 1933 1935 1967
f 1933 1967 1965
f 1934 1936 1968
f 1934 1968 1966
f 1935 1937 1969
f 1935 1969 1967
f 1931 1938 1970
f 1931 1970 1963
f 1936 1939 1971
f 1936 1971 1968
f 1937 1940 1972
f 1937 1972 1969
f 1938 1941 1973
f 1938 1973 1970
f 1939 1942 1974
f 1939 1974 1971
f 1940 1943 1975
f 1940 1975 1972
f 1941 1944 1976
f 1941 1976 1973
f 1942 1931 1963
f 1942 1963 1974
f 1943 1929 1961
f 1943 1961 1975
f 1944 1930 1962
f 1944 1962 1976
f 1961 1964 1980
f 1961 1980 1977
f 1962 1965 1981
f 1962 1981 1978
f 1964 1966 1982
f 1964 1982 1980
f 1965 1967 1983
f 1965 1983 1981
f 1966 1968 1984
f 1966 1984 1982
f 1967 1969 1985
f 1967 1985 1983
f 1963 1970 1986
f 1963 1986 1979
f 1968 1971 1987
f 1968 1987 1984
f 1969 1972 1988
f 1969 1988 1985
f 1970 1973 1989
f 1970 1989 1986
f 1971 1974 1990
f 1971 1990 1987
f 1972 1975 1991
f 1972 1991 1988
f 1973 1976 1992
f 1973 1992 1989
f 1974 1963 1979
f 1974 1979 1990
f 1975 1961 1977
f 1975 1977 1991
f 1976 1962 1978
f 1976 1978 1992
f 1898 1908 1906
f 2020 2014 1993
f 2020 1993 2002
f 2013 2005 2018
f 2017 2015 1994
f 2017 1994 2000
f 2019 2017 2000
f 2019 2000 2005
f 2003 2000 1994
f 2010 1998 1995
f 2014 2018 1993
f 2002 1993 2018
f 2010 2013 2004
f 2010 2004 1998
f 2001 1996 2013
f 2015 2003 1994
f 2003 2018 2005
f 2003 2005 2000
f 2016 2020 2002
f 2016 2002 1999
f 1997 2001 2013
f 1997 2013 2010
f 1999 2002 2018
f 1999 2018 2003
f 1996 2007 2013
f 2010 1995 2006
f 1995 1998 2008
f 1995 2008 2006
f 2001 1997 2009
f 2001 2009 2011
f 1996 2001 2011
f 1996 2011 2007
f 2004 2013 2018
f 1998 2004 2012
f 1998 2012 2008
f 2012 2004 2014
f 2012 2014 2020
f 2013 2007 2005
f 2009 1997 2015
f 2009 2015 2017
f 2010 2006 1999
f 2010 1999 2003
f 2006 2008 2016
f 2006 2016 1999
f 2011 2009 2017
f 2011 2017 2019
f 2007 2011 2019
f 2007 2019 2005
f 2004 2018 2014
f 1997 2010 2003
f 1997 2003 2015
f 2008 2012 2020
f 2008 2020 2016
f 2048 2042 2021
f 2048 2021 2030
f 2045 2043 2022
f 2045 2022 2028
f 2047 2045 2028
f 2047 2028 2033
f 2031 2028 2022
f 2038 2026 2023
f 2042 2046 2021
f 2030 2021 2046
f 2038 2041 2032
f 2038 2032 2026
f 2029 2024 2041
f 2043 2031 2022
f 2031 2033 2028
f 2031 2046 2033
f 2044 2048 2030
f 2044 2030 2027
f 2025 2029 2041
f 2025 2041 2038
f 2027 2030 2046
f 2027 2046 2031
f 2024 2035 2041
f 2038 2023 2034
f 2023 2026 2036
f 2023 2036 2034
f 2029 2025 2037
f 2029 2037 2039
f 2024 2029 2039
f 2024 2039 2035
f 2026 2032 2040
f 2026 2040 2036
f 2040 2032 2042
f 2040 2042 2048
f 2041 2035 2033
f 2041 2033 2046
f 2037 2025 2043
f 2037 2043 2045
f 2038 2034 2027
f 2038 2027 2031
f 2034 2036 2044
f 2034 2044 2027
f 2039 2037 2045
f 2039 2045 2047
f 2035 2039 2047
f 2035 2047 2033
f 2032 2041 2046
f 2032 2046 2042
f 2025 2038 2031
f 2025 2031 2043
f 2036 2040 2048
f 2036 2048 2044
f 2049 2050 2065
f 2049 2060 2059
f 2049 2054 2053
f 2049 2061 2060
f 2049 2055 2054
f 2049 2062 2061
f 2049 2056 2055
f 2049 2063 2062
f 2049 2057 2056
f 2049 2051 2050
f 2049 2064 2063
f 2049 2058 2057
f 2049 2052 2051
f 2049 2065 2064
f 2049 2059 2058
f 2049 2053 2052
f 2148 2147 2072
f 2148 2072 2071
f 2150 2149 2079
f 2150 2079 2078
f 2147 2151 2073
f 2147 2073 2072
f 2153 2152 2067
f 2153 2067 2066
f 2149 2154 2080
f 2149 2080 2079
f 2151 2155 2074
f 2151 2074 2073
f 2152 2156 2068
f 2152 2068 2067
f 2154 2157 2081
f 2154 2081 2080
f 2155 2158 2075
f 2155 2075 2074
f 2156 2159 2069
f 2156 2069 2068
f 2157 2153 2066
f 2157 2066 2081
f 2158 2160 2076
f 2158 2076 2075
f 2159 2161 2070
f 2159 2070 2069
f 2160 2162 2077
f 2160 2077 2076
f 2161 2148 2071
f 2161 2071 2070
f 2162 2150 2078
f 2162 2078 2077
f 2112 2111 2093
f 2112 2093 2092
f 2114 2113 2087
f 2114 2087 2086
f 2111 2115 2094
f 2111 2094 2093
f 2113 2116 2088
f 2113 2088 2087
f 2115 2117 2095
f 2115 2095 2094
f 2116 2118 2089
f 2116 2089 2088
f 2120 2119 2083
f 2120 2083 2082
f 2117 2121 2096
f 2117 2096 2095
f 2118 2122 2090
f 2118 2090 2089
f 2119 2123 2084
f 2119 2084 2083
f 2121 2124 2097
f 2121 2097 2096
f 2122 2125 2091
f 2122 2091 2090
f 2123 2126 2085
f 2123 2085 2084
f 2124 2120 2082
f 2124 2082 2097
f 2125 2112 2092
f 2125 2092 2091
f 2126 2114 2086
f 2126 2086 2085
f 2105 2099 2106
f 2128 2127 2109
f 2099 2129 2106
f 2127 2128 2110
f 2128 2100 2110
f 2107 2099 2108
f 2099 2130 2108
f 2130 2128 2109
f 2104 2105 2092
f 2104 2092 2093
f 2130 2109 2085
f 2130 2085 2086
f 2105 2106 2091
f 2105 2091 2092
f 2100 2101 2097
f 2100 2097 2082
f 2109 2127 2084
f 2109 2084 2085
f 2106 2129 2090
f 2106 2090 2091
f 2101 2102 2096
f 2101 2096 2097
f 2127 2110 2083
f 2127 2083 2084
f 2129 2099 2089
f 2129 2089 2090
f 2102 2098 2095
f 2102 2095 2096
f 2110 2100 2082
f 2110 2082 2083
f 2099 2107 2088
f 2099 2088 2089
f 2098 2103 2094
f 2098 2094 2095
f 2107 2108 2087
f 2107 2087 2088
f 2103 2104 2093
f 2103 2093 2094
f 2108 2130 2086
f 2108 2086 2087
f 2179 2182 2111
f 2179 2111 2112
f 2180 2183 2113
f 2180 2113 2114
f 2182 2184 2115
f 2182 2115 2111
f 2183 2185 2116
f 2183 2116 2113
f 2184 2186 2117
f 2184 2117 2115
f 2185 2187 2118
f 2185 2118 2116
f 2181 2188 2119
f 2181 2119 2120
f 2186 2189 2121
f 2186 2121 2117
f 2187 2190 2122
f 2187 2122 2118
f 2188 2191 2123
f 2188 2123 2119
f 2189 2192 2124
f 2189 2124 2121
f 2190 2193 2125
f 2190 2125 2122
f 2191 2194 2126
f 2191 2126 2123
f 2192 2181 2120
f 2192 2120 2124
f 2193 2179 2112
f 2193 2112 2125
f 2194 2180 2114
f 2194 2114 2126
f 2128 2098 2101
f 2128 2101 2100
f 2098 2102 2101
f 2098 2104 2103
f 2098 2099 2105
f 2098 2105 2104
f 2099 2128 2130
f 2076 2077 2134
f 2076 2134 2131
f 2070 2071 2135
f 2070 2135 2132
f 2077 2078 2136
f 2077 2136 2134
f 2071 2072 2137
f 2071 2137 2135
f 2078 2079 2138
f 2078 2138 2136
f 2072 2073 2139
f 2072 2139 2137
f 2066 2067 2140
f 2066 2140 2133
f 2079 2080 2141
f 2079 2141 2138
f 2073 2074 2142
f 2073 2142 2139
f 2067 2068 2143
f 2067 2143 2140
f 2080 2081 2144
f 2080 2144 2141
f 2074 2075 2145
f 2074 2145 2142
f 2068 2069 2146
f 2068 2146 2143
f 2081 2066 2133
f 2081 2133 2144
f 2075 2076 2131
f 2075 2131 2145
f 2069 2070 2132
f 2069 2132 2146
f 2055 2056 2147
f 2055 2147 2148
f 2062 2063 2149
f 2062 2149 2150
f 2056 2057 2151
f 2056 2151 2147
f 2050 2051 2152
f 2050 2152 2153
f 2063 2064 2154
f 2063 2154 2149
f 2057 2058 2155
f 2057 2155 2151
f 2051 2052 2156
f 2051 2156 2152
f 2064 2065 2157
f 2064 2157 2154
f 2058 2059 2158
f 2058 2158 2155
f 2052 2053 2159
f 2052 2159 2156
f 2065 2050 2153
f 2065 2153 2157
f 2059 2060 2160
f 2059 2160 2158
f 2053 2054 2161
f 2053 2161 2159
f 2060 2061 2162
f 2060 2162 2160
f 2054 2055 2148
f 2054 2148 2161
f 2061 2062 2150
f 2061 2150 2162
f 2131 2134 2166
f 2131 2166 2163
f 2132 2135 2167
f 2132 2167 2164
f 2134 2136 2168
f 2134 2168 2166
f 2135 2137 2169
f 2135 2169 2167
f 2136 2138 2170
f 2136 2170 2168
f 2137 2139 2171
f 2137 2171 2169
f 2133 2140 2172
f 2133 2172 2165
f 2138 2141 2173
f 2138 2173 2170
f 2139 2142 2174
f 2139 2174 2171
f 2140 2143 2175
f 2140 2175 2172
f 2141 2144 2176
f 2141 2176 2173
f 2142 2145 2177
f 2142 2177 2174
f 2143 2146 2178
f 2143 2178 2175
f 2144 2133 2165
f 2144 2165 2176
f 2145 2131 2163
f 2145 2163 2177
f 2146 2132 2164
f 2146 2164 2178
f 2163 2166 2182
f 2163 2182 2179
f 2164 2167 2183
f 2164 2183 2180
f 2166 2168 2184
f 2166 2184 2182
f 2167 2169 2185
f 2167 2185 2183
f 2168 2170 2186
f 2168 2186 2184
f 2169 2171 2187
f 2169 2187 2185
f 2165 2172 2188
f 2165 2188 2181
f 2170 2173 2189
f 2170 2189 2186
f 2171 2174 2190
f 2171 2190 2187
f 2172 2175 2191
f 2172 2191 2188
f 2173 2176 2192
f 2173 2192 2189
f 2174 2177 2193
f 2174 2193 2190
f 2175 2178 2194
f 2175 2194 2191
f 2176 2165 2181
f 2176 2181 2192
f 2177 2163 2179
f 2177 2179 2193
f 2178 2164 2180
f 2178 2180 2194
f 2098 2128 2099
f 2222 2216 2195
f 2222 2195 2204
f 2215 2207 2220
f 2219 2217 2196
f 2219 2196 2202
f 2221 2219 2202
f 2221 2202 2207
f 2205 2202 2196
f 2212 2200 2197
f 2216 2220 2195
f 2204 2195 2220
f 2212 2215 2206
f 2212 2206 2200
f 2203 2198 2215
f 2217 2205 2196
f 2205 2220 2207
f 2205 2207 2202
f 2218 2222 2204
f 2218 2204 2201
f 2199 2203 2215
f 2199 2215 2212
f 2201 2204 2220
f 2201 2220 2205
f 2198 2209 2215
f 2212 2197 2208
f 2197 2200 2210
f 2197 2210 2208
f 2203 2199 2211
f 2203 2211 2213
f 2198 2203 2213
f 2198 2213 2209
f 2206 2215 2220
f 2200 2206 2214
f 2200 2214 2210
f 2214 2206 2216
f 2214 2216 2222
f 2215 2209 2207
f 2211 2199 2217
f 2211 2217 2219
f 2212 2208 2201
f 2212 2201 2205
f 2208 2210 2218
f 2208 2218 2201
f 2213 2211 2219
f 2213 2219 2221
f 2209 2213 2221
f 2209 2221 2207
f 2206 2220 2216
f 2199 2212 2205
f 2199 2205 2217
f 2210 2214 2222
f 2210 2222 2218
f 2250 2244 2223
f 2250 2223 2232
f 2247 2245 2224
f 2247 2224 2230
f 2249 2247 2230
f 2249 2230 2235
f 2233 2230 2224
f 2240 2228 2225
f 2244 2248 2223
f 2232 2223 2248
f 2240 2243 2234
f 2240 2234 2228
f 2231 2226 2243
f 2245 2233 2224
f 2233 2235 2230
f 2233 2248 2235
f 2246 2250 2232
f 2246 2232 2229
f 2227 2231 2243
f 2227 2243 2240
f 2229 2232 2248
f 2229 2248 2233
f 2226 2237 2243
f 2240 2225 2236
f 2225 2228 2238
f 2225 2238 2236
f 2231 2227 2239
f 2231 2239 2241
f 2226 2231 2241
f 2226 2241 2237
f 2228 2234 2242
f 2228 2242 2238
f 2242 2234 2244
f 2242 2244 2250
f 2243 2237 2235
f 2243 2235 2248
f 2239 2227 2245
f 2239 2245 2247
f 2240 2236 2229
f 2240 2229 2233
f 2236 2238 2246
f 2236 2246 2229
f 2241 2239 2247
f 2241 2247 2249
f 2237 2241 2249
f 2237 2249 2235
f 2234 2243 2248
f 2234 2248 2244
f 2227 2240 2233
f 2227 2233 2245
f 2238 2242 2250
f 2238 2250 2246
f 2251 2252 2267
f 2251 2262 2261
f 2251 2256 2255
f 2251 2263 2262
f 2251 2257 2256
f 2251 2264 2263
f 2251 2258 2257
f 2251 2265 2264
f 2251 2259 2258
f 2251 2253 2252
f 2251 2266 2265
f 2251 2260 2259
f 2251 2254 2253
f 2251 2267 2266
f 2251 2261 2260
f 2251 2255 2254
f 2349 2348 2274
f 2349 2274 2273
f 2351 2350 2281
f 2351 2281 2280
f 2348 2352 2275
f 2348 2275 2274
f 2354 2353 2269
f 2354 2269 2268
f 2350 2355 2282
f 2350 2282 2281
f 2352 2356 2276
f 2352 2276 2275
f 2353 2357 2270
f 2353 2270 2269
f 2355 2358 2283
f 2355 2283 2282
f 2356 2359 2277
f 2356 2277 2276
f 2357 2360 2271
f 2357 2271 2270
f 2358 2354 2268
f 2358 2268 2283
f 2359 2361 2278
f 2359 2278 2277
f 2360 2362 2272
f 2360 2272 2271
f 2361 2363 2279
f 2361 2279 2278
f 2362 2349 2273
f 2362 2273 2272
f 2363 2351 2280
f 2363 2280 2279
f 2313 2312 2295
f 2313 2295 2294
f 2315 2314 2289
f 2315 2289 2288
f 2312 2316 2296
f 2312 2296 2295
f 2314 2317 2290
f 2314 2290 2289
f 2316 2318 2297
f 2316 2297 2296
f 2317 2319 2291
f 2317 2291 2290
f 2321 2320 2285
f 2321 2285 2284
f 2318 2322 2298
f 2318 2298 2297
f 2319 2323 2292
f 2319 2292 2291
f 2320 2324 2286
f 2320 2286 2285
f 2322 2325 2299
f 2322 2299 2298
f 2323 2326 2293
f 2323 2293 2292
f 2324 2327 2287
f 2324 2287 2286
f 2325 2321 2284
f 2325 2284 2299
f 2326 2313 2294
f 2326 2294 2293
f 2327 2315 2288
f 2327 2288 2287
f 2305 2300 2306
f 2302 2311 2303
f 2301 2310 2309
f 2300 2328 2306
f 2301 2329 2310
f 2307 2300 2308
f 2311 2330 2304
f 2300 2331 2308
f 2331 2301 2309
f 2330 2305 2294
f 2330 2294 2295
f 2331 2309 2287
f 2331 2287 2288
f 2305 2306 2293
f 2305 2293 2294
f 2302 2303 2299
f 2302 2299 2284
f 2309 2310 2286
f 2309 2286 2287
f 2306 2328 2292
f 2306 2292 2293
f 2303 2311 2298
f 2303 2298 2299
f 2310 2329 2285
f 2310 2285 2286
f 2328 2300 2291
f 2328 2291 2292
f 2311 2297 2298
f 2329 2302 2284
f 2329 2284 2285
f 2300 2307 2290
f 2300 2290 2291
f 2311 2304 2296
f 2311 2296 2297
f 2307 2308 2289
f 2307 2289 2290
f 2304 2330 2295
f 2304 2295 2296
f 2308 2331 2288
f 2308 2288 2289
f 2380 2383 2312
f 2380 2312 2313
f 2381 2384 2314
f 2381 2314 2315
f 2383 2385 2316
f 2383 2316 2312
f 2384 2386 2317
f 2384 2317 2314
f 2385 2387 2318
f 2385 2318 2316
f 2386 2388 2319
f 2386 2319 2317
f 2382 2389 2320
f 2382 2320 2321
f 2387 2390 2322
f 2387 2322 2318
f 2388 2391 2323
f 2388 2323 2319
f 2389 2392 2324
f 2389 2324 2320
f 2390 2393 2325
f 2390 2325 2322
f 2391 2394 2326
f 2391 2326 2323
f 2392 2395 2327
f 2392 2327 2324
f 2393 2382 2321
f 2393 2321 2325
f 2394 2380 2313
f 2394 2313 2326
f 2395 2381 2315
f 2395 2315 2327
f 2301 2311 2302
f 2301 2302 2329
f 2311 2300 2305
f 2311 2305 2330
f 2300 2301 2331
f 2278 2279 2335
f 2278 2335 2332
f 2272 2273 2336
f 2272 2336 2333
f 2279 2280 2337
f 2279 2337 2335
f 2273 2274 2338
f 2273 2338 2336
f 2280 2281 2339
f 2280 2339 2337
f 2274 2275 2340
f 2274 2340 2338
f 2268 2269 2341
f 2268 2341 2334
f 2281 2282 2342
f 2281 2342 2339
f 2275 2276 2343
f 2275 2343 2340
f 2269 2270 2344
f 2269 2344 2341
f 2282 2283 2345
f 2282 2345 2342
f 2276 2277 2346
f 2276 2346 2343
f 2270 2271 2347
f 2270 2347 2344
f 2283 2268 2334
f 2283 2334 2345
f 2277 2278 2332
f 2277 2332 2346
f 2271 2272 2333
f 2271 2333 2347
f 2257 2258 2348
f 2257 2348 2349
f 2264 2265 2350
f 2264 2350 2351
f 2258 2259 2352
f 2258 2352 2348
f 2252 2253 2353
f 2252 2353 2354
f 2265 2266 2355
f 2265 2355 2350
f 2259 2260 2356
f 2259 2356 2352
f 2253 2254 2357
f 2253 2357 2353
f 2266 2267 2358
f 2266 2358 2355
f 2260 2261 2359
f 2260 2359 2356
f 2254 2255 2360
f 2254 2360 2357
f 2267 2252 2354
f 2267 2354 2358
f 2261 2262 2361
f 2261 2361 2359
f 2255 2256 2362
f 2255 2362 2360
f 2262 2263 2363
f 2262 2363 2361
f 2256 2257 2349
f 2256 2349 2362
f 2263 2264 2351
f 2263 2351 2363
f 2332 2335 2367
f 2332 2367 2364
f 2333 2336 2368
f 2333 2368 2365
f 2335 2337 2369
f 2335 2369 2367
f 2336 2338 2370
f 2336 2370 2368
f 2337 2339 2371
f 2337 2371 2369
f 2338 2340 2372
f 2338 2372 2370
f 2334 2341 2373
f 2334 2373 2366
f 2339 2342 2374
f 2339 2374 2371
f 2340 2343 2375
f 2340 2375 2372
f 2341 2344 2376
f 2341 2376 2373
f 2342 2345 2377
f 2342 2377 2374
f 2343 2346 2378
f 2343 2378 2375
f 2344 2347 2379
f 2344 2379 2376
f 2345 2334 2366
f 2345 2366 2377
f 2346 2332 2364
f 2346 2364 2378
f 2347 2333 2365
f 2347 2365 2379
f 2364 2367 2383
f 2364 2383 2380
f 2365 2368 2384
f 2365 2384 2381
f 2367 2369 2385
f 2367 2385 2383
f 2368 2370 2386
f 2368 2386 2384
f 2369 2371 2387
f 2369 2387 2385
f 2370 2372 2388
f 2370 2388 2386
f 2366 2373 2389
f 2366 2389 2382
f 2371 2374 2390
f 2371 2390 2387
f 2372 2375 2391
f 2372 2391 2388
f 2373 2376 2392
f 2373 2392 2389
f 2374 2377 2393
f 2374 2393 2390
f 2375 2378 2394
f 2375 2394 2391
f 2376 2379 2395
f 2376 2395 2392
f 2377 2366 2382
f 2377 2382 2393
f 2378 2364 2380
f 2378 2380 2394
f 2379 2365 2381
f 2379 2381 2395
f 2311 2301 2300
f 2423 2417 2396
f 2423 2396 2405
f 2416 2408 2421
f 2420 2418 2397
f 2420 2397 2403
f 2422 2420 2403
f 2422 2403 2408
f 2406 2403 2397
f 2413 2401 2398
f 2417 2421 2396
f 2405 2396 2421
f 2413 2416 2407
f 2413 2407 2401
f 2404 2399 2416
f 2418 2406 2397
f 2406 2421 2408
f 2406 2408 2403
f 2419 2423 2405
f 2419 2405 2402
f 2400 2404 2416
f 2400 2416 2413
f 2402 2405 2421
f 2402 2421 2406
f 2399 2410 2416
f 2413 2398 2409
f 2398 2401 2411
f 2398 2411 2409
f 2404 2400 2412
f 2404 2412 2414
f 2399 2404 2414
f 2399 2414 2410
f 2401 2407 2415
f 2401 2415 2411
f 2415 2407 2417
f 2415 2417 2423
f 2416 2410 2408
f 2412 2400 2418
f 2412 2418 2420
f 2413 2409 2402
f 2413 2402 2406
f 2409 2411 2419
f 2409 2419 2402
f 2414 2412 2420
f 2414 2420 2422
f 2410 2414 2422
f 2410 2422 2408
f 2407 2416 2421
f 2407 2421 2417
f 2400 2413 2406
f 2400 2406 2418
f 2411 2415 2423
f 2411 2423 2419
f 2451 2445 2424
f 2451 2424 2433
f 2448 2446 2425
f 2448 2425 2431
f 2450 2448 2431
f 2450 2431 2436
f 2434 2431 2425
f 2441 2429 2426
f 2445 2449 2424
f 2433 2424 2449
f 2441 2444 2435
f 2441 2435 2429
f 2432 2427 2444
f 2446 2434 2425
f 2434 2436 2431
f 2434 2449 2436
f 2447 2451 2433
f 2447 2433 2430
f 2428 2432 2444
f 2428 2444 2441
f 2430 2433 2449
f 2430 2449 2434
f 2427 2438 2444
f 2441 2426 2437
f 2426 2429 2439
f 2426 2439 2437
f 2432 2428 2440
f 2432 2440 2442
f 2427 2432 2442
f 2427 2442 2438
f 2429 2435 2443
f 2429 2443 2439
f 2443 2435 2445
f 2443 2445 2451
f 2444 2438 2436
f 2444 2436 2449
f 2440 2428 2446
f 2440 2446 2448
f 2441 2437 2430
f 2441 2430 2434
f 2437 2439 2447
f 2437 2447 2430
f 2442 2440 2448
f 2442 2448 2450
f 2438 2442 2450
f 2438 2450 2436
f 2435 2444 2449
f 2435 2449 2445
f 2428 2441 2434
f 2428 2434 2446
f 2439 2443 2451
f 2439 2451 2447
f 2452 2453 2468
f 2452 2463 2462
f 2452 2457 2456
f 2452 2464 2463
f 2452 2458 2457
f 2452 2465 2464
f 2452 2459 2458
f 2452 2466 2465
f 2452 2460 2459
f 2452 2454 2453
f 2452 2467 2466
f 2452 2461 2460
f 2452 2455 2454
f 2452 2468 2467
f 2452 2462 2461
f 2452 2456 2455
f 2550 2549 2475
f 2550 2475 2474
f 2552 2551 2482
f 2552 2482 2481
f 2549 2553 2476
f 2549 2476 2475
f 2555 2554 2470
f 2555 2470 2469
f 2551 2556 2483
f 2551 2483 2482
f 2553 2557 2477
f 2553 2477 2476
f 2554 2558 2471
f 2554 2471 2470
f 2556 2559 2484
f 2556 2484 2483
f 2557 2560 2478
f 2557 2478 2477
f 2558 2561 2472
f 2558 2472 2471
f 2559 2555 2469
f 2559 2469 2484
f 2560 2562 2479
f 2560 2479 2478
f 2561 2563 2473
f 2561 2473 2472
f 2562 2564 2480
f 2562 2480 2479
f 2563 2550 2474
f 2563 2474 2473
f 2564 2552 2481
f 2564 2481 2480
f 2514 2513 2496
f 2514 2496 2495
f 2516 2515 2490
f 2516 2490 2489
f 2513 2517 2497
f 2513 2497 2496
f 2515 2518 2491
f 2515 2491 2490
f 2517 2519 2498
f 2517 2498 2497
f 2518 2520 2492
f 2518 2492 2491
f 2522 2521 2486
f 2522 2486 2485
f 2519 2523 2499
f 2519 2499 2498
f 2520 2524 2493
f 2520 2493 2492
f 2521 2525 2487
f 2521 2487 2486
f 2523 2526 2500
f 2523 2500 2499
f 2524 2527 2494
f 2524 2494 2493
f 2525 2528 2488
f 2525 2488 2487
f 2526 2522 2485
f 2526 2485 2500
f 2527 2514 2495
f 2527 2495 2494
f 2528 2516 2489
f 2528 2489 2488
f 2506 2501 2507
f 2503 2512 2504
f 2502 2511 2510
f 2501 2529 2507
f 2502 2530 2511
f 2508 2501 2509
f 2512 2531 2505
f 2501 2532 2509
f 2532 2502 2510
f 2531 2506 2495
f 2531 2495 2496
f 2532 2510 2488
f 2532 2488 2489
f 2506 2507 2494
f 2506 2494 2495
f 2503 2504 2500
f 2503 2500 2485
f 2510 2511 2487
f 2510 2487 2488
f 2507 2529 2493
f 2507 2493 2494
f 2504 2512 2499
f 2504 2499 2500
f 2511 2530 2486
f 2511 2486 2487
f 2529 2501 2492
f 2529 2492 2493
f 2512 2498 2499
f 2530 2503 2485
f 2530 2485 2486
f 2501 2508 2491
f 2501 2491 2492
f 2512 2505 2497
f 2512 2497 2498
f 2508 2509 2490
f 2508 2490 2491
f 2505 2531 2496
f 2505 2496 2497
f 2509 2532 2489
f 2509 2489 2490
f 2581 2584 2513
f 2581 2513 2514
f 2582 2585 2515
f 2582 2515 2516
f 2584 2586 2517
f 2584 2517 2513
f 2585 2587 2518
f 2585 2518 2515
f 2586 2588 2519
f 2586 2519 2517
f 2587 2589 2520
f 2587 2520 2518
f 2583 2590 2521
f 2583 2521 2522
f 2588 2591 2523
f 2588 2523 2519
f 2589 2592 2524
f 2589 2524 2520
f 2590 2593 2525
f 2590 2525 2521
f 2591 2594 2526
f 2591 2526 2523
f 2592 2595 2527
f 2592 2527 2524
f 2593 2596 2528
f 2593 2528 2525
f 2594 2583 2522
f 2594 2522 2526
f 2595 2581 2514
f 2595 2514 2527
f 2596 2582 2516
f 2596 2516 2528
f 2502 2512 2503
f 2502 2503 2530
f 2512 2501 2506
f 2512 2506 2531
f 2501 2502 2532
f 2479 2480 2536
f 2479 2536 2533
f 2473 2474 2537
f 2473 2537 2534
f 2480 2481 2538
f 2480 2538 2536
f 2474 2475 2539
f 2474 2539 2537
f 2481 2482 2540
f 2481 2540 2538
f 2475 2476 2541
f 2475 2541 2539
f 2469 2470 2542
f 2469 2542 2535
f 2482 2483 2543
f 2482 2543 2540
f 2476 2477 2544
f 2476 2544 2541
f 2470 2471 2545
f 2470 2545 2542
f 2483 2484 2546
f 2483 2546 2543
f 2477 2478 2547
f 2477 2547 2544
f 2471 2472 2548
f 2471 2548 2545
f 2484 2469 2535
f 2484 2535 2546
f 2478 2479 2533
f 2478 2533 2547
f 2472 2473 2534
f 2472 2534 2548
f 2458 2459 2549
f 2458 2549 2550
f 2465 2466 2551
f 2465 2551 2552
f 2459 2460 2553
f 2459 2553 2549
f 2453 2454 2554
f 2453 2554 2555
f 2466 2467 2556
f 2466 2556 2551
f 2460 2461 2557
f 2460 2557 2553
f 2454 2455 2558
f 2454 2558 2554
f 2467 2468 2559
f 2467 2559 2556
f 2461 2462 2560
f 2461 2560 2557
f 2455 2456 2561
f 2455 2561 2558
f 2468 2453 2555
f 2468 2555 2559
f 2462 2463 2562
f 2462 2562 2560
f 2456 2457 2563
f 2456 2563 2561
f 2463 2464 2564
f 2463 2564 2562
f 2457 2458 2550
f 2457 2550 2563
f 2464 2465 2552
f 2464 2552 2564
f 2533 2536 2568
f 2533 2568 2565
f 2534 2537 2569
f 2534 2569 2566
f 2536 2538 2570
f 2536 2570 2568
f 2537 2539 2571
f 2537 2571 2569
f 2538 2540 2572
f 2538 2572 2570
f 2539 2541 2573
f 2539 2573 2571
f 2535 2542 2574
f 2535 2574 2567
f 2540 2543 2575
f 2540 2575 2572
f 2541 2544 2576
f 2541 2576 2573
f 2542 2545 2577
f 2542 2577 2574
f 2543 2546 2578
f 2543 2578 2575
f 2544 2547 2579
f 2544 2579 2576
f 2545 2548 2580
f 2545 2580 2577
f 2546 2535 2567
f 2546 2567 2578
f 2547 2533 2565
f 2547 2565 2579
f 2548 2534 2566
f 2548 2566 2580
f 2565 2568 2584
f 2565 2584 2581
f 2566 2569 2585
f 2566 2585 2582
f 2568 2570 2586
f 2568 2586 2584
f 2569 2571 2587
f 2569 2587 2585
f 2570 2572 2588
f 2570 2588 2586
f 2571 2573 2589
f 2571 2589 2587
f 2567 2574 2590
f 2567 2590 2583
f 2572 2575 2591
f 2572 2591 2588
f 2573 2576 2592
f 2573 2592 2589
f 2574 2577 2593
f 2574 2593 2590
f 2575 2578 2594
f 2575 2594 2591
f 2576 2579 2595
f 2576 2595 2592
f 2577 2580 2596
f 2577 2596 2593
f 2578 2567 2583
f 2578 2583 2594
f 2579 2565 2581
f 2579 2581 2595
f 2580 2566 2582
f 2580 2582 2596
f 2512 2502 2501
f 2624 2618 2597
f 2624 2597 2606
f 2621 2619 2598
f 2621 2598 2604
f 2623 2621 2604
f 2623 2604 2609
f 2607 2604 2598
f 2614 2602 2599
f 2618 2622 2597
f 2606 2597 2622
f 2614 2617 2608
f 2614 2608 2602
f 2605 2600 2617
f 2619 2607 2598
f 2607 2609 2604
f 2607 2622 2609
f 2620 2624 2606
f 2620 2606 2603
f 2601 2605 2617
f 2601 2617 2614
f 2603 2606 2622
f 2603 2622 2607
f 2600 2611 2617
f 2614 2599 2610
f 2599 2602 2612
f 2599 2612 2610
f 2605 2601 2613
f 2605 2613 2615
f 2600 2605 2615
f 2600 2615 2611
f 2602 2608 2616
f 2602 2616 2612
f 2616 2608 2618
f 2616 2618 2624
f 2617 2611 2609
f 2617 2609 2622
f 2613 2601 2619
f 2613 2619 2621
f 2614 2610 2603
f 2614 2603 2607
f 2610 2612 2620
f 2610 2620 2603
f 2615 2613 2621
f 2615 2621 2623
f 2611 2615 2623
f 2611 2623 2609
f 2608 2617 2622
f 2608 2622 2618
f 2601 2614 2607
f 2601 2607 2619
f 2612 2616 2624
f 2612 2624 2620
f 2652 2646 2625
f 2652 2625 2634
f 2645 2637 2650
f 2649 2647 2626
f 2649 2626 2632
f 2651 2649 2632
f 2651 2632 2637
f 2635 2632 2626
f 2642 2630 2627
f 2646 2650 2625
f 2634 2625 2650
f 2642 2645 2636
f 2642 2636 2630
f 2633 2628 2645
f 2647 2635 2626
f 2635 2650 2637
f 2635 2637 2632
f 2648 2652 2634
f 2648 2634 2631
f 2629 2633 2645
f 2629 2645 2642
f 2631 2634 2650
f 2631 2650 2635
f 2628 2639 2645
f 2642 2627 2638
f 2627 2630 2640
f 2627 2640 2638
f 2633 2629 2641
f 2633 2641 2643
f 2628 2633 2643
f 2628 2643 2639
f 2630 2636 2644
f 2630 2644 2640
f 2644 2636 2646
f 2644 2646 2652
f 2645 2639 2637
f 2641 2629 2647
f 2641 2647 2649
f 2642 2638 2631
f 2642 2631 2635
f 2638 2640 2648
f 2638 2648 2631
f 2643 2641 2649
f 2643 2649 2651
f 2639 2643 2651
f 2639 2651 2637
f 2636 2645 2650
f 2636 2650 2646
f 2629 2642 2635
f 2629 2635 2647
f 2640 2644 2652
f 2640 2652 2648
f 2653 2654 2669
f 2653 2664 2663
f 2653 2658 2657
f 2653 2665 2664
f 2653 2659 2658
f 2653 2666 2665
f 2653 2660 2659
f 2653 2667 2666
f 2653 2661 2660
f 2653 2655 2654
f 2653 2668 2667
f 2653 2662 2661
f 2653 2656 2655
f 2653 2669 2668
f 2653 2663 2662
f 2653 2657 2656
f 2751 2750 2676
f 2751 2676 2675
f 2753 2752 2683
f 2753 2683 2682
f 2750 2754 2677
f 2750 2677 2676
f 2756 2755 2671
f 2756 2671 2670
f 2752 2757 2684
f 2752 2684 2683
f 2754 2758 2678
f 2754 2678 2677
f 2755 2759 2672
f 2755 2672 2671
f 2757 2760 2685
f 2757 2685 2684
f 2758 2761 2679
f 2758 2679 2678
f 2759 2762 2673
f 2759 2673 2672
f 2760 2756 2670
f 2760 2670 2685
f 2761 2763 2680
f 2761 2680 2679
f 2762 2764 2674
f 2762 2674 2673
f 2763 2765 2681
f 2763 2681 2680
f 2764 2751 2675
f 2764 2675 2674
f 2765 2753 2682
f 2765 2682 2681
f 2715 2714 2697
f 2715 2697 2696
f 2717 2716 2691
f 2717 2691 2690
f 2714 2718 2698
f 2714 2698 2697
f 2716 2719 2692
f 2716 2692 2691
f 2718 2720 2699
f 2718 2699 2698
f 2719 2721 2693
f 2719 2693 2692
f 2723 2722 2687
f 2723 2687 2686
f 2720 2724 2700
f 2720 2700 2699
f 2721 2725 2694
f 2721 2694 2693
f 2722 2726 2688
f 2722 2688 2687
f 2724 2727 2701
f 2724 2701 2700
f 2725 2728 2695
f 2725 2695 2694
f 2726 2729 2689
f 2726 2689 2688
f 2727 2723 2686
f 2727 2686 2701
f 2728 2715 2696
f 2728 2696 2695
f 2729 2717 2690
f 2729 2690 2689
f 2707 2702 2708
f 2704 2713 2705
f 2703 2712 2711
f 2702 2730 2708
f 2703 2731 2712
f 2709 2702 2710
f 2713 2732 2706
f 2702 2733 2710
f 2733 2703 2711
f 2732 2707 2696
f 2732 2696 2697
f 2733 2711 2689
f 2733 2689 2690
f 2707 2708 2695
f 2707 2695 2696
f 2704 2705 2701
f 2704 2701 2686
f 2711 2712 2688
f 2711 2688 2689
f 2708 2730 2694
f 2708 2694 2695
f 2705 2713 2700
f 2705 2700 2701
f 2712 2731 2687
f 2712 2687 2688
f 2730 2702 2693
f 2730 2693 2694
f 2713 2699 2700
f 2731 2704 2686
f 2731 2686 2687
f 2702 2709 2692
f 2702 2692 2693
f 2713 2706 2698
f 2713 2698 2699
f 2709 2710 2691
f 2709 2691 2692
f 2706 2732 2697
f 2706 2697 2698
f 2710 2733 2690
f 2710 2690 2691
f 2782 2785 2714
f 2782 2714 2715
f 2783 2786 2716
f 2783 2716 2717
f 2785 2787 2718
f 2785 2718 2714
f 2786 2788 2719
f 2786 2719 2716
f 2787 2789 2720
f 2787 2720 2718
f 2788 2790 2721
f 2788 2721 2719
f 2784 2791 2722
f 2784 2722 2723
f 2789 2792 2724
f 2789 2724 2720
f 2790 2793 2725
f 2790 2725 2721
f 2791 2794 2726
f 2791 2726 2722
f 2792 2795 2727
f 2792 2727 2724
f 2793 2796 2728
f 2793 2728 2725
f 2794 2797 2729
f 2794 2729 2726
f 2795 2784 2723
f 2795 2723 2727
f 2796 2782 2715
f 2796 2715 2728
f 2797 2783 2717
f 2797 2717 2729
f 2703 2713 2704
f 2703 2704 2731
f 2713 2702 2707
f 2713 2707 2732
f 2702 2703 2733
f 2680 2681 2737
f 2680 2737 2734
f 2674 2675 2738
f 2674 2738 2735
f 2681 2682 2739
f 2681 2739 2737
f 2675 2676 2740
f 2675 2740 2738
f 2682 2683 2741
f 2682 2741 2739
f 2676 2677 2742
f 2676 2742 2740
f 2670 2671 2743
f 2670 2743 2736
f 2683 2684 2744
f 2683 2744 2741
f 2677 2678 2745
f 2677 2745 2742
f 2671 2672 2746
f 2671 2746 2743
f 2684 2685 2747
f 2684 2747 2744
f 2678 2679 2748
f 2678 2748 2745
f 2672 2673 2749
f 2672 2749 2746
f 2685 2670 2736
f 2685 2736 2747
f 2679 2680 2734
f 2679 2734 2748
f 2673 2674 2735
f 2673 2735 2749
f 2659 2660 2750
f 2659 2750 2751
f 2666 2667 2752
f 2666 2752 2753
f 2660 2661 2754
f 2660 2754 2750
f 2654 2655 2755
f 2654 2755 2756
f 2667 2668 2757
f 2667 2757 2752
f 2661 2662 2758
f 2661 2758 2754
f 2655 2656 2759
f 2655 2759 2755
f 2668 2669 2760
f 2668 2760 2757
f 2662 2663 2761
f 2662 2761 2758
f 2656 2657 2762
f 2656 2762 2759
f 2669 2654 2756
f 2669 2756 2760
f 2663 2664 2763
f 2663 2763 2761
f 2657 2658 2764
f 2657 2764 2762
f 2664 2665 2765
f 2664 2765 2763
f 2658 2659 2751
f 2658 2751 2764
f 2665 2666 2753
f 2665 2753 2765
f 2734 2737 2769
f 2734 2769 2766
f 2735 2738 2770
f 2735 2770 2767
f 2737 2739 2771
f 2737 2771 2769
f 2738 2740 2772
f 2738 2772 2770
f 2739 2741 2773
f 2739 2773 2771
f 2740 2742 2774
f 2740 2774 2772
f 2736 2743 2775
f 2736 2775 2768
f 2741 2744 2776
f 2741 2776 2773
f 2742 2745 2777
f 2742 2777 2774
f 2743 2746 2778
f 2743 2778 2775
f 2744 2747 2779
f 2744 2779 2776
f 2745 2748 2780
f 2745 2780 2777
f 2746 2749 2781
f 2746 2781 2778
f 2747 2736 2768
f 2747 2768 2779
f 2748 2734 2766
f 2748 2766 2780
f 2749 2735 2767
f 2749 2767 2781
f 2766 2769 2785
f 2766 2785 2782
f 2767 2770 2786
f 2767 2786 2783
f 2769 2771 2787
f 2769 2787 2785
f 2770 2772 2788
f 2770 2788 2786
f 2771 2773 2789
f 2771 2789 2787
f 2772 2774 2790
f 2772 2790 2788
f 2768 2775 2791
f 2768 2791 2784
f 2773 2776 2792
f 2773 2792 2789
f 2774 2777 2793
f 2774 2793 2790
f 2775 2778 2794
f 2775 2794 2791
f 2776 2779 2795
f 2776 2795 2792
f 2777 2780 2796
f 2777 2796 2793
f 2778 2781 2797
f 2778 2797 2794
f 2779 2768 2784
f 2779 2784 2795
f 2780 2766 2782
f 2780 2782 2796
f 2781 2767 2783
f 2781 2783 2797
f 2713 2703 2702
f 2825 2819 2798
f 2825 2798 2807
f 2822 2820 2799
f 2822 2799 2805
f 2824 2822 2805
f 2824 2805 2810
f 2808 2805 2799
f 2815 2803 2800
f 2819 2823 2798
f 2807 2798 2823
f 2815 2818 2809
f 2815 2809 2803
f 2806 2801 2818
f 2820 2808 2799
f 2808 2810 2805
f 2808 2823 2810
f 2821 2825 2807
f 2821 2807 2804
f 2802 2806 2818
f 2802 2818 2815
f 2804 2807 2823
f 2804 2823 2808
f 2801 2812 2818
f 2815 2800 2811
f 2800 2803 2813
f 2800 2813 2811
f 2806 2802 2814
f 2806 2814 2816
f 2801 2806 2816
f 2801 2816 2812
f 2803 2809 2817
f 2803 2817 2813
f 2817 2809 2819
f 2817 2819 2825
f 2818 2812 2810
f 2818 2810 2823
f 2814 2802 2820
f 2814 2820 2822
f 2815 2811 2804
f 2815 2804 2808
f 2811 2813 2821
f 2811 2821 2804
f 2816 2814 2822
f 2816 2822 2824
f 2812 2816 2824
f 2812 2824 2810
f 2809 2818 2823
f 2809 2823 2819
f 2802 2815 2808
f 2802 2808 2820
f 2813 2817 2825
f 2813 2825 2821
f 2853 2847 2826
f 2853 2826 2835
f 2846 2838 2851
f 2850 2848 2827
f 2850 2827 2833
f 2852 2850 2833
f 2852 2833 2838
f 2836 2833 2827
f 2843 2831 2828
f 2847 2851 2826
f 2835 2826 2851
f 2843 2846 2837
f 2843 2837 2831
f 2834 2829 2846
f 2848 2836 2827
f 2836 2851 2838
f 2836 2838 2833
f 2849 2853 2835
f 2849 2835 2832
f 2830 2834 2846
f 2830 2846 2843
f 2832 2835 2851
f 2832 2851 2836
f 2829 2840 2846
f 2843 2828 2839
f 2828 2831 2841
f 2828 2841 2839
f 2834 2830 2842
f 2834 2842 2844
f 2829 2834 2844
f 2829 2844 2840
f 2837 2846 2851
f 2831 2837 2845
f 2831 2845 2841
f 2845 2837 2847
f 2845 2847 2853
f 2846 2840 2838
f 2842 2830 2848
f 2842 2848 2850
f 2843 2839 2832
f 2843 2832 2836
f 2839 2841 2849
f 2839 2849 2832
f 2844 2842 2850
f 2844 2850 2852
f 2840 2844 2852
f 2840 2852 2838
f 2837 2851 2847
f 2830 2843 2836
f 2830 2836 2848
f 2841 2845 2853
f 2841 2853 2849
f 2854 2855 2870
f 2854 2865 2864
f 2854 2859 2858
f 2854 2866 2865
f 2854 2860 2859
f 2854 2867 2866
f 2854 2861 2860
f 2854 2868 2867
f 2854 2862 2861
f 2854 2856 2855
f 2854 2869 2868
f 2854 2863 2862
f 2854 2857 2856
f 2854 2870 2869
f 2854 2864 2863
f 2854 2858 2857
f 2951 2950 2877
f 2951 2877 2876
f 2953 2952 2884
f 2953 2884 2883
f 2950 2954 2878
f 2950 2878 2877
f 2956 2955 2872
f 2956 2872 2871
f 2952 2957 2885
f 2952 2885 2884
f 2954 2958 2879
f 2954 2879 2878
f 2955 2959 2873
f 2955 2873 2872
f 2957 2960 2886
f 2957 2886 2885
f 2958 2961 2880
f 2958 2880 2879
f 2959 2962 2874
f 2959 2874 2873
f 2960 2956 2871
f 2960 2871 2886
f 2961 2963 2881
f 2961 2881 2880
f 2962 2964 2875
f 2962 2875 2874
f 2963 2965 2882
f 2963 2882 2881
f 2964 2951 2876
f 2964 2876 2875
f 2965 2953 2883
f 2965 2883 2882
f 2916 2915 2898
f 2916 2898 2897
f 2918 2917 2892
f 2918 2892 2891
f 2915 2919 2899
f 2915 2899 2898
f 2917 2920 2893
f 2917 2893 2892
f 2919 2921 2900
f 2919 2900 2899
f 2920 2922 2894
f 2920 2894 2893
f 2924 2923 2888
f 2924 2888 2887
f 2921 2925 2901
f 2921 2901 2900
f 2922 2926 2895
f 2922 2895 2894
f 2923 2927 2889
f 2923 2889 2888
f 2925 2928 2902
f 2925 2902 2901
f 2926 2929 2896
f 2926 2896 2895
f 2927 2930 2890
f 2927 2890 2889
f 2928 2924 2887
f 2928 2887 2902
f 2929 2916 2897
f 2929 2897 2896
f 2930 2918 2891
f 2930 2891 2890
f 2907 2903 2908
f 2904 2913 2905
f 2903 2931 2908
f 2911 2932 2912
f 2909 2911 2910
f 2913 2933 2906
f 2933 2907 2897
f 2933 2897 2898
f 2911 2890 2891
f 2907 2908 2896
f 2907 2896 2897
f 2904 2905 2902
f 2904 2902 2887
f 2911 2912 2889
f 2911 2889 2890
f 2908 2931 2895
f 2908 2895 2896
f 2905 2913 2901
f 2905 2901 2902
f 2912 2932 2888
f 2912 2888 2889
f 2931 2914 2894
f 2931 2894 2895
f 2913 2900 2901
f 2932 2904 2887
f 2932 2887 2888
f 2914 2909 2893
f 2914 2893 2894
f 2913 2906 2899
f 2913 2899 2900
f 2909 2910 2892
f 2909 2892 2893
f 2906 2933 2898
f 2906 2898 2899
f 2910 2911 2891
f 2910 2891 2892
f 2982 2985 2915
f 2982 2915 2916
f 2983 2986 2917
f 2983 2917 2918
f 2985 2987 2919
f 2985 2919 2915
f 2986 2988 2920
f 2986 2920 2917
f 2987 2989 2921
f 2987 2921 2919
f 2988 2990 2922
f 2988 2922 2920
f 2984 2991 2923
f 2984 2923 2924
f 2989 2992 2925
f 2989 2925 2921
f 2990 2993 2926
f 2990 2926 2922
f 2991 2994 2927
f 2991 2927 2923
f 2992 2995 2928
f 2992 2928 2925
f 2993 2996 2929
f 2993 2929 2926
f 2994 2997 2930
f 2994 2930 2927
f 2995 2984 2924
f 2995 2924 2928
f 2996 2982 2916
f 2996 2916 2929
f 2997 2983 2918
f 2997 2918 2930
f 2903 2914 2931
f 2911 2913 2904
f 2911 2904 2932
f 2903 2911 2909
f 2903 2909 2914
f 2913 2903 2907
f 2913 2907 2933
f 2881 2882 2937
f 2881 2937 2934
f 2875 2876 2938
f 2875 2938 2935
f 2882 2883 2939
f 2882 2939 2937
f 2876 2877 2940
f 2876 2940 2938
f 2883 2884 2941
f 2883 2941 2939
f 2877 2878 2942
f 2877 2942 2940
f 2871 2872 2943
f 2871 2943 2936
f 2884 2885 2944
f 2884 2944 2941
f 2878 2879 2945
f 2878 2945 2942
f 2872 2873 2946
f 2872 2946 2943
f 2885 2886 2947
f 2885 2947 2944
f 2879 2880 2948
f 2879 2948 2945
f 2873 2874 2949
f 2873 2949 2946
f 2886 2871 2936
f 2886 2936 2947
f 2880 2881 2934
f 2880 2934 2948
f 2874 2875 2935
f 2874 2935 2949
f 2860 2861 2950
f 2860 2950 2951
f 2867 2868 2952
f 2867 2952 2953
f 2861 2862 2954
f 2861 2954 2950
f 2855 2856 2955
f 2855 2955 2956
f 2868 2869 2957
f 2868 2957 2952
f 2862 2863 2958
f 2862 2958 2954
f 2856 2857 2959
f 2856 2959 2955
f 2869 2870 2960
f 2869 2960 2957
f 2863 2864 2961
f 2863 2961 2958
f 2857 2858 2962
f 2857 2962 2959
f 2870 2855 2956
f 2870 2956 2960
f 2864 2865 2963
f 2864 2963 2961
f 2858 2859 2964
f 2858 2964 2962
f 2865 2866 2965
f 2865 2965 2963
f 2859 2860 2951
f 2859 2951 2964
f 2866 2867 2953
f 2866 2953 2965
f 2934 2937 2969
f 2934 2969 2966
f 2935 2938 2970
f 2935 2970 2967
f 2937 2939 2971
f 2937 2971 2969
f 2938 2940 2972
f 2938 2972 2970
f 2939 2941 2973
f 2939 2973 2971
f 2940 2942 2974
f 2940 2974 2972
f 2936 2943 2975
f 2936 2975 2968
f 2941 2944 2976
f 2941 2976 2973
f 2942 2945 2977
f 2942 2977 2974
f 2943 2946 2978
f 2943 2978 2975
f 2944 2947 2979
f 2944 2979 2976
f 2945 2948 2980
f 2945 2980 2977
f 2946 2949 2981
f 2946 2981 2978
f 2947 2936 2968
f 2947 2968 2979
f 2948 2934 2966
f 2948 2966 2980
f 2949 2935 2967
f 2949 2967 2981
f 2966 2969 2985
f 2966 2985 2982
f 2967 2970 2986
f 2967 2986 2983
f 2969 2971 2987
f 2969 2987 2985
f 2970 2972 2988
f 2970 2988 2986
f 2971 2973 2989
f 2971 2989 2987
f 2972 2974 2990
f 2972 2990 2988
f 2968 2975 2991
f 2968 2991 2984
f 2973 2976 2992
f 2973 2992 2989
f 2974 2977 2993
f 2974 2993 2990
f 2975 2978 2994
f 2975 2994 2991
f 2976 2979 2995
f 2976 2995 2992
f 2977 2980 2996
f 2977 2996 2993
f 2978 2981 2997
f 2978 2997 2994
f 2979 2968 2984
f 2979 2984 2995
f 2980 2966 2982
f 2980 2982 2996
f 2981 2967 2983
f 2981 2983 2997
f 2903 2913 2911

o stairs
v 6.15615195 0.16505359 1.38187617
v 9.44615195 0.16505298 -2.33812383
v 9.44615195 0.16505359 1.38187617
v 9.44615195 0.14505359 1.38187617
v 9.44615195 0.14505298 -2.33812383
v 6.15615195 0.14505359 1.38187617
v 6.15615195 0.16505333 -0.19027483
v 9.44615195 0.14505333 -0.19027483
v 9.44615195 0.16505333 -0.19027483
v 6.15615195 0.14505333 -0.19027483
v 8.70560995 0.14505359 1.38187617
v 8.70560995 0.16505359 1.38187617
v 8.70560995 0.16505333 -0.19027483
v 9.44615195 0.14505306 -1.86807583
v 9.44615195 0.16505306 -1.86807583
v 8.70560995 0.16505306 -1.86807583
v 9.01128295 0.14505359 1.38187617
v 9.01128295 0.16505359 1.38187617
v 9.01128295 0.16505298 -2.33812383
v 9.01128295 0.16505333 -0.19027483
v 9.01128295 0.16505306 -1.86807583
v 9.42615295 0.14505298 -2.33812383
v 6.17615195 0.14505358 1.36187617
v 6.17615195 0.14505333 -0.19027483
v 9.42615195 0.14505358 1.36187617
v 8.70560995 0.14505358 1.36187617
v 9.01128295 0.14505358 1.36187617
v 9.42615295 0.14505333 -0.19027483
v 9.42615295 0.14505306 -1.86807583
v 6.94628195 0.18393122 -13.15410783
v 10.76628195 0.18393122 -13.15410783
v 6.94628195 0.18393122 -13.14010883
v 6.94628195 0.19993225 -12.94010683
v 6.94628195 0.19993222 -13.15410783
v 10.76628195 0.19993222 -13.15410783
v 10.76628195 0.19993225 -12.94010683
v 10.76628195 0.18393122 -13.14010883
v 6.94628195 0.19993222 -13.14010883
v 10.76628195 0.19993222 -13.14010883
v 6.94628095 0.29393125 -12.94010685
v 6.94628095 0.29393125 -12.95410785
v 10.76628095 0.29393125 -12.95410685
v 10.76628095 0.29393125 -12.94010585
v 6.94628095 0.30993129 -12.74010785
v 6.94628095 0.30993125 -12.95410785
v 10.76628095 0.30993125 -12.95410685
v 10.76628095 0.30993129 -12.74010685
v 10.76628095 0.43393129 -12.74010687
v 6.94628095 0.43393128 -12.76010887
v 10.76628095 0.43393128 -12.76010787
v 6.94628095 0.43393129 -12.74010787
v 6.94628095 0.46430364 -10.55562088
v 6.94628095 0.46430328 -12.76010888
v 10.76628095 0.46430328 -12.76010788
v 10.76628095 0.46430364 -10.55561988
v 6.94628095 0.18393122 -13.14010883
v 6.94628095 0.07393122 -13.14010881
v 10.76627995 0.18393122 -13.14010783
v 10.76627995 0.07393222 -13.14010781
v 6.94628095 0.29393125 -12.94010785
v 6.94628095 0.18393125 -12.94010783
v 10.76627995 0.29393125 -12.94010685
v 10.76627995 0.18393125 -12.94010683
v 6.94628095 0.43393129 -12.74010787
v 6.94628095 0.30993129 -12.74010785
v 10.76628095 0.43393129 -12.74010787
v 10.76628095 0.30993229 -12.74010785
f 3009 2998 3003
f 3009 3003 3008
f 3011 3005 3025
f 3011 3025 3026
f 3006 3000 3001
f 3006 3001 3005
f 3018 3012 2999
f 3018 2999 3016
f 3008 3003 3020
f 3008 3020 3023
f 2998 3004 3007
f 2998 3007 3003
f 3012 3006 3005
f 3012 3005 3011
f 3015 3000 3006
f 3015 3006 3017
f 3015 3009 3008
f 3015 3008 3014
f 2998 3009 3010
f 2998 3010 3004
f 3017 3006 3012
f 3017 3012 3018
f 2999 3012 3011
f 2999 3011 3002
f 3009 3015 3017
f 3009 3017 3010
f 3000 3015 3014
f 3000 3014 3001
f 3010 3017 3018
f 3010 3018 3013
f 3003 3007 3021
f 3003 3021 3020
f 3014 3008 3023
f 3014 3023 3024
f 3001 3014 3024
f 3001 3024 3022
f 3002 3011 3026
f 3002 3026 3019
f 3005 3001 3022
f 3005 3022 3025
f 3031 3032 3028
f 3031 3028 3027
f 3027 3028 3034
f 3027 3034 3029
f 3036 3032 3031
f 3036 3031 3035
f 3033 3036 3035
f 3033 3035 3030
f 3032 3036 3034
f 3032 3034 3028
f 3031 3027 3029
f 3031 3029 3035
f 3038 3039 3040
f 3038 3040 3037
f 3042 3043 3039
f 3042 3039 3038
f 3044 3043 3042
f 3044 3042 3041
f 3050 3051 3047
f 3050 3047 3046
f 3046 3047 3045
f 3046 3045 3048
f 3052 3051 3050
f 3052 3050 3049
f 3055 3056 3054
f 3055 3054 3053
f 3059 3060 3058
f 3059 3058 3057
f 3063 3064 3062
f 3063 3062 3061

o roof
v -0.76858505 3.05023627 -9.93556430
v -0.77250505 3.05943627 -9.93556430
v 1.62340695 4.07683664 -1.52696747
v 1.00380295 3.82179573 -0.92778142
v -0.21472105 3.29882792 0.25059066
v 2.26369195 4.36251653 -2.14615451
v -0.76858505 3.05023636 -9.33637830
v -0.77250605 3.05943627 -9.91556330
v -0.76858505 3.05023627 -9.91556330
v -0.77250505 3.05943636 -9.33637830
v 1.64408995 4.08571263 -1.54696847
v 1.00380295 3.81091373 -0.92778142
v 0.38420095 3.55587483 -0.32859438
v -0.76858505 3.05023646 -8.73719330
v -0.77250605 3.05943637 -9.31637830
v -0.76858505 3.05023637 -9.31637830
v -0.77250505 3.05943646 -8.73719330
v 3.48221395 4.87460134 -3.32452460
v 2.86261295 4.61956244 -2.72533855
v 1.64408995 4.09659563 -1.54696847
v 1.02448595 3.81979073 -0.94778242
v -0.76858505 3.05023656 -8.13800730
v -0.77250605 3.05943646 -8.71719230
v -0.76858505 3.05023646 -8.71719230
v -0.77250505 3.05943656 -8.13800730
v 0.38419995 3.54499183 -0.32859438
v -0.23540305 3.28995193 0.27059066
v 3.50289695 4.88347834 -3.34452460
v -0.76858605 3.05023801 0.78620570
v 2.86261295 4.60868044 -2.72533855
v -0.76858505 3.05023666 -7.53882230
v -0.77250605 3.05943656 -8.11800730
v -0.76858505 3.05023656 -8.11800730
v -0.77250505 3.05943666 -7.53882230
v 2.24301095 4.35364054 -2.12615351
v 1.02448595 3.83067273 -0.94778243
v 0.40488295 3.55386883 -0.34859638
v 3.50289795 4.89436134 -3.34452460
v -0.76858505 3.05023675 -6.93963630
v -0.77250605 3.05943566 -7.51882130
v -0.76858505 3.05023666 -7.51882130
v -0.77250505 3.05943675 -6.93963630
v -0.23540205 3.27906993 0.27059066
v 3.48221595 4.88548434 -3.32452460
v 2.88329595 4.61755744 -2.74533955
v 2.24301095 4.34275854 -2.12615351
v 1.62340795 4.08771864 -1.52696747
v -0.76858505 3.05023685 -6.34045130
v -0.77250605 3.05943576 -6.91963630
v -0.76858505 3.05023676 -6.91963630
v -0.77250505 3.05943685 -6.34045130
v 0.40488295 3.56475083 -0.34859638
v -0.21472105 3.28794692 0.25059066
v 2.88329495 4.62843944 -2.74533956
v -0.76858505 3.05023695 -5.74126630
v -0.77250605 3.05943585 -6.32045130
v -0.76858505 3.05023685 -6.32045130
v -0.77250505 3.05943695 -5.74126630
v -0.76858505 3.05023695 -5.72126630
v 2.26369295 4.35163553 -2.14615451
v -0.76858505 3.05023705 -5.14208030
v -0.77250605 3.05943595 -5.72126530
v -0.77250505 3.05943705 -5.14208030
v -0.76858505 3.05023714 -4.54289530
v -0.77250605 3.05943605 -5.12208030
v -0.76858505 3.05023705 -5.12208030
v -0.77250505 3.05943714 -4.54289530
v -0.76858505 3.05023724 -3.94371030
v -0.77250605 3.05943615 -4.52289530
v -0.76858505 3.05023715 -4.52289530
v -0.77250505 3.05943724 -3.94371030
v -0.76858505 3.05023734 -3.34452430
v -0.77250605 3.05943624 -3.92370930
v -0.76858505 3.05023724 -3.92370930
v -0.77250505 3.05943734 -3.34452430
v -0.76858505 3.05023734 -3.32452430
v -0.76858505 3.05023744 -2.74533930
v -0.77250605 3.05943634 -3.32452430
v -0.77250505 3.05943744 -2.74533930
v -0.76858505 3.05023753 -2.14615330
v -0.77250605 3.05943644 -2.72533830
v -0.76858505 3.05023744 -2.72533830
v -0.77250505 3.05943753 -2.14615330
v -0.76858505 3.05023763 -1.54696730
v -0.77250605 3.05943654 -2.12615230
v -0.76858505 3.05023754 -2.12615230
v -0.77250505 3.05943763 -1.54696730
v -0.76858505 3.05023773 -0.94778130
v -0.77250605 3.05943664 -1.52696630
v -0.76858505 3.05023764 -1.52696630
v -0.77250505 3.05943773 -0.94778130
v -0.76858505 3.05023783 -0.34859530
v -0.77250605 3.05943673 -0.92778030
v -0.76858505 3.05023773 -0.92778030
v -0.77250505 3.05943783 -0.34859530
v -0.76858505 3.05023792 0.25059070
v -0.77250605 3.05943683 -0.32859530
v -0.76858505 3.05023783 -0.32859530
v -0.77250505 3.05943792 0.25059070
v -0.77250605 3.05943693 0.27059070
v -0.76858505 3.05023793 0.27059070
v -0.17897005 3.30328827 -9.93556434
v 3.53732995 4.90913785 -6.32045160
v 2.92137195 4.63389876 -6.91963656
v 2.28485695 4.36071766 -7.53882251
v 1.66889995 4.10724256 -8.13800847
v 0.45754595 3.58735137 -9.31637739
v -0.15841105 3.31211227 -9.91556334
v 2.92137195 4.64478076 -6.91963656
v 2.30541595 4.36954166 -7.51882251
v 1.66889995 4.09636056 -8.13800847
v 1.07350295 3.85170846 -8.71719343
v 1.05294295 3.84288446 -8.73719343
v -0.15841005 3.32299427 -9.91556334
v 3.51676895 4.90031385 -6.34045160
v 2.30541495 4.38042366 -7.51882252
v 1.68945995 4.10518456 -8.11800747
v 1.05294295 3.83200346 -8.73719343
v -0.76858505 3.05023617 -10.50912530
v 0.43698595 3.57852736 -9.33637838
v 3.51676895 4.88943085 -6.34045160
v 2.90081195 4.63595675 -6.93963656
v 1.68945895 4.11606556 -8.11800747
v 1.07350295 3.84082646 -8.71719343
v 0.43698595 3.56764536 -9.33637838
v -0.17896905 3.31417127 -9.93556434
v 2.90081295 4.62507475 -6.93963656
v 2.28485595 4.37159966 -7.53882251
v 0.45754595 3.57646937 -9.31637738
v 9.26711995 3.29882792 0.25059066
v 6.78870695 4.36251653 -2.14615451
v 6.80938795 4.35364154 -2.12615351
v 7.40830995 4.08571263 -1.54696847
v 8.04859495 3.81091373 -0.92778142
v 8.66819795 3.55587483 -0.32859438
v 7.40830995 4.09659563 -1.54696847
v 8.02791295 3.81979073 -0.94778242
v 8.66819895 3.54499183 -0.32859438
v 9.28780195 3.28995193 0.27059066
v 9.82098495 3.05023801 0.78620570
v 8.02791395 3.83067273 -0.94778243
v 8.04859395 3.82179673 -0.92778242
v 8.64751595 3.55386883 -0.34859638
v 9.28780095 3.27906993 0.27059066
v 6.80938695 4.34275954 -2.12615351
v 7.42899095 4.08771864 -1.52696747
v 8.64751595 3.56475083 -0.34859638
v 9.26711995 3.28794692 0.25059066
v 6.78870595 4.35163553 -2.14615451
v 7.42898995 4.07683764 -1.52696847
v 3.58758795 4.93070795 -5.72126561
v 3.58758795 4.91982615 -4.52289560
v 9.82098395 3.05023753 -2.14615330
v 3.58758795 4.91982595 -5.72126560
v 3.58758795 4.91982605 -5.12208060
v 9.82490395 3.05943753 -2.14615330
v 9.82098395 3.05023763 -1.54696730
v 9.82490495 3.05943654 -2.12615230
v 9.82098395 3.05023754 -2.12615230
v 9.82490395 3.05943763 -1.54696730
v 9.82098395 3.05023773 -0.94778130
v 9.82490495 3.05943664 -1.52696630
v 9.82098395 3.05023764 -1.52696630
v 9.82490395 3.05943773 -0.94778130
v 9.82098395 3.05023783 -0.34859530
v 9.82490495 3.05943673 -0.92778030
v 9.82098395 3.05023773 -0.92778030
v 9.82490395 3.05943783 -0.34859530
v 9.82098395 3.05023792 0.25059070
v 9.82490495 3.05943683 -0.32859530
v 9.82098395 3.05023783 -0.32859530
v 9.82490395 3.05943792 0.25059070
v 9.82490495 3.05943693 0.27059070
v 9.82098395 3.05023793 0.27059070
v -0.18827605 3.04827601 0.80095370
v -0.16827705 3.05743701 0.80496170
v -0.76746205 3.04827601 0.80095370
v -0.18827605 3.05743801 0.80496070
v -0.16827705 3.04827601 0.80095370
v 0.41090895 3.04827601 0.80095370
v 0.41090895 3.05743801 0.80496070
v 0.43090895 3.04827601 0.80095370
v 1.01009495 3.04827601 0.80095370
v 0.43090895 3.05743701 0.80496170
v 1.03009395 3.05743701 0.80496170
v 1.01009495 3.05743801 0.80496070
v 1.03009395 3.04827601 0.80095370
v 1.60927995 3.04827601 0.80095370
v 1.60927995 3.05743701 0.80496070
v 1.62927995 3.04827501 0.80095370
v 2.20846595 3.04827601 0.80095370
v 1.62927995 3.05743701 0.80496170
v 2.22846495 3.05743701 0.80496170
v 2.20846595 3.05743701 0.80496070
v 2.22846495 3.04827501 0.80095370
v 2.80765095 3.04827601 0.80095370
v 2.80765095 3.05743701 0.80496170
v 2.82765095 3.04827501 0.80095370
v 3.40683695 3.04827601 0.80095370
v 2.82765095 3.05743701 0.80496270
v 3.40683695 3.05743701 0.80496170
v 3.42683595 3.04827501 0.80095370
v 4.00602195 3.04827601 0.80095370
v 3.42683695 3.05743701 0.80496270
v 4.00602195 3.05743701 0.80496170
v 4.02602195 3.04827501 0.80095370
v 4.60520695 3.04827601 0.80095370
v 4.02602195 3.05743701 0.80496270
v 4.60520695 3.05743701 0.80496170
v 4.62520695 3.04827501 0.80095370
v 4.01602195 3.02599301 0.80396021
v 3.58758795 4.93070824 -3.94371061
v 5.20439195 3.04827601 0.80095370
v 4.62520795 3.05743701 0.80496270
v 5.20439195 3.05743701 0.80496170
v 5.22439295 3.04827501 0.80095370
v 3.58758795 4.93070814 -4.54289561
v 3.58758795 4.91982624 -3.92370960
v 5.80357795 3.04827601 0.80095370
v 5.22439295 3.05743701 0.80496270
v 5.80357795 3.05743701 0.80496170
v 5.82357795 3.04827501 0.80095370
v 6.40276295 3.04827601 0.80095370
v 5.82357895 3.05743701 0.80496270
v 6.40276295 3.05743701 0.80496170
v 6.42276395 3.04827501 0.80095370
v 7.00194895 3.04827601 0.80095470
v 6.42276395 3.05743701 0.80496270
v 7.02194895 3.05743701 0.80496270
v 7.00194895 3.05743701 0.80496170
v 7.02194895 3.04827501 0.80095470
v 7.60113495 3.04827601 0.80095470
v 7.62113495 3.05743701 0.80496270
v 7.60113495 3.05743701 0.80496170
v 7.62113495 3.04827501 0.80095470
v 8.20032095 3.04827601 0.80095470
v 8.22031995 3.05743701 0.80496270
v 8.20032095 3.05743701 0.80496170
v 8.22031995 3.04827501 0.80095470
v 8.79950795 3.04827601 0.80095470
v 8.81950595 3.05743701 0.80496270
v 8.79950795 3.05743701 0.80496170
v 8.81950595 3.04827501 0.80095470
v 9.39869395 3.04827601 0.80095470
v 9.41869195 3.05743701 0.80496270
v 9.39869395 3.05743701 0.80496170
v 9.41869195 3.04827501 0.80095470
v 3.58758795 4.42122051 -2.30423552
v 7.62113495 4.00877266 -1.34667246
v 7.02194995 4.26423657 -1.92445650
v 3.53732995 4.89825585 -6.32045160
v 3.58758795 4.93070805 -5.14208061
v 9.41869195 3.23144595 0.38667867
v 8.81950795 3.48690985 -0.19110437
v 8.22032095 3.74237376 -0.76888941
v 7.62113595 3.99783866 -1.34667245
v 9.84831195 3.04827501 0.80095470
v 7.02194995 4.25330257 -1.92445549
v 3.58758795 4.91982624 -3.94371060
v 3.58758795 4.93070795 -5.74126661
v 3.58758795 3.04827601 0.80095370
v 9.39869395 3.25090594 0.36739367
v 8.79950795 3.50636985 -0.21038937
v 8.20031995 3.76183476 -0.78817441
v 7.60113495 4.01729966 -1.36595746
v 9.39869395 3.23997194 0.36739367
v 3.58758795 4.91982614 -4.54289560
v 7.00194895 4.27276357 -1.94374250
v 8.79950795 3.49543685 -0.21039037
v 8.20031995 3.75090076 -0.78817541
v 3.58758795 4.91982605 -5.14208060
v 7.60113495 4.00636566 -1.36595945
v 3.58758795 4.91982595 -5.74126660
v 7.00194895 4.26183057 -1.94374350
v 3.58758795 4.93070824 -3.92370961
v 3.58758795 4.93070815 -4.52289561
v 8.81950795 3.49784385 -0.19110337
v 8.22032095 3.75330776 -0.76888741
v 9.41869195 3.24237995 0.38667867
v 2.82765095 4.60554244 -2.69638755
v 1.62928095 4.09047063 -1.53145047
v 3.42683695 4.86307835 -3.27885559
v 2.22846495 4.34800654 -2.11391951
v -0.76746205 3.05888201 0.80169370
v 1.03009495 3.83293473 -0.94898043
v 0.43090895 3.57539882 -0.36651138
v -0.16827705 3.31786292 0.21595766
v 3.42683695 4.85214435 -3.27885659
v 2.82765095 4.59460844 -2.69638755
v 0.43090895 3.56446482 -0.36651038
v 1.62928095 4.07953663 -1.53145047
v 1.03009495 3.82200073 -0.94898042
v -0.16827605 3.30692892 0.21595766
v -0.76746205 3.04939401 0.79842470
v 3.40683695 4.85448235 -3.25941459
v 2.80765095 4.59694645 -2.67694555
v 2.20846595 4.33941054 -2.09447651
v 1.60928095 4.08187464 -1.51200847
v 3.40683695 4.84354835 -3.25941559
v 1.01009495 3.82433873 -0.92953843
v 2.80765095 4.58601345 -2.67694655
v 0.41090895 3.56680283 -0.34706938
v 2.20846595 4.32847754 -2.09447851
v -0.18827605 3.30926692 0.23539866
v 1.60928095 4.07094064 -1.51200947
v 1.01009495 3.81340473 -0.92953842
v 0.41090895 3.55586883 -0.34706938
v -0.18827605 3.29833192 0.23539966
v -0.18827605 3.04827417 -10.51377030
v -0.16827705 3.05743517 -10.51777930
v -0.76746205 3.04827417 -10.51377030
v -0.18827605 3.05743617 -10.51777830
v -0.16827705 3.04827417 -10.51377030
v 0.41090895 3.04827417 -10.51377030
v 0.43090895 3.05743517 -10.51777930
v 0.41090895 3.05743617 -10.51777830
v 1.01009495 3.04827417 -10.51377030
v 1.03009395 3.05743517 -10.51777930
v 0.43090895 3.04827417 -10.51377030
v 1.01009495 3.05743617 -10.51777830
v 1.03009395 3.04827417 -10.51377030
v 1.60927995 3.04827417 -10.51377030
v 1.62927995 3.05743517 -10.51777930
v 1.60927995 3.05743517 -10.51777830
v 1.62927995 3.04827317 -10.51377030
v 2.20846595 3.04827417 -10.51377030
v 2.22846495 3.05743517 -10.51777930
v 2.20846595 3.05743517 -10.51777830
v 2.22846495 3.04827317 -10.51377030
v 2.80765095 3.04827417 -10.51377030
v 2.82765095 3.05743517 -10.51778030
v 2.80765095 3.05743517 -10.51777930
v 2.82765095 3.04827317 -10.51377030
v 3.40683695 3.04827417 -10.51377030
v 3.42683595 3.05743517 -10.51778030
v 3.40683695 3.05743517 -10.51777930
v 3.42683595 3.04827317 -10.51377030
v 3.42683695 4.86307784 -6.43396259
v 0.43090895 3.57539736 -9.34630638
v 2.82765095 4.60554174 -7.01643055
v 2.22846495 4.34800565 -7.59889851
v 1.62927995 4.09046955 -8.18136747
v 1.03009495 3.83293346 -8.76383743
v -0.16827705 3.31786127 -9.92877534
v 3.42683695 4.85214384 -6.43396159
v 2.82765095 4.59460874 -7.01642955
v 2.22846495 4.33707165 -7.59889851
v 1.62927995 4.07953655 -8.18136747
v -0.16827705 3.30692827 -9.92877434
v 1.03009495 3.82199946 -8.76383742
v 0.43090895 3.56446336 -9.34630638
v -0.76746205 3.04939217 -10.51124230
v 3.40683695 4.85448183 -6.45340359
v 2.80765095 4.59694574 -7.03587255
v 2.20846595 4.33940964 -7.61834051
v 1.60928095 4.08187355 -8.20080947
v 3.40683695 4.84354783 -6.45340259
v 1.01009495 3.82433745 -8.78327943
v 2.80765095 4.58601274 -7.03587155
v 0.41090895 3.56680136 -9.36574938
v 2.20846595 4.32847664 -7.61833951
v -0.18827605 3.30926526 -9.94821634
v 1.60928095 4.07093955 -8.20080847
v 1.01009495 3.81340345 -8.78327942
v 0.41090895 3.55586736 -9.36574938
v -0.18827605 3.29833026 -9.94821834
v -0.77250555 3.02599136 -9.32637829
v -0.76858505 3.02599127 -9.91556329
v -0.77250555 3.02599146 -8.72719279
v -0.76858505 3.02599137 -9.31637829
v -0.77250555 3.02599156 -8.12800729
v -0.76858505 3.02599146 -8.71719229
v -0.77250555 3.02599166 -7.52882179
v -0.76858505 3.02599156 -8.11800729
v -0.77250555 3.02599175 -6.92963629
v -0.76858505 3.02599166 -7.51882129
v -0.77250555 3.02599185 -6.33045129
v -0.76858505 3.02599176 -6.91963629
v -0.77152555 3.02599195 -5.73126579
v -0.76858505 3.02599185 -6.32045129
v -0.76858505 3.02599195 -5.72126629
v -0.77250555 3.02599205 -5.13208029
v -0.77152555 3.02599215 -4.53289529
v -0.76858505 3.02599205 -5.12208029
v -0.77152555 3.02599224 -3.93370979
v -0.76858505 3.02599215 -4.52289529
v -0.77152555 3.02599234 -3.33452429
v -0.76858505 3.02599224 -3.92370929
v -0.76858505 3.02599234 -3.32452429
v -0.77250555 3.02599244 -2.73533879
v -0.77250555 3.02599254 -2.13615279
v -0.76858505 3.02599244 -2.72533829
v -0.77250555 3.02599263 -1.53696679
v -0.76858505 3.02599254 -2.12615229
v -0.77152555 3.02599273 -0.93778079
v -0.76858505 3.02599264 -1.52696629
v -0.77152555 3.02599283 -0.33859529
v -0.76858505 3.02599273 -0.92778029
v -0.77152555 3.02599293 0.26059071
v -0.76858505 3.02599283 -0.32859529
v -0.77250555 3.02599127 -9.92556379
v 9.82490445 3.02599293 0.26059071
v 3.58758795 3.04827417 -10.51377030
v 3.58758795 4.93070805 -5.12208061
v 9.82098395 3.02599263 -1.54696729
v 9.82490445 3.02599254 -2.13615279
v 9.82098395 3.02599273 -0.94778129
v 9.82392420 3.02599263 -1.53696679
v 9.82098395 3.02599283 -0.34859529
v 9.82490445 3.02599273 -0.93778079
v 9.82098395 3.02599292 0.25059071
v 9.82490445 3.02599283 -0.33859529
v -0.17827655 3.02599301 0.80496121
v -0.76746205 3.02599301 0.80496171
v -0.76746205 3.02599301 0.80095371
v -0.16827705 3.02599301 0.80095371
v 0.42090895 3.02599301 0.80496121
v 0.43090895 3.02599301 0.80095371
v 1.02009445 3.02599301 0.80395946
v 1.03009395 3.02599301 0.80095371
v 1.61927995 3.02599301 0.80395946
v 1.62927995 3.02599301 0.80095371
v 2.21846545 3.02599301 0.80395946
v 2.22846495 3.02599301 0.80095371
v 2.81765095 3.02599301 0.80496221
v 2.82765095 3.02599301 0.80095371
v 3.41683670 3.02599301 0.80295796
v 4.02602195 3.02599301 0.80095371
v 4.61520745 3.02599301 0.80396021
v 4.62520695 3.02599301 0.80095371
v 5.21439245 3.02599301 0.80396021
v 5.22439295 3.02599301 0.80095371
v 5.81357845 3.02599301 0.80396021
v 5.82357795 3.02599301 0.80095371
v 6.41276345 3.02599301 0.80496221
v 6.42276395 3.02599301 0.80095371
v 7.01194895 3.02599301 0.80496221
v 7.02194895 3.02599301 0.80095471
v 7.61113495 3.02599301 0.80396046
v 7.62113495 3.02599301 0.80095471
v 8.21032045 3.02599301 0.80396046
v 8.22031995 3.02599301 0.80095471
v 8.80950695 3.02599301 0.80396046
v 8.81950595 3.02599301 0.80095471
v 9.40869295 3.02599301 0.80195646
v -0.17827655 3.02599117 -10.51677654
v 0.41090895 3.02599117 -10.51377029
v 1.01009495 3.02599117 -10.51377029
v 0.42090895 3.02599117 -10.51677654
v 1.02009445 3.02599117 -10.51677654
v 1.60927995 3.02599117 -10.51377029
v 1.61927995 3.02599117 -10.51677654
v 2.20846595 3.02599117 -10.51377029
v 2.21846545 3.02599117 -10.51777879
v 2.80765095 3.02599117 -10.51377029
v 2.81765095 3.02599117 -10.51677729
v 3.40683695 3.02599117 -10.51377029
v 3.41683645 3.02599117 -10.51677729
v 2.82765095 4.43215451 -2.30423552
v 6.40276295 4.42122051 -2.30423552
v 4.62520795 4.43215451 -2.30423552
v 2.80765095 4.43215451 -2.30423552
v 3.42683695 4.43215451 -2.30423552
v 5.80357795 4.42122051 -2.30423552
v 4.02602195 4.42122051 -2.30423552
v 6.40276295 4.43215451 -2.30423652
v 4.60520695 4.42122051 -2.30423552
v 2.22846495 4.33707254 -2.11391951
v 4.62520695 4.42122051 -2.30423552
v 5.22439295 4.43215451 -2.30423552
v 3.40683695 4.42122051 -2.30423552
v 5.82357895 4.42122051 -2.30423552
v 4.00602195 4.43215451 -2.30423552
v 4.60520695 4.43215451 -2.30423552
v 5.20439295 4.42122051 -2.30423552
v 2.80765095 4.42122051 -2.30423552
v 3.40683695 4.43215451 -2.30423552
v 5.82357895 4.43215451 -2.30423552
v 9.82098395 3.05023751 -2.30423630
v 2.82765095 4.42122051 -2.30423552
v 5.20439295 4.43215451 -2.30423552
v 3.42683695 4.42122051 -2.30423552
v 6.42276395 4.42122051 -2.30423552
v 5.80357795 4.43215451 -2.30423552
v 4.00602195 4.42122051 -2.30423552
v 6.42276395 4.43215451 -2.30423652
v 4.02602195 4.43215451 -2.30423552
v 5.22439295 4.42122051 -2.30423552
v 2.50835095 6.13851605 -11.25710080
v 2.50835095 6.13851605 -11.23710080
v 4.02658695 6.82286042 -2.86851091
v 2.85689195 6.29311061 -1.65014083
v 4.00738395 6.80340442 -2.84851091
v 2.50435995 6.14768405 -11.25710080
v 2.50435995 6.14768405 -11.23710080
v 3.45133895 6.56771251 -2.26932687
v 2.50835095 6.13851615 -10.65791580
v 2.50835095 6.13851615 -10.63791580
v 2.87609195 6.31256561 -1.67014183
v 6.90281895 8.08765593 -5.86443712
v 2.50435995 6.14768415 -10.65791580
v 2.50435995 6.14768415 -10.63791580
v 6.32757295 7.83250903 -5.26525108
v 5.75232595 7.57736112 -4.66606704
v 2.50835095 6.13851625 -10.05873080
v 2.50835095 6.13851625 -10.03873080
v 6.88361695 8.09007793 -5.84443712
v 5.17707895 7.32221422 -4.06688199
v 6.30837095 7.83493103 -5.24525108
v 2.50435895 6.14768425 -10.05873080
v 2.50435895 6.14768425 -10.03873080
v 4.60183295 7.06706832 -3.46769595
v 5.73312395 7.57978413 -4.64606704
v 2.50835095 6.13851634 -9.45954680
v 2.50835095 6.13851635 -9.43954580
v 4.02658695 6.81192142 -2.86851091
v 5.15787695 7.32463722 -4.04688200
v 3.45133895 6.55677351 -2.26932687
v 2.50435895 6.14768534 -9.45954680
v 2.50435895 6.14768535 -9.43954580
v 4.58263195 7.06949032 -3.44769595
v 2.87609095 6.30162661 -1.67014183
v 2.50835095 6.13851644 -8.86036080
v 2.50835095 6.13851644 -8.84036080
v 6.88361695 8.07913893 -5.84443612
v 4.00738395 6.81434342 -2.84851091
v 6.30837095 7.82399203 -5.24525108
v 2.50435895 6.14768544 -8.86036080
v 2.50435895 6.14768544 -8.84036080
v 3.43213795 6.55919552 -2.24932587
v 6.90281895 8.09859493 -5.86443712
v 2.50835095 6.13851654 -8.26117580
v 2.50835095 6.13851654 -8.24117580
v 2.85689095 6.30404961 -1.65014083
v 2.50435895 6.14768554 -8.26117580
v 2.50435895 6.14768554 -8.24117580
v 6.32757295 7.84344803 -5.26525108
v 5.15787695 7.31369822 -4.04688099
v 2.50835095 6.13851664 -7.66199080
v 2.50835095 6.13851664 -7.64199080
v 5.75232495 7.58830112 -4.66606704
v 2.50435895 6.14768564 -7.66199080
v 2.50435895 6.14768564 -7.64199080
v 2.50834995 6.13851767 -1.29775780
v 5.73312495 7.56884513 -4.64606704
v 2.50835095 6.13851673 -7.06280580
v 2.50835095 6.13851674 -7.04280580
v 5.17707895 7.33315422 -4.06688200
v 7.36773595 8.29386583 -6.44362215
v 2.50435895 6.14768573 -7.06280580
v 2.50435895 6.14768574 -7.04280580
v 4.60183195 7.07800732 -3.46769596
v 2.50835095 6.13851683 -6.46362080
v 2.50835095 6.13851683 -6.44362080
v 7.36773595 8.29386583 -6.46362215
v 3.43213795 6.54825752 -2.24932587
v 2.50435895 6.14768583 -6.46362080
v 2.50435895 6.14768583 -6.44362080
v 7.36374395 8.30303583 -6.46362215
v 7.36374395 8.30303583 -6.44362215
v 2.50835095 6.13851693 -5.86443580
v 2.50835095 6.13851693 -5.84443580
v 2.50435895 6.14768593 -5.86443580
v 2.50435895 6.14768593 -5.84443580
v 2.50835095 6.13851703 -5.26525080
v 2.50835095 6.13851703 -5.24525080
v 2.50435895 6.14768603 -5.26525080
v 2.50435895 6.14768603 -5.24525080
v 2.50835095 6.13851712 -4.66606580
v 2.50835095 6.13851713 -4.64606580
v 2.50435895 6.14768612 -4.66606580
v 2.50435895 6.14768613 -4.64606580
v 2.50835095 6.13851722 -4.06688080
v 2.50835095 6.13851722 -4.04688080
v 2.50435895 6.14768622 -4.06688080
v 2.50435895 6.14768622 -4.04688080
v 2.50835095 6.13851732 -3.46769680
v 2.50835095 6.13851732 -3.44769580
v 2.50435895 6.14768632 -3.46769680
v 2.50435895 6.14768632 -3.44769580
v 2.50835095 6.13851742 -2.86851180
v 2.50435895 6.14768642 -2.86851180
v 2.50435895 6.14768642 -2.84851080
v 2.50834995 6.13851751 -2.26932680
v 2.50835095 6.13851742 -2.84851080
v 2.50435895 6.14768651 -2.26932680
v 2.50435895 6.14768652 -2.24932580
v 2.50834995 6.13851761 -1.67014180
v 2.50834995 6.13851752 -2.24932580
v 2.50834995 6.13851761 -1.65014080
v 2.50435895 6.14768661 -1.67014180
v 2.50435895 6.14768661 -1.65014080
v 6.28986795 7.81578464 -7.66199208
v 4.57367895 7.06551835 -9.43954595
v 5.71136995 7.55919454 -8.26117603
v 3.99517995 6.80892825 -10.03873091
v 6.88767795 8.08093974 -7.04280712
v 5.13286995 7.30260444 -8.86036099
v 3.41667995 6.55233915 -10.63791587
v 2.50835095 6.13851600 -11.57872380
v 4.55436995 7.04601534 -9.45954595
v 2.83817995 6.29574805 -11.23710083
v 3.97586995 6.78942525 -10.05873091
v 3.39736995 6.53283415 -10.65791687
v 2.81887095 6.27624505 -11.25710082
v 6.86836795 8.08331473 -7.06280712
v 6.30917795 7.82434964 -7.64199108
v 6.28986895 7.82672364 -7.66199208
v 5.73067895 7.56775954 -8.24117603
v 5.71136995 7.57013454 -8.26117604
v 5.15217895 7.31116944 -8.84036199
v 5.13286895 7.31354344 -8.86036099
v 4.57367995 7.05458035 -9.43954595
v 4.55436995 7.05695434 -9.45954595
v 3.99518095 6.79798925 -10.03873091
v 3.97586995 6.80036425 -10.05873091
v 3.41667995 6.54139915 -10.63791587
v 3.39736995 6.54377415 -10.65791687
v 2.83818095 6.28480905 -11.23710083
v 6.88767895 8.09187874 -7.04280712
v 2.81887095 6.28718405 -11.25710083
v 6.30917795 7.83528864 -7.64199108
v 5.73067895 7.57869854 -8.24117604
v 6.86836895 8.07237473 -7.06280612
v 5.15217895 7.32210844 -8.84036199
v 4.58263095 7.05855132 -3.44769595
v 12.22676495 6.14091300 -11.59124780
v 12.20676395 6.14091300 -11.59124780
v 12.22676495 6.15008199 -11.59523980
v 12.20676395 6.15008199 -11.59523980
v 11.62757995 6.14091300 -11.59124780
v 11.60757895 6.14091300 -11.59124780
v 11.62757895 6.15008199 -11.59523980
v 11.60757895 6.15008199 -11.59523980
v 11.02839495 6.14091300 -11.59124880
v 11.00839395 6.14091300 -11.59124880
v 11.02839495 6.15008199 -11.59524080
v 11.00839395 6.15008199 -11.59524080
v 10.42920995 6.14091300 -11.59124880
v 10.40920895 6.14091300 -11.59124880
v 10.42920995 6.15008199 -11.59523980
v 10.40920895 6.15008199 -11.59523980
v 9.83002495 6.14091300 -11.59124880
v 9.81002395 6.14091300 -11.59124880
v 9.83002495 6.15008199 -11.59523980
v 9.81002395 6.15008199 -11.59523980
v 9.23083895 6.14091300 -11.59124780
v 9.21083895 6.14091300 -11.59124780
v 9.23083895 6.15008199 -11.59523980
v 9.21083895 6.15008199 -11.59523980
v 8.63165395 6.14091300 -11.59124780
v 8.61165395 6.14091300 -11.59124780
v 8.63165395 6.15008199 -11.59523980
v 8.61165395 6.15008199 -11.59523980
v 8.03246995 6.14091300 -11.59124780
v 8.01246895 6.14091300 -11.59124780
v 8.03246895 6.15008199 -11.59523880
v 8.01246895 6.15008199 -11.59523880
v 7.43328395 6.14091300 -11.59124780
v 7.41328395 6.14091300 -11.59124780
v 7.43328395 6.15008199 -11.59523880
v 7.41328395 6.15008199 -11.59523880
v 6.83409895 6.14091300 -11.59124780
v 6.81409895 6.14091300 -11.59124780
v 6.83409895 6.15008199 -11.59523880
v 6.81409895 6.15008199 -11.59523880
v 6.23491395 6.14091300 -11.59124680
v 6.21491395 6.14091300 -11.59124680
v 6.23491395 6.15008199 -11.59523880
v 6.21491395 6.15008199 -11.59523880
v 5.63572895 6.14091300 -11.59124780
v 5.61572895 6.14091300 -11.59124780
v 5.63572895 6.15008199 -11.59523980
v 5.61572895 6.15008199 -11.59523980
v 5.03654395 6.14091300 -11.59124780
v 5.01654395 6.14091300 -11.59124780
v 5.03654395 6.15008199 -11.59523880
v 5.01654295 6.15008199 -11.59523880
v 4.43735995 6.14091300 -11.59124780
v 4.43735995 6.15008199 -11.59523880
v 4.41735895 6.15008199 -11.59523880
v 3.83817395 6.14091300 -11.59124680
v 4.41735895 6.14091300 -11.59124780
v 3.83817395 6.15008199 -11.59523880
v 3.81817395 6.15008199 -11.59523880
v 3.23898795 6.14091300 -11.59124680
v 3.81817295 6.14091300 -11.59124680
v 3.23898895 6.15008099 -11.59523880
v 3.21898895 6.15008099 -11.59523880
v 2.62980378 6.14658484 -11.59324169
v 3.21898795 6.14091300 -11.59124680
v 6.23491495 7.81002163 -7.72211107
v 5.63572995 7.54460652 -8.34140203
v 5.03654495 7.27919242 -8.96069299
v 6.21491495 7.79028262 -7.74278307
v 4.43735995 7.01377732 -9.57998294
v 5.61572995 7.52486752 -8.36207403
v 3.83817395 6.74836222 -10.19927290
v 5.01654395 7.25945342 -8.98136398
v 3.23898995 6.48294712 -10.81856486
v 6.81409995 8.05569772 -7.12349211
v 4.41735895 6.99403832 -9.60065394
v 3.81817395 6.72862322 -10.21994590
v 6.81409995 8.06657772 -7.12349112
v 3.21898795 6.46320812 -10.83923685
v 6.21491495 7.80116262 -7.74278207
v 6.83410095 8.06455773 -7.10282012
v 2.62980370 6.20766277 -11.44819156
v 5.61572995 7.53574752 -8.36207203
v 6.23491495 7.79914163 -7.72211107
v 5.01654495 7.27033342 -8.98136399
v 5.63573095 7.53372752 -8.34140203
v 4.41735895 7.00491832 -9.60065394
v 5.03654395 7.26831242 -8.96069199
v 3.81817295 6.73950322 -10.21994490
v 4.43735995 7.00289732 -9.57998394
v 3.21898895 6.47408812 -10.83923686
v 3.83817495 6.73748222 -10.19927390
v 6.83410095 8.07543673 -7.10282012
v 3.23898895 6.47206812 -10.81856486
v 8.63165495 7.82609964 -7.65921008
v 10.40920995 7.04947034 -9.49670195
v 9.23083995 7.56064354 -8.27859903
v 11.00839495 6.78401424 -10.11609191
v 9.83002495 7.29518643 -8.89798899
v 11.60757895 6.51855713 -10.73548086
v 12.41793295 6.14091300 -11.59124880
v 10.42921095 7.02973033 -9.51737695
v 12.20676395 6.25310003 -11.35486882
v 11.02839495 6.76427423 -10.13676590
v 11.62757995 6.49881613 -10.75615486
v 12.22676495 6.23336003 -11.37554282
v 8.03247095 8.10243674 -7.03982112
v 8.61165595 7.83496064 -7.63853608
v 8.63165495 7.83697964 -7.65921008
v 9.21083995 7.56950454 -8.25792504
v 9.23083995 7.57152354 -8.27859904
v 9.81002495 7.30404744 -8.87731499
v 9.83002495 7.30606643 -8.89798899
v 10.40920995 7.03859034 -9.49670195
v 10.42920995 7.04060933 -9.51737795
v 11.00839495 6.77313424 -10.11609191
v 11.02839495 6.77515323 -10.13676691
v 11.60757895 6.50767713 -10.73548086
v 11.62757995 6.50969613 -10.75615486
v 12.20676395 6.24222103 -11.35486882
v 8.01246995 8.11129774 -7.01914712
v 12.22676495 6.24423903 -11.37554382
v 8.61165595 7.84584064 -7.63853608
v 9.21083995 7.58038354 -8.25792504
v 8.03247095 8.09155674 -7.03982212
v 9.81002495 7.31492744 -8.87731399
v 7.43328495 8.30364882 -6.54494915
v 7.41328495 8.30364982 -6.54494815
v 7.41328495 8.31452782 -6.54495016
v 7.43328495 8.31452782 -6.54494916
v 8.01246995 8.10041774 -7.01914712
v 2.69579695 6.14091467 -1.29990580
v 2.71579695 6.14091467 -1.29990580
v 2.69579795 6.15008367 -1.29591380
v 2.71579695 6.15008367 -1.29591380
v 3.29498195 6.14091467 -1.29990580
v 3.31498195 6.14091467 -1.29990580
v 3.29498295 6.15008367 -1.29591380
v 3.31498195 6.15008367 -1.29591380
v 3.89416795 6.14091467 -1.29990580
v 3.91416695 6.14091467 -1.29990580
v 3.89416795 6.15008467 -1.29591380
v 3.91416695 6.15008467 -1.29591380
v 4.49335195 6.14091467 -1.29990580
v 4.51335195 6.14091567 -1.29990580
v 4.49335195 6.15008367 -1.29591380
v 4.51335195 6.15008367 -1.29591380
v 5.09253695 6.14091467 -1.29990580
v 5.11253695 6.14091467 -1.29990580
v 5.09253695 6.15008467 -1.29591380
v 5.11253695 6.15008467 -1.29591380
v 5.69172195 6.14091467 -1.29990580
v 5.71172195 6.14091467 -1.29990580
v 5.69172195 6.15008467 -1.29591380
v 5.71172195 6.15008467 -1.29591380
v 6.29090795 6.14091467 -1.29990580
v 6.31090795 6.14091467 -1.29990580
v 6.29090695 6.15008467 -1.29591280
v 6.31090695 6.15008467 -1.29591280
v 6.89009295 6.14091467 -1.29990580
v 6.91009195 6.14091467 -1.29990580
v 6.89009195 6.15008467 -1.29591280
v 6.91009195 6.15008467 -1.29591280
v 7.50927795 6.14091567 -1.29990580
v 7.48927795 6.15008467 -1.29591380
v 7.50927795 6.15008467 -1.29591380
v 8.10846295 6.14091567 -1.29990580
v 8.08846295 6.15008467 -1.29591380
v 8.10846195 6.15008467 -1.29591380
v 8.68764695 6.14091567 -1.29990580
v 8.70764795 6.14091567 -1.29990580
v 8.68764695 6.15008467 -1.29591380
v 8.70764795 6.15008467 -1.29591380
v 9.28683195 6.14091567 -1.29990480
v 9.30683295 6.14091567 -1.29990480
v 9.28683195 6.15008467 -1.29591380
v 9.30683295 6.15008467 -1.29591380
v 9.88601895 6.14091567 -1.29990480
v 9.90601795 6.14091567 -1.29990480
v 9.88601795 6.15008467 -1.29591380
v 9.90601795 6.15008467 -1.29591380
v 10.48520295 6.14091567 -1.29990480
v 10.48520295 6.15008467 -1.29591380
v 10.50520295 6.15008467 -1.29591380
v 11.08438695 6.14091567 -1.29990480
v 10.50520295 6.14091567 -1.29990480
v 11.08438895 6.15008467 -1.29591380
v 11.10438795 6.15008467 -1.29591380
v 11.68357195 6.14091667 -1.29990480
v 11.10438695 6.14091567 -1.29990480
v 11.68357295 6.15008467 -1.29591280
v 11.70357295 6.15008467 -1.29591280
v 12.29275687 6.14658907 -1.29790903
v 11.70357095 6.14091667 -1.29990480
v 8.68764695 7.81002304 -5.16904207
v 9.28683195 7.54460814 -4.54975103
v 9.88601795 7.27919424 -3.93045999
v 8.70764795 7.79028405 -5.14837007
v 10.48520195 7.01377934 -3.31116994
v 9.30683295 7.52486915 -4.52907903
v 11.08438795 6.74836445 -2.69187890
v 9.90601795 7.25945525 -3.90978798
v 11.68357295 6.48295055 -2.07258786
v 8.09846295 8.06828819 -5.77799737
v 10.50520295 6.99404035 -3.29049894
v 11.10438695 6.72862545 -2.67120690
v 11.70357195 6.46321155 -2.05191585
v 8.70764695 7.80116405 -5.14837107
v 12.29275745 6.20766615 -1.44296006
v 9.30683195 7.53574915 -4.52908103
v 8.68764695 7.79914304 -5.16904207
v 9.90601695 7.27033525 -3.90978999
v 9.28683195 7.53372914 -4.54975103
v 10.50520195 7.00492035 -3.29049894
v 9.88601795 7.26831424 -3.93046099
v 11.10438695 6.73950545 -2.67120690
v 10.48520295 7.00289934 -3.31116894
v 11.70357295 6.47409055 -2.05191586
v 11.08438795 6.73748445 -2.69187790
v 11.68357295 6.47207055 -2.07258786
v 6.29090695 7.82610103 -5.23194308
v 4.51335195 7.04947133 -3.39445195
v 5.69172195 7.56064513 -4.61255503
v 3.91416695 6.78401543 -2.77506291
v 5.09253795 7.29518723 -3.99316499
v 3.31498195 6.51855853 -2.15567486
v 2.48712795 6.14091467 -1.29990580
v 4.49335195 7.02973133 -3.37377695
v 2.71579695 6.25310163 -1.53628582
v 3.89416795 6.76427544 -2.75438890
v 3.29498195 6.49881854 -2.13499986
v 6.91009195 8.10041793 -5.87200612
v 2.69579695 6.23336164 -1.51561082
v 6.89009195 8.10243793 -5.85133212
v 6.29090695 7.83698103 -5.23194308
v 5.69172295 7.57152413 -4.61255504
v 5.11253695 7.30404823 -4.01383899
v 5.09253695 7.30606723 -3.99316599
v 4.51335195 7.03859233 -3.39445195
v 4.49335195 7.04061033 -3.37377695
v 3.91416695 6.77313543 -2.77506291
v 3.89416695 6.77515444 -2.75438791
v 3.31498195 6.50767853 -2.15567486
v 3.29498195 6.50969754 -2.13499986
v 2.71579695 6.24222263 -1.53628582
v 6.91009195 8.11129793 -5.87200612
v 2.69579695 6.24424064 -1.51560982
v 6.31090695 7.84584103 -5.25261808
v 5.71172195 7.58038413 -4.63322804
v 6.89009195 8.09155793 -5.85133212
v 5.11253695 7.31492823 -4.01383999
v 12.41420995 6.13851762 -1.63405080
v 12.41420995 6.13851761 -1.65405180
v 10.89597695 6.82285925 -10.02264091
v 12.06567195 6.29310905 -11.24101083
v 10.91517895 6.80340325 -10.04264191
v 12.41820195 6.14768662 -1.63405080
v 12.41820195 6.14768661 -1.65405180
v 11.47122495 6.56771115 -10.62182587
v 12.41420995 6.13851752 -2.23323580
v 12.41420995 6.13851752 -2.25323680
v 12.04647195 6.31256406 -11.22101083
v 8.01974395 8.08765474 -7.02671612
v 12.41820195 6.14768652 -2.23323580
v 12.41820195 6.14768652 -2.25323680
v 8.59498995 7.83250764 -7.62590108
v 9.17023695 7.57736054 -8.22508604
v 12.41420995 6.13851742 -2.83242080
v 12.41420995 6.13851742 -2.85242080
v 8.03894495 8.09007774 -7.04671612
v 9.74548395 7.32221345 -8.82427099
v 8.61419195 7.83493064 -7.64590108
v 12.41820195 6.14768642 -2.83242080
v 12.41820195 6.14768642 -2.85242080
v 10.32072995 7.06706735 -9.42345595
v 9.18943795 7.57978254 -8.24508604
v 12.41420995 6.13851732 -3.43160580
v 12.41420995 6.13851732 -3.45160580
v 10.89597695 6.81192025 -10.02264091
v 9.76468495 7.32463644 -8.84427100
v 11.47122495 6.55677215 -10.62182587
v 12.41820195 6.14768632 -3.43160580
v 12.41820195 6.14768632 -3.45160580
v 10.33993195 7.06948935 -9.44345695
v 12.04647195 6.30162506 -11.22101083
v 12.41420995 6.13851723 -4.03079080
v 12.41420995 6.13851722 -4.05079080
v 8.03894595 8.07913774 -7.04671712
v 10.91517895 6.81434225 -10.04264191
v 8.61419295 7.82399064 -7.64590208
v 12.41820195 6.14768623 -4.03079080
v 12.41820195 6.14768622 -4.05079080
v 11.49042595 6.55919415 -10.64182687
v 8.01974395 8.09859474 -7.02671612
v 12.41420995 6.13851713 -4.62997580
v 12.41420995 6.13851713 -4.64997580
v 12.06567295 6.30404805 -11.24101083
v 12.41820195 6.14768613 -4.62997580
v 12.41820195 6.14768613 -4.64997580
v 8.59498995 7.84344664 -7.62590108
v 9.76468495 7.31369744 -8.84427199
v 12.41421095 6.13851703 -5.22916080
v 12.41421095 6.13851703 -5.24916080
v 9.17023695 7.58829954 -8.22508604
v 12.41820295 6.14768603 -5.22916080
v 12.41820295 6.14768603 -5.24916080
v 12.41421195 6.13851600 -11.59072880
v 9.18943795 7.56884454 -8.24508604
v 12.41421095 6.13851693 -5.82834580
v 12.41421095 6.13851693 -5.84834580
v 9.74548395 7.33315245 -8.82427100
v 7.55482695 8.29386583 -6.44753215
v 12.41820295 6.14768593 -5.82834580
v 12.41820295 6.14768593 -5.84834580
v 10.32072995 7.07800635 -9.42345596
v 12.41421095 6.13851684 -6.42753080
v 12.41421095 6.13851683 -6.44753080
v 7.55482695 8.29386584 -6.42753215
v 11.49042495 6.54825615 -10.64182687
v 12.41820295 6.14768584 -6.42753080
v 12.41820295 6.14768583 -6.44753080
v 7.55881795 8.30303484 -6.42753215
v 7.55881795 8.30303483 -6.44753215
v 12.41421095 6.13851674 -7.02671580
v 12.41421095 6.13851674 -7.04671580
v 12.41820295 6.14768574 -7.02671580
v 12.41820295 6.14768574 -7.04671580
v 12.41421095 6.13851664 -7.62590080
v 12.41421095 6.13851664 -7.64590080
v 12.41820295 6.14768564 -7.62590080
v 12.41820295 6.14768564 -7.64590080
v 12.41421095 6.13851654 -8.22508580
v 12.41421095 6.13851654 -8.24508580
v 12.41820295 6.14768554 -8.22508580
v 12.41820295 6.14768554 -8.24508580
v 12.41421095 6.13851645 -8.82427080
v 12.41421095 6.13851644 -8.84427080
v 12.41820295 6.14768545 -8.82427080
v 12.41820295 6.14768544 -8.84427080
v 12.41421095 6.13851635 -9.42345480
v 12.41421095 6.13851635 -9.44345580
v 12.41820295 6.14768535 -9.42345480
v 12.41820295 6.14768535 -9.44345580
v 12.41421095 6.13851625 -10.02263980
v 12.41820295 6.14768525 -10.02263980
v 12.41820295 6.14768525 -10.04264080
v 12.41421195 6.13851615 -10.62182580
v 12.41421095 6.13851625 -10.04264080
v 12.41820395 6.14768515 -10.62182580
v 12.41820395 6.14768515 -10.64182580
v 12.41421195 6.13851606 -11.22101080
v 12.41421195 6.13851615 -10.64182580
v 12.41421195 6.13851605 -11.24101080
v 12.41820395 6.14768506 -11.22101080
v 12.41820395 6.14768505 -11.24101080
v 8.63269395 7.81578403 -5.22916108
v 10.34888395 7.06551932 -3.45160695
v 9.21119295 7.55919513 -4.62997703
v 10.92738295 6.80892942 -2.85242191
v 8.03488495 8.08093893 -5.84834712
v 9.78969195 7.30260623 -4.03079199
v 11.50588095 6.55234052 -2.25323687
v 12.41420995 6.13851767 -1.31242880
v 10.36819295 7.04601632 -3.43160695
v 12.08438195 6.29575061 -1.65405183
v 10.94669195 6.78942642 -2.83242191
v 11.52519095 6.53283652 -2.23323687
v 12.10368995 6.27624662 -1.63405082
v 8.05419395 8.08331393 -5.82834712
v 8.61338395 7.82435003 -5.24916108
v 8.63269395 7.82672403 -5.22916108
v 9.19188395 7.56775913 -4.64997703
v 9.21119295 7.57013513 -4.62997704
v 9.77038295 7.31117022 -4.05079199
v 9.78969195 7.31354423 -4.03079199
v 10.34888295 7.05458032 -3.45160695
v 10.36819295 7.05695532 -3.43160695
v 10.92738195 6.79799042 -2.85242191
v 10.94669195 6.80036542 -2.83242191
v 11.50588095 6.54140152 -2.25323687
v 11.52519095 6.54377552 -2.23323687
v 12.08438195 6.28481161 -1.65405183
v 8.03488395 8.09187893 -5.84834712
v 12.10369095 6.28718562 -1.63405083
v 8.61338395 7.83528903 -5.24916108
v 9.19188395 7.57869913 -4.64997704
v 8.05419395 8.07237493 -5.82834712
v 9.77038295 7.32210922 -4.05079199
v 10.33993195 7.05855035 -9.44345695
v 2.50635595 6.11151815 -10.64791580
v 2.50635545 6.11151825 -10.04873080
v 2.50635545 6.11151834 -9.44954630
v 2.50635545 6.11151844 -8.85036080
v 2.50635545 6.11151854 -8.25117580
v 2.50635545 6.11151864 -7.65199080
v 2.50635545 6.11151873 -7.05280580
v 2.50635545 6.11151883 -6.45362080
v 2.50635545 6.11151893 -5.85443580
v 2.50635545 6.11151903 -5.25525080
v 2.50635495 6.11151913 -4.65606580
v 2.50635495 6.11151922 -4.05688080
v 2.50635545 6.11151932 -3.45769630
v 2.50635545 6.11151942 -2.85851130
v 2.50635545 6.11151952 -2.25932630
v 2.50635545 6.11151961 -1.66014130
v 2.50635595 6.11151805 -11.24710080
v 11.61757945 6.11151799 -11.59523980
v 11.01839445 6.11151799 -11.59524080
v 10.41920945 6.11151799 -11.59523980
v 9.82002470 6.11151800 -11.59324430
v 9.22083920 6.11151800 -11.59324380
v 8.62165395 6.11151799 -11.59523980
v 8.02246920 6.11151800 -11.59324330
v 7.42328395 6.11151800 -11.59324330
v 6.82409895 6.11151799 -11.59424105
v 6.22491395 6.11151800 -11.59324280
v 5.62572895 6.11151799 -11.59523980
v 5.02654395 6.11151800 -11.59324330
v 4.42735945 6.11151800 -11.59324330
v 3.82817395 6.11151800 -11.59324280
v 3.22898895 6.11151800 -11.59324280
v 2.63980445 6.11151800 -11.59324280
v 2.61980345 6.11151800 -11.59324280
v 12.21676445 6.11151799 -11.59523980
v 2.70579795 6.11151967 -1.29790980
v 3.30498245 6.11151967 -1.29691180
v 3.90416720 6.11151967 -1.29790980
v 4.50335195 6.11151967 -1.29591380
v 5.10253695 6.11151967 -1.29790980
v 5.70172195 6.11151967 -1.29691180
v 6.30090720 6.11151967 -1.29691105
v 6.90009220 6.11151967 -1.29890755
v 7.49927795 6.11151967 -1.29890780
v 8.09846245 6.11151967 -1.29691180
v 8.69764745 6.11151967 -1.29591380
v 9.29683245 6.11151967 -1.29691155
v 9.89601820 6.11151967 -1.29790930
v 10.49520295 6.11151967 -1.29591380
v 11.09438820 6.11151967 -1.29691155
v 11.69357270 6.11151967 -1.29790880
v 12.29275795 6.11151967 -1.29591280
v 12.30275695 6.11151967 -1.29990480
v 12.41820195 6.11151952 -2.24323630
v 12.41820195 6.11151942 -2.84242080
v 12.41820195 6.11151932 -3.44160580
v 12.41820195 6.11151923 -4.04079080
v 12.41620595 6.11151913 -4.63997580
v 12.41620645 6.11151903 -5.23916080
v 12.41620645 6.11151893 -5.83834580
v 12.41620645 6.11151883 -6.43753080
v 12.41620645 6.11151874 -7.03671580
v 12.41620645 6.11151864 -7.63590080
v 12.41620645 6.11151854 -8.23508580
v 12.41620645 6.11151844 -8.83427080
v 12.41620645 6.11151835 -9.43345530
v 12.41620645 6.11151825 -10.03264030
v 12.41620745 6.11151815 -10.63182580
v 12.41620745 6.11151805 -11.23101080
v 12.41620595 6.11151962 -1.64405130
v 7.48927795 6.14091467 -1.29990580
v 8.08846295 6.14091542 -1.29990580
v 8.08846295 7.98134297 -5.59416810
v 6.91009195 7.97760197 -5.58543910
v 8.10846295 7.98140598 -5.56893110
v 6.89009295 7.97753797 -5.58529010
v 6.31090695 7.83496203 -5.25261808
v 8.08846295 7.98134198 -5.56878310
v 7.50927795 7.97950397 -5.58987710
v 6.91009195 7.97760198 -5.56005310
v 6.89009295 7.97753798 -5.55990510
v 8.10846195 7.98140597 -5.59431610
v 8.27498695 7.98193497 -5.59554910
v 8.70764795 7.69358909 -4.89736706
v 7.50927695 7.69358809 -4.89736706
v 8.10846295 7.69358908 -4.92275206
v 6.29090695 7.69358809 -4.89736506
v 6.89009295 7.69358808 -4.92275006
v 7.50927795 7.69358808 -4.92275106
v 8.92594095 7.69358908 -4.92275206
v 6.31090695 7.69358808 -4.92275006
v 8.10846295 7.69358909 -4.89736706
v 8.68764695 7.69358908 -4.92275206
v 6.89009195 7.69358809 -4.89736506
v 7.48927795 7.69358808 -4.92275106
v 6.31090695 7.69358809 -4.89736506
v 6.91009195 7.69358808 -4.92275106
v 8.68764695 7.69358909 -4.89736706
v 7.48927795 7.69358809 -4.89736606
v 8.08846295 7.69358808 -4.92275206
v 8.70764795 7.69358908 -4.92275206
v 7.09805195 7.97819897 -5.58683110
v 5.71172195 7.56950513 -4.63322904
v 6.91009195 7.69358809 -4.89736506
v 6.29090695 7.69358808 -4.92275006
v 8.08846295 7.69358909 -4.89736706
v -0.73880005 2.88629901 0.75359173
v -0.73880005 2.88629718 -10.47640927
v 9.81119995 2.88629901 0.75359173
v -0.73880005 3.04893301 0.75359170
v -0.73880005 3.04893118 -10.47640930
v 9.81119995 3.04893301 0.75359170
v -0.73880005 3.04893252 -2.21057530
v -0.73880005 2.88629852 -2.21057527
v 3.51128295 2.88629718 -10.47640927
v 3.51128295 3.04893301 0.75359170
v 3.51128295 2.88629901 0.75359173
v 9.81119995 2.88629852 -2.21057527
v 3.51128295 3.04893118 -10.47640930
f 3085 3152 3155
f 3085 3155 3100
f 3073 3172 3178
f 3073 3178 3072
f 3189 3071 3074
f 3189 3074 3184
f 3080 3193 3171
f 3080 3171 3079
f 3175 3086 3089
f 3175 3089 3170
f 3150 3110 3099
f 3150 3099 3149
f 3169 3095 3098
f 3169 3098 3192
f 3191 3103 3106
f 3191 3106 3186
f 3092 3136 3139
f 3092 3139 3102
f 3146 3094 3083
f 3146 3083 3145
f 3337 3119 3122
f 3337 3122 3324
f 3335 3125 3127
f 3335 3127 3316
f 3130 3128 3331
f 3130 3331 3219
f 3134 3216 3340
f 3134 3340 3133
f 3134 3132 3323
f 3134 3323 3216
f 3138 3282 3339
f 3138 3339 3137
f 3138 3136 3092
f 3138 3092 3282
f 3109 3141 3143
f 3109 3143 3118
f 3146 3144 3124
f 3146 3124 3094
f 3124 3144 3147
f 3124 3147 3070
f 3150 3148 3075
f 3150 3075 3110
f 3075 3148 3151
f 3075 3151 3084
f 3154 3067 3111
f 3154 3111 3153
f 3154 3152 3085
f 3154 3085 3067
f 3158 3076 3068
f 3158 3068 3157
f 3158 3156 3101
f 3158 3101 3076
f 3101 3156 3159
f 3101 3159 3116
f 3162 3090 3077
f 3162 3077 3161
f 3162 3160 3117
f 3162 3117 3090
f 3117 3160 3163
f 3117 3163 3069
f 3165 3093 3107
f 3183 3065 3166
f 3097 3181 3187
f 3097 3187 3096
f 3182 3078 3081
f 3182 3081 3177
f 3073 3071 3189
f 3073 3189 3172
f 3105 3174 3180
f 3105 3180 3104
f 3080 3078 3182
f 3080 3182 3193
f 3088 3086 3175
f 3088 3175 3188
f 3121 3315 3167
f 3121 3167 3120
f 3097 3095 3169
f 3097 3169 3181
f 3185 3112 3115
f 3185 3115 3179
f 3105 3103 3191
f 3105 3191 3174
f 3166 3065 3066
f 3166 3066 3190
f 3121 3119 3337
f 3121 3337 3315
f 3165 3107 3091
f 3165 3091 3164
f 3201 3205 3228
f 3201 3228 3225
f 3213 3195 3220
f 3213 3220 3217
f 3197 3200 3224
f 3197 3224 3221
f 3231 3198 3207
f 3231 3207 3229
f 3207 3211 3232
f 3207 3232 3229
f 3235 3234 3199
f 3235 3199 3202
f 3235 3202 3212
f 3235 3212 3233
f 3212 3194 3236
f 3212 3236 3233
f 3238 3208 3204
f 3238 3237 3203
f 3238 3203 3208
f 3088 3188 3176
f 3088 3176 3087
f 3114 3168 3173
f 3114 3173 3113
f 3123 3218 3215
f 3123 3215 3126
f 3324 3122 3126
f 3324 3126 3215
f 3123 3125 3335
f 3123 3335 3218
f 3316 3127 3129
f 3316 3129 3468
f 3281 3131 3133
f 3281 3133 3340
f 3276 3135 3137
f 3276 3137 3339
f 3140 3082 3108
f 3140 3108 3142
f 3102 3139 3142
f 3102 3142 3108
f 3140 3141 3109
f 3140 3109 3082
f 3118 3143 3145
f 3118 3145 3083
f 3070 3147 3149
f 3070 3149 3099
f 3084 3151 3153
f 3084 3153 3111
f 3100 3155 3157
f 3100 3157 3068
f 3116 3159 3161
f 3116 3161 3077
f 3069 3163 3164
f 3069 3164 3091
f 3186 3106 3113
f 3186 3113 3173
f 3179 3115 3120
f 3179 3120 3167
f 3190 3066 3072
f 3190 3072 3178
f 3184 3074 3079
f 3184 3079 3171
f 3177 3081 3087
f 3177 3087 3176
f 3114 3112 3185
f 3114 3185 3168
f 3170 3089 3096
f 3170 3096 3187
f 3192 3098 3104
f 3192 3104 3180
f 3223 3222 3196
f 3223 3196 3209
f 3195 3196 3222
f 3195 3222 3220
f 3227 3226 3210
f 3227 3210 3214
f 3223 3209 3197
f 3223 3197 3221
f 3200 3210 3226
f 3200 3226 3224
f 3231 3230 3206
f 3231 3206 3198
f 3227 3214 3201
f 3227 3201 3225
f 3205 3206 3230
f 3205 3230 3228
f 3211 3199 3234
f 3211 3234 3232
f 3194 3203 3237
f 3194 3237 3236
f 3371 3244 3245
f 3371 3245 3366
f 3370 3247 3250
f 3370 3250 3364
f 3369 3252 3253
f 3369 3253 3362
f 3367 3255 3258
f 3367 3258 3361
f 3540 3260 3261
f 3540 3261 3526
f 3363 3535 3541
f 3363 3541 3359
f 3549 3267 3269
f 3549 3269 3537
f 3531 3271 3273
f 3531 3273 3538
f 3338 3291 3294
f 3338 3294 3332
f 3311 3317 3343
f 3311 3343 3309
f 3336 3296 3298
f 3336 3298 3329
f 3334 3300 3302
f 3334 3302 3328
f 3333 3304 3306
f 3333 3306 3327
f 3330 3308 3310
f 3330 3310 3326
f 3332 3294 3293
f 3332 3293 3314
f 3539 3277 3279
f 3539 3279 3545
f 3329 3298 3297
f 3329 3297 3313
f 3323 3132 3135
f 3323 3135 3276
f 3326 3310 3309
f 3326 3309 3343
f 3259 3532 3347
f 3259 3347 3257
f 3364 3250 3249
f 3364 3249 3349
f 3372 3239 3242
f 3372 3242 3368
f 3361 3258 3257
f 3361 3257 3347
f 3241 3239 3372
f 3241 3372 3358
f 3368 3242 3240
f 3368 3240 3351
f 3241 3358 3348
f 3377 3374 3408
f 3377 3408 3413
f 3429 3424 3380
f 3429 3380 3378
f 3428 3422 3384
f 3428 3384 3381
f 3427 3420 3388
f 3427 3388 3386
f 3425 3419 3392
f 3425 3392 3390
f 3423 3418 3396
f 3423 3396 3394
f 3421 3417 3400
f 3421 3400 3398
f 3393 3391 3405
f 3393 3405 3411
f 3422 3407 3382
f 3422 3382 3384
f 3397 3395 3404
f 3397 3404 3410
f 3420 3406 3387
f 3420 3387 3388
f 3430 3426 3376
f 3430 3376 3373
f 3401 3399 3402
f 3401 3402 3409
f 3419 3405 3391
f 3419 3391 3392
f 3375 3416 3430
f 3375 3430 3373
f 3418 3404 3395
f 3418 3395 3396
f 3417 3402 3399
f 3417 3399 3400
f 3383 3415 3428
f 3383 3428 3381
f 3426 3408 3374
f 3426 3374 3376
f 3389 3387 3406
f 3389 3406 3412
f 3243 3357 3351
f 3243 3351 3240
f 3246 3354 3350
f 3246 3350 3248
f 3251 3356 3349
f 3251 3349 3249
f 3270 3529 3551
f 3270 3551 3272
f 3274 3533 3525
f 3274 3525 3278
f 3295 3322 3314
f 3295 3314 3293
f 3299 3320 3313
f 3299 3313 3297
f 3303 3319 3342
f 3303 3342 3301
f 3307 3318 3341
f 3307 3341 3305
f 3130 3219 3468
f 3130 3468 3129
f 3295 3296 3336
f 3295 3336 3322
f 3299 3300 3334
f 3299 3334 3320
f 3303 3304 3333
f 3303 3333 3319
f 3267 3325 3275
f 3307 3308 3330
f 3307 3330 3318
f 3311 3321 3317
f 3328 3302 3301
f 3328 3301 3342
f 3331 3128 3131
f 3331 3131 3281
f 3327 3306 3305
f 3327 3305 3341
f 3325 3267 3549
f 3325 3549 3312
f 3532 3540 3365
f 3544 3535 3363
f 3544 3363 3353
f 3544 3353 3344
f 3544 3344 3523
f 3362 3253 3256
f 3362 3256 3345
f 3546 3312 3352
f 3266 3546 3527
f 3266 3527 3268
f 3360 3526 3523
f 3360 3523 3344
f 3254 3355 3345
f 3254 3345 3256
f 3243 3244 3371
f 3243 3371 3357
f 3359 3541 3527
f 3359 3527 3346
f 3246 3247 3370
f 3246 3370 3354
f 3251 3252 3369
f 3251 3369 3356
f 3254 3255 3367
f 3254 3367 3355
f 3366 3245 3248
f 3366 3248 3350
f 3383 3379 3403
f 3383 3403 3415
f 3385 3382 3407
f 3385 3407 3414
f 3393 3411 3423
f 3393 3423 3394
f 3397 3410 3421
f 3397 3421 3398
f 3401 3409 3467
f 3377 3413 3429
f 3377 3429 3378
f 3385 3414 3427
f 3385 3427 3386
f 3389 3412 3425
f 3389 3425 3390
f 3424 3403 3379
f 3424 3379 3380
f 3150 3149 3455
f 3150 3455 3458
f 3297 3298 3503
f 3130 3129 3446
f 3130 3446 3448
f 3122 3119 3443
f 3300 3299 3504
f 3300 3504 3505
f 3242 3239 3477
f 3286 3288 3497
f 3286 3497 3498
f 3088 3087 3433
f 3088 3433 3436
f 3220 3222 3470
f 3325 3266 3491
f 3325 3491 3275
f 3141 3140 3453
f 3141 3453 3454
f 3384 3382 3514
f 3376 3374 3510
f 3154 3153 3457
f 3154 3457 3460
f 3144 3146 3456
f 3144 3456 3455
f 3302 3300 3505
f 3138 3137 3449
f 3138 3449 3452
f 3293 3294 3501
f 3257 3258 3487
f 3321 3311 3509
f 3103 3105 3440
f 3103 3440 3439
f 3232 3234 3476
f 3268 3265 3491
f 3074 3071 3431
f 3072 3066 3465
f 3221 3224 3472
f 3221 3472 3469
f 3387 3389 3516
f 3158 3157 3459
f 3158 3459 3462
f 3148 3150 3458
f 3148 3458 3457
f 3298 3296 3503
f 3128 3130 3448
f 3128 3448 3447
f 3385 3386 3515
f 3385 3515 3514
f 3261 3260 3489
f 3288 3285 3497
f 3086 3088 3436
f 3086 3436 3435
f 3255 3254 3486
f 3255 3486 3487
f 3149 3147 3455
f 3129 3127 3446
f 3096 3089 3435
f 3391 3393 3518
f 3383 3381 3512
f 3383 3512 3513
f 3375 3373 3510
f 3162 3161 3461
f 3162 3461 3464
f 3152 3154 3460
f 3152 3460 3459
f 3147 3144 3455
f 3136 3138 3452
f 3136 3452 3451
f 3294 3291 3501
f 3269 3267 3275
f 3258 3255 3487
f 3106 3103 3439
f 3236 3237 3466
f 3280 3284 3495
f 3280 3495 3496
f 3263 3262 3490
f 3263 3490 3491
f 3247 3246 3482
f 3247 3482 3483
f 3140 3142 3451
f 3140 3451 3453
f 3120 3115 3441
f 3079 3074 3431
f 3395 3397 3520
f 3388 3387 3516
f 3380 3379 3513
f 3165 3164 3463
f 3156 3158 3462
f 3156 3462 3461
f 3151 3148 3457
f 3311 3309 3509
f 3289 3287 3499
f 3131 3128 3447
f 3389 3390 3517
f 3389 3517 3516
f 3114 3113 3439
f 3114 3439 3442
f 3283 3280 3496
f 3283 3496 3497
f 3089 3086 3435
f 3080 3079 3431
f 3080 3431 3434
f 3262 3264 3489
f 3262 3489 3490
f 3153 3151 3457
f 3125 3123 3445
f 3125 3445 3446
f 3399 3401 3522
f 3392 3391 3518
f 3217 3220 3470
f 3381 3384 3514
f 3381 3514 3512
f 3373 3376 3510
f 3160 3162 3464
f 3160 3464 3463
f 3155 3152 3459
f 3139 3136 3451
f 3291 3290 3500
f 3291 3500 3501
f 3097 3096 3435
f 3097 3435 3438
f 3243 3240 3477
f 3243 3477 3480
f 3284 3279 3495
f 3142 3139 3451
f 3234 3235 3476
f 3396 3395 3520
f 3386 3388 3516
f 3386 3516 3515
f 3378 3380 3513
f 3378 3513 3511
f 3159 3156 3461
f 3309 3310 3509
f 3143 3141 3454
f 3393 3394 3519
f 3393 3519 3518
f 3112 3114 3442
f 3112 3442 3441
f 3253 3252 3485
f 3304 3303 3506
f 3304 3506 3507
f 3224 3226 3472
f 3274 3278 3493
f 3274 3493 3494
f 3078 3080 3434
f 3078 3434 3433
f 3264 3261 3489
f 3157 3155 3459
f 3104 3098 3437
f 3237 3238 3466
f 3400 3399 3522
f 3230 3231 3474
f 3390 3392 3518
f 3390 3518 3517
f 3163 3160 3463
f 3307 3305 3507
f 3307 3507 3508
f 3134 3133 3447
f 3134 3447 3450
f 3379 3383 3513
f 3251 3249 3483
f 3251 3483 3484
f 3095 3097 3438
f 3095 3438 3437
f 3240 3242 3477
f 3277 3274 3494
f 3277 3494 3495
f 3254 3256 3485
f 3254 3485 3486
f 3065 3183 3465
f 3123 3126 3443
f 3123 3443 3445
f 3235 3233 3475
f 3235 3475 3476
f 3394 3396 3520
f 3394 3520 3519
f 3226 3227 3472
f 3310 3308 3509
f 3397 3398 3521
f 3397 3521 3520
f 3265 3263 3491
f 3115 3112 3441
f 3290 3292 3499
f 3290 3499 3500
f 3278 3273 3493
f 3081 3078 3433
f 3260 3259 3488
f 3260 3488 3489
f 3161 3159 3461
f 3246 3248 3481
f 3246 3481 3482
f 3133 3131 3447
f 3398 3400 3522
f 3398 3522 3521
f 3231 3229 3473
f 3231 3473 3474
f 3305 3306 3507
f 3132 3134 3450
f 3132 3450 3449
f 3377 3378 3511
f 3377 3511 3510
f 3121 3120 3441
f 3121 3441 3444
f 3249 3250 3483
f 3296 3295 3502
f 3296 3502 3503
f 3098 3095 3437
f 3241 3348 3478
f 3241 3478 3479
f 3270 3272 3275
f 3270 3275 3492
f 3256 3253 3485
f 3066 3065 3465
f 3126 3122 3443
f 3087 3081 3433
f 3233 3236 3466
f 3233 3466 3475
f 3227 3225 3471
f 3227 3471 3472
f 3303 3301 3505
f 3303 3505 3506
f 3401 3467 3522
f 3292 3289 3499
f 3228 3230 3474
f 3271 3270 3492
f 3271 3492 3493
f 3073 3072 3465
f 3073 3465 3432
f 3164 3163 3463
f 3248 3245 3481
f 3113 3106 3439
f 3229 3232 3476
f 3229 3476 3473
f 3222 3223 3470
f 3306 3304 3507
f 3299 3297 3503
f 3299 3503 3504
f 3135 3132 3449
f 3285 3283 3497
f 3273 3271 3493
f 3119 3121 3444
f 3119 3444 3443
f 3250 3247 3483
f 3239 3241 3479
f 3239 3479 3477
f 3272 3269 3275
f 3252 3251 3484
f 3252 3484 3485
f 3145 3143 3454
f 3225 3228 3474
f 3225 3474 3471
f 3382 3385 3514
f 3374 3377 3510
f 3093 3165 3463
f 3146 3145 3454
f 3146 3454 3456
f 3301 3302 3505
f 3295 3293 3501
f 3295 3501 3502
f 3279 3277 3495
f 3127 3125 3446
f 3259 3257 3487
f 3259 3487 3488
f 3308 3307 3508
f 3308 3508 3509
f 3105 3104 3437
f 3105 3437 3440
f 3245 3244 3481
f 3287 3286 3498
f 3287 3498 3499
f 3266 3268 3491
f 3071 3073 3432
f 3071 3432 3431
f 3244 3243 3480
f 3244 3480 3481
f 3137 3135 3449
f 3238 3204 3466
f 3223 3221 3469
f 3223 3469 3470
f 3543 3217 3470
f 3535 3263 3265
f 3535 3265 3541
f 3262 3263 3535
f 3262 3535 3544
f 3274 3277 3539
f 3274 3539 3533
f 3290 3547 3550
f 3290 3550 3292
f 3528 3283 3285
f 3528 3285 3548
f 3526 3261 3264
f 3526 3264 3523
f 3286 3287 3524
f 3286 3524 3536
f 3286 3536 3542
f 3286 3542 3288
f 3290 3291 3338
f 3290 3338 3547
f 3538 3273 3278
f 3538 3278 3525
f 3266 3325 3312
f 3266 3312 3546
f 3280 3283 3528
f 3280 3528 3552
f 3530 3289 3292
f 3530 3292 3550
f 3541 3265 3268
f 3541 3268 3527
f 3262 3544 3523
f 3262 3523 3264
f 3548 3285 3288
f 3548 3288 3542
f 3524 3287 3289
f 3524 3289 3530
f 3365 3540 3526
f 3365 3526 3360
f 3543 3213 3217
f 3259 3260 3540
f 3259 3540 3532
f 3545 3279 3284
f 3545 3284 3534
f 3280 3552 3534
f 3280 3534 3284
f 3546 3352 3346
f 3546 3346 3527
f 3270 3271 3531
f 3270 3531 3529
f 3537 3269 3272
f 3537 3272 3551
f 3664 3553 3669
f 3554 3683 3666
f 3554 3666 3559
f 3685 3558 3559
f 3685 3559 3666
f 3562 3681 3663
f 3562 3663 3566
f 3682 3565 3566
f 3682 3566 3663
f 3570 3679 3660
f 3570 3660 3575
f 3680 3574 3575
f 3680 3575 3660
f 3678 3583 3584
f 3678 3584 3658
f 3665 3578 3583
f 3665 3583 3678
f 3572 3637 3639
f 3572 3639 3612
f 3676 3592 3593
f 3676 3593 3689
f 3662 3587 3592
f 3662 3592 3676
f 3597 3673 3687
f 3597 3687 3600
f 3674 3599 3600
f 3674 3600 3687
f 3555 3646 3647
f 3555 3647 3590
f 3604 3671 3686
f 3604 3686 3607
f 3672 3606 3607
f 3672 3607 3686
f 3670 3614 3615
f 3670 3615 3684
f 3688 3610 3614
f 3688 3614 3670
f 3618 3613 3624
f 3618 3624 3622
f 3623 3621 3622
f 3623 3622 3624
f 3619 3617 3621
f 3619 3621 3623
f 3564 3625 3627
f 3564 3627 3595
f 3567 3629 3631
f 3567 3631 3601
f 3642 3690 3585
f 3642 3585 3644
f 3582 3648 3650
f 3582 3650 3560
f 3586 3652 3655
f 3586 3655 3563
f 3605 3635 3636
f 3605 3636 3577
f 3668 3561 3565
f 3668 3565 3682
f 3576 3641 3643
f 3576 3643 3616
f 3560 3650 3651
f 3560 3651 3594
f 3588 3675 3689
f 3588 3689 3593
f 3612 3639 3640
f 3612 3640 3581
f 3669 3553 3558
f 3669 3558 3685
f 3611 3661 3684
f 3611 3684 3615
f 3653 3652 3586
f 3653 3586 3620
f 3595 3627 3628
f 3595 3628 3571
f 3634 3609 3577
f 3634 3577 3636
f 3657 3603 3606
f 3657 3606 3672
f 3579 3677 3658
f 3579 3658 3584
f 3580 3645 3646
f 3580 3646 3555
f 3563 3655 3656
f 3563 3656 3598
f 3568 3633 3635
f 3568 3635 3605
f 3667 3569 3574
f 3667 3574 3680
f 3616 3643 3644
f 3616 3644 3585
f 3659 3596 3599
f 3659 3599 3674
f 3601 3631 3632
f 3601 3632 3573
f 3642 3645 3580
f 3642 3580 3690
f 3554 3561 3668
f 3554 3668 3683
f 3562 3569 3667
f 3562 3667 3681
f 3626 3589 3571
f 3626 3571 3628
f 3570 3578 3665
f 3570 3665 3679
f 3630 3633 3568
f 3630 3568 3591
f 3579 3587 3662
f 3579 3662 3677
f 3588 3596 3659
f 3588 3659 3675
f 3597 3603 3657
f 3597 3657 3673
f 3604 3610 3688
f 3604 3688 3671
f 3611 3617 3619
f 3611 3619 3661
f 3630 3591 3573
f 3630 3573 3632
f 3638 3602 3581
f 3638 3581 3640
f 3649 3557 3590
f 3649 3590 3647
f 3653 3620 3594
f 3653 3594 3651
f 3654 3556 3598
f 3654 3598 3656
f 3649 3648 3582
f 3649 3582 3557
f 3634 3637 3572
f 3634 3572 3609
f 3618 3625 3564
f 3618 3564 3613
f 3638 3641 3576
f 3638 3576 3602
f 3626 3629 3567
f 3626 3567 3589
f 3654 3608 3556
f 3791 3691 3796
f 3812 3693 3694
f 3812 3694 3793
f 3796 3691 3693
f 3796 3693 3812
f 3809 3697 3698
f 3809 3698 3790
f 3700 3806 3788
f 3700 3788 3702
f 3807 3701 3702
f 3807 3702 3788
f 3805 3705 3706
f 3805 3706 3786
f 3803 3709 3710
f 3803 3710 3816
f 3789 3707 3709
f 3789 3709 3803
f 3712 3800 3814
f 3712 3814 3714
f 3801 3713 3714
f 3801 3714 3814
f 3716 3798 3813
f 3716 3813 3718
f 3799 3717 3718
f 3799 3718 3813
f 3797 3721 3722
f 3797 3722 3811
f 3815 3719 3721
f 3815 3721 3797
f 3728 3765 3768
f 3728 3768 3730
f 3771 3727 3729
f 3771 3729 3783
f 3774 3731 3733
f 3774 3733 3756
f 3780 3743 3744
f 3780 3744 3760
f 3782 3746 3748
f 3782 3748 3762
f 3784 3750 3752
f 3784 3752 3764
f 3760 3744 3745
f 3760 3745 3777
f 3776 3735 3737
f 3776 3737 3757
f 3783 3729 3730
f 3783 3730 3768
f 3758 3741 3742
f 3758 3742 3775
f 3764 3752 3753
f 3764 3753 3781
f 3757 3737 3738
f 3757 3738 3773
f 3762 3748 3749
f 3762 3749 3779
f 3778 3739 3741
f 3778 3741 3758
f 3756 3733 3734
f 3756 3734 3770
f 3696 3808 3790
f 3696 3790 3698
f 3708 3802 3816
f 3708 3816 3710
f 3720 3821 3811
f 3720 3811 3722
f 3792 3703 3705
f 3792 3705 3805
f 3692 3810 3793
f 3692 3793 3694
f 3785 3715 3717
f 3785 3717 3799
f 3704 3804 3786
f 3704 3786 3706
f 3794 3699 3701
f 3794 3701 3807
f 3787 3711 3713
f 3787 3713 3801
f 3795 3695 3697
f 3795 3697 3809
f 3820 3725 3726
f 3820 3726 3819
f 3724 3818 3819
f 3724 3819 3726
f 3817 3723 3725
f 3817 3725 3820
f 3692 3695 3795
f 3692 3795 3810
f 3696 3699 3794
f 3696 3794 3808
f 3700 3703 3792
f 3700 3792 3806
f 3704 3707 3789
f 3704 3789 3804
f 3708 3711 3787
f 3708 3787 3802
f 3712 3715 3785
f 3712 3785 3800
f 3716 3719 3815
f 3716 3815 3798
f 3732 3759 3770
f 3732 3770 3734
f 3751 3767 3779
f 3751 3779 3749
f 3755 3769 3781
f 3755 3781 3753
f 3754 4113 3772
f 3728 3731 3774
f 3728 3774 3765
f 3740 3743 3780
f 3740 3780 3763
f 3736 3761 3773
f 3736 3773 3738
f 3755 3754 3772
f 3755 3772 3769
f 3736 3739 3778
f 3736 3778 3761
f 3751 3750 3784
f 3751 3784 3767
f 3747 3766 3777
f 3747 3777 3745
f 3732 3735 3776
f 3732 3776 3759
f 3747 3746 3782
f 3747 3782 3766
f 3740 3763 3775
f 3740 3775 3742
f 3724 3727 3771
f 3724 3771 3818
f 3720 3723 3817
f 3720 3817 3821
f 3917 3822 3923
f 3937 3824 3825
f 3937 3825 3919
f 3923 3822 3824
f 3923 3824 3937
f 3934 3828 3829
f 3934 3829 3916
f 3831 3931 3914
f 3831 3914 3833
f 3932 3832 3833
f 3932 3833 3914
f 3930 3836 3837
f 3930 3837 3912
f 3928 3840 3841
f 3928 3841 3941
f 3915 3838 3840
f 3915 3840 3928
f 3843 4182 3939
f 3843 3939 3845
f 3926 3844 3845
f 3926 3845 3939
f 3847 4170 4175
f 3847 4175 3849
f 4166 3848 3849
f 4166 3849 4175
f 4173 3852 3853
f 4173 3853 4183
f 3940 4155 4160
f 3940 4160 3924
f 4161 3894 4154
f 3894 4152 4157
f 4172 3860 3862
f 4172 3862 4177
f 3907 3872 3873
f 3907 3873 3889
f 3909 3875 3877
f 3909 3877 3891
f 3910 3879 3881
f 3910 3881 3893
f 3889 3873 3874
f 3889 3874 3904
f 3903 3864 3866
f 3903 3866 3886
f 4185 3858 3859
f 4185 3859 4171
f 3887 3870 3871
f 3887 3871 3902
f 3893 3881 3882
f 3893 3882 3908
f 3886 3866 3867
f 3886 3867 3900
f 3891 3877 3878
f 3891 3878 3906
f 3905 3868 3870
f 3905 3870 3887
f 4177 3862 3863
f 4177 3863 4163
f 3827 3933 3916
f 3827 3916 3829
f 3839 3927 3941
f 3839 3941 3841
f 4153 3922 3936
f 4153 3936 4159
f 3918 3834 3836
f 3918 3836 3930
f 3823 3935 3919
f 3823 3919 3825
f 4184 3846 3848
f 4184 3848 4166
f 3835 3929 3912
f 3835 3912 3837
f 3920 3830 3832
f 3920 3832 3932
f 3913 3842 3844
f 3913 3844 3926
f 3921 3826 3828
f 3921 3828 3934
f 4178 3855 3856
f 4178 3856 4164
f 3854 4168 4164
f 3854 4164 3856
f 3823 3826 3921
f 3823 3921 3935
f 3827 3830 3920
f 3827 3920 3933
f 3831 3834 3918
f 3831 3918 3931
f 3835 3838 3915
f 3835 3915 3929
f 3839 3842 3913
f 3839 3913 3927
f 3843 3846 4184
f 3843 4184 4182
f 3847 3850 4167
f 3847 4167 4170
f 3861 4180 4163
f 3861 4163 3863
f 3880 3896 3906
f 3880 3906 3878
f 3884 3897 3908
f 3884 3908 3882
f 3883 4132 3899
f 3857 3860 4172
f 3857 4172 4165
f 3869 3872 3907
f 3869 3907 3892
f 3865 3890 3900
f 3865 3900 3867
f 3884 3883 3899
f 3884 3899 3897
f 3865 3868 3905
f 3865 3905 3890
f 3880 3879 3910
f 3880 3910 3896
f 3876 3895 3904
f 3876 3904 3874
f 3861 3864 3903
f 3861 3903 4169
f 3861 4169 4180
f 3876 3875 3909
f 3876 3909 3895
f 3869 3892 3902
f 3869 3902 3871
f 3854 4151 4168
f 3851 4150 4181
f 3851 4181 4176
f 4053 3942 4058
f 3943 4072 4055
f 3943 4055 3948
f 4074 3947 3948
f 4074 3948 4055
f 3951 4070 4052
f 3951 4052 3955
f 4071 3954 3955
f 4071 3955 4052
f 3959 4068 4049
f 3959 4049 3964
f 4069 3963 3964
f 4069 3964 4049
f 4067 3972 3973
f 4067 3973 4047
f 4054 3967 3972
f 4054 3972 4067
f 3961 4026 4028
f 3961 4028 4001
f 4065 3981 3982
f 4065 3982 4078
f 4051 3976 3981
f 4051 3981 4065
f 3986 4062 4076
f 3986 4076 3989
f 4063 3988 3989
f 4063 3989 4076
f 3944 4035 4036
f 3944 4036 3979
f 3993 4060 4075
f 3993 4075 3996
f 4061 3995 3996
f 4061 3996 4075
f 4059 4003 4004
f 4059 4004 4073
f 4077 3999 4003
f 4077 4003 4059
f 4007 4002 4013
f 4007 4013 4011
f 4012 4010 4011
f 4012 4011 4013
f 4008 4006 4010
f 4008 4010 4012
f 3953 4014 4016
f 3953 4016 3984
f 3956 4018 4020
f 3956 4020 3990
f 4031 4079 3974
f 4031 3974 4033
f 3971 4037 4039
f 3971 4039 3949
f 3975 4041 4044
f 3975 4044 3952
f 3994 4024 4025
f 3994 4025 3966
f 4057 3950 3954
f 4057 3954 4071
f 3965 4030 4032
f 3965 4032 4005
f 3949 4039 4040
f 3949 4040 3983
f 3977 4064 4078
f 3977 4078 3982
f 4001 4028 4029
f 4001 4029 3970
f 4058 3942 3947
f 4058 3947 4074
f 4000 4050 4073
f 4000 4073 4004
f 4042 4041 3975
f 4042 3975 4009
f 3984 4016 4017
f 3984 4017 3960
f 4023 3998 3966
f 4023 3966 4025
f 4046 3992 3995
f 4046 3995 4061
f 3968 4066 4047
f 3968 4047 3973
f 3969 4034 4035
f 3969 4035 3944
f 3952 4044 4045
f 3952 4045 3987
f 3957 4022 4024
f 3957 4024 3994
f 4056 3958 3963
f 4056 3963 4069
f 4005 4032 4033
f 4005 4033 3974
f 4048 3985 3988
f 4048 3988 4063
f 3990 4020 4021
f 3990 4021 3962
f 4031 4034 3969
f 4031 3969 4079
f 3943 3950 4057
f 3943 4057 4072
f 3951 3958 4056
f 3951 4056 4070
f 4015 3978 3960
f 4015 3960 4017
f 3959 3967 4054
f 3959 4054 4068
f 4019 4022 3957
f 4019 3957 3980
f 3968 3976 4051
f 3968 4051 4066
f 3977 3985 4048
f 3977 4048 4064
f 3986 3992 4046
f 3986 4046 4062
f 3993 3999 4077
f 3993 4077 4060
f 4000 4006 4008
f 4000 4008 4050
f 4019 3980 3962
f 4019 3962 4021
f 4027 3991 3970
f 4027 3970 4029
f 4038 3946 3979
f 4038 3979 4036
f 4042 4009 3983
f 4042 3983 4040
f 4043 3945 3987
f 4043 3987 4045
f 4038 4037 3971
f 4038 3971 3946
f 4023 4026 3961
f 4023 3961 3998
f 4007 4014 3953
f 4007 3953 4002
f 4027 4030 3965
f 4027 3965 3991
f 4015 4018 3956
f 4015 3956 3978
f 4043 3997 3945
f 3723 3720 4103
f 3723 4103 4104
f 3599 3596 4084
f 3578 3570 4081
f 3578 4081 4082
f 3955 3954 4133
f 3637 3634 4090
f 3637 4090 4091
f 3749 3748 4110
f 3823 3825 4115
f 3833 3832 4117
f 3701 3699 4098
f 3691 3791 4114
f 3996 3995 4138
f 4014 4007 4140
f 4014 4140 4141
f 3558 3553 4096
f 3708 3710 4100
f 3850 3847 4121
f 3850 4121 4122
f 3997 4043 4148
f 3718 3717 4102
f 3880 3878 4129
f 3584 3583 4082
f 3727 3724 4104
f 3727 4104 4105
f 3588 3593 4083
f 3755 3753 4111
f 3587 3579 4082
f 3587 4082 4083
f 3742 3741 4108
f 4040 4039 4147
f 3748 3746 4110
f 3824 3822 4115
f 3622 3621 4087
f 3831 3833 4117
f 3841 3840 4119
f 3958 3951 4133
f 3958 4133 4134
f 3709 3707 4100
f 4150 3851 4122
f 3716 3718 4102
f 4017 4016 4141
f 3726 3725 4104
f 3731 3728 4105
f 3731 4105 4106
f 4025 4024 4143
f 3592 3587 4083
f 3734 3733 4106
f 3878 3877 4129
f 4033 4032 4145
f 3596 3588 4083
f 3596 4083 4084
f 3740 3742 4108
f 3951 3955 4133
f 4039 4037 4147
f 3641 3638 4091
f 3641 4091 4092
f 3750 3751 4110
f 3750 4110 4111
f 3832 3830 4117
f 3822 3917 4115
f 3632 3631 4089
f 3839 3841 4119
f 3989 3988 4137
f 3640 3639 4091
f 3849 3848 4121
f 3993 3996 4138
f 4018 4015 4141
f 4018 4141 4142
f 3647 3646 4093
f 4151 3854 4123
f 3656 3655 4095
f 3717 3715 4102
f 3884 3882 4130
f 4015 4017 4141
f 3579 3584 4082
f 3724 3726 4104
f 3871 3870 4127
f 4023 4025 4143
f 3732 3734 4106
f 3877 3875 4129
f 3948 3947 4149
f 4031 4033 4145
f 3603 3597 4084
f 3603 4084 4085
f 3741 3739 4108
f 3954 3950 4133
f 4041 4042 4147
f 4041 4147 4148
f 3645 3642 4092
f 3645 4092 4093
f 3618 3622 4087
f 3630 3632 4089
f 3840 3838 4119
f 3638 3640 4091
f 3847 3849 4121
f 3995 3992 4138
f 3646 3645 4093
f 3856 3855 4123
f 3860 3857 4124
f 3860 4124 4125
f 3654 3656 4095
f 3863 3862 4125
f 4016 4014 4141
f 3583 3578 4082
f 3725 3723 4104
f 3735 3732 4106
f 3735 4106 4107
f 3869 3871 4127
f 4024 4022 4143
f 3733 3731 4106
f 3879 3880 4129
f 3879 4129 4130
f 4032 4030 4145
f 3621 3617 4087
f 3982 3981 4136
f 3631 3629 4089
f 3698 3697 4097
f 3986 3989 4137
f 3639 3637 4091
f 3848 3846 4121
f 4022 4019 4142
f 4022 4142 4143
f 3648 3649 4093
f 3648 4093 4094
f 3854 3856 4123
f 3575 3574 4081
f 3655 3652 4095
f 3861 3863 4125
f 3883 4131 4132
f 3870 3868 4127
f 3943 3948 4149
f 3610 3604 4085
f 3610 4085 4086
f 3615 3614 4086
f 3649 3647 4093
f 3696 3698 4097
f 3988 3985 4137
f 3967 3959 4134
f 3967 4134 4135
f 3706 3705 4099
f 4026 4023 4143
f 4026 4143 4144
f 3855 4150 4123
f 3864 3861 4125
f 3864 4125 4126
f 3570 3575 4081
f 3553 3664 4096
f 3695 3692 4114
f 3695 4114 4097
f 3862 3860 4125
f 3739 3736 4107
f 3739 4107 4108
f 3947 3942 4149
f 3611 3615 4086
f 3653 3651 4094
f 3753 3752 4111
f 3829 3828 4116
f 3973 3972 4135
f 3977 3982 4136
f 3697 3695 4097
f 3976 3968 4135
f 3976 4135 4136
f 3704 3706 4099
f 3714 3713 4101
f 4011 4010 4140
f 3574 3569 4081
f 3699 3696 4097
f 3699 4097 4098
f 3561 3554 4096
f 3561 4096 4080
f 3617 3611 4086
f 3617 4086 4087
f 3745 3744 4109
f 3614 3610 4086
f 3752 3750 4111
f 3827 3829 4116
f 3837 3836 4118
f 3981 3976 4136
f 3985 3977 4136
f 3985 4136 4137
f 3705 3703 4099
f 3826 3823 4115
f 3826 4115 4116
f 4030 4027 4144
f 4030 4144 4145
f 3566 3565 4080
f 3712 3714 4101
f 3868 3865 4126
f 3868 4126 4127
f 3722 3721 4103
f 3703 3700 4098
f 3703 4098 4099
f 4021 4020 4142
f 3743 3740 4108
f 3743 4108 4109
f 4029 4028 4144
f 3738 3737 4107
f 3882 3881 4130
f 4036 4035 4146
f 3607 3606 4085
f 3625 3618 4087
f 3625 4087 4088
f 3744 3743 4109
f 4045 4044 4148
f 3608 3654 4095
f 3754 3755 4111
f 3754 4111 4112
f 3828 3826 4116
f 3968 3973 4135
f 3835 3837 4118
f 3845 3844 4120
f 3992 3986 4137
f 3992 4137 4138
f 3830 3827 4116
f 3830 4116 4117
f 4034 4031 4145
f 4034 4145 4146
f 3651 3650 4094
f 3713 3711 4101
f 4007 4011 4140
f 3720 3722 4103
f 3707 3704 4099
f 3707 4099 4100
f 4019 4021 4142
f 3730 3729 4105
f 3874 3873 4128
f 4027 4029 4144
f 3569 3562 4080
f 3569 4080 4081
f 3736 3738 4107
f 3881 3879 4130
f 4035 4034 4146
f 3746 3747 4109
f 3746 4109 4110
f 4043 4045 4148
f 3972 3967 4135
f 3628 3627 4088
f 3836 3834 4118
f 3636 3635 4090
f 3843 3845 4120
f 3644 3643 4092
f 3853 3852 4122
f 3834 3831 4117
f 3834 4117 4118
f 3562 3566 4080
f 3650 3648 4094
f 3872 3869 4127
f 3872 4127 4128
f 4010 4006 4140
f 3721 3719 4103
f 3711 3708 4100
f 3711 4100 4101
f 3867 3866 4126
f 4020 4018 4142
f 3728 3730 4105
f 3747 3745 4109
f 3873 3872 4128
f 4028 4026 4144
f 3600 3599 4084
f 3737 3735 4107
f 3883 3884 4130
f 3883 4130 4131
f 4037 4038 4146
f 4037 4146 4147
f 3604 3607 4085
f 3629 3626 4088
f 3629 4088 4089
f 3964 3963 4134
f 4044 4041 4148
f 3626 3628 4088
f 3694 3693 4114
f 3634 3636 4090
f 3844 3842 4120
f 3999 3993 4138
f 3999 4138 4139
f 3559 3558 4096
f 3642 3644 4092
f 3851 3853 4122
f 3838 3835 4118
f 3838 4118 4119
f 4004 4003 4139
f 4038 4036 4146
f 3565 3561 4080
f 3652 3653 4094
f 3652 4094 4095
f 3859 3858 4124
f 3715 3712 4101
f 3715 4101 4102
f 3865 3867 4126
f 3729 3727 4105
f 3875 3876 4128
f 3875 4128 4129
f 3606 3603 4085
f 3959 3964 4134
f 3942 4053 4149
f 3627 3625 4088
f 3692 3694 4114
f 3635 3633 4090
f 3702 3701 4098
f 3643 3641 4092
f 3852 3850 4122
f 3842 3839 4119
f 3842 4119 4120
f 4000 4004 4139
f 4042 4040 4147
f 3857 3859 4124
f 3876 3874 4128
f 3719 3716 4102
f 3719 4102 4103
f 3866 3864 4126
f 3593 3592 4083
f 3751 3749 4110
f 3597 3600 4084
f 3633 3630 4089
f 3633 4089 4090
f 3825 3824 4115
f 3963 3958 4134
f 3754 4112 4113
f 3693 3691 4114
f 3950 3943 4149
f 3950 4149 4133
f 3700 3702 4098
f 4006 4000 4139
f 4006 4139 4140
f 3554 3559 4096
f 3710 3709 4100
f 3846 3843 4120
f 3846 4120 4121
f 4003 3999 4139
f 3858 4151 4124
f 4150 4122 4123
f 4150 4174 4181
f 4151 4179 4168
f 4151 4123 4124
f 4158 4152 3894
f 3857 4165 4171
f 3857 4171 3859
f 4156 4155 3940
f 4155 4167 4173
f 4155 4173 4160
f 4161 4162 3894
f 4153 4181 3922
f 3924 4160 4159
f 3924 4159 3936
f 3894 4157 4154
f 4152 4179 4185
f 4152 4185 4157
f 3851 4176 4183
f 3851 4183 3853
f 4180 3888 3898
f 4180 3898 4163
f 4168 4179 4152
f 4168 4152 4158
f 4167 3850 3852
f 4167 3852 4173
f 4180 4169 3888
f 4170 4167 4155
f 4170 4155 4156
f 4182 4184 3911
f 4165 4172 3901
f 4165 3901 4162
f 4165 4162 4161
f 4176 4181 4153
f 4160 4173 4183
f 4160 4183 4159
f 4157 4185 4171
f 4157 4171 4154
f 4176 4153 4159
f 4176 4159 4183
f 3911 4184 4166
f 3911 4166 3925
f 3885 4177 4163
f 3885 4163 3898
f 3925 4166 4175
f 3925 4175 3938
f 4165 4161 4154
f 4165 4154 4171
f 4179 4151 3858
f 4179 3858 4185
f 4170 4156 3938
f 4170 3938 4175
f 3901 4172 4177
f 3901 4177 3885
f 4174 4150 3855
f 4174 3855 4178
f 4192 4190 4187
f 4192 4187 4193
f 4197 4191 4188
f 4195 4189 4186
f 4195 4186 4196
f 4198 4190 4192
f 4189 4192 4193
f 4189 4193 4186
f 4196 4197 4188
f 4195 4198 4192
f 4195 4192 4189
f 4190 4198 4194
f 4190 4194 4187
f 4191 4195 4196
f 4191 4196 4188
f 4193 4187 4194
f 4193 4194 4197
f 4186 4193 4197
f 4186 4197 4196
f 4191 4197 4198
f 4191 4198 4195

o ridge
v 9.82465195 3.06420997 0.80216418
v 9.81715095 3.04923297 0.80949818
v 9.84736695 3.04922096 0.77730218
v 9.84051295 3.06421397 0.78528218
v 6.62047195 4.41679247 -2.27438804
v 6.68406195 4.40250247 -2.27438804
v 6.63599395 4.42858247 -2.27438705
v 6.66859895 4.42123947 -2.27438805
v -0.78695805 3.06074597 0.78360618
v -0.79403305 3.04576896 0.77586218
v -0.76287905 3.04575697 0.80715018
v -0.77062305 3.06075097 0.80002918
v 3.54501595 4.90578728 -3.42758812
v 3.54501495 4.89241829 -3.36611812
v 3.54501495 4.91782728 -3.41243813
v 3.54501495 4.91100429 -3.38118413
v -0.76978205 3.06321012 -10.51397782
v -0.76226805 3.04823312 -10.52129682
v -0.79254605 3.04822113 -10.48915882
v -0.78567805 3.06321513 -10.49712782
v 3.64246695 4.95501282 -6.23880413
v 3.65032295 4.93982582 -6.24638413
v 3.62004395 4.93981283 -6.21424713
v 3.62711495 4.95497982 -6.22249913
v 12.44170495 6.15502395 -11.59318833
v 12.44904395 6.14004495 -11.58568933
v 12.41682395 6.14003195 -11.61589533
v 12.42481095 6.15502795 -11.60904533
v 7.56335495 8.32016177 -6.52925668
v 7.57095695 8.30497277 -6.52141768
v 7.53873595 8.30495977 -6.55162268
v 7.54700895 8.32012877 -6.54457268
v 2.49843895 6.15501995 -11.61014133
v 2.50619795 6.14004294 -11.61720233
v 2.47484695 6.14002995 -11.58611133
v 2.48198195 6.15502395 -11.59384133
v 7.38137295 8.32015677 -6.55062768
v 7.38948195 8.30496977 -6.55793668
v 7.35813095 8.30495577 -6.52684468
v 7.36547595 8.32012477 -6.53485268
v 2.48492495 6.15502863 -1.29403033
v 2.47757895 6.14004963 -1.30152333
v 2.50982395 6.14003663 -1.27134233
v 2.50183095 6.15503363 -1.27818633
v 7.35927195 8.32016280 -6.36181568
v 7.35166395 8.30497380 -6.36964868
v 7.38390995 8.30496080 -6.33946868
v 7.37563095 8.32012980 -6.34651268
v 12.42936195 6.15507563 -1.28602833
v 12.42159095 6.14007963 -1.27894833
v 12.45298895 6.14006662 -1.31014633
v 12.44584995 6.15507963 -1.30239033
v 7.54128895 8.32021380 -6.34057368
v 7.53316395 8.30500481 -6.33324268
v 7.56456095 8.30499280 -6.36444168
v 7.55720995 8.32018080 -6.35640368
v 7.32928195 8.26993381 -6.31357667
v 7.32928095 8.26993377 -6.57757667
v 7.59328095 8.26993377 -6.57757567
v 7.59328095 8.26993381 -6.31357567
v 7.38208195 8.34693580 -6.36637568
v 7.38208195 8.34693577 -6.52477668
v 7.54048095 8.34693577 -6.52477568
v 7.54048095 8.34693580 -6.36637568
f 4206 4205 4199
f 4206 4199 4202
f 4205 4203 4200
f 4205 4200 4199
f 4204 4206 4202
f 4204 4202 4201
f 4213 4211 4208
f 4213 4208 4207
f 4212 4214 4210
f 4212 4210 4209
f 4214 4213 4207
f 4214 4207 4210
f 4219 4220 4216
f 4219 4216 4215
f 4221 4222 4218
f 4221 4218 4217
f 4222 4219 4215
f 4222 4215 4218
f 4227 4228 4224
f 4227 4224 4223
f 4229 4230 4226
f 4229 4226 4225
f 4230 4227 4223
f 4230 4223 4226
f 4235 4236 4232
f 4235 4232 4231
f 4237 4238 4234
f 4237 4234 4233
f 4238 4235 4231
f 4238 4231 4234
f 4243 4244 4240
f 4243 4240 4239
f 4245 4246 4242
f 4245 4242 4241
f 4246 4243 4239
f 4246 4239 4242
f 4251 4252 4248
f 4251 4248 4247
f 4253 4254 4250
f 4253 4250 4249
f 4254 4251 4247
f 4254 4247 4250
f 4259 4260 4256
f 4259 4256 4255
f 4260 4261 4257
f 4260 4257 4256
f 4261 4262 4258
f 4261 4258 4257
f 4262 4259 4255
f 4262 4255 4258
f 4262 4261 4260
f 4262 4260 4259

o window_roof
v 7.80777195 7.71185809 -4.90190654
v 7.12053495 7.71185809 -4.90190754
v 7.81190395 7.99258898 -5.56326958
v 7.12466695 7.99258898 -5.56327058
v 7.77754595 7.70118808 -4.95355053
v 7.82754595 7.68165108 -4.90752553
v 7.15076095 7.70118808 -4.95355153
v 7.10076095 7.68165208 -4.90752653
v 7.78167795 7.94802798 -5.53506957
v 7.83167795 7.96756397 -5.58109458
v 7.15489295 7.94802798 -5.53507057
v 7.10489295 7.96756497 -5.58109558
v 7.77754595 7.66436807 -4.96917953
v 7.82754595 7.64483108 -4.92315452
v 7.15076095 7.66436807 -4.96918053
v 7.10076095 7.64483208 -4.92315552
v 7.78167795 7.91120698 -5.55069857
v 7.83167795 7.93074397 -5.59672457
v 7.15489295 7.91120798 -5.55069957
v 7.10489295 7.93074397 -5.59672557
v 7.79754495 7.69337308 -4.93514053
v 7.84754595 7.72906709 -4.86567154
v 7.84754595 7.67383709 -4.88911553
v 7.79754595 7.74860408 -4.91169654
v 7.13076095 7.69337308 -4.93514053
v 7.08076095 7.72906709 -4.86567154
v 7.08076095 7.67383709 -4.88911553
v 7.13076095 7.74860408 -4.91169654
v 7.80167795 7.95584198 -5.55347957
v 7.85167795 8.03060898 -5.57606159
v 7.85167795 7.97537797 -5.59950458
v 7.80167795 8.01107298 -5.53003658
v 7.13489295 7.95584198 -5.55348057
v 7.08489295 8.03060998 -5.57606259
v 7.08489295 7.97537897 -5.59950558
v 7.13489295 8.01107298 -5.53003758
f 4264 4263 4265
f 4264 4265 4266
f 4270 4274 4273
f 4270 4273 4269
f 4270 4269 4267
f 4270 4267 4268
f 4268 4267 4271
f 4268 4271 4272
f 4274 4272 4271
f 4274 4271 4273
f 4278 4282 4281
f 4278 4281 4277
f 4278 4277 4275
f 4278 4275 4276
f 4276 4275 4279
f 4276 4279 4280
f 4282 4280 4279
f 4282 4279 4281
f 4270 4278 4276
f 4270 4276 4268
f 4277 4269 4267
f 4277 4267 4275
f 4277 4281 4273
f 4277 4273 4269
f 4270 4274 4282
f 4270 4282 4278
f 4275 4267 4271
f 4275 4271 4279
f 4268 4276 4280
f 4268 4280 4272
f 4281 4279 4271
f 4281 4271 4273
f 4274 4272 4280
f 4274 4280 4282
f 4288 4289 4285
f 4288 4285 4284
f 4290 4288 4284
f 4290 4284 4286
f 4287 4290 4286
f 4287 4286 4283
f 4290 4298 4296
f 4290 4296 4288
f 4287 4295 4298
f 4287 4298 4290
f 4288 4296 4297
f 4288 4297 4289
f 4283 4286 4294
f 4283 4294 4291
f 4284 4285 4293
f 4284 4293 4292
f 4286 4284 4292
f 4286 4292 4294
f 4298 4294 4292
f 4298 4292 4296
f 4295 4291 4294
f 4295 4294 4298
f 4296 4292 4293
f 4296 4293 4297
f 4295 4297 4293
f 4295 4293 4291
f 4291 4293 4285
f 4291 4285 4283
f 4289 4287 4283
f 4289 4283 4285
f 4297 4295 4287
f 4297 4287 4289

