# https://github.com/mikedh/trimesh

o trunk
v -0.40609800 -0.00004200 0.78602900
v 0.26865200 -0.00001400 0.84296100
v 0.78602900 0.00002200 0.40609700
v 0.84296100 0.00004500 -0.26865200
v -0.39077100 1.68603700 0.75909600
v 0.26036400 1.68561400 0.81403500
v 0.75963400 1.68546300 0.39246000
v 0.81457300 1.68567200 -0.25867400
v -0.37544400 3.37211500 0.73216200
v 0.25207700 3.37231100 0.78510900
v 0.73324000 3.37241600 0.37882400
v 0.78618600 3.37236700 -0.24869600
v -0.36346000 5.25837600 0.70350100
v 0.24044300 5.26022000 0.75445400
v 0.70349800 5.26095000 0.36345800
v 0.75445300 5.26013700 -0.24044700
v -0.35756600 7.07792300 0.67119400
v 0.22271500 7.08134300 0.72015100
v 0.66766000 7.08266500 0.34444200
v 0.71662600 7.08111500 -0.23584600
v -0.35403500 8.69699300 0.63766600
v 0.20263300 8.69999400 0.68463100
v 0.62947100 8.70130300 0.32421200
v 0.67644200 8.70015300 -0.23246300
v -0.34650900 10.51557900 0.60770200
v 0.18655200 10.51621600 0.65267600
v 0.59528400 10.51705100 0.30754700
v 0.64025800 10.51759400 -0.22551400
v -0.33007900 12.33421900 0.58585600
v 0.17936600 12.33268500 0.62883200
v 0.56999100 12.33310000 0.29899100
v 0.61297400 12.33521900 -0.21045100
v -0.30915100 13.95414000 0.56739800
v 0.17667900 13.95252200 0.60838200
v 0.54919600 13.95257100 0.29382900
v 0.59018600 13.95425800 -0.19200000
v -0.29134800 15.77576100 0.54316800
v 0.17086900 15.77594000 0.58216200
v 0.52527800 15.77546600 0.28289700
v 0.56427200 15.77461600 -0.17931900
v -0.28141200 17.59718700 0.50549400
v 0.15718700 17.59898800 0.54248800
v 0.49349100 17.59802100 0.25851500
v 0.53049600 17.59485200 -0.18007500
v -0.27449700 19.21585700 0.46258000
v 0.14048800 19.21744300 0.49758200
v 0.45868400 19.21677200 0.22889800
v 0.49369500 19.21423500 -0.18608200
v -0.26388700 21.03197100 0.42901300
v 0.12748600 21.03130500 0.46202800
v 0.42757400 21.03164700 0.20863100
v 0.46059000 21.03279300 -0.18274000
v -0.24066900 22.84842700 0.41854100
v 0.12708100 22.84570700 0.44954700
v 0.40906600 22.84693700 0.21144800
v 0.44010300 22.85139700 -0.15628200
v -0.21383600 24.46837400 0.41676700
v 0.13030600 24.46714200 0.44579700
v 0.39418500 24.46859700 0.22299000
v 0.42322600 24.47189100 -0.12113700
v -0.20362100 26.29113600 0.39591100
v 0.11688700 26.29469700 0.42295800
v 0.36265900 26.29613700 0.21544000
v 0.38972400 26.29461500 -0.10508300
v -0.22398800 28.11289200 0.34105700
v 0.07283100 28.12059800 0.36605200
v 0.30049300 28.12205300 0.17382000
v 0.32563800 28.11640500 -0.12303200
v -0.25722100 29.73215900 0.26950300
v 0.01599100 29.73922900 0.29251000
v 0.22556300 29.73985500 0.11558400
v 0.24873200 29.73366900 -0.15763500
v -0.27612400 31.55015400 0.20167700
v -0.02645500 31.55262200 0.22277700
v 0.16503200 31.55176700 0.06116700
v 0.18616700 31.54809000 -0.18848400
v -0.25982700 33.36888900 0.15816900
v -0.03376800 33.36751600 0.17731300
v 0.13960900 33.36545600 0.03100200
v 0.15874400 33.36391400 -0.19505700
v -0.22593100 34.98902100 0.12452000
v -0.02348700 34.98759800 0.14166500
v 0.13177600 34.98510700 0.01064300
v 0.14890600 34.98300900 -0.19179600
v -0.20505000 36.80955500 0.06850300
v -0.02621400 36.81049300 0.08361100
v 0.11093800 36.80818200 -0.03212600
v 0.12606400 36.80397400 -0.21091300
v -0.20909000 38.62883400 -0.01723700
v -0.05388500 38.63151900 -0.00418100
v 0.06515700 38.62939800 -0.10463300
v 0.07830400 38.62371800 -0.25975000
v -0.22417600 40.24621200 -0.11546000
v -0.09259200 40.24905800 -0.10441400
v 0.00834200 40.24717700 -0.18958000
v 0.01950000 40.24166500 -0.32107000
v -0.24228500 42.06253100 -0.22153900
v -0.13430600 42.06453300 -0.21246100
v -0.05148300 42.06303800 -0.28234800
v -0.04233400 42.05891800 -0.39026100
v -0.26865200 0.00001400 -0.84296100
v -0.78602900 -0.00002200 -0.40609800
v 0.40609700 0.00004200 -0.78602900
v -0.25813500 1.68654000 -0.81288300
v -0.75740500 1.68669200 -0.39130900
v 0.39299900 1.68611800 -0.75794400
v -0.24761900 3.37199700 -0.78280600
v -0.72878200 3.37189300 -0.37652100
v 0.37990100 3.37219300 -0.72985900
v -0.24044300 5.25641300 -0.75445400
v -0.70349700 5.25568300 -0.36345800
v 0.36346000 5.25825700 -0.70350100
v -0.23935100 7.07418100 -0.72974500
v -0.68429600 7.07285900 -0.35403700
v 0.34093000 7.07760100 -0.68078900
v -0.24063600 8.69421700 -0.70626500
v -0.66747400 8.69290700 -0.34584600
v 0.31603200 8.69721800 -0.65930000
v -0.23793200 10.51689100 -0.67922200
v -0.64666500 10.51605700 -0.33409200
v 0.29512800 10.51752900 -0.63424700
v -0.22630900 12.33933400 -0.64404600
v -0.61693500 12.33892000 -0.31420500
v 0.28313500 12.33780100 -0.60107000
v -0.21019300 13.95821200 -0.60549600
v -0.58271100 13.95816300 -0.29094300
v 0.27563600 13.95659400 -0.56451200
v -0.19721000 15.77370800 -0.57272100
v -0.55161900 15.77418200 -0.27345700
v 0.26500700 15.77388800 -0.53372800
v -0.19207300 17.58953900 -0.55335700
v -0.52837600 17.59050600 -0.26938500
v 0.24652600 17.59133900 -0.51636400
v -0.18997200 19.20973000 -0.53927000
v -0.50816800 19.21040200 -0.27058500
v 0.22501300 19.21131700 -0.50426700
v -0.18417900 21.03474200 -0.51584100
v -0.48426700 21.03440100 -0.26244400
v 0.20719400 21.03407700 -0.48282600
v -0.16573800 22.85919600 -0.46923700
v -0.44772300 22.85796500 -0.23113800
v 0.20201200 22.85647600 -0.43823100
v -0.14372600 24.47632400 -0.41402800
v -0.40760500 24.47486900 -0.19122100
v 0.20041600 24.47509200 -0.38499900
v -0.13827900 26.28746000 -0.37790000
v -0.38405100 26.28602000 -0.17038100
v -0.41111600 26.28754200 0.15014200
v 0.18222900 26.29102100 -0.35085200
v -0.16328300 28.09925800 -0.37560700
v -0.39094500 28.09780300 -0.18337600
v -0.41609000 28.10345100 0.11347600
v 0.13353500 28.10696400 -0.35061200
v -0.20128700 29.71722600 -0.39010700
v -0.41085900 29.71660000 -0.21318100
v -0.43402800 29.72278600 0.06003800
v 0.07192500 29.72429700 -0.36710000
v -0.22510000 31.54127700 -0.40103400
v -0.41658700 31.54213100 -0.23942400
v -0.43772200 31.54580900 0.01022700
v 0.02456900 31.54374500 -0.37993400
v -0.21363300 33.36516600 -0.38758500
v -0.38701100 33.36722600 -0.24127400
v 0.01242600 33.36379200 -0.36844100
v -0.18457400 34.98395900 -0.36421200
v -0.33983700 34.98645000 -0.23319000
v 0.01787000 34.98253600 -0.34706600
v -0.16853100 36.79940000 -0.36312700
v -0.30568300 36.80171200 -0.24738900
v -0.32080900 36.80592000 -0.06860200
v 0.01030500 36.80033900 -0.34801800
v -0.17735100 38.61511600 -0.39172200
v -0.29639400 38.61723700 -0.29127000
v -0.30954100 38.62291700 -0.13615300
v -0.02214600 38.61780200 -0.37866600
v -0.19723800 40.23290600 -0.43290500
v -0.29817200 40.23478700 -0.34773800
v -0.30933000 40.24029900 -0.21624800
v -0.06565500 40.23575200 -0.42185800
v -0.22019700 42.05258600 -0.48206500
v -0.30302000 42.05408100 -0.41217800
v -0.31216900 42.05820100 -0.30426400
v -0.11221800 42.05458800 -0.47298700
v -0.78602900 -0.00002200 -0.40609800
v -0.84296100 -0.00004500 0.26865200
v -0.40609800 -0.00004200 0.78602900
v -0.75740500 1.68669200 -0.39130900
v -0.81234400 1.68648300 0.25982600
v -0.39077100 1.68603700 0.75909600
v -0.72878200 3.37189300 -0.37652100
v -0.78172900 3.37194200 0.25099900
v -0.37544400 3.37211500 0.73216200
v -0.70349700 5.25568300 -0.36345800
v -0.75445300 5.25649600 0.24044700
v -0.36346000 5.25837600 0.70350100
v -0.68429600 7.07285900 -0.35403700
v -0.73326200 7.07440900 0.22625100
v -0.35756600 7.07792300 0.67119400
v -0.66747400 8.69290700 -0.34584600
v -0.71444500 8.69405700 0.21082900
v -0.35403500 8.69699300 0.63766600
v -0.64666500 10.51605700 -0.33409200
v -0.69163900 10.51551300 0.19896900
v -0.34650900 10.51557900 0.60770200
v -0.61693500 12.33892000 -0.31420500
v -0.65991700 12.33680100 0.19523700
v -0.33007900 12.33421900 0.58585600
v -0.58271100 13.95816300 -0.29094300
v -0.62370000 13.95647600 0.19488600
v -0.30915100 13.95414000 0.56739800
v -0.55161900 15.77418200 -0.27345700
v -0.59061300 15.77503200 0.18875900
v -0.29134800 15.77576100 0.54316800
v -0.52837600 17.59050600 -0.26938500
v -0.56538200 17.59367400 0.16920600
v -0.28141200 17.59718700 0.50549400
v -0.50816800 19.21040200 -0.27058500
v -0.54317900 19.21293800 0.14439500
v -0.27449700 19.21585700 0.46258000
v -0.48426700 21.03440100 -0.26244400
v -0.51728300 21.03325500 0.12892700
v -0.26388700 21.03197100 0.42901300
v -0.44772300 22.85796500 -0.23113800
v -0.47876000 22.85350600 0.13659200
v -0.24066900 22.84842700 0.41854100
v -0.40760500 24.47486900 -0.19122100
v -0.43664600 24.47157500 0.15290600
v -0.21383600 24.46837400 0.41676700
v -0.38405100 26.28602000 -0.17038100
v -0.41111600 26.28754200 0.15014200
v -0.20362100 26.29113600 0.39591100
v -0.41609000 28.10345100 0.11347600
v -0.22398800 28.11289200 0.34105700
v -0.43402800 29.72278600 0.06003800
v -0.25722100 29.73215900 0.26950300
v -0.41658700 31.54213100 -0.23942400
v -0.43772200 31.54580900 0.01022700
v -0.27612400 31.55015400 0.20167700
v -0.38701100 33.36722600 -0.24127400
v -0.40614500 33.36876700 -0.01521600
v -0.25982700 33.36888900 0.15816900
v -0.33983700 34.98645000 -0.23319000
v -0.35696700 34.98854800 -0.03075000
v -0.22593100 34.98902100 0.12452000
v -0.30568300 36.80171200 -0.24738900
v -0.32080900 36.80592000 -0.06860200
v -0.20505000 36.80955500 0.06850300
v -0.30954100 38.62291700 -0.13615300
v -0.20909000 38.62883400 -0.01723700
v -0.30933000 40.24029900 -0.21624800
v -0.22417600 40.24621200 -0.11546000
v -0.31216900 42.05820100 -0.30426400
v -0.24228500 42.06253100 -0.22153900
v 0.07076400 28.98166100 -0.02717900
v -0.05872500 29.03584900 -0.06586800
v -0.19302800 28.98142800 -0.08006500
v -0.04813100 29.09408000 0.54218600
v -0.17125000 29.14583600 0.50717500
v -0.29846800 29.09408000 0.49303300
v -0.16591800 29.20525000 1.10598400
v -0.28187700 29.25367900 1.07067600
v -0.40233000 29.20495200 1.05820300
v -0.30148100 29.37088800 1.72195100
v -0.40965600 29.41506800 1.68355200
v -0.52341100 29.36949500 1.67300500
v -0.44538500 29.57739400 2.29919900
v -0.54581300 29.61711100 2.25835800
v -0.65284200 29.57471500 2.24950200
v -0.57883000 29.79520600 2.79863000
v -0.67248600 29.83193400 2.75954900
v -0.77314200 29.79341900 2.75382300
v -0.70729900 30.05720900 3.35844800
v -0.79507200 30.09283600 3.32521400
v -0.88950700 30.05880700 3.32371700
v -0.67760300 29.97279500 3.40395200
v -0.80351100 30.31549100 3.92705900
v -0.88517000 30.34984200 3.89924500
v -0.97309600 30.32007600 3.90144000
v -0.77595400 30.23714800 3.96858900
v -0.87079600 30.55832700 4.43033400
v -0.94564200 30.58919000 4.40341300
v -1.02663500 30.56260300 4.40691900
v -0.84594300 30.48809200 4.47191100
v -0.96029700 30.87263100 4.97193400
v -1.02785900 30.89821200 4.94310700
v -1.10162500 30.87369300 4.94583100
v -0.93851600 30.81193700 5.01542800
v -1.07412500 31.22917200 5.48179400
v -1.13440200 31.24969300 5.45212800
v -1.20094700 31.22729100 5.45422600
v -1.05542500 31.17775000 5.52584600
v -1.18797900 31.57963800 5.91002400
v -1.24146200 31.59684800 5.88217000
v -1.30091000 31.57698800 5.88421300
v -1.17178800 31.53543900 5.95146000
v -1.31304300 31.98080800 6.38772000
v -1.36014500 31.99610700 6.36339800
v -1.41252000 31.97888400 6.36549000
v -1.29880600 31.94194800 6.42420700
v -1.43180400 32.37908600 6.86800100
v -1.47250100 32.39239900 6.84712200
v -1.51778300 32.37774300 6.84918200
v -1.41953100 32.34560400 6.89958700
v -1.53685700 32.73944500 7.29091900
v -1.57110100 32.75059100 7.27327600
v -1.60924100 32.73833500 7.27510200
v -1.52656900 32.71141800 7.31769700
v -1.65410000 33.14505000 7.76634500
v -1.68191800 33.15414000 7.75205600
v -1.71287900 33.14413800 7.75348500
v -1.64572000 33.12220000 7.78798200
v -0.04275200 21.92663200 -0.03194300
v 0.03453300 21.86152600 -0.16955200
v 0.07582200 21.70430900 -0.22175800
v -0.65638500 21.84315500 -0.34922000
v -0.58199000 21.78153400 -0.47913600
v -0.53977400 21.63276700 -0.52705500
v -1.25945900 21.76074400 -0.66102600
v -1.19058600 21.70233900 -0.78461300
v -1.15471800 21.56129100 -0.83201400
v -1.92976900 21.72090500 -1.01105500
v -1.86720900 21.66577700 -1.12874000
v -1.84114000 21.53255300 -1.17746600
v -2.57380900 21.73480000 -1.35861300
v -2.51720900 21.68312600 -1.47023400
v -2.49995100 21.55833400 -1.51985000
v -3.14522300 21.78953700 -1.67093300
v -3.09584900 21.74162900 -1.77716900
v -3.08620300 21.62569600 -1.82702800
v -3.79596400 21.89066500 -2.00530500
v -3.75467400 21.84687200 -2.10649200
v -3.75082000 21.73988200 -2.15548100
v -4.45644500 22.01278500 -2.31287100
v -4.42261100 21.97319000 -2.40851300
v -4.42385400 21.87523500 -2.45608300
v -5.09108900 22.11512900 -2.48781700
v -5.04456500 22.15331800 -2.56776300
v -5.01568900 22.11751400 -2.65663600
v -5.02137700 22.02869000 -2.70237500
v -5.73788400 22.31829600 -2.78921800
v -5.69188500 22.35194200 -2.86046800
v -5.66541600 22.31925200 -2.94143300
v -5.67398400 22.23937400 -2.98468500
v -6.36087300 22.56255000 -3.10759500
v -6.31616000 22.59166500 -3.17039600
v -6.29216700 22.56210500 -3.24348100
v -6.30295000 22.49118400 -3.28403800
v -6.89974800 22.81498700 -3.39592600
v -6.85955500 22.84085800 -3.45185900
v -6.83889900 22.81481400 -3.51749700
v -6.84988000 22.75211100 -3.55438900
v -7.51780300 23.09129100 -3.70455800
v -7.48439100 23.11494100 -3.75471700
v -7.46725500 23.09249300 -3.81297700
v -7.47643500 23.03710000 -3.84520800
v -8.15433200 23.34536400 -3.99297900
v -8.12717400 23.36649500 -4.03704600
v -8.11330500 23.34749800 -4.08776900
v -8.12084900 23.29950000 -4.11543400
v -8.72961300 23.56398400 -4.23726000
v -8.70725900 23.58198200 -4.27458000
v -8.69593800 23.56612800 -4.31744000
v -8.70228100 23.52570700 -4.34073100
v -9.37614300 23.81102600 -4.51143500
v -9.35768700 23.82552900 -4.54163100
v -9.34828500 23.81256900 -4.57636500
v -9.35344300 23.77973400 -4.59528800
v -0.25347300 28.85027700 -0.06145300
v -0.20465100 28.71922100 -0.02093500
v -0.07516200 28.66503300 0.01775300
v -0.35526000 28.96913100 0.50804400
v -0.30836000 28.84418300 0.54341500
v -0.18524000 28.79242700 0.57842600
v -0.45671600 29.08761200 1.07587100
v -0.41317700 28.97039400 1.11333200
v -0.29721700 28.92196500 1.14864100
v -0.17676500 28.97069200 1.16111400
v -0.57610900 29.26086800 1.69648700
v -0.53688000 29.15282100 1.74024400
v -0.42870400 29.10864100 1.77864300
v -0.31494900 29.15421300 1.78919100
v -0.70377600 29.47503900 2.27781700
v -0.66877800 29.37647400 2.32671700
v -0.56835000 29.33675800 2.36755700
v -0.46132000 29.37915400 2.37641400
v -0.82183500 29.70222300 2.78480600
v -0.79004100 29.61176500 2.83434900
v -0.69638400 29.57503700 2.87343000
v -0.59572900 29.61355200 2.87915700
v -0.93528400 29.97505800 3.35483500
v -0.90558700 29.89064400 3.40033900
v -0.81781400 29.85501700 3.43357300
v -0.72338000 29.88904600 3.43507000
v -1.01578300 30.24363300 3.93235800
v -0.98822600 30.16529100 3.97388800
v -0.90656700 30.13093900 4.00170200
v -0.81864100 30.16070600 3.99950700
v -1.06633200 30.49414300 4.43879700
v -1.04147900 30.42390800 4.48037500
v -0.96663300 30.39304500 4.50729600
v -0.88564000 30.41963200 4.50379000
v -1.13838400 30.81343700 4.97851300
v -1.11660300 30.75274300 5.02200600
v -1.04904100 30.72716100 5.05083400
v -0.97527500 30.75168000 5.04810900
v -1.23477900 31.17509100 5.48685800
v -1.21607900 31.12366900 5.53091000
v -1.15580200 31.10314800 5.56057600
v -1.33149700 31.53169300 5.91495800
v -1.31530600 31.48749400 5.95639400
v -1.26182300 31.47028400 5.98424800
v -1.43948800 31.93922400 6.39276900
v -1.42525100 31.90036400 6.42925700
v -1.37814900 31.88506500 6.45357800
v -1.54112300 32.34370400 6.87297300
v -1.52885000 32.31022300 6.90456000
v -1.48815300 32.29690900 6.92543800
v -1.62893500 32.70985400 7.29532700
v -1.61864700 32.68182800 7.32210400
v -1.58440300 32.67068100 7.33974800
v -1.72884600 33.12091100 7.76979700
v -1.72046600 33.09806100 7.79143500
v -1.69264800 33.08897000 7.80572400
v -0.09581000 31.32376300 0.04704900
v -0.06518800 31.37344000 -0.07716400
v -0.06801500 31.32361400 -0.20500700
v -0.10263600 31.20347000 -0.26159100
v -0.62670400 31.48515900 -0.01712600
v -0.59888200 31.53266300 -0.13504300
v -0.60078100 31.48515900 -0.25618200
v -0.63128700 31.37047400 -0.30958300
v -1.15239100 31.64483100 -0.08073000
v -1.12448600 31.68920900 -0.19203400
v -1.12731200 31.64464000 -0.30667300
v -1.15921200 31.53723500 -0.35749500
v -1.72527700 31.85781100 -0.15273300
v -1.69534200 31.89822400 -0.25718200
v -1.69941300 31.85677100 -0.36536800
v -1.73510500 31.75773600 -0.41391700
v -2.26358700 32.09835100 -0.23115300
v -2.23209000 32.13473100 -0.32875800
v -2.23713500 32.09637800 -0.43047400
v -2.27576800 32.00576400 -0.47671700
v -2.72779600 32.33953500 -0.30363300
v -2.69752000 32.37309600 -0.39475700
v -2.70509500 32.33876400 -0.49020600
v -2.74608300 32.25665300 -0.53406900
v -3.23745400 32.63661200 -0.36416400
v -3.21167700 32.66922400 -0.44915700
v -3.22309200 32.63984700 -0.53836700
v -3.26501300 32.56568900 -0.57953800
v -3.74736900 32.94179200 -0.38961700
v -3.72578400 32.97336600 -0.46832700
v -3.74036700 32.94870800 -0.55101500
v -3.78257500 32.88226300 -0.58924500
v -4.16839100 33.26158500 -0.46624100
v -4.18293000 33.23971900 -0.54223900
v -4.22573900 33.18146900 -0.57744500
v -4.62762900 33.62986800 -0.49243100
v -4.63913500 33.60848200 -0.56159300
v -4.68160800 33.55824300 -0.59392800
v -5.04203600 34.04183600 -0.56971600
v -5.05099500 34.02106100 -0.63192700
v -5.09218800 33.97859200 -0.66162000
v -5.37478600 34.44507200 -0.66436100
v -5.38350400 34.42738700 -0.72006900
v -5.74860700 34.90899300 -0.74006300
v -5.75825700 34.89594300 -0.78945400
v -5.79314400 34.86568800 -0.81333900
v -6.13067200 35.36929300 -0.76841800
v -6.14072300 35.36019100 -0.81120700
v -6.17166400 35.33511000 -0.83189900
v -6.46655800 35.78377500 -0.76669800
v -6.47560800 35.77686300 -0.80272300
v -6.50205000 35.75625200 -0.82014500
v -6.84376700 36.25056500 -0.76587400
v -6.85077700 36.24452200 -0.79512300
v -6.87201900 36.22749700 -0.80926700
v -0.16484500 36.06299200 -0.23430200
v -0.19390300 36.09907900 -0.12304000
v -0.16600300 36.06260700 -0.01160600
v -0.09748900 35.97494100 0.03472300
v 0.23233500 36.35248900 -0.22736000
v 0.20585300 36.38752700 -0.12185400
v 0.23171200 36.35248900 -0.01619400
v 0.29476300 36.26789500 0.02772600
v 0.62530700 36.63874400 -0.22044000
v 0.59886200 36.67078000 -0.12070400
v 0.62409300 36.63826400 -0.02080900
v 0.68621900 36.56023400 0.02072600
v 1.03906600 36.98577500 -0.20919300
v 1.01116400 37.01339000 -0.11526700
v 1.03618800 36.98382600 -0.02112300
v 1.09948100 36.91440200 0.01809100
v 1.41189400 37.35031100 -0.18964500
v 1.38303800 37.37358100 -0.10156900
v 1.40760500 37.34690100 -0.01316000
v 1.47120400 37.28590000 0.02379400
v 1.69366000 37.71707200 -0.08526700
v 1.71810400 37.69380600 -0.00256800
v 1.78061600 37.64025500 0.03210300
v 2.02910400 38.12118100 -0.07655000
v 2.05346300 38.10152400 0.00040500
v 2.11318900 38.05364600 0.03268700
v 2.36332100 38.52746200 -0.08352700
v 2.38730800 38.51114300 -0.01237900
v 2.44395400 38.46865800 0.01745400
v 2.64458700 38.89668700 -0.09840900
v 2.66770600 38.88320200 -0.03308400
v 2.72218600 38.84756900 -0.00577500
v 2.92132900 39.33602900 -0.10803500
v 2.94282900 39.32443600 -0.04849700
v 2.99488600 39.29588700 -0.02366900
v 3.15931800 39.79830200 -0.10198900
v 3.17905800 39.78849000 -0.04822000
v 3.22791200 39.76643800 -0.02576900
v 3.33645100 40.22903800 -0.09011000
v 3.35462200 40.22163800 -0.04209200
v 3.39937200 40.20476900 -0.02200400
v 3.51834900 40.72309900 -0.08977000
v 3.53492100 40.71824300 -0.04753400
v 3.57486400 40.70503200 -0.02986600
v 3.68911200 41.21949800 -0.10786800
v 3.70388700 41.21676600 -0.07145700
v 3.73884200 41.20684100 -0.05625500
v 3.82467300 41.66711800 -0.13536500
v 3.83727400 41.66538600 -0.10475500
v 3.86689400 41.65772200 -0.09200000
v 3.97723200 42.17157700 -0.16584000
v 3.98736500 42.16984600 -0.14097500
v 4.01129200 42.16323100 -0.13059900
v -0.12392800 14.51610900 -0.14666800
v -0.17362800 14.16179600 -0.09188200
v -0.20403000 14.33886900 -0.16993600
v 0.40155600 14.32661100 -0.71164100
v 0.34916100 13.99234600 -0.65392000
v 0.32272300 14.15947800 -0.73055900
v 0.92216100 14.13869200 -1.27127500
v 0.87958700 13.82042400 -1.22431600
v 0.85142700 13.97945600 -1.29331600
v 1.51738100 13.98658000 -1.89446200
v 1.49219500 13.68314400 -1.86607000
v 1.45912300 13.83454600 -1.92414900
v 2.11590000 13.90594900 -2.48540800
v 2.10687100 13.61924900 -2.47360900
v 2.06945500 13.76218500 -2.52166100
v 2.66041000 13.88319100 -3.00494500
v 2.66049100 13.61483600 -3.00245100
v 2.62096200 13.74863800 -3.04280900
v 3.25432900 13.87837400 -3.60988800
v 3.25517000 13.62873000 -3.60837300
v 3.21657000 13.75321200 -3.64399400
v 3.81782400 13.86085100 -4.24450100
v 3.81923500 13.62992400 -4.24382200
v 3.78193000 13.74507300 -4.27495000
v 4.30157300 13.86127200 -4.82343000
v 4.30994600 13.64936500 -4.83126300
v 4.27198800 13.75502400 -4.85547400
v 4.85561600 13.93176500 -5.46062700
v 4.87371000 13.74007700 -5.47987400
v 4.83484400 13.83579400 -5.49702400
v 5.43760400 14.07399900 -6.06160000
v 5.46366200 13.90342200 -6.08940600
v 5.42461800 13.98883900 -6.10067300
v 5.95996200 14.25914800 -6.57476800
v 5.98914500 14.10901000 -6.60580600
v 5.95096200 14.18406100 -6.61238100
v 6.50549000 14.49466100 -7.17838200
v 6.53344100 14.36355600 -7.20829600
v 6.49751200 14.42855400 -7.21142000
v 6.99721200 14.74470200 -7.81962600
v 7.02325200 14.63248800 -7.84797000
v 6.99033900 14.68761300 -7.84818500
v 7.39903500 14.99211000 -8.41189000
v 7.42188600 14.89817100 -8.43711300
v 7.39341500 14.94413300 -8.43619100
v 7.85324000 15.27140000 -9.08010300
v 7.87128600 15.19472900 -9.09982300
v 7.84857700 15.23234900 -9.09970900
v 0.14285500 14.51650900 0.09794600
v 0.17325700 14.33943700 0.17600000
v 0.09315500 14.16219600 0.15273200
v 0.65570300 14.32661100 -0.48094800
v 0.68214200 14.15947800 -0.40431000
v 0.60330900 13.99234600 -0.42322700
v 1.16091500 14.13918400 -1.05148300
v 1.18907500 13.98015200 -0.98248300
v 1.11834100 13.82091600 -1.00452400
v 1.73786900 13.98810400 -1.68257300
v 1.77094100 13.83670100 -1.62449400
v 1.71268300 13.68466800 -1.65418100
v 2.31835700 13.90794900 -2.28187900
v 2.35577300 13.76501400 -2.23382700
v 2.30932900 13.62125000 -2.27008000
v 2.85107800 13.88500400 -2.81609700
v 2.89060700 13.75120200 -2.77573900
v 2.85115900 13.61664900 -2.81360300
v 3.43867700 13.88001700 -3.44154800
v 3.47727800 13.75553500 -3.40592700
v 3.43951900 13.63037300 -3.44003300
v 3.99454000 13.86236900 -4.09584300
v 4.03184500 13.74721900 -4.06471600
v 3.99595100 13.63144100 -4.09516400
v 4.46463300 13.86269500 -4.68761800
v 4.50259100 13.75703600 -4.66340600
v 4.47300600 13.65078800 -4.69545100
v 4.99959400 13.93237400 -5.33135200
v 5.03845900 13.83665700 -5.31420200
v 5.01768700 13.74068600 -5.35059900
v 5.56321800 14.07337700 -5.94007000
v 5.60226200 13.98796000 -5.92880300
v 5.58927600 13.90280000 -5.96787600
v 6.07387400 14.25923400 -6.46808800
v 6.11205700 14.18418300 -6.46151300
v 6.10305600 14.10909700 -6.49912600
v 6.61149000 14.49734100 -7.09108200
v 6.64741800 14.43234300 -7.08795800
v 6.63944100 14.36623600 -7.12099500
v 7.09326300 14.74944500 -7.75016200
v 7.12617500 14.69432000 -7.74994800
v 7.11930200 14.63723100 -7.77850600
v 7.48133900 14.99697800 -8.35545200
v 7.50981000 14.95101600 -8.35637400
v 7.50418900 14.90303900 -8.38067400
v 7.91932300 15.27485100 -9.03304900
v 7.94203200 15.23723000 -9.03316300
v 7.93736900 15.19817900 -9.05276900
v -0.06321600 15.77475800 -0.16842600
v -0.03485700 15.60116200 -0.24462100
v 0.00620900 15.42748500 -0.17465300
v -0.81718000 15.59568700 -0.09172500
v -0.78682300 15.43180700 -0.16428500
v -0.74405900 15.26792600 -0.09827300
v -1.56146200 15.41865400 -0.01587600
v -1.53733700 15.26275700 -0.08407800
v -1.50195300 15.10676100 -0.02122300
v -2.39735700 15.27540900 0.06190200
v -2.38404500 15.12703200 -0.00162400
v -2.36179300 14.97830200 0.05848000
v -3.21366700 15.19972200 0.12164600
v -3.21016200 15.05966600 0.06259200
v -3.19993300 14.91913500 0.11970800
v -3.95146400 15.17773400 0.17008600
v -3.95416300 15.04663700 0.11526100
v -3.94935200 14.91513200 0.16895400
v -4.78784800 15.16911400 0.25039100
v -4.79278900 15.04714400 0.19961000
v -4.78652400 14.92482400 0.24939600
v -5.61854100 15.14954900 0.37416600
v -5.62538300 15.03671400 0.32749400
v -5.61793100 14.92357300 0.37332700
v -6.34646800 15.14471000 0.50810400
v -6.35667400 15.04108200 0.46582100
v -6.35374900 14.93717600 0.50854500
v -7.15944400 15.18819200 0.62965000
v -7.17253800 15.09395800 0.59158500
v -7.17757500 14.99972700 0.63153400
v -7.97529000 15.28493500 0.69468800
v -7.99053200 15.20025400 0.66056900
v -8.00206800 15.11603600 0.69719400
v -8.70582900 15.41393600 0.72878700
v -8.72236400 15.33884100 0.69849100
v -8.73480100 15.26402100 0.73131700
v -9.52649500 15.56855500 0.81537500
v -9.54314600 15.50288000 0.78892500
v -9.55231700 15.43668600 0.81763400
v -10.33635600 15.71871000 0.97117500
v -10.35258500 15.66235600 0.94865200
v -10.35907000 15.60489700 0.97319800
v -11.04518300 15.85841700 1.15249200
v -11.05964600 15.81112000 1.13370300
v -11.06482900 15.76267000 1.15431200
v -11.84005100 16.01577800 1.35276700
v -11.85134700 15.97724900 1.33739400
v -11.85571900 15.93791000 1.35417900
v 0.11485500 17.08330200 -0.11875800
v 0.01974400 17.15396700 0.02655200
v 0.13390300 16.91282700 -0.19445700
v 0.70098500 16.92126100 0.33936600
v 0.61229100 16.98790700 0.47830600
v 0.71593000 16.76036100 0.26520000
v 1.28054800 16.76079800 0.79247100
v 1.19471300 16.82427800 0.92232000
v 1.29879500 16.60769500 0.72549900
v 1.93009600 16.63764000 1.30464400
v 1.84511600 16.69816600 1.42384000
v 1.95553400 16.49194900 1.24790300
v 2.55821300 16.57626000 1.80930800
v 2.47455300 16.63341000 1.91816200
v 2.58987800 16.43882900 1.76214200
v 3.11655400 16.56819200 2.26443500
v 3.03591900 16.62162400 2.36427100
v 3.15194400 16.43969700 2.22492000
v 3.74853000 16.59955400 2.77270000
v 3.67313900 16.64923900 2.86527500
v 3.78448500 16.48019400 2.73831100
v 4.38861300 16.65136700 3.26927900
v 4.31855500 16.69729400 3.35466700
v 4.42469900 16.54124500 3.23962400
v 4.95889700 16.73186100 3.70729600
v 4.89185500 16.77364200 3.78373200
v 4.99660400 16.63138600 3.68351400
v 5.58254100 16.86807300 4.21508600
v 5.51690700 16.90512800 4.28114700
v 5.62188800 16.77760700 4.19740400
v 6.17113300 17.04435000 4.75109600
v 6.10790000 17.07658600 4.80729000
v 6.21101200 16.96399300 4.73894300
v 6.67067800 17.23918000 5.23871000
v 6.61387400 17.26783000 5.28857000
v 6.70800300 17.16808500 5.22942700
v 7.25453500 17.47115100 5.75331100
v 7.20713900 17.49741200 5.79939800
v 7.28669800 17.40831000 5.74455900
v 7.87290000 17.70631400 6.22385300
v 7.83426600 17.72991200 6.26538700
v 7.90012000 17.65181700 6.21587400
v 8.44219400 17.92722100 6.61556100
v 8.41036400 17.94737400 6.65102500
v 8.46508800 17.88131300 6.60882100
v 9.08361900 18.17679600 7.05736400
v 9.05734800 18.19301000 7.08590400
v 9.10224000 18.13950000 7.05189900
v 0.01974400 17.15396700 0.02655200
v -0.09571700 17.08342900 0.15635200
v -0.16389100 16.91300800 0.19460800
v 0.61229100 16.98790700 0.47830600
v 0.50180300 16.92126100 0.60063000
v 0.43424300 16.76036100 0.63468300
v 1.19471300 16.82427800 0.92232000
v 1.09157000 16.76095400 1.03898200
v 1.03153900 16.60791600 1.07411800
v 1.84511600 16.69816600 1.42384000
v 1.75037400 16.63807100 1.53566600
v 1.70137000 16.49255900 1.57461700
v 2.47455300 16.63341000 1.91816200
v 2.38790400 16.57679900 2.02494100
v 2.34902500 16.43959200 2.06709400
v 3.03591900 16.62162400 2.36427100
v 2.95727300 16.56869500 2.46594600
v 2.92668700 16.44041100 2.50990100
v 3.67313900 16.64923900 2.86527500
v 3.60247500 16.60014200 2.96180700
v 3.57793200 16.48102200 3.00574900
v 4.31855500 16.69729400 3.35466700
v 4.25556200 16.65211900 3.44577000
v 4.23653600 16.54230900 3.48922100
v 4.89185500 16.77364200 3.78373200
v 4.83475300 16.73225400 3.86804700
v 4.82103900 16.63194300 3.91085100
v 5.51690700 16.90512800 4.28114700
v 5.46343500 16.86706700 4.35689000
v 5.45344700 16.77618400 4.39794600
v 6.10790000 17.07658600 4.80729000
v 6.05835600 17.04181700 4.87460800
v 6.05152100 16.96041100 4.91361600
v 6.61387400 17.26783000 5.28857000
v 6.57086500 17.23725500 5.34979900
v 6.56684600 17.16536500 5.38653100
v 7.20713900 17.49741200 5.79939800
v 7.17227500 17.47170800 5.85582300
v 7.17036300 17.40910000 5.88953400
v 7.83426600 17.72991200 6.26538700
v 7.80684700 17.70878400 6.31614400
v 7.80670600 17.65531200 6.34639400
v 8.41036400 17.94737400 6.65102500
v 8.38824400 17.92997000 6.69443900
v 8.38879000 17.88520100 6.72037200
v 9.05734800 18.19301000 7.08590400
v 9.03881500 18.17864400 7.12080000
v 9.03887600 18.14211300 7.14161100
v -0.16389100 16.91300800 0.19460800
v -0.14484400 16.74253100 0.11890900
v -0.04973200 16.67186500 -0.02640100
v 0.43424300 16.76036100 0.63468300
v 0.44918800 16.59946100 0.56051700
v 0.53788200 16.53281400 0.42157800
v 1.03153900 16.60791600 1.07411800
v 1.04978600 16.45481300 1.00714500
v 1.13562200 16.39133300 0.87729600
v 1.70137000 16.49255900 1.57461700
v 1.72680800 16.34686900 1.51787500
v 1.81178800 16.28634300 1.39868000
v 2.34902500 16.43959200 2.06709400
v 2.38068900 16.30216200 2.01992800
v 2.46435000 16.24501200 1.91107400
v 2.92668700 16.44041100 2.50990100
v 2.96207800 16.31191600 2.47038600
v 3.04271300 16.25848400 2.37054900
v 3.57793200 16.48102200 3.00574900
v 3.61388600 16.36166200 2.97136000
v 3.68927700 16.31197700 2.87878500
v 4.23653600 16.54230900 3.48922100
v 4.27262200 16.43218600 3.45956700
v 4.34268000 16.38625900 3.37417800
v 4.82103900 16.63194300 3.91085100
v 4.85874700 16.53146700 3.88706800
v 4.92578800 16.48968700 3.81063200
v 5.45344700 16.77618400 4.39794600
v 5.49279500 16.68571900 4.38026400
v 5.55842800 16.64866300 4.31420300
v 6.05152100 16.96041100 4.91361600
v 6.09140100 16.88005400 4.90146400
v 6.15463300 16.84781800 4.84527000
v 6.56684600 17.16536500 5.38653100
v 6.60417100 17.09427100 5.37724800
v 6.66097500 17.06562000 5.32738800
v 7.17036300 17.40910000 5.88953400
v 7.20252700 17.34625800 5.88078200
v 7.24992200 17.31999800 5.83469400
v 7.80670600 17.65531200 6.34639400
v 7.83392600 17.60081500 6.33841500
v 7.87256100 17.57721700 6.29688200
v 8.38879000 17.88520100 6.72037200
v 8.41168400 17.83929300 6.71363200
v 8.44351400 17.81913900 6.67816800
v 9.03887600 18.14211300 7.14161100
v 9.05749600 18.10481600 7.13614600
v 9.08376700 18.08860200 7.10760600
v -0.04973200 16.67186500 -0.02640100
v 0.06572800 16.74240300 -0.15620200
v 0.13390300 16.91282700 -0.19445700
v 0.53788200 16.53281400 0.42157800
v 0.64837000 16.59946100 0.29925400
v 0.71593000 16.76036100 0.26520000
v 1.13562200 16.39133300 0.87729600
v 1.23876500 16.45465700 0.76063400
v 1.29879500 16.60769500 0.72549900
v 1.81178800 16.28634300 1.39868000
v 1.90652900 16.34643700 1.28685400
v 1.95553400 16.49194900 1.24790300
v 2.46435000 16.24501200 1.91107400
v 2.55099800 16.30162200 1.80429500
v 2.58987800 16.43882900 1.76214200
v 3.04271300 16.25848400 2.37054900
v 3.12135800 16.31141300 2.26887400
v 3.15194400 16.43969700 2.22492000
v 3.68927700 16.31197700 2.87878500
v 3.75994100 16.36107400 2.78225300
v 3.78448500 16.48019400 2.73831100
v 4.34268000 16.38625900 3.37417800
v 4.40567300 16.43143500 3.28307500
v 4.42469900 16.54124500 3.23962400
v 4.92578800 16.48968700 3.81063200
v 4.98289100 16.53107500 3.72631700
v 4.99660400 16.63138600 3.68351400
v 5.55842800 16.64866300 4.31420300
v 5.61190100 16.68672400 4.23846000
v 5.62188800 16.77760700 4.19740400
v 6.15463300 16.84781800 4.84527000
v 6.20417700 16.88258700 4.77795100
v 6.21101200 16.96399300 4.73894300
v 6.66097500 17.06562000 5.32738800
v 6.70398400 17.09619500 5.26615900
v 6.70800300 17.16808500 5.22942700
v 7.24992200 17.31999800 5.83469400
v 7.28478700 17.34570100 5.77826900
v 7.28669800 17.40831000 5.74455900
v 7.87256100 17.57721700 6.29688200
v 7.89997900 17.59834500 6.24612400
v 7.90012000 17.65181700 6.21587400
v 8.44351400 17.81913900 6.67816800
v 8.46563400 17.83654400 6.63475400
v 8.46508800 17.88131300 6.60882100
v 9.08376700 18.08860200 7.10760600
v 9.10230100 18.10296800 7.07271000
v 9.10224000 18.13950000 7.05189900
v -0.19158500 18.22642100 -0.01112800
v -0.02677800 18.29551900 -0.05192300
v -0.25559500 18.05974600 0.03036300
v -0.30685600 18.07009700 -0.72920800
v -0.15086500 18.13529000 -0.76959200
v -0.36696600 17.91270800 -0.68643500
v -0.42092400 17.91511900 -1.44027900
v -0.27305700 17.97718200 -1.47621600
v -0.47853100 17.76545300 -1.40436600
v -0.54535000 17.79138900 -2.24039400
v -0.40526200 17.85051900 -2.26973300
v -0.60111300 17.64908400 -2.21546100
v -0.65975400 17.72064200 -3.02036300
v -0.52756000 17.77649700 -3.04360400
v -0.71344200 17.58636900 -3.00540000
v -0.75674300 17.69832400 -3.71821700
v -0.63268300 17.75060700 -3.73677500
v -0.80800000 17.57265900 -3.71120000
v -0.86791000 17.71474500 -4.50430200
v -0.75226500 17.76334000 -4.52000900
v -0.91627000 17.59796100 -4.50219300
v -0.98292200 17.75336300 -5.28961800
v -0.87572600 17.79821800 -5.30271300
v -1.02829500 17.64560500 -5.29173900
v -1.08447300 17.82251500 -5.98507700
v -0.98556700 17.86344100 -5.99456200
v -1.12704700 17.72414200 -5.99263300
v -1.19384600 17.95021200 -6.76157700
v -1.10309900 17.98684100 -6.76635300
v -1.23357600 17.86161800 -6.77469700
v -1.27902900 18.12828100 -7.53129500
v -1.19660600 18.16049000 -7.53201400
v -1.31563900 18.04964400 -7.54883600
v -1.34602300 18.32980300 -8.20657400
v -1.27256500 18.35886800 -8.20824900
v -1.37888700 18.25998900 -8.22357900
v -1.47286100 18.55502300 -8.95757000
v -1.40910200 18.58206400 -8.96379800
v -1.50130900 18.49280200 -8.96999200
v -1.66527000 18.76314400 -9.69918100
v -1.61127700 18.78769900 -9.70857700
v -1.68928000 18.70877800 -9.70780900
v -1.88008200 18.94655000 -10.35031700
v -1.83504000 18.96761700 -10.35954400
v -1.90012400 18.90060600 -10.35704100
v -2.12129100 19.15441300 -11.08430000
v -2.08444300 19.17130900 -11.09104400
v -2.13767900 19.11717400 -11.09007500
v -0.02677800 18.29551900 -0.05192300
v 0.14228400 18.22656100 -0.06812400
v 0.21656800 18.05994000 -0.05024200
v -0.15086500 18.13529000 -0.76959200
v 0.00963000 18.07009700 -0.78393100
v 0.08061200 17.91270800 -0.76382500
v -0.27305700 17.97718200 -1.47621600
v -0.12154800 17.91528900 -1.49112600
v -0.05514900 17.76569400 -1.47627500
v -0.40526200 17.85051900 -2.26973300
v -0.26291000 17.79183800 -2.28629200
v -0.20168200 17.64971700 -2.28037000
v -0.52756000 17.77649700 -3.04360400
v -0.39429700 17.72121800 -3.06150900
v -0.33802900 17.58718500 -3.06358900
v -0.63268300 17.75060700 -3.73677500
v -0.50849300 17.69887900 -3.75600200
v -0.45692100 17.57344100 -3.76463700
v -0.75226500 17.76334000 -4.52000900
v -0.63707900 17.71527700 -4.54011200
v -0.58982700 17.59871300 -4.55283600
v -0.87572600 17.79821800 -5.30271300
v -0.76949900 17.75389500 -5.32335200
v -0.72646800 17.64636000 -5.33944700
v -0.98556700 17.86344100 -5.99456200
v -0.88826700 17.82294300 -6.01553200
v -0.84957000 17.72474500 -6.03570300
v -1.10309900 17.98684100 -6.76635300
v -1.01449400 17.95005000 -6.78622700
v -0.97993400 17.86138900 -6.80955800
v -1.19660600 18.16049000 -7.53201400
v -1.11665200 18.12740700 -7.55057400
v -1.08600300 18.04840900 -7.57610100
v -1.27256500 18.35886800 -8.20824900
v -1.20154600 18.33015600 -8.22762200
v -1.17456700 18.26048500 -8.25334500
v -1.40910200 18.58206400 -8.96379800
v -1.34738200 18.55808300 -8.98502700
v -1.32385500 18.49712800 -9.00882100
v -1.61127700 18.78769900 -9.70857700
v -1.55892800 18.76805900 -9.73049600
v -1.53888900 18.71572900 -9.75209800
v -1.83504000 18.96761700 -10.35954400
v -1.79138400 18.95146800 -10.37931800
v -1.77468600 18.90756000 -10.39805500
v -2.08444300 19.17130900 -11.09104400
v -2.04872100 19.15796300 -11.10635800
v -2.03505000 19.12219400 -11.12126800
v 0.21656800 18.05994000 -0.05024200
v 0.15255800 17.89326500 -0.00875100
v -0.01224800 17.82416700 0.03204400
v 0.08061200 17.91270800 -0.76382500
v 0.02050200 17.75532000 -0.72105200
v -0.13548900 17.69012600 -0.68066800
v -0.05514900 17.76569400 -1.47627500
v -0.11275600 17.61602800 -1.44036200
v -0.26062400 17.55396500 -1.40442500
v -0.20168200 17.64971700 -2.28037000
v -0.25744500 17.50741200 -2.25543700
v -0.39753300 17.44828200 -2.22609800
v -0.33802900 17.58718500 -3.06358900
v -0.39171700 17.45291100 -3.04862600
v -0.52391100 17.39705700 -3.02538400
v -0.45692100 17.57344100 -3.76463700
v -0.50817900 17.44777500 -3.75761900
v -0.63223900 17.39549300 -3.73906200
v -0.58982700 17.59871300 -4.55283600
v -0.63818800 17.48193000 -4.55072700
v -0.75383200 17.43333400 -4.53502000
v -0.72646800 17.64636000 -5.33944700
v -0.77184000 17.53860300 -5.34156800
v -0.87903700 17.49374800 -5.32847300
v -0.84957000 17.72474500 -6.03570300
v -0.89214300 17.62637100 -6.04326000
v -0.99104900 17.58544500 -6.03377400
v -0.97993400 17.86138900 -6.80955800
v -1.01966400 17.77279500 -6.82267900
v -1.11041000 17.73616600 -6.81790300
v -1.08600300 18.04840900 -7.57610100
v -1.12261300 17.96977200 -7.59364200
v -1.20503600 17.93756300 -7.59292300
v -1.17456700 18.26048500 -8.25334500
v -1.20743100 18.19067000 -8.27035000
v -1.28088900 18.16160600 -8.26867600
v -1.32385500 18.49712800 -9.00882100
v -1.35230400 18.43490600 -9.02124300
v -1.41606200 18.40786600 -9.01501600
v -1.53888900 18.71572900 -9.75209800
v -1.56289900 18.66136400 -9.76072700
v -1.61689200 18.63680800 -9.75133000
v -1.77468600 18.90756000 -10.39805500
v -1.79472900 18.86161600 -10.40477900
v -1.83977100 18.84054900 -10.39555300
v -2.03505000 19.12219400 -11.12126800
v -2.05143900 19.08495500 -11.12704400
v -2.08828600 19.06806000 -11.12029900
v -0.01224800 17.82416700 0.03204400
v -0.18131100 17.89312600 0.04824500
v -0.25559500 18.05974600 0.03036300
v -0.13548900 17.69012600 -0.68066800
v -0.29598300 17.75532000 -0.66632900
v -0.36696600 17.91270800 -0.68643500
v -0.26062400 17.55396500 -1.40442500
v -0.41213200 17.61585800 -1.38951500
v -0.47853100 17.76545300 -1.40436600
v -0.39753300 17.44828200 -2.22609800
v -0.53988500 17.50696400 -2.20953900
v -0.60111300 17.64908400 -2.21546100
v -0.52391100 17.39705700 -3.02538400
v -0.65717400 17.45233500 -3.00748000
v -0.71344200 17.58636900 -3.00540000
v -0.63223900 17.39549300 -3.73906200
v -0.75642900 17.44722000 -3.71983400
v -0.80800000 17.57265900 -3.71120000
v -0.75383200 17.43333400 -4.53502000
v -0.86901800 17.48139800 -4.51491700
v -0.91627000 17.59796100 -4.50219300
v -0.87903700 17.49374800 -5.32847300
v -0.98526400 17.53807100 -5.30783300
v -1.02829500 17.64560500 -5.29173900
v -0.99104900 17.58544500 -6.03377400
v -1.08834900 17.62594400 -6.01280500
v -1.12704700 17.72414200 -5.99263300
v -1.11041000 17.73616600 -6.81790300
v -1.19901600 17.77295700 -6.79802800
v -1.23357600 17.86161800 -6.77469700
v -1.20503600 17.93756300 -7.59292300
v -1.28499000 17.97064600 -7.57436300
v -1.31563900 18.04964400 -7.54883600
v -1.28088900 18.16160600 -8.26867600
v -1.35190800 18.19031700 -8.24930300
v -1.37888700 18.25998900 -8.22357900
v -1.41606200 18.40786600 -9.01501600
v -1.47778300 18.43184700 -8.99378600
v -1.50130900 18.49280200 -8.96999200
v -1.61689200 18.63680800 -9.75133000
v -1.66924100 18.65644800 -9.72941100
v -1.68928000 18.70877800 -9.70780900
v -1.83977100 18.84054900 -10.39555300
v -1.88342700 18.85669900 -10.37577800
v -1.90012400 18.90060600 -10.35704100
v -2.08828600 19.06806000 -11.12029900
v -2.12400800 19.08140600 -11.10498600
v -2.13767900 19.11717400 -11.09007500
v 0.10374100 19.33018100 0.08675700
v 0.12817600 19.00252200 0.04711800
v 0.17416000 19.16631300 0.10314000
v -0.27925400 19.20507400 0.69135000
v -0.25278900 18.89531700 0.64844600
v -0.21070200 19.05019600 0.70402100
v -0.65907200 19.08087300 1.29082200
v -0.63840400 18.78678500 1.25727200
v -0.59660600 18.93378300 1.30658200
v -1.09176400 18.98826600 1.95984300
v -1.08096800 18.70945400 1.94190200
v -1.03770900 18.84872200 1.98226700
v -1.52486500 18.94506100 2.60100300
v -1.52312500 18.68261900 2.59694700
v -1.47878400 18.81367300 2.62916000
v -1.91773000 18.94461400 3.16667600
v -1.92308200 18.69940600 3.17337000
v -1.87806400 18.82185400 3.19811900
v -2.34634400 18.98087500 3.80940800
v -2.35565900 18.75319300 3.82238600
v -2.31086500 18.86681600 3.84086800
v -2.74774200 19.03568300 4.46923400
v -2.76016800 18.82572600 4.48757800
v -2.71615300 18.93038700 4.50037900
v -3.09454300 19.11554100 5.06315500
v -3.11104400 18.92392300 5.08861300
v -3.06838300 19.01952600 5.09662800
v -3.51538800 19.25154100 5.70735900
v -3.53559900 19.07859600 5.73851800
v -3.49546500 19.16534000 5.74392100
v -3.98641300 19.42609600 6.30562000
v -4.00980500 19.27195900 6.34055900
v -3.97232900 19.34981300 6.34381800
v -4.42790600 19.61838200 6.80464600
v -4.45247900 19.48247900 6.84036400
v -4.41717400 19.55113200 6.84101200
v -4.88551400 19.85518500 7.38349200
v -4.90876000 19.73647700 7.41705600
v -4.87588900 19.79590600 7.41525500
v -5.28971500 20.10558500 7.99488600
v -5.31111900 20.00393100 8.02589600
v -5.28130700 20.05432700 8.02217100
v -5.61893700 20.34741800 8.55485500
v -5.63756900 20.26226600 8.58200300
v -5.61194300 20.30431700 8.57798000
v -5.99076700 20.62043000 9.18632300
v -6.00555800 20.55098500 9.20778600
v -5.98503500 20.58537500 9.20502700
v -0.17728100 19.33037200 -0.08804500
v -0.22326500 19.16658000 -0.14406700
v -0.15284600 19.00271200 -0.12768400
v -0.54636000 19.20507400 0.52659100
v -0.58844700 19.05019600 0.47101600
v -0.51989600 18.89531700 0.48368700
v -0.91078900 19.08110400 1.13372800
v -0.95258800 18.93410900 1.08441900
v -0.89012100 18.78701600 1.10017900
v -1.32670100 18.98892200 1.80825600
v -1.36996100 18.84965300 1.76789100
v -1.31590500 18.71011000 1.79031500
v -1.74315900 18.94586800 2.45525700
v -1.78749900 18.81481400 2.42304400
v -1.74141900 18.68342600 2.45120100
v -2.12217500 18.94537400 3.03101700
v -2.16719200 18.82292600 3.00626700
v -2.12752700 18.70016500 3.03771000
v -2.54013900 18.98193400 3.68884100
v -2.58493300 18.86831100 3.67035900
v -2.54945400 18.75425100 3.70181800
v -2.93026600 19.03721600 4.36314000
v -2.97428000 18.93255400 4.35033900
v -2.94269100 18.82725900 4.38148400
v -3.26069200 19.11654300 4.96299800
v -3.30335300 19.02094100 4.95498300
v -3.27719300 18.92492500 4.98845600
v -3.66037900 19.25023100 5.60604300
v -3.70051300 19.16348600 5.60063900
v -3.68059000 19.07728600 5.63720200
v -4.11089300 19.42230000 6.20553800
v -4.14836900 19.34444600 6.20228000
v -4.13428500 19.26816400 6.24047800
v -4.53904600 19.61499400 6.71528500
v -4.57435100 19.54634100 6.71463700
v -4.56362000 19.47909200 6.75100300
v -4.98811000 19.85482400 7.31115900
v -5.02098100 19.79539500 7.31295900
v -5.01135600 19.73611600 7.34472200
v -5.38198600 20.10766000 7.93800700
v -5.41179800 20.05726400 7.94173200
v -5.40338900 20.00600600 7.96901800
v -5.69768900 20.34994700 8.50874100
v -5.72331500 20.30789600 8.51276400
v -5.71632100 20.26479500 8.53588900
v -6.05415300 20.62203400 9.14783000
v -6.07467700 20.58764500 9.15058900
v -6.06894400 20.55258900 9.16929200
v -0.04985000 20.52224000 -0.18803500
v -0.08669500 20.20128100 -0.17852500
v -0.08497700 20.36175700 -0.24810000
v 0.63273000 20.41298500 -0.35554500
v 0.59057300 20.10960600 -0.34466600
v 0.59579100 20.26129500 -0.41156800
v 1.30685700 20.30485200 -0.52087700
v 1.27653300 20.01677900 -0.51304900
v 1.27672700 20.16081200 -0.57507900
v 2.06072400 20.23885700 -0.70603300
v 2.05226600 19.96594800 -0.70380600
v 2.04255400 20.10238800 -0.75972500
v 2.79207200 20.23803500 -0.88149400
v 2.80327600 19.98196400 -0.88424000
v 2.78475300 20.10998500 -0.93435800
v 3.44540600 20.28359600 -1.03630700
v 3.46665900 20.04498900 -1.04160800
v 3.44370900 20.16426300 -1.08702800
v 4.18040200 20.35355600 -1.22073700
v 4.20080900 20.13165700 -1.22583800
v 4.17838400 20.24250600 -1.26780300
v 4.91289700 20.41062400 -1.42215200
v 4.93230300 20.20542300 -1.42702100
v 4.91058200 20.30785900 -1.46556000
v 5.55896900 20.47525200 -1.60766600
v 5.58641200 20.28793500 -1.61493700
v 5.56184200 20.38146800 -1.64900900
v 6.27832600 20.61170600 -1.79737200
v 6.31784500 20.44388200 -1.80792500
v 6.28928600 20.52790300 -1.83732400
v 6.99018000 20.81679300 -1.95251500
v 7.03880700 20.66908300 -1.96508500
v 7.00753000 20.74333000 -1.99035100
v 7.61264800 21.05302800 -2.07016600
v 7.66264100 20.92362600 -2.08281900
v 7.63135600 20.98865100 -2.10464600
v 8.30289600 21.33343100 -2.22386700
v 8.34798800 21.22001800 -2.23526400
v 8.31908200 21.27666500 -2.25414300
v 8.98372600 21.61412600 -2.40903600
v 9.02376300 21.51665500 -2.41918600
v 8.99755700 21.56503900 -2.43514100
v 9.58093100 21.87741300 -2.59041000
v 9.61547900 21.79571000 -2.59921600
v 9.59277400 21.83616600 -2.61245400
v 10.25350400 22.17435800 -2.79488500
v 10.28109400 22.10776300 -2.80189000
v 10.26301300 22.14079900 -2.81275900
v 0.03080500 20.52225300 0.12494600
v 0.02908700 20.36177600 0.19452200
v -0.00604100 20.20129400 0.13445600
v 0.70931300 20.41298500 -0.05878000
v 0.70409500 20.26129500 0.00812200
v 0.66715600 20.10960600 -0.04790100
v 1.37913000 20.30486900 -0.24026600
v 1.37893600 20.16083500 -0.17823500
v 1.34880600 20.01679600 -0.23243800
v 2.12804000 20.23893200 -0.44141100
v 2.13775300 20.10249100 -0.38549300
v 2.11958200 19.96602200 -0.43918400
v 2.85446100 20.23809800 -0.63287100
v 2.87298400 20.11007700 -0.58275300
v 2.86566400 19.98202700 -0.63561700
v 3.50491100 20.28373900 -0.80420100
v 3.52786100 20.16446500 -0.75878100
v 3.52616400 20.04513200 -0.80950300
v 4.23941200 20.35404200 -1.00579800
v 4.26183700 20.24319300 -0.96383300
v 4.25981900 20.13214300 -1.01089900
v 4.97092900 20.41141700 -1.22431500
v 4.99265100 20.30898100 -1.18577600
v 4.99033500 20.20621700 -1.22918400
v 5.61135300 20.47585900 -1.42559800
v 5.63592300 20.38232600 -1.39152600
v 5.63879600 20.28854200 -1.43286900
v 6.32081200 20.61118300 -1.62994200
v 6.34937100 20.52716300 -1.60054300
v 6.36033100 20.44335900 -1.64049600
v 7.02380400 20.81489900 -1.80017600
v 7.05508100 20.74065200 -1.77491000
v 7.07243100 20.66718900 -1.81274500
v 7.64301300 21.05146800 -1.93422600
v 7.67429800 20.98644300 -1.91239800
v 7.69300600 20.92206600 -1.94687800
v 8.33360700 21.33371500 -2.10519700
v 8.36251300 21.27706900 -2.08631800
v 8.37869800 21.22030300 -2.11659400
v 9.01360400 21.61582600 -2.30749300
v 9.03981000 21.56744200 -2.29153800
v 9.05364100 21.51835400 -2.31764300
v 9.60714900 21.87932000 -2.50523300
v 9.62985300 21.83886300 -2.49199400
v 9.64169700 21.79761700 -2.51403800
v 10.27419700 22.17563400 -2.72549300
v 10.29227700 22.14259900 -2.71462300
v 10.30178600 22.10903900 -2.73249700
v 0.07582200 21.70430900 -0.22175800
v 0.05692700 21.54707300 -0.15798000
v -0.01108300 21.48192600 -0.01557800
v -0.53977400 21.63276700 -0.52705500
v -0.55446700 21.48399900 -0.46490600
v -0.61746200 21.42237900 -0.32909500
v -1.15471800 21.56129100 -0.83201400
v -1.17286700 21.42021900 -0.77546200
v -1.23440100 21.36176500 -0.64808500
v -1.84114000 21.53255300 -1.17746600
v -1.86683300 21.39927300 -1.12869000
v -1.92923800 21.34401300 -1.01098500
v -2.49995100 21.55833400 -1.51985000
v -2.53214500 21.43352100 -1.47839600
v -2.59493200 21.38180400 -1.37015600
v -3.08620300 21.62569600 -1.82702800
v -3.12193500 21.50965300 -1.79130300
v -3.18211300 21.46147300 -1.69092100
v -3.75082000 21.73988200 -2.15548100
v -3.78665900 21.63237000 -2.12357400
v -3.84119800 21.58731300 -2.02946300
v -4.42385400 21.87523500 -2.45608300
v -4.45944700 21.77629900 -2.42771600
v -4.50854000 21.73433900 -2.34002900
v -5.02137700 22.02869000 -2.70237500
v -5.05829600 21.93887900 -2.67818800
v -5.10482100 21.90069000 -2.59824200
v -5.67398400 22.23937400 -2.98468500
v -5.71256900 22.15910100 -2.96488700
v -5.75856800 22.12545600 -2.89363700
v -6.30295000 22.49118400 -3.28403800
v -6.34219200 22.42044800 -3.26830900
v -6.38690500 22.39133300 -3.20550800
v -6.84988000 22.75211100 -3.55438900
v -6.88606500 22.68948000 -3.54092600
v -6.92625800 22.66360900 -3.48499300
v -7.47643500 23.03710000 -3.84520800
v -7.50655100 22.98120700 -3.83253100
v -7.53996300 22.95755800 -3.78237200
v -8.12084900 23.29950000 -4.11543400
v -8.14538700 23.25061800 -4.10383600
v -8.17254400 23.22948600 -4.05976900
v -8.70228100 23.52570700 -4.34073100
v -8.72257300 23.48440200 -4.33081100
v -8.74492700 23.46640400 -4.29349000
v -9.35344300 23.77973400 -4.59528800
v -9.37014100 23.74626000 -4.58731700
v -9.38859700 23.73175600 -4.55712100
v -0.01108300 21.48192600 -0.01557800
v -0.08836800 21.54703100 0.12203100
v -0.12965600 21.70424800 0.17423700
v -0.61746200 21.42237900 -0.32909500
v -0.69185800 21.48399900 -0.19918000
v -0.73407400 21.63276700 -0.15126100
v -1.23440100 21.36176500 -0.64808500
v -1.30327400 21.42017000 -0.52449800
v -1.33914200 21.56121800 -0.47709700
v -1.92923800 21.34401300 -1.01098500
v -1.99179800 21.39914100 -0.89330000
v -2.01786700 21.53236600 -0.84457400
v -2.59493200 21.38180400 -1.37015600
v -2.65153200 21.43347700 -1.25853500
v -2.66879100 21.55827000 -1.20891900
v -3.18211300 21.46147300 -1.69092100
v -3.23148700 21.50938200 -1.58468500
v -3.24113300 21.62531500 -1.53482600
v -3.84119800 21.58731300 -2.02946300
v -3.88248800 21.63110500 -1.92827600
v -3.88634200 21.73809600 -1.87928700
v -4.50854000 21.73433900 -2.34002900
v -4.54237400 21.77393300 -2.24438700
v -4.54113100 21.87188900 -2.19681700
v -5.10482100 21.90069000 -2.59824200
v -5.13369700 21.93649500 -2.50936900
v -5.12800900 22.02531800 -2.46363000
v -5.75856800 22.12545600 -2.89363700
v -5.78503700 22.15814600 -2.81267200
v -5.77646900 22.23802400 -2.76942000
v -6.38690500 22.39133300 -3.20550800
v -6.41089800 22.42089300 -3.13242300
v -6.40011500 22.49181400 -3.09186600
v -6.92625800 22.66360900 -3.48499300
v -6.94691500 22.68965300 -3.41935500
v -6.93593400 22.75235600 -3.38246300
v -7.53996300 22.95755800 -3.78237200
v -7.55709900 22.98000500 -3.72411200
v -7.54791900 23.03539800 -3.69188100
v -8.17254400 23.22948600 -4.05976900
v -8.18641400 23.24848400 -4.00904600
v -8.17887000 23.29648200 -3.98138100
v -8.74492700 23.46640400 -4.29349000
v -8.75624800 23.48225800 -4.25063100
v -8.74990600 23.52267800 -4.22734000
v -9.38859700 23.73175600 -4.55712100
v -9.39800000 23.74471700 -4.52238800
v -9.39284100 23.77755200 -4.50346400
v 0.12914400 23.05303800 -0.05240700
v -0.01371800 23.11667100 0.00482700
v 0.18527200 22.89951500 -0.08427200
v 0.35678400 22.98375500 0.58086100
v 0.22199500 23.04394000 0.63697600
v 0.40878300 22.83845700 0.54733900
v 0.58222800 22.91496300 1.20819400
v 0.45389400 22.97205900 1.25881600
v 0.63300300 22.77724100 1.18086700
v 0.82677700 22.88610600 1.91164000
v 0.70388100 22.94006000 1.95382100
v 0.87786800 22.75608300 1.89499300
v 1.04721500 22.90957600 2.59656400
v 0.93005700 22.95999100 2.63085400
v 1.09809700 22.78789500 2.58960700
v 1.23379400 22.97028000 3.20653500
v 1.12370100 23.01722000 3.23683700
v 1.28309000 22.85709800 3.20529100
v 1.45920600 23.06673000 3.88448900
v 1.35749500 23.11068900 3.91467500
v 1.50546400 22.96161800 3.88448400
v 1.71013700 23.17042700 4.55282400
v 1.61676000 23.21141100 4.58257700
v 1.75332700 23.07338300 4.55386600
v 1.94522800 23.28585800 5.13933400
v 1.85880800 23.32318300 5.16514400
v 1.98655000 23.19756700 5.14434400
v 2.19510100 23.46119900 5.79472600
v 2.11473600 23.49408900 5.81420900
v 2.23495800 23.38228200 5.80490900
v 2.41481100 23.68201400 6.44692400
v 2.34092900 23.71043200 6.46087300
v 2.45261100 23.61252800 6.46119000
v 2.59392200 23.91675200 7.01966300
v 2.52774000 23.94186000 7.03147500
v 2.62835800 23.85554500 7.03442000
v 2.81372000 24.18753800 7.65494000
v 2.75607700 24.21034400 7.66696600
v 2.84379100 24.13340200 7.66729000
v 3.06016500 24.45357900 8.28166400
v 3.01093300 24.47387700 8.29340200
v 3.08594000 24.40661600 8.29184800
v 3.29379100 24.69631400 8.83226100
v 3.25249600 24.71357200 8.84251300
v 3.31549500 24.65677500 8.84084200
v 3.55693400 24.97019400 9.45175200
v 3.52329700 24.98411800 9.45986800
v 3.57456500 24.93807200 9.45871900
v -0.01371800 23.11667100 0.00482700
v -0.15962800 23.05314100 0.05390500
v -0.22311500 22.89966000 0.06607600
v 0.22199500 23.04394000 0.63697600
v 0.08337400 22.98375500 0.68281400
v 0.02212200 22.83845700 0.69152200
v 0.45389400 22.97205900 1.25881600
v 0.32317700 22.91508300 1.30307800
v 0.26665000 22.77741200 1.31505300
v 0.70388100 22.94006000 1.95382100
v 0.58117000 22.88633500 1.99682600
v 0.53052700 22.75640700 2.01546300
v 0.93005700 22.95999100 2.63085400
v 0.81525300 22.90961100 2.67239000
v 0.77005400 22.78794500 2.69684200
v 1.12370100 23.01722000 3.23683700
v 1.01730300 22.97042100 3.27844400
v 0.97692600 22.85729600 3.30698400
v 1.35749500 23.11068900 3.91467500
v 1.25991200 23.06774300 3.95736000
v 1.22362100 22.96304900 3.98753800
v 1.61676000 23.21141100 4.58257700
v 1.52789600 23.17232300 4.62569700
v 1.49559900 23.07606500 4.65692400
v 1.85880800 23.32318300 5.16514400
v 1.77791300 23.28767800 5.20665500
v 1.74993100 23.20014200 5.23955100
v 2.11473600 23.49408900 5.81420900
v 2.04093800 23.46168700 5.85194300
v 2.01693700 23.38297300 5.88582600
v 2.34092900 23.71043200 6.46087300
v 2.27424400 23.68113500 6.49486500
v 2.25381900 23.61128400 6.52898900
v 2.52774000 23.94186000 7.03147500
v 2.46858200 23.91616100 7.06293500
v 2.45110100 23.85471000 7.09561400
v 2.75607700 24.21034400 7.66696600
v 2.70462900 24.18846300 7.69632200
v 2.68951300 24.13471000 7.72581300
v 3.01093300 24.47387700 8.29340200
v 2.96708200 24.45561800 8.32018600
v 2.95430100 24.40950000 8.34632800
v 3.25249600 24.71357200 8.84251300
v 3.21580100 24.69843900 8.86559200
v 3.20520200 24.65977700 8.88797900
v 3.52329700 24.98411800 9.45986800
v 3.49335700 24.97168500 9.47831400
v 3.48465300 24.94018200 9.49628400
v -0.22311500 22.89966000 0.06607600
v -0.16698800 22.74613800 0.03421100
v -0.02412500 22.68250500 -0.02302400
v 0.02212200 22.83845700 0.69152200
v 0.07412100 22.69315900 0.65800100
v 0.20891000 22.63297500 0.60188500
v 0.26665000 22.77741200 1.31505300
v 0.31742500 22.63969000 1.28772500
v 0.44575900 22.58259400 1.23710400
v 0.53052700 22.75640700 2.01546300
v 0.58161700 22.62638300 1.99881600
v 0.70451300 22.57243000 1.95663600
v 0.77005400 22.78794500 2.69684200
v 0.82093700 22.66626400 2.68988500
v 0.93809400 22.61584900 2.65559500
v 0.97692600 22.85729600 3.30698400
v 1.02622200 22.74411400 3.30573900
v 1.13631500 22.69717400 3.27543800
v 1.22362100 22.96304900 3.98753800
v 1.26987900 22.85793700 3.98753300
v 1.37159000 22.81397800 3.95734600
v 1.49559900 23.07606500 4.65692400
v 1.53878900 22.97902100 4.65796700
v 1.63216600 22.93803800 4.62821400
v 1.74993100 23.20014200 5.23955100
v 1.79125300 23.11185100 5.24456100
v 1.87767300 23.07452600 5.21875100
v 2.01693700 23.38297300 5.88582600
v 2.05679400 23.30405600 5.89600800
v 2.13716000 23.27116600 5.87652600
v 2.25381900 23.61128400 6.52898900
v 2.29161900 23.54179800 6.54325500
v 2.36550100 23.51338000 6.52930600
v 2.45110100 23.85471000 7.09561400
v 2.48553800 23.79350300 7.11037000
v 2.55171900 23.76839400 7.09855800
v 2.68951300 24.13471000 7.72581300
v 2.71958400 24.08057400 7.73816300
v 2.77722700 24.05776800 7.72613700
v 2.95430100 24.40950000 8.34632800
v 2.98007600 24.36253700 8.35651200
v 3.02930900 24.34223900 8.34477400
v 3.20520200 24.65977700 8.88797900
v 3.22690700 24.62023700 8.89656000
v 3.26820100 24.60298000 8.88630800
v 3.48465300 24.94018200 9.49628400
v 3.50228300 24.90806000 9.50325200
v 3.53592100 24.89413600 9.49513500
v -0.02412500 22.68250500 -0.02302400
v 0.12178500 22.74603500 -0.07210100
v 0.18527200 22.89951500 -0.08427200
v 0.20891000 22.63297500 0.60188500
v 0.34753100 22.69315900 0.55604800
v 0.40878300 22.83845700 0.54733900
v 0.44575900 22.58259400 1.23710400
v 0.57647600 22.63957000 1.19284100
v 0.63300300 22.77724100 1.18086700
v 0.70451300 22.57243000 1.95663600
v 0.82722400 22.62615400 1.91363100
v 0.87786800 22.75608300 1.89499300
v 0.93809400 22.61584900 2.65559500
v 1.05289800 22.66622900 2.61405800
v 1.09809700 22.78789500 2.58960700
v 1.13631500 22.69717400 3.27543800
v 1.24271200 22.74397300 3.23383100
v 1.28309000 22.85709800 3.20529100
v 1.37159000 22.81397800 3.95734600
v 1.46917200 22.85692400 3.91466200
v 1.50546400 22.96161800 3.88448400
v 1.63216600 22.93803800 4.62821400
v 1.72103100 22.97712500 4.58509400
v 1.75332700 23.07338300 4.55386600
v 1.87767300 23.07452600 5.21875100
v 1.95856800 23.11003100 5.17724000
v 1.98655000 23.19756700 5.14434400
v 2.13716000 23.27116600 5.87652600
v 2.21095800 23.30356800 5.83879100
v 2.23495800 23.38228200 5.80490900
v 2.36550100 23.51338000 6.52930600
v 2.43218600 23.54267700 6.49531400
v 2.45261100 23.61252800 6.46119000
v 2.55171900 23.76839400 7.09855800
v 2.61087700 23.79409400 7.06709900
v 2.62835800 23.85554500 7.03442000
v 2.77722700 24.05776800 7.72613700
v 2.82867600 24.07964900 7.69678000
v 2.84379100 24.13340200 7.66729000
v 3.02930900 24.34223900 8.34477400
v 3.07315900 24.36049800 8.31799000
v 3.08594000 24.40661600 8.29184800
v 3.26820100 24.60298000 8.88630800
v 3.30489600 24.61811300 8.86322900
v 3.31549500 24.65677500 8.84084200
v 3.53592100 24.89413600 9.49513500
v 3.56586100 24.90656900 9.47668900
v 3.57456500 24.93807200 9.45871900
v 0.06031900 25.29910300 0.15308300
v 0.05122100 25.00703200 0.15729600
v 0.08101600 25.15307400 0.21019800
v -0.52577200 25.29845600 0.41734900
v -0.52846200 25.02135100 0.41860000
v -0.50291200 25.15990400 0.47001400
v -1.10633400 25.29765700 0.67906400
v -1.11671800 25.03590800 0.68386000
v -1.08899200 25.16679400 0.73082400
v -1.75449400 25.34433400 0.96112100
v -1.77995400 25.09904100 0.97258600
v -1.74702400 25.22178600 1.01382400
v -2.38429200 25.43913300 1.21229400
v -2.42299400 25.21125800 1.22921400
v -2.38569400 25.32545300 1.26527000
v -2.94139200 25.56227900 1.42265700
v -2.98854600 25.35181400 1.44294400
v -2.94781600 25.45719900 1.47425900
v -3.55065600 25.73168000 1.67866400
v -3.60043800 25.53759800 1.70015000
v -3.55783600 25.63427900 1.72719500
v -4.13970700 25.91466900 1.97098500
v -4.19108500 25.73692300 1.99354000
v -4.14742700 25.82493600 2.01641700
v -4.65012400 26.10411600 2.24812000
v -4.70462900 25.94362800 2.27274500
v -4.66092100 26.02310400 2.29184700
v -5.22647500 26.35612300 2.53231400
v -5.28309100 26.21291900 2.55820000
v -5.24130900 26.28450800 2.57465600
v -5.81124900 26.63990600 2.76389200
v -5.86871900 26.51378100 2.78993800
v -5.82920900 26.57753800 2.80405300
v -6.32589900 26.92185200 2.93967600
v -6.38142600 26.81162500 2.96455500
v -6.34395200 26.86730800 2.97630900
v -6.88210100 27.25361400 3.16476700
v -6.93268500 27.15768600 3.18739600
v -6.89774500 27.20547500 3.19689800
v -7.41319600 27.59402700 3.43262900
v -7.45838900 27.51219600 3.45294400
v -7.42656100 27.55236100 3.46030100
v -7.86827100 27.91079100 3.69375500
v -7.90707400 27.84242800 3.71129100
v -7.87962300 27.87578200 3.71710900
v -8.38157700 28.26826500 3.98791600
v -8.41266300 28.21242900 4.00191000
v -8.39074000 28.23978800 4.00685300
v 0.06031900 25.29910300 0.15308300
v 0.00125300 25.35957700 0.01940800
v -0.06158100 25.29907000 -0.11252200
v -0.52577200 25.29845600 0.41734900
v -0.58365200 25.35584800 0.29145500
v -0.64264700 25.29845800 0.16607900
v -1.10633400 25.29765700 0.67906400
v -1.15858600 25.35184300 0.55890200
v -1.21513900 25.29760700 0.44072500
v -1.75449400 25.34433400 0.96112100
v -1.79798900 25.39489700 0.84535000
v -1.85202900 25.34385700 0.73432700
v -2.38429200 25.43913300 1.21229400
v -2.41960800 25.48570800 1.10132000
v -2.47095500 25.43789300 0.99735500
v -2.94139200 25.56227900 1.42265700
v -2.97303700 25.60549700 1.31836700
v -3.02421400 25.56153900 1.22248000
v -3.55065600 25.73168000 1.67866400
v -3.58310500 25.77274300 1.58298400
v -3.63617500 25.73341800 1.49620500
v -4.13970700 25.91466900 1.97098500
v -4.17244800 25.95355800 1.88385700
v -4.22647100 25.91882300 1.80607100
v -4.65012400 26.10411600 2.24812000
v -4.67856300 26.13921000 2.16718000
v -4.72957800 26.10782800 2.09644000
v -5.22647500 26.35612300 2.53231400
v -5.24727800 26.38581100 2.45597800
v -5.29153300 26.35618400 2.39036400
v -5.81124900 26.63990600 2.76389200
v -5.82536100 26.66435100 2.69297900
v -5.86327700 26.63655300 2.63285500
v -6.32589900 26.92185200 2.93967600
v -6.33784200 26.94330600 2.87611400
v -6.37278500 26.91910400 2.82285800
v -6.88210100 27.25361400 3.16476700
v -6.89491500 27.27390900 3.10982500
v -6.92868200 27.25446900 3.06425600
v -7.41319600 27.59402700 3.43262900
v -7.42612300 27.61278500 3.38613900
v -7.45776900 27.59764900 3.34806300
v -7.86827100 27.91079100 3.69375500
v -7.87966800 27.92694700 3.65490800
v -7.90713800 27.91478500 3.62332600
v -8.38157700 28.26826500 3.98791600
v -8.39054000 28.28117800 3.95619200
v -8.41237900 28.27096600 3.93026500
v -0.06158100 25.29907000 -0.11252200
v -0.09137700 25.15302800 -0.16542500
v -0.07068000 25.00700000 -0.10831000
v -0.64264700 25.29845800 0.16607900
v -0.66819700 25.15990400 0.11466500
v -0.64533700 25.02135300 0.16733000
v -1.21513900 25.29760700 0.44072500
v -1.24286500 25.16672100 0.39376200
v -1.22552300 25.03585800 0.44552100
v -1.85202900 25.34385700 0.73432700
v -1.88495900 25.22111100 0.69308900
v -1.87748900 25.09856400 0.74579200
v -2.47095500 25.43789300 0.99735500
v -2.50825400 25.32369800 0.96129900
v -2.50965700 25.21001800 1.01427400
v -3.02421400 25.56153900 1.22248000
v -3.06494400 25.45615400 1.19116600
v -3.07136800 25.35107400 1.24276700
v -3.63617500 25.73341800 1.49620500
v -3.67877800 25.63673600 1.46916000
v -3.68595700 25.53933500 1.51769100
v -4.22647100 25.91882300 1.80607100
v -4.27012900 25.83081100 1.78319400
v -4.27784900 25.74107700 1.82862600
v -4.72957800 26.10782800 2.09644000
v -4.77328600 26.02835300 2.07733800
v -4.78408300 25.94734000 2.12106500
v -5.29153300 26.35618400 2.39036400
v -5.33331400 26.28459500 2.37390800
v -5.34814800 26.21298000 2.41625000
v -5.86327700 26.63655300 2.63285500
v -5.90278700 26.57279600 2.61874000
v -5.92074600 26.51042700 2.65890100
v -6.37278500 26.91910400 2.82285800
v -6.41025900 26.86342000 2.81110400
v -6.42831200 26.80887600 2.84773800
v -6.92868200 27.25446900 3.06425600
v -6.96362200 27.20668000 3.05475400
v -6.97926700 27.15854100 3.08688500
v -7.45776900 27.59764900 3.34806300
v -7.48959700 27.55748400 3.34070600
v -7.50296200 27.51581800 3.36837800
v -7.90713800 27.91478500 3.62332600
v -7.93458900 27.88143200 3.61750800
v -7.94594100 27.84642200 3.64086200
v -8.41237900 28.27096600 3.93026500
v -8.43430200 28.24360700 3.92532200
v -8.44346600 28.21513000 3.94425900
v 0.01557800 26.60643000 -0.11880500
v -0.03189600 26.66501400 0.01544200
v 0.04662100 26.46492000 -0.17094900
v 0.61137400 26.64756000 0.06998000
v 0.56801300 26.70326600 0.19778500
v 0.63760400 26.51307100 0.01955400
v 1.20088300 26.68808200 0.25684000
v 1.15770400 26.74053400 0.37700300
v 1.22991200 26.56135000 0.21046200
v 1.85015800 26.77931600 0.46803000
v 1.80466000 26.82800100 0.57973500
v 1.88603500 26.66120700 0.42702400
v 2.46578400 26.91506200 0.68178800
v 2.41855800 26.95972600 0.78515100
v 2.50737900 26.80600700 0.64592300
v 3.00252600 27.07333400 0.87549700
v 2.95671800 27.11458400 0.97155500
v 3.04664900 26.97297900 0.84373900
v 3.60197000 27.28264800 1.07526300
v 3.56120700 27.32166900 1.16519400
v 3.64476500 27.18991500 1.04627100
v 4.20714200 27.50504300 1.24359800
v 4.17121300 27.54182200 1.32726200
v 4.24831500 27.41988400 1.21721300
v 4.74233400 27.72950900 1.37792200
v 4.70655600 27.76208700 1.45408300
v 4.78481900 27.65331300 1.35488000
v 5.31852100 28.02430900 1.55621600
v 5.27975900 28.05077000 1.62378000
v 5.36353500 27.95815300 1.53712400
v 5.85428300 28.36058200 1.77834100
v 5.81404500 28.38114400 1.83731700
v 5.90032000 28.30426800 1.76320100
v 6.29989200 28.69300300 1.99937200
v 6.26285200 28.71054800 2.05152300
v 6.34262800 28.64391300 1.98658800
v 6.81027400 29.06368600 2.22959600
v 6.77962200 29.08054000 2.27631200
v 6.84645300 29.01945300 2.21773800
v 7.34201900 29.41914400 2.43115500
v 7.31722000 29.43485300 2.47211600
v 7.37205700 29.38011700 2.42046800
v 7.82285500 29.73285500 2.59700100
v 7.80241400 29.74637200 2.63163300
v 7.84789800 29.69983500 2.58792100
v 8.36323500 30.08662200 2.78318800
v 8.34638000 30.09743300 2.81123100
v 8.38371600 30.05989600 2.77586000
v -0.03189600 26.66501400 0.01544200
v -0.06799100 26.60635400 0.15315200
v -0.07156200 26.46480900 0.21365600
v 0.56801300 26.70326600 0.19778500
v 0.53292000 26.64756000 0.32810500
v 0.52665300 26.51307100 0.38459800
v 1.15770400 26.74053400 0.37700300
v 1.12566900 26.68797900 0.50056000
v 1.12354300 26.56120500 0.55513400
v 1.80466000 26.82800100 0.57973500
v 1.77619300 26.77874600 0.69670400
v 1.78143200 26.66039800 0.75041800
v 2.41855800 26.95972600 0.78515100
v 2.39336700 26.91383900 0.89546400
v 2.40496700 26.80427900 0.94810700
v 2.95671800 27.11458400 0.97155500
v 2.93605900 27.07256100 1.07564300
v 2.95265200 26.97188400 1.12678800
v 3.56120700 27.32166900 1.16519400
v 3.54635400 27.28411700 1.26338100
v 3.56611200 27.19199000 1.31231000
v 4.17121300 27.54182200 1.32726200
v 4.16157400 27.50867800 1.41919500
v 4.18387100 27.42502600 1.46554500
v 4.70655600 27.76208700 1.45408300
v 4.69844100 27.73195800 1.53874900
v 4.72274400 27.65677600 1.58232400
v 5.27975900 28.05077000 1.62378000
v 5.26995700 28.02203600 1.70023600
v 5.29485600 27.95493700 1.74079900
v 5.81404500 28.38114400 1.83731700
v 5.80317800 28.35390700 1.90558200
v 5.82804600 28.29482700 1.94314600
v 6.26285200 28.71054800 2.05152300
v 6.25320400 28.68627000 2.11249100
v 6.27660000 28.63439200 2.14656200
v 6.77962200 29.08054000 2.27631200
v 6.77245100 29.06014400 2.33052100
v 6.79296400 29.01444400 2.36046800
v 7.31722000 29.43485300 2.47211600
v 7.31218700 29.41804300 2.51935600
v 7.32986800 29.37856100 2.54520200
v 7.80241400 29.74637200 2.63163300
v 7.79854800 29.73247000 2.67153000
v 7.81352300 29.69928900 2.69332000
v 8.34638000 30.09743300 2.81123100
v 8.34302700 30.08599700 2.84356300
v 8.35513800 30.05901500 2.86124400
v 0.00695500 26.26471500 0.02726600
v 0.04304900 26.32337600 -0.11044400
v 0.04662100 26.46492000 -0.17094900
v 0.59624400 26.32287600 0.20636600
v 0.63133700 26.37858200 0.07604700
v 0.63760400 26.51307100 0.01955400
v 1.19575100 26.38202100 0.38859300
v 1.22778600 26.43457600 0.26503600
v 1.22991200 26.56135000 0.21046200
v 1.86280700 26.49360500 0.59770800
v 1.89127400 26.54286000 0.48073800
v 1.88603500 26.66120700 0.42702400
v 2.49378800 26.65056000 0.80887900
v 2.51897900 26.69644700 0.69856600
v 2.50737900 26.80600700 0.64592300
v 3.04258300 26.83027800 0.99897200
v 3.06324100 26.87230100 0.89488400
v 3.04664900 26.97297900 0.84373900
v 3.64967000 27.06023600 1.19338700
v 3.66452200 27.09778800 1.09519900
v 3.64476500 27.18991500 1.04627100
v 4.26097300 27.30308700 1.35549700
v 4.27061200 27.33623100 1.26356300
v 4.24831500 27.41988400 1.21721300
v 4.80100800 27.54800200 1.48312000
v 4.80912300 27.57813100 1.39845400
v 4.78481900 27.65331300 1.35488000
v 5.37863200 27.86232000 1.65414300
v 5.38843400 27.89105400 1.57768600
v 5.36353500 27.95815300 1.53712400
v 5.91432000 28.21795100 1.86902900
v 5.92518800 28.24518800 1.80076500
v 5.90032000 28.30426800 1.76320100
v 6.35637600 28.56775700 2.08162700
v 6.36602400 28.59203500 2.02065900
v 6.34262800 28.64391300 1.98658800
v 6.85979500 28.95335800 2.30189400
v 6.86696500 28.97375300 2.24768500
v 6.84645300 29.01945300 2.21773800
v 7.38470500 29.32382600 2.49355500
v 7.38973800 29.34063500 2.44631500
v 7.37205700 29.38011700 2.42046800
v 7.85900700 29.65275200 2.64960800
v 7.86287300 29.66665500 2.60971100
v 7.84789800 29.69983500 2.58792100
v 8.39247300 30.02147900 2.82587300
v 8.39582600 30.03291500 2.79354100
v 8.38371600 30.05989600 2.77586000
v -0.14802100 27.86384400 0.08535400
v -0.02424800 27.92078000 0.02310400
v -0.20571300 27.72636400 0.09975800
v -0.44064500 27.91175800 -0.44753500
v -0.32396300 27.96589300 -0.50777900
v -0.49379800 27.78106900 -0.43112200
v -0.72974800 27.95891800 -0.97418000
v -0.61853000 28.00989900 -1.02953300
v -0.78205000 27.83581000 -0.96229800
v -1.04749700 28.05644800 -1.55449600
v -0.94074000 28.10384000 -1.60315500
v -1.10100900 27.94184500 -1.55085000
v -1.34562400 28.20088600 -2.10879600
v -1.24358200 28.24447400 -2.15117900
v -1.39977500 28.09522800 -2.11244600
v -1.60511500 28.36716800 -2.59659400
v -1.50898900 28.40744800 -2.63487000
v -1.65796500 28.26980800 -2.60403600
v -1.90296700 28.57433700 -3.13819700
v -1.81393600 28.61206600 -3.17447600
v -1.95246400 28.48400300 -3.14571400
v -2.21055400 28.77980400 -3.67533300
v -2.12856500 28.81495500 -3.70950500
v -2.25665300 28.69647400 -3.68282900
v -2.48590700 28.97735600 -4.14383200
v -2.40997900 29.00920700 -4.17424400
v -2.53007900 28.90215500 -4.15373800
v -2.78626600 29.24054700 -4.65521500
v -2.71568100 29.26836600 -4.68066300
v -2.82913300 29.17431300 -4.66858800
v -3.06603100 29.54744000 -5.15415400
v -3.00109800 29.57127200 -5.17510200
v -3.10698600 29.49006100 -5.17007300
v -3.30376700 29.85504000 -5.58377100
v -3.24585200 29.87638100 -5.60256300
v -3.34109700 29.80475600 -5.59928700
v -3.59238300 30.20502900 -6.05220600
v -3.54248600 30.22507500 -6.07039900
v -3.62473600 30.16019600 -6.06508800
v -3.90965200 30.54761500 -6.50652000
v -3.86754700 30.56600000 -6.52359700
v -3.93715800 30.50843200 -6.51704200
v -4.20914200 30.85565800 -6.89778900
v -4.17402000 30.87147500 -6.91258800
v -4.23223000 30.82259900 -6.90655900
v -4.54619600 31.20318000 -7.33820900
v -4.51748500 31.21583200 -7.34998600
v -4.56498600 31.17637400 -7.34538200
v -0.02424800 27.92078000 0.02310400
v 0.09310000 27.86382300 -0.05052800
v 0.13528300 27.72633400 -0.09240900
v -0.32396300 27.96589300 -0.50777900
v -0.21210200 27.91175800 -0.57656200
v -0.17059000 27.78106900 -0.61359400
v -0.61853000 28.00989900 -1.02953300
v -0.51354600 27.95888900 -1.09593200
v -0.47629500 27.83576800 -1.13448200
v -0.94074000 28.10384000 -1.60315500
v -0.84327500 28.05625500 -1.66832500
v -0.81219600 27.94157400 -1.71182900
v -1.24358200 28.24447400 -2.15117900
v -1.15342400 28.20046400 -2.21476900
v -1.12796400 28.09463300 -2.26231500
v -1.50898900 28.40744800 -2.63487000
v -1.42589600 28.36705000 -2.69644200
v -1.40451000 28.26964000 -2.74524200
v -1.81393600 28.61206600 -3.17447600
v -1.73752100 28.57509000 -3.23329800
v -1.71848700 28.48507100 -3.28020700
v -2.12856500 28.81495500 -3.70950500
v -2.05871600 28.78133400 -3.76532500
v -2.04192200 28.69863700 -3.81009600
v -2.40997900 29.00920700 -4.17424400
v -2.34677300 28.97905000 -4.22715900
v -2.33331400 28.90455100 -4.27157900
v -2.71568100 29.26836600 -4.68066300
v -2.65872600 29.24147200 -4.73002300
v -2.64876500 29.17561700 -4.77438300
v -3.00109800 29.57127200 -5.17510200
v -2.95022300 29.54759400 -5.22064500
v -2.94320800 29.49027800 -5.26410600
v -3.24585200 29.87638100 -5.60256300
v -3.20127800 29.85627700 -5.64465600
v -3.19615600 29.80650700 -5.68539100
v -3.54248600 30.22507500 -6.07039900
v -3.50427500 30.20859300 -6.10901100
v -3.50013300 30.16523900 -6.14542200
v -3.86754700 30.56600000 -6.52359700
v -3.83550700 30.55282000 -6.55827100
v -3.83230100 30.51579500 -6.59022900
v -4.17402000 30.87147500 -6.91258800
v -4.14743900 30.86078800 -6.94228600
v -4.14496900 30.82985900 -6.96948700
v -4.51748500 31.21583200 -7.34998600
v -4.49567100 31.20691700 -7.37381400
v -4.49353300 31.18165800 -7.39573500
v 0.13528300 27.72633400 -0.09240900
v 0.07759000 27.58885400 -0.07800600
v -0.04618300 27.53191800 -0.01575600
v -0.17059000 27.78106900 -0.61359400
v -0.22374200 27.65037900 -0.59718000
v -0.34042500 27.59624500 -0.53693700
v -0.47629500 27.83576800 -1.13448200
v -0.52859700 27.71266000 -1.12260000
v -0.63981400 27.66167800 -1.06724700
v -0.81219600 27.94157400 -1.71182900
v -0.86570800 27.82697100 -1.70818300
v -0.97246500 27.77957900 -1.65952300
v -1.12796400 28.09463300 -2.26231500
v -1.18211500 27.98897600 -2.26596500
v -1.28415800 27.94538700 -2.22358200
v -1.40451000 28.26964000 -2.74524200
v -1.45736000 28.17227900 -2.75268400
v -1.55348600 28.13200000 -2.71440800
v -1.71848700 28.48507100 -3.28020700
v -1.76798300 28.39473700 -3.28772300
v -1.85701500 28.35700800 -3.25144400
v -2.04192200 28.69863700 -3.81009600
v -2.08802200 28.61530700 -3.81759100
v -2.17001000 28.58015600 -3.78342000
v -2.33331400 28.90455100 -4.27157900
v -2.37748600 28.82935000 -4.28148500
v -2.45341400 28.79749900 -4.25107200
v -2.64876500 29.17561700 -4.77438300
v -2.69163200 29.10938300 -4.78775500
v -2.76221700 29.08156400 -4.76230700
v -2.94320800 29.49027800 -5.26410600
v -2.98416300 29.43289900 -5.28002500
v -3.04909600 29.40906700 -5.25907700
v -3.19615600 29.80650700 -5.68539100
v -3.23348600 29.75622400 -5.70090700
v -3.29140100 29.73488200 -5.68211500
v -3.50013300 30.16523900 -6.14542200
v -3.53248600 30.12040700 -6.15830400
v -3.58238200 30.10036100 -6.14011000
v -3.83230100 30.51579500 -6.59022900
v -3.85980700 30.47661200 -6.60075100
v -3.90191200 30.45822700 -6.58367400
v -4.14496900 30.82985900 -6.96948700
v -4.16805700 30.79680100 -6.97825700
v -4.20317900 30.78098300 -6.96345900
v -4.49353300 31.18165800 -7.39573500
v -4.51232300 31.15485200 -7.40290800
v -4.54103500 31.14220000 -7.39113100
vt -17.08620000 14.91460000
vt -17.47510000 14.92160000
vt -18.02060000 14.91360000
vt -18.40310000 14.89530000
vt -17.08920000 13.60980000
vt -17.46460000 13.61690000
vt -17.99100000 13.60930000
vt -18.36010000 13.59150000
vt -17.09230000 12.30500000
vt -17.45400000 12.31130000
vt -17.96130000 12.30380000
vt -18.31700000 12.28690000
vt -17.09170000 10.84520000
vt -17.43980000 10.85010000
vt -17.92800000 10.84230000
vt -18.27040000 10.82660000
vt -17.09010000 9.43690000
vt -17.42450000 9.44030000
vt -17.89370000 9.43240000
vt -18.22260000 9.41790000
vt -17.09000000 8.18370000
vt -17.41090000 8.18710000
vt -17.86090000 8.17950000
vt -18.17650000 8.16530000
vt -17.08820000 6.77620000
vt -17.39550000 6.78120000
vt -17.82640000 6.77430000
vt -18.12860000 6.75940000
vt -17.08770000 5.36900000
vt -17.38140000 5.37540000
vt -17.79330000 5.36910000
vt -18.08210000 5.35370000
vt -17.09070000 4.11560000
vt -17.37080000 4.12190000
vt -17.76350000 4.11610000
vt -18.03890000 4.10160000
vt -17.09230000 2.70600000
vt -17.35870000 2.71070000
vt -17.73240000 2.70560000
vt -17.99440000 2.69370000
vt -17.09590000 1.29620000
vt -17.34870000 1.29930000
vt -17.70330000 1.29490000
vt -17.95200000 1.28540000
vt -17.10270000 0.04300000
vt -17.34190000 0.04600000
vt -17.67750000 0.04160000
vt -17.91270000 0.03240000
vt -17.10470000 -1.36270000
vt -17.33030000 -1.35810000
vt -17.64670000 -1.36300000
vt -17.86860000 -1.37450000
vt -17.10260000 -2.76780000
vt -17.31470000 -2.76190000
vt -17.61200000 -2.76720000
vt -17.82040000 -2.78060000
vt -17.10070000 -4.02070000
vt -17.29910000 -4.01620000
vt -17.57730000 -4.02140000
vt -17.77230000 -4.03330000
vt -17.09580000 -5.43110000
vt -17.28050000 -5.43060000
vt -17.53960000 -5.43550000
vt -17.72130000 -5.44300000
vt -17.08940000 -6.84200000
vt -17.26050000 -6.84490000
vt -17.50050000 -6.84950000
vt -17.66890000 -6.85320000
vt -17.08620000 -8.09680000
vt -17.24360000 -8.09940000
vt -17.46450000 -8.10310000
vt -17.61960000 -8.10570000
vt -17.08740000 -9.50500000
vt -17.23130000 -9.50440000
vt -17.43320000 -9.50670000
vt -17.57480000 -9.51060000
vt -17.09800000 -10.91290000
vt -17.22830000 -10.90950000
vt -17.41110000 -10.91060000
vt -17.53930000 -10.91550000
vt -17.11680000 -12.16680000
vt -17.23350000 -12.16360000
vt -17.39720000 -12.16410000
vt -17.51200000 -12.16790000
vt -17.13670000 -13.57640000
vt -17.23980000 -13.57530000
vt -17.38440000 -13.57560000
vt -17.48580000 -13.57720000
vt -17.15640000 -14.98600000
vt -17.24590000 -14.98650000
vt -17.37140000 -14.98670000
vt -17.45940000 -14.98650000
vt -17.17810000 -16.23990000
vt -17.25400000 -16.24080000
vt -17.36040000 -16.24090000
vt -17.43500000 -16.24020000
vt -17.19960000 -17.64800000
vt -17.26180000 -17.64840000
vt -17.34920000 -17.64850000
vt -17.41040000 -17.64830000
vt -16.54060000 14.89400000
vt -17.08620000 14.88660000
vt -16.15410000 14.90710000
vt -16.53040000 13.58930000
vt -17.05680000 13.58200000
vt -16.15740000 13.60230000
vt -16.52020000 12.28550000
vt -17.02760000 12.27860000
vt -16.16070000 12.29750000
vt -16.50890000 10.82760000
vt -16.99710000 10.82150000
vt -16.16290000 10.83790000
vt -16.50020000 9.42120000
vt -16.96940000 9.41580000
vt -16.16770000 9.42980000
vt -16.49460000 8.16770000
vt -16.94470000 8.16260000
vt -16.17570000 8.17620000
vt -16.48610000 6.75750000
vt -16.91700000 6.75230000
vt -16.18070000 6.76740000
vt -16.47630000 5.34770000
vt -16.88810000 5.34240000
vt -16.18440000 5.35880000
vt -16.46780000 4.09550000
vt -16.86050000 4.09020000
vt -16.18940000 4.10620000
vt -16.45590000 2.69110000
vt -16.82960000 2.68570000
vt -16.19110000 2.70000000
vt -16.44200000 1.28620000
vt -16.79660000 1.28070000
vt -16.19070000 1.29340000
vt -16.42940000 0.03260000
vt -16.76490000 0.02760000
vt -16.19170000 0.03950000
vt -16.41710000 -1.37930000
vt -16.73350000 -1.38340000
vt -16.19290000 -1.37120000
vt -16.40900000 -2.79050000
vt -16.70630000 -2.79360000
vt -16.19830000 -2.78120000
vt -16.40550000 -4.04110000
vt -16.68380000 -4.04370000
vt -16.20840000 -4.03340000
vt -16.40010000 -5.44220000
vt -16.65930000 -5.44460000
vt -16.84210000 -5.44460000
vt -16.21650000 -5.43880000
vt -16.39600000 -6.84470000
vt -16.63600000 -6.84680000
vt -16.80540000 -6.85000000
vt -16.22580000 -6.84490000
vt -16.39330000 -8.09740000
vt -16.61430000 -8.10000000
vt -16.77020000 -8.10370000
vt -16.23670000 -8.09760000
vt -16.38150000 -9.50940000
vt -16.58330000 -9.51280000
vt -16.72570000 -9.51470000
vt -16.23840000 -9.50650000
vt -16.36050000 -10.92040000
vt -16.54320000 -10.92450000
vt -16.23100000 -10.91500000
vt -16.33610000 -12.17240000
vt -16.49980000 -12.17650000
vt -16.22020000 -12.16730000
vt -16.30600000 -13.57690000
vt -16.45050000 -13.58060000
vt -16.55250000 -13.58320000
vt -16.20350000 -13.57410000
vt -16.27580000 -14.98220000
vt -16.40120000 -14.98550000
vt -16.48970000 -14.98930000
vt -16.18680000 -14.98120000
vt -16.24820000 -16.23460000
vt -16.35450000 -16.23750000
vt -16.42950000 -16.24130000
vt -16.17270000 -16.23430000
vt -16.21600000 -17.64340000
vt -16.30330000 -17.64580000
vt -16.36480000 -17.64850000
vt -16.15410000 -17.64290000
vt -16.15410000 -17.48620000
vt -15.69590000 -17.64850000
vt -15.16250000 -17.59110000
vt -16.11980000 -16.39540000
vt -15.67770000 -16.55210000
vt -15.16300000 -16.49700000
vt -16.08560000 -15.30550000
vt -15.65950000 -15.45640000
vt -15.16340000 -15.40280000
vt -16.05240000 -14.08900000
vt -15.64230000 -14.23370000
vt -15.16490000 -14.18110000
vt -16.02450000 -12.91680000
vt -15.63050000 -13.05540000
vt -15.17170000 -13.00370000
vt -16.00000000 -11.87190000
vt -15.62190000 -12.00500000
vt -15.18190000 -11.95570000
vt -15.96980000 -10.69570000
vt -15.60780000 -10.82430000
vt -15.18640000 -10.77890000
vt -15.93050000 -9.51810000
vt -15.58450000 -9.64200000
vt -15.18190000 -9.60030000
vt -15.88860000 -8.47020000
vt -15.55870000 -8.58820000
vt -15.17470000 -8.54830000
vt -15.85060000 -7.29600000
vt -15.53670000 -7.40660000
vt -15.17130000 -7.36680000
vt -15.82500000 -6.12170000
vt -15.52710000 -6.22520000
vt -15.18040000 -6.18550000
vt -15.80580000 -5.07360000
vt -15.52400000 -5.17180000
vt -15.19590000 -5.13460000
vt -15.77710000 -3.89500000
vt -15.51130000 -3.98990000
vt -15.20190000 -3.95740000
vt -15.72700000 -2.71670000
vt -15.47730000 -2.80800000
vt -15.18670000 -2.78000000
vt -15.67110000 -1.67160000
vt -15.43740000 -1.75650000
vt -15.16540000 -1.72920000
vt -15.63350000 -0.50400000
vt -15.41590000 -0.58010000
vt -15.16250000 -0.55050000
vt -15.43000000 0.59170000
vt -15.19530000 0.62300000
vt -15.46240000 1.63590000
vt -15.24640000 1.66510000
vt -15.65480000 2.87320000
vt -15.48530000 2.81550000
vt -15.28790000 2.83950000
vt -15.63100000 4.05670000
vt -15.47750000 4.00330000
vt -15.29880000 4.02260000
vt -15.59500000 5.11270000
vt -15.45760000 5.06530000
vt -15.29750000 5.08280000
vt -15.57830000 6.29420000
vt -15.45690000 6.25390000
vt -15.31550000 6.27150000
vt -15.48680000 7.43900000
vt -15.36410000 7.45600000
vt -15.53130000 8.49440000
vt -15.42740000 8.50940000
vt -15.58110000 9.67900000
vt -15.49580000 9.69100000
vt 7.27730000 -12.81420000
vt 7.39360000 -12.80440000
vt 7.48560000 -12.81310000
vt 7.24560000 -12.37010000
vt 7.35570000 -12.35950000
vt 7.44300000 -12.36830000
vt 7.21420000 -11.93030000
vt 7.31840000 -11.92200000
vt 7.40090000 -11.92970000
vt 7.19380000 -11.43430000
vt 7.29220000 -11.43060000
vt 7.36990000 -11.43680000
vt 7.19740000 -10.95000000
vt 7.28980000 -10.95060000
vt 7.36270000 -10.95560000
vt 7.21490000 -10.51680000
vt 7.30130000 -10.51820000
vt 7.36940000 -10.52060000
vt 7.22250000 -10.02830000
vt 7.30280000 -10.02680000
vt 7.36620000 -10.02570000
vt 7.17230000 -10.02930000
vt 7.20330000 -9.53960000
vt 7.27750000 -9.53570000
vt 7.33600000 -9.53160000
vt 7.15690000 -9.54100000
vt 7.17590000 -9.10480000
vt 7.24420000 -9.10240000
vt 7.29790000 -9.09730000
vt 7.13310000 -9.10310000
vt 7.16970000 -8.61700000
vt 7.23200000 -8.61860000
vt 7.28100000 -8.61450000
vt 7.13060000 -8.61040000
vt 7.19780000 -8.13340000
vt 7.25390000 -8.13840000
vt 7.29810000 -8.13490000
vt 7.16270000 -8.12290000
vt 7.24510000 -7.70780000
vt 7.29510000 -7.71360000
vt 7.33460000 -7.71030000
vt 7.21400000 -7.69630000
vt 7.29850000 -7.22990000
vt 7.34240000 -7.23480000
vt 7.37720000 -7.23160000
vt 7.27110000 -7.21980000
vt 7.34600000 -6.75200000
vt 7.38390000 -6.75620000
vt 7.41400000 -6.75320000
vt 7.32230000 -6.74320000
vt 7.39010000 -6.32800000
vt 7.42200000 -6.33150000
vt 7.44730000 -6.32900000
vt 7.37020000 -6.32040000
vt 7.43910000 -5.85130000
vt 7.46510000 -5.85410000
vt 7.48560000 -5.85210000
vt 7.42290000 -5.84520000
vt -0.80170000 -9.49590000
vt -0.93730000 -9.47920000
vt -1.04070000 -9.44560000
vt -0.89350000 -10.00900000
vt -1.02200000 -9.99230000
vt -1.11960000 -9.95780000
vt -0.98390000 -10.51320000
vt -1.10560000 -10.49860000
vt -1.19840000 -10.46950000
vt -1.06760000 -11.08230000
vt -1.18260000 -11.07050000
vt -1.27100000 -11.04960000
vt -1.13640000 -11.64030000
vt -1.24450000 -11.63110000
vt -1.32820000 -11.61780000
vt -1.18430000 -12.14280000
vt -1.28560000 -12.13740000
vt -1.36430000 -12.13060000
vt -1.21030000 -12.71360000
vt -1.30470000 -12.71260000
vt -1.37810000 -12.71080000
vt -1.20810000 -13.28530000
vt -1.29540000 -13.28810000
vt -1.36320000 -13.29060000
vt -1.13050000 -13.79230000
vt -1.18170000 -13.79260000
vt -1.26180000 -13.79710000
vt -1.32390000 -13.80340000
vt -1.09770000 -14.36430000
vt -1.14450000 -14.36130000
vt -1.21760000 -14.36530000
vt -1.27400000 -14.37400000
vt -1.06700000 -14.93150000
vt -1.10950000 -14.92590000
vt -1.17550000 -14.92950000
vt -1.22620000 -14.94010000
vt -1.03390000 -15.43230000
vt -1.07190000 -15.42710000
vt -1.13070000 -15.43100000
vt -1.17590000 -15.44170000
vt -0.98600000 -15.99750000
vt -1.01930000 -15.99470000
vt -1.07090000 -15.99910000
vt -1.11080000 -16.00810000
vt -0.92820000 -16.56550000
vt -0.95670000 -16.56450000
vt -1.00120000 -16.56910000
vt -1.03570000 -16.57660000
vt -0.86900000 -17.07170000
vt -0.89290000 -17.07140000
vt -0.93040000 -17.07560000
vt -0.95940000 -17.08180000
vt -0.80170000 -17.64080000
vt -0.82120000 -17.64020000
vt -0.85160000 -17.64350000
vt -0.87520000 -17.64850000
vt 3.76570000 2.14560000
vt 3.67280000 2.18990000
vt 3.55760000 2.19430000
vt 3.69090000 1.75870000
vt 3.60310000 1.80290000
vt 3.49410000 1.80810000
vt 3.61630000 1.37300000
vt 3.53290000 1.41200000
vt 3.42950000 1.41540000
vt 3.36680000 1.38130000
vt 3.55650000 0.92880000
vt 3.47720000 0.95940000
vt 3.37940000 0.95900000
vt 3.32040000 0.92770000
vt 3.52980000 0.48590000
vt 3.45510000 0.50870000
vt 3.36310000 0.50460000
vt 3.30770000 0.47610000
vt 3.52590000 0.07870000
vt 3.45600000 0.09700000
vt 3.37000000 0.09250000
vt 3.31830000 0.06780000
vt 3.51560000 -0.38840000
vt 3.45060000 -0.37090000
vt 3.37070000 -0.37260000
vt 3.32260000 -0.39240000
vt 3.48030000 -0.85800000
vt 3.42020000 -0.84140000
vt 3.34640000 -0.84060000
vt 3.30210000 -0.85590000
vt 3.44220000 -1.27790000
vt 3.38680000 -1.26550000
vt 3.31890000 -1.26590000
vt 3.27830000 -1.27870000
vt 3.43260000 -1.75230000
vt 3.38210000 -1.74600000
vt 3.32020000 -1.75010000
vt 3.28310000 -1.76220000
vt 3.46440000 -2.23050000
vt 3.41910000 -2.22930000
vt 3.36340000 -2.23640000
vt 3.52040000 -2.66010000
vt 3.48020000 -2.66100000
vt 3.43070000 -2.66880000
vt 3.58650000 -3.14450000
vt 3.55120000 -3.14540000
vt 3.50760000 -3.15200000
vt 3.64660000 -3.62870000
vt 3.61610000 -3.62960000
vt 3.57850000 -3.63520000
vt 3.70240000 -4.06010000
vt 3.67670000 -4.06100000
vt 3.64510000 -4.06580000
vt 3.76570000 -4.54450000
vt 3.74490000 -4.54510000
vt 3.71910000 -4.54900000
vt 4.63030000 -6.52730000
vt 4.55260000 -6.52030000
vt 4.44270000 -6.50860000
vt 4.36500000 -6.49900000
vt 4.57100000 -6.95550000
vt 4.49710000 -6.94980000
vt 4.39300000 -6.93810000
vt 4.31960000 -6.92710000
vt 4.51210000 -7.37950000
vt 4.44240000 -7.37280000
vt 4.34390000 -7.36250000
vt 4.27420000 -7.35460000
vt 4.45610000 -7.85270000
vt 4.39080000 -7.84340000
vt 4.29780000 -7.83490000
vt 4.23160000 -7.83220000
vt 4.40600000 -8.30920000
vt 4.34490000 -8.29750000
vt 4.25750000 -8.29060000
vt 4.19500000 -8.29240000
vt 4.36790000 -8.71260000
vt 4.31090000 -8.70100000
vt 4.22900000 -8.69700000
vt 4.17030000 -8.70290000
vt 4.34890000 -9.16470000
vt 4.29580000 -9.15600000
vt 4.21960000 -9.15610000
vt 4.16490000 -9.16500000
vt 4.35850000 -9.61910000
vt 4.30950000 -9.61310000
vt 4.23910000 -9.61690000
vt 4.18860000 -9.62820000
vt 4.34220000 -10.01420000
vt 4.27760000 -10.01870000
vt 4.23150000 -10.03280000
vt 4.37280000 -10.45050000
vt 4.31380000 -10.45300000
vt 4.27200000 -10.46910000
vt 4.38080000 -10.86750000
vt 4.32750000 -10.86820000
vt 4.28980000 -10.88570000
vt 4.38150000 -11.22340000
vt 4.33390000 -11.22480000
vt 4.40830000 -11.62620000
vt 4.36660000 -11.62960000
vt 4.33720000 -11.64610000
vt 4.46910000 -12.03370000
vt 4.43340000 -12.03850000
vt 4.40810000 -12.05360000
vt 4.54530000 -12.39460000
vt 4.51540000 -12.39930000
vt 4.49420000 -12.41240000
vt 4.63030000 -12.80040000
vt 4.60600000 -12.80380000
vt 4.58870000 -12.81420000
vt -13.60030000 6.70060000
vt -13.66920000 6.69280000
vt -13.76570000 6.70340000
vt -13.83320000 6.72610000
vt -13.65390000 6.33680000
vt -13.71940000 6.32840000
vt -13.81080000 6.33890000
vt -13.87460000 6.36230000
vt -13.70710000 5.97690000
vt -13.76870000 5.97030000
vt -13.85520000 5.97960000
vt -13.91590000 5.99930000
vt -13.75770000 5.56990000
vt -13.81550000 5.56660000
vt -13.89710000 5.57400000
vt -13.95480000 5.58790000
vt -13.80100000 5.17110000
vt -13.85500000 5.17090000
vt -13.93170000 5.17670000
vt -13.98630000 5.18520000
vt -13.88390000 4.81400000
vt -13.95580000 4.81780000
vt -14.00700000 4.82210000
vt -13.90260000 4.40810000
vt -13.96950000 4.40950000
vt -14.01730000 4.41160000
vt -13.90890000 4.00120000
vt -13.97080000 4.00070000
vt -14.01500000 4.00090000
vt -13.90260000 3.64180000
vt -13.95940000 3.64000000
vt -13.99990000 3.63690000
vt -13.88640000 3.24120000
vt -13.93820000 3.23890000
vt -13.97500000 3.23250000
vt -13.86790000 2.84460000
vt -13.91470000 2.84200000
vt -13.94770000 2.83310000
vt -13.84410000 2.49590000
vt -13.88570000 2.49240000
vt -13.91500000 2.48220000
vt -13.80150000 2.10570000
vt -13.83790000 2.10130000
vt -13.86350000 2.09110000
vt -13.74190000 1.71910000
vt -13.77320000 1.71420000
vt -13.79510000 1.70420000
vt -13.67520000 1.37890000
vt -13.70140000 1.37440000
vt -13.71980000 1.36540000
vt -13.60030000 0.99560000
vt -13.62170000 0.99220000
vt -13.63670000 0.98530000
vt -13.58910000 -17.57360000
vt -13.87010000 -17.64850000
vt -13.72780000 -17.61850000
vt -13.78090000 -16.99190000
vt -14.04550000 -17.06880000
vt -13.91150000 -17.03760000
vt -13.97100000 -16.41560000
vt -14.22360000 -16.48050000
vt -14.09580000 -16.45460000
vt -14.13760000 -15.76170000
vt -14.37960000 -15.80640000
vt -14.25740000 -15.78920000
vt -14.24630000 -15.11830000
vt -14.47600000 -15.14430000
vt -14.36020000 -15.13510000
vt -14.30410000 -14.53930000
vt -14.51970000 -14.55430000
vt -14.41100000 -14.55070000
vt -14.35180000 -13.88770000
vt -14.55250000 -13.90080000
vt -14.45120000 -13.89950000
vt -14.40890000 -13.24000000
vt -14.59460000 -13.25140000
vt -14.50070000 -13.25200000
vt -14.44620000 -12.66610000
vt -14.61710000 -12.66820000
vt -14.53070000 -12.67310000
vt -14.43200000 -12.01810000
vt -14.58750000 -12.00770000
vt -14.50890000 -12.01720000
vt -14.36090000 -11.36800000
vt -14.50000000 -11.34750000
vt -14.42950000 -11.36060000
vt -14.25030000 -10.79450000
vt -14.37320000 -10.76960000
vt -14.31100000 -10.78500000
vt -14.10240000 -10.15980000
vt -14.20980000 -10.13520000
vt -14.15580000 -10.15150000
vt -13.94080000 -9.53730000
vt -14.03290000 -9.51360000
vt -13.98690000 -9.53010000
vt -13.77560000 -8.99250000
vt -13.85280000 -8.97130000
vt -13.81430000 -8.98620000
vt -13.58910000 -8.37730000
vt -13.65200000 -8.36080000
vt -13.62060000 -8.37230000
vt -12.55880000 -8.46300000
vt -12.70170000 -8.43280000
vt -12.83960000 -8.38720000
vt -12.75120000 -9.04320000
vt -12.88590000 -9.01190000
vt -13.01560000 -8.96550000
vt -12.94090000 -9.61480000
vt -13.06940000 -9.58880000
vt -13.19330000 -9.54910000
vt -13.10680000 -10.26100000
vt -13.22960000 -10.24360000
vt -13.34860000 -10.21560000
vt -13.21540000 -10.89730000
vt -13.33180000 -10.88800000
vt -13.44500000 -10.87060000
vt -13.27420000 -11.47620000
vt -13.38350000 -11.47240000
vt -13.48980000 -11.46050000
vt -13.32330000 -12.13370000
vt -13.42510000 -12.13230000
vt -13.52390000 -12.12000000
vt -13.38110000 -12.78610000
vt -13.47540000 -12.78650000
vt -13.56660000 -12.77410000
vt -13.41820000 -13.35760000
vt -13.50500000 -13.36240000
vt -13.58910000 -13.35500000
vt -13.40440000 -13.99700000
vt -13.48340000 -14.00640000
vt -13.55970000 -14.00690000
vt -13.33450000 -14.64000000
vt -13.40530000 -14.65290000
vt -13.47350000 -14.66000000
vt -13.22410000 -15.21400000
vt -13.28660000 -15.22930000
vt -13.34700000 -15.23860000
vt -13.07490000 -15.85390000
vt -13.12920000 -15.87010000
vt -13.18230000 -15.87820000
vt -12.91150000 -16.47930000
vt -12.95780000 -16.49570000
vt -13.00360000 -16.50270000
vt -12.74530000 -17.02220000
vt -12.78390000 -17.03710000
vt -12.82250000 -17.04320000
vt -12.55880000 -17.63220000
vt -12.59040000 -17.64370000
vt -12.62180000 -17.64850000
vt -4.95150000 -2.85400000
vt -5.08840000 -2.79420000
vt -5.23000000 -2.79960000
vt -5.10740000 -3.33370000
vt -5.23660000 -3.27480000
vt -5.37010000 -3.27750000
vt -5.26150000 -3.80720000
vt -5.38450000 -3.75450000
vt -5.51160000 -3.76020000
vt -5.38960000 -4.33710000
vt -5.50680000 -4.29330000
vt -5.62820000 -4.30560000
vt -5.46250000 -4.84830000
vt -5.57320000 -4.81280000
vt -5.68810000 -4.83100000
vt -5.49080000 -5.30890000
vt -5.59460000 -5.27940000
vt -5.70210000 -5.29950000
vt -5.51060000 -5.84420000
vt -5.60720000 -5.81830000
vt -5.70720000 -5.83580000
vt -5.54060000 -6.39740000
vt -5.63000000 -6.37500000
vt -5.72240000 -6.39010000
vt -5.55780000 -6.89520000
vt -5.63990000 -6.87720000
vt -5.72490000 -6.89370000
vt -5.53670000 -7.43870000
vt -5.61150000 -7.42480000
vt -5.68870000 -7.44490000
vt -5.47090000 -7.95730000
vt -5.53820000 -7.94690000
vt -5.60730000 -7.96950000
vt -5.37720000 -8.41090000
vt -5.43680000 -8.40350000
vt -5.49830000 -8.42500000
vt -5.26560000 -8.94480000
vt -5.31780000 -8.93960000
vt -5.37210000 -8.95730000
vt -5.15970000 -9.50650000
vt -5.20460000 -9.50330000
vt -5.25170000 -9.51770000
vt -5.06190000 -10.02080000
vt -5.09950000 -10.01860000
vt -5.13930000 -10.03050000
vt -4.95150000 -10.59590000
vt -4.98210000 -10.59390000
vt -5.01440000 -10.60370000
vt -1.52680000 -17.62460000
vt -1.37810000 -17.60590000
vt -1.64340000 -17.64850000
vt -1.61790000 -17.04640000
vt -1.47710000 -17.02710000
vt -1.72800000 -17.07210000
vt -1.70800000 -16.47450000
vt -1.57460000 -16.45820000
vt -1.81270000 -16.49480000
vt -1.78410000 -15.83280000
vt -1.65790000 -15.82150000
vt -1.88380000 -15.84380000
vt -1.82980000 -15.20890000
vt -1.71110000 -15.20210000
vt -1.92400000 -15.21160000
vt -1.84850000 -14.65210000
vt -1.73740000 -14.64810000
vt -1.93680000 -14.64890000
vt -1.85720000 -14.02650000
vt -1.75380000 -14.02310000
vt -1.93940000 -14.02060000
vt -1.86760000 -13.40280000
vt -1.77200000 -13.40000000
vt -1.94370000 -13.39460000
vt -1.86560000 -12.85020000
vt -1.77780000 -12.85020000
vt -1.93550000 -12.83830000
vt -1.82900000 -12.23230000
vt -1.74920000 -12.23680000
vt -1.89250000 -12.21650000
vt -1.74550000 -11.62100000
vt -1.67390000 -11.62900000
vt -1.80220000 -11.60230000
vt -1.63930000 -11.08630000
vt -1.57540000 -11.09390000
vt -1.68960000 -11.06790000
vt -1.54270000 -10.49020000
vt -1.48610000 -10.49430000
vt -1.58710000 -10.47470000
vt -1.48410000 -9.89720000
vt -1.43500000 -9.89850000
vt -1.52250000 -9.88430000
vt -1.45030000 -9.37280000
vt -1.40890000 -9.37320000
vt -1.48260000 -9.36190000
vt -1.41170000 -8.78170000
vt -1.37810000 -8.78250000
vt -1.43800000 -8.77290000
vt -6.54210000 -9.10460000
vt -6.67180000 -9.11290000
vt -6.81370000 -9.06900000
vt -6.68580000 -9.60960000
vt -6.80860000 -9.61660000
vt -6.94250000 -9.57250000
vt -6.82730000 -10.10590000
vt -6.94370000 -10.11370000
vt -7.07120000 -10.07530000
vt -6.95190000 -10.67500000
vt -7.06200000 -10.68450000
vt -7.18350000 -10.65500000
vt -7.03990000 -11.24270000
vt -7.14360000 -11.25370000
vt -7.25850000 -11.23240000
vt -7.09150000 -11.76150000
vt -7.18860000 -11.77390000
vt -7.29650000 -11.75940000
vt -7.12190000 -12.35550000
vt -7.21230000 -12.36940000
vt -7.31280000 -12.35950000
vt -7.13220000 -12.95070000
vt -7.21580000 -12.96580000
vt -7.30880000 -12.96010000
vt -7.11760000 -13.48300000
vt -7.19440000 -13.49760000
vt -7.27970000 -13.49580000
vt -7.08370000 -14.09050000
vt -7.15380000 -14.10240000
vt -7.23150000 -14.10330000
vt -7.04550000 -14.70720000
vt -7.10890000 -14.71670000
vt -7.17890000 -14.71980000
vt -6.99770000 -15.26240000
vt -7.05420000 -15.27210000
vt -7.11640000 -15.27710000
vt -6.91550000 -15.88300000
vt -6.96480000 -15.89470000
vt -7.01930000 -15.90090000
vt -6.80370000 -16.49370000
vt -6.84580000 -16.50640000
vt -6.89260000 -16.51320000
vt -6.68060000 -17.03050000
vt -6.71580000 -17.04220000
vt -6.75500000 -17.04850000
vt -6.54210000 -17.63480000
vt -6.57080000 -17.64380000
vt -6.60280000 -17.64850000
vt -9.12390000 -8.89140000
vt -9.26680000 -8.86120000
vt -9.39240000 -8.82910000
vt -9.28020000 -9.45780000
vt -9.41510000 -9.42620000
vt -9.53380000 -9.39430000
vt -9.43640000 -10.02340000
vt -9.56490000 -9.99750000
vt -9.67760000 -9.96930000
vt -9.57260000 -10.66110000
vt -9.69520000 -10.64470000
vt -9.80230000 -10.62200000
vt -9.66300000 -11.28150000
vt -9.77920000 -11.27360000
vt -9.88020000 -11.25620000
vt -9.71090000 -11.83600000
vt -9.82000000 -11.83430000
vt -9.91460000 -11.82030000
vt -9.73990000 -12.45850000
vt -9.84150000 -12.45980000
vt -9.92960000 -12.44720000
vt -9.76190000 -13.07730000
vt -9.85590000 -13.08120000
vt -9.93740000 -13.06990000
vt -9.76070000 -13.62160000
vt -9.84700000 -13.62960000
vt -9.92180000 -13.62170000
vt -9.71830000 -14.22740000
vt -9.79660000 -14.23950000
vt -9.86440000 -14.23670000
vt -9.62880000 -14.83080000
vt -9.69890000 -14.84610000
vt -9.75950000 -14.84760000
vt -9.51210000 -15.36620000
vt -9.57430000 -15.38160000
vt -9.62830000 -15.38330000
vt -9.38950000 -15.96410000
vt -9.44440000 -15.97700000
vt -9.49250000 -15.97590000
vt -9.29130000 -16.55270000
vt -9.33880000 -16.56340000
vt -9.38080000 -16.56020000
vt -9.21280000 -17.06600000
vt -9.25280000 -17.07490000
vt -9.28830000 -17.07170000
vt -9.12390000 -17.64120000
vt -9.15630000 -17.64850000
vt -9.18510000 -17.64620000
vt -11.09920000 -17.64830000
vt -10.98050000 -17.64850000
vt -10.83520000 -17.61040000
vt -11.24130000 -17.11000000
vt -11.12900000 -17.10920000
vt -10.99200000 -17.07040000
vt -11.38590000 -16.56230000
vt -11.27950000 -16.56280000
vt -11.14890000 -16.52960000
vt -11.51350000 -15.93220000
vt -11.41270000 -15.93500000
vt -11.28820000 -15.91070000
vt -11.59850000 -15.31100000
vt -11.50350000 -15.31580000
vt -11.38560000 -15.29970000
vt -11.64110000 -14.75070000
vt -11.55210000 -14.75750000
vt -11.44140000 -14.74800000
vt -11.66020000 -14.12220000
vt -11.57720000 -14.13090000
vt -11.47400000 -14.12590000
vt -11.65880000 -13.49440000
vt -11.58210000 -13.50470000
vt -11.48660000 -13.50360000
vt -11.62990000 -12.93210000
vt -11.55940000 -12.94230000
vt -11.47180000 -12.94500000
vt -11.57700000 -12.29940000
vt -11.51260000 -12.30730000
vt -11.43290000 -12.31230000
vt -11.51350000 -11.66560000
vt -11.45520000 -11.67140000
vt -11.38340000 -11.67820000
vt -11.43710000 -11.10380000
vt -11.38530000 -11.11030000
vt -11.32140000 -11.11860000
vt -11.32820000 -10.47940000
vt -11.28310000 -10.48830000
vt -11.22720000 -10.49730000
vt -11.19430000 -9.86140000
vt -11.15590000 -9.87180000
vt -11.10790000 -9.88110000
vt -11.05200000 -9.31720000
vt -11.01980000 -9.32690000
vt -10.97960000 -9.33530000
vt -10.89430000 -8.70620000
vt -10.86800000 -8.71350000
vt -10.83520000 -8.72000000
vt -4.27040000 -17.61070000
vt -4.14580000 -17.61410000
vt -4.41070000 -17.64850000
vt -4.40020000 -17.09180000
vt -4.28230000 -17.09380000
vt -4.53260000 -17.13020000
vt -4.52890000 -16.57800000
vt -4.41700000 -16.58160000
vt -4.65480000 -16.61100000
vt -4.63880000 -15.99330000
vt -4.53280000 -16.00000000
vt -4.75870000 -16.01790000
vt -4.71030000 -15.41770000
vt -4.61040000 -15.42720000
vt -4.82370000 -15.43450000
vt -4.74510000 -14.89800000
vt -4.65160000 -14.90920000
vt -4.85140000 -14.90840000
vt -4.75820000 -14.30580000
vt -4.67120000 -14.31740000
vt -4.85720000 -14.31220000
vt -4.75870000 -13.70980000
vt -4.67820000 -13.72170000
vt -4.85020000 -13.71260000
vt -4.73630000 -13.17690000
vt -4.66240000 -13.18980000
vt -4.82020000 -13.17510000
vt -4.67660000 -12.57540000
vt -4.60950000 -12.59010000
vt -4.75250000 -12.56890000
vt -4.57280000 -11.97740000
vt -4.51280000 -11.99360000
vt -4.64070000 -11.96710000
vt -4.44870000 -11.44810000
vt -4.39490000 -11.46170000
vt -4.50910000 -11.43780000
vt -4.33480000 -10.84560000
vt -4.28670000 -10.85370000
vt -4.38830000 -10.83860000
vt -4.26350000 -10.23530000
vt -4.22150000 -10.23890000
vt -4.30990000 -10.23100000
vt -4.22220000 -9.68740000
vt -4.18680000 -9.68930000
vt -4.26130000 -9.68420000
vt -4.17450000 -9.06980000
vt -4.14580000 -9.07210000
vt -4.20630000 -9.06700000
vt -4.28030000 -0.86270000
vt -4.42670000 -0.84450000
vt -4.53480000 -0.84360000
vt -4.36320000 -1.43210000
vt -4.50200000 -1.41400000
vt -4.60410000 -1.41060000
vt -4.44500000 -1.99280000
vt -4.57630000 -1.97670000
vt -4.67340000 -1.97680000
vt -4.52260000 -2.61190000
vt -4.64660000 -2.59870000
vt -4.73880000 -2.60510000
vt -4.58560000 -3.20500000
vt -4.70220000 -3.19440000
vt -4.78930000 -3.20620000
vt -4.63100000 -3.72770000
vt -4.74010000 -3.71970000
vt -4.82190000 -3.73580000
vt -4.66700000 -4.31090000
vt -4.76860000 -4.30510000
vt -4.84490000 -4.32360000
vt -4.69240000 -4.89070000
vt -4.78640000 -4.88680000
vt -4.85720000 -4.90710000
vt -4.70230000 -5.39710000
vt -4.78870000 -5.39500000
vt -4.85380000 -5.41750000
vt -4.69920000 -5.95150000
vt -4.77800000 -5.95010000
vt -4.83720000 -5.97420000
vt -4.69440000 -6.48640000
vt -4.76560000 -6.48550000
vt -4.81900000 -6.51040000
vt -4.67910000 -6.94890000
vt -4.74260000 -6.95010000
vt -4.79020000 -6.97430000
vt -4.62500000 -7.47830000
vt -4.68040000 -7.48230000
vt -4.72230000 -7.50440000
vt -4.52880000 -8.01980000
vt -4.57620000 -8.02580000
vt -4.61220000 -8.04560000
vt -4.41130000 -8.50480000
vt -4.45100000 -8.51080000
vt -4.48120000 -8.52790000
vt -4.28030000 -9.04900000
vt -4.31270000 -9.05330000
vt -4.33730000 -9.06700000
vt -3.41300000 -9.42100000
vt -3.55430000 -9.38110000
vt -3.67550000 -9.39950000
vt -3.55310000 -9.90050000
vt -3.68640000 -9.86040000
vt -3.80110000 -9.87670000
vt -3.69300000 -10.37930000
vt -3.81980000 -10.34440000
vt -3.92870000 -10.36140000
vt -3.81440000 -10.92810000
vt -3.93530000 -10.90120000
vt -4.03850000 -10.92030000
vt -3.89620000 -11.47130000
vt -4.01050000 -11.45190000
vt -4.10780000 -11.47280000
vt -3.93970000 -11.96560000
vt -4.04690000 -11.95240000
vt -4.13810000 -11.97410000
vt -3.96110000 -12.53000000
vt -4.06090000 -12.52080000
vt -4.14580000 -12.54210000
vt -3.96920000 -13.09950000
vt -4.06160000 -13.09390000
vt -4.14000000 -13.11460000
vt -3.95320000 -13.61230000
vt -4.03790000 -13.61130000
vt -4.10990000 -13.63220000
vt -3.89930000 -14.19070000
vt -3.97600000 -14.19430000
vt -4.04140000 -14.21630000
vt -3.80110000 -14.76650000
vt -3.86960000 -14.77400000
vt -3.92820000 -14.79650000
vt -3.68070000 -15.28350000
vt -3.74170000 -15.29130000
vt -3.79410000 -15.31060000
vt -3.56900000 -15.87860000
vt -3.62300000 -15.88350000
vt -3.66990000 -15.89670000
vt -3.49920000 -16.48590000
vt -3.54610000 -16.48830000
vt -3.58700000 -16.49650000
vt -3.45920000 -17.03170000
vt -3.49880000 -17.03340000
vt -3.53330000 -17.03920000
vt -3.41300000 -17.64160000
vt -3.44510000 -17.64320000
vt -3.47310000 -17.64850000
vt -5.99010000 -17.64850000
vt -5.86350000 -17.60140000
vt -5.72490000 -17.58710000
vt -6.11680000 -17.12200000
vt -5.99690000 -17.07650000
vt -5.86610000 -17.06070000
vt -6.24550000 -16.58730000
vt -6.13190000 -16.54530000
vt -6.00750000 -16.53340000
vt -6.36310000 -15.99040000
vt -6.25570000 -15.95270000
vt -6.13720000 -15.94730000
vt -6.44800000 -15.42110000
vt -6.34690000 -15.38730000
vt -6.23480000 -15.38770000
vt -6.49800000 -14.92180000
vt -6.40320000 -14.89200000
vt -6.29790000 -14.89710000
vt -6.52820000 -14.37110000
vt -6.44000000 -14.34490000
vt -6.34180000 -14.35300000
vt -6.54210000 -13.82430000
vt -6.46040000 -13.80150000
vt -6.36940000 -13.81190000
vt -6.53000000 -13.34420000
vt -6.45490000 -13.32460000
vt -6.37140000 -13.33780000
vt -6.48800000 -12.82050000
vt -6.41970000 -12.80320000
vt -6.34370000 -12.81850000
vt -6.42450000 -12.32110000
vt -6.36280000 -12.30580000
vt -6.29450000 -12.32260000
vt -6.34150000 -11.89630000
vt -6.28670000 -11.88440000
vt -6.22610000 -11.90130000
vt -6.22610000 -11.40600000
vt -6.17850000 -11.39830000
vt -6.12530000 -11.41390000
vt -6.08900000 -10.89250000
vt -6.04850000 -10.88840000
vt -6.00280000 -10.90260000
vt -5.94440000 -10.42460000
vt -5.91060000 -10.42210000
vt -5.87220000 -10.43440000
vt -5.78390000 -9.89880000
vt -5.75620000 -9.89620000
vt -5.72490000 -9.90610000
vt -11.66020000 -17.58620000
vt -11.91800000 -17.64850000
vt -11.78890000 -17.63420000
vt -11.82770000 -17.07390000
vt -12.07080000 -17.13750000
vt -11.94910000 -17.12180000
vt -11.99400000 -16.56590000
vt -12.22560000 -16.62010000
vt -12.10970000 -16.60800000
vt -12.14320000 -15.98980000
vt -12.36430000 -16.02910000
vt -12.25380000 -16.02300000
vt -12.25070000 -15.42280000
vt -12.46030000 -15.44850000
vt -12.35570000 -15.44770000
vt -12.31600000 -14.91280000
vt -12.51300000 -14.92760000
vt -12.41460000 -14.93160000
vt -12.35980000 -14.34080000
vt -12.54350000 -14.34870000
vt -12.45170000 -14.35640000
vt -12.38870000 -13.77500000
vt -12.55880000 -13.77680000
vt -12.47380000 -13.78760000
vt -12.38950000 -13.27160000
vt -12.54570000 -13.26600000
vt -12.46760000 -13.27910000
vt -12.35320000 -12.69480000
vt -12.49510000 -12.68260000
vt -12.42410000 -12.69620000
vt -12.28510000 -12.10740000
vt -12.41240000 -12.08980000
vt -12.34840000 -12.10370000
vt -12.19340000 -11.58460000
vt -12.30630000 -11.56430000
vt -12.24950000 -11.57900000
vt -12.07320000 -11.00920000
vt -12.17210000 -10.98930000
vt -12.12270000 -11.00450000
vt -11.94200000 -10.44850000
vt -12.02690000 -10.42940000
vt -11.98470000 -10.44460000
vt -11.80960000 -9.95810000
vt -11.88090000 -9.94120000
vt -11.84560000 -9.95470000
vt -11.66020000 -9.40480000
vt -11.71820000 -9.39150000
vt -11.68940000 -9.40210000
vt -9.93740000 -9.49840000
vt -10.06710000 -9.48320000
vt -10.19510000 -9.43500000
vt -10.10510000 -10.00800000
vt -10.22750000 -9.99150000
vt -10.34810000 -9.94330000
vt -10.27090000 -10.51120000
vt -10.38740000 -10.49830000
vt -10.50240000 -10.45600000
vt -10.41930000 -11.08080000
vt -10.53040000 -11.07390000
vt -10.64040000 -11.04050000
vt -10.52640000 -11.64160000
vt -10.63160000 -11.64010000
vt -10.73600000 -11.61500000
vt -10.59200000 -12.14910000
vt -10.69090000 -12.15240000
vt -10.78900000 -12.13350000
vt -10.63630000 -12.72330000
vt -10.72860000 -12.73040000
vt -10.82000000 -12.71470000
vt -10.66520000 -13.29090000
vt -10.75060000 -13.30110000
vt -10.83520000 -13.28840000
vt -10.66570000 -13.78870000
vt -10.74420000 -13.80130000
vt -10.82190000 -13.79380000
vt -10.63010000 -14.35360000
vt -10.70160000 -14.36680000
vt -10.77200000 -14.36530000
vt -10.56370000 -14.93040000
vt -10.62800000 -14.94390000
vt -10.69100000 -14.94760000
vt -10.47290000 -15.45170000
vt -10.52990000 -15.46600000
vt -10.58570000 -15.47160000
vt -10.35190000 -16.03200000
vt -10.40160000 -16.04690000
vt -10.45080000 -16.05150000
vt -10.21950000 -16.59610000
vt -10.26190000 -16.61100000
vt -10.30440000 -16.61490000
vt -10.08660000 -17.08560000
vt -10.12210000 -17.09890000
vt -10.15790000 -17.10230000
vt -9.93740000 -17.63550000
vt -9.96630000 -17.64580000
vt -9.99540000 -17.64850000
vt -7.31280000 -17.58250000
vt -7.56330000 -17.64850000
vt -7.44080000 -17.59330000
vt -7.48630000 -17.11530000
vt -7.72220000 -17.18290000
vt -7.60680000 -17.12800000
vt -7.65790000 -16.65390000
vt -7.88310000 -16.71120000
vt -7.77290000 -16.66260000
vt -7.80610000 -16.13100000
vt -8.02200000 -16.17090000
vt -7.91640000 -16.13210000
vt -7.89930000 -15.61800000
vt -8.10430000 -15.64190000
vt -8.00400000 -15.61210000
vt -7.94560000 -15.15490000
vt -8.13810000 -15.16950000
vt -8.04390000 -15.14560000
vt -7.98360000 -14.62650000
vt -8.16260000 -14.63960000
vt -8.07500000 -14.61820000
vt -8.03280000 -14.09280000
vt -8.19840000 -14.10450000
vt -8.11730000 -14.08550000
vt -8.06530000 -13.61640000
vt -8.21770000 -13.62000000
vt -8.14310000 -13.60590000
vt -8.04900000 -13.08630000
vt -8.18760000 -13.07880000
vt -8.11970000 -13.07060000
vt -7.97500000 -12.56910000
vt -8.09860000 -12.55280000
vt -8.03800000 -12.54940000
vt -7.86370000 -12.11870000
vt -7.97300000 -12.09930000
vt -7.91940000 -12.09870000
vt -7.72730000 -11.60540000
vt -7.82320000 -11.58760000
vt -7.77630000 -11.58810000
vt -7.59180000 -11.08210000
vt -7.67440000 -11.06590000
vt -7.63420000 -11.06730000
vt -7.46070000 -10.61160000
vt -7.53010000 -10.59730000
vt -7.49640000 -10.59900000
vt -7.31280000 -10.08160000
vt -7.36930000 -10.07030000
vt -7.34180000 -10.07140000
vt -8.21770000 -10.03890000
vt -8.34120000 -9.98470000
vt -8.46850000 -9.97460000
vt -8.39160000 -10.51380000
vt -8.50780000 -10.45980000
vt -8.62760000 -10.44780000
vt -8.56330000 -10.98260000
vt -8.67430000 -10.93490000
vt -8.78870000 -10.92680000
vt -8.71160000 -11.51240000
vt -8.81800000 -11.47440000
vt -8.92770000 -11.47400000
vt -8.80490000 -12.03190000
vt -8.90600000 -12.00290000
vt -9.01010000 -12.00950000
vt -8.85160000 -12.50260000
vt -8.94640000 -12.47960000
vt -9.04410000 -12.48940000
vt -8.88980000 -13.04030000
vt -8.97810000 -13.01970000
vt -9.06900000 -13.02850000
vt -8.93900000 -13.58310000
vt -9.02070000 -13.56470000
vt -9.10470000 -13.57250000
vt -8.97130000 -14.06480000
vt -9.04650000 -14.05140000
vt -9.12390000 -14.06230000
vt -8.95510000 -14.59690000
vt -9.02350000 -14.58920000
vt -9.09370000 -14.60540000
vt -8.88190000 -15.11660000
vt -8.94300000 -15.11370000
vt -9.00560000 -15.13370000
vt -8.77090000 -15.57320000
vt -8.82490000 -15.57310000
vt -8.88020000 -15.59340000
vt -8.63380000 -16.09530000
vt -8.68100000 -16.09620000
vt -8.72980000 -16.11380000
vt -8.49740000 -16.62650000
vt -8.53790000 -16.62830000
vt -8.58010000 -16.64340000
vt -8.36590000 -17.10260000
vt -8.39980000 -17.10460000
vt -8.43530000 -17.11750000
vt -8.21780000 -17.63680000
vt -8.24540000 -17.63810000
vt -8.27420000 -17.64850000
vt -3.45270000 -2.17050000
vt -3.58620000 -2.14670000
vt -3.68970000 -2.09780000
vt -3.59340000 -2.65900000
vt -3.71930000 -2.63390000
vt -3.81710000 -2.58630000
vt -3.73390000 -3.14690000
vt -3.85380000 -3.12660000
vt -3.94670000 -3.08330000
vt -3.85350000 -3.69310000
vt -3.96780000 -3.68090000
vt -4.05610000 -3.64360000
vt -3.92760000 -4.22210000
vt -4.03590000 -4.21720000
vt -4.11920000 -4.18560000
vt -3.96160000 -4.69290000
vt -4.06310000 -4.69290000
vt -4.14110000 -4.66460000
vt -3.97870000 -5.21380000
vt -4.07320000 -5.21590000
vt -4.14580000 -5.18840000
vt -3.99090000 -5.72170000
vt -4.07830000 -5.72550000
vt -4.14540000 -5.69900000
vt -3.98370000 -6.15930000
vt -4.06400000 -6.16600000
vt -4.12560000 -6.14270000
vt -3.94200000 -6.64390000
vt -4.01480000 -6.65370000
vt -4.07070000 -6.63520000
vt -3.86000000 -7.12560000
vt -3.92510000 -7.13790000
vt -3.97520000 -7.12360000
vt -3.75630000 -7.54920000
vt -3.81430000 -7.56110000
vt -3.85890000 -7.54850000
vt -3.65250000 -8.02370000
vt -3.70380000 -8.03280000
vt -3.74350000 -8.02030000
vt -3.57530000 -8.49550000
vt -3.61980000 -8.50220000
vt -3.65420000 -8.49010000
vt -3.51800000 -8.91040000
vt -3.55550000 -8.91590000
vt -3.58450000 -8.90530000
vt -3.45270000 -9.37650000
vt -3.48320000 -9.38110000
vt -3.50680000 -9.37270000
vt -2.91450000 -17.64850000
vt -2.79470000 -17.64520000
vt -2.66720000 -17.60520000
vt -3.03710000 -17.16460000
vt -2.92370000 -17.16060000
vt -2.80340000 -17.12020000
vt -3.16180000 -16.67230000
vt -3.05430000 -16.66960000
vt -2.93970000 -16.63470000
vt -3.27340000 -16.10430000
vt -3.17170000 -16.10360000
vt -3.06240000 -16.07700000
vt -3.35290000 -15.54210000
vt -3.25710000 -15.54330000
vt -3.15360000 -15.52440000
vt -3.39680000 -15.03360000
vt -3.30700000 -15.03780000
vt -3.20970000 -15.02560000
vt -3.41300000 -14.46330000
vt -3.32930000 -14.47120000
vt -3.23850000 -14.46430000
vt -3.40080000 -13.89490000
vt -3.32340000 -13.90590000
vt -3.23960000 -13.90360000
vt -3.35880000 -13.38700000
vt -3.28780000 -13.39890000
vt -3.21090000 -13.40070000
vt -3.29320000 -12.81480000
vt -3.22850000 -12.82550000
vt -3.15870000 -12.83010000
vt -3.21420000 -12.24100000
vt -3.15570000 -12.25070000
vt -3.09310000 -12.25760000
vt -3.12570000 -11.73310000
vt -3.07360000 -11.74240000
vt -3.01780000 -11.74980000
vt -3.02400000 -11.16770000
vt -2.97830000 -11.17680000
vt -2.92910000 -11.18290000
vt -2.92310000 -10.60460000
vt -2.88370000 -10.61340000
vt -2.84130000 -10.61830000
vt -2.82840000 -10.10470000
vt -2.79540000 -10.11240000
vt -2.75960000 -10.11650000
vt -2.72310000 -9.54240000
vt -2.69620000 -9.54850000
vt -2.66720000 -9.55180000
vt 4.03180000 -12.78160000
vt 4.16490000 -12.77040000
vt 3.93170000 -12.81420000
vt 3.96860000 -12.28510000
vt 4.09470000 -12.27300000
vt 3.87400000 -12.31860000
vt 3.90610000 -11.79330000
vt 4.02550000 -11.78380000
vt 3.81620000 -11.82160000
vt 3.85890000 -11.23600000
vt 3.97190000 -11.23140000
vt 3.77370000 -11.25540000
vt 3.84380000 -10.68960000
vt 3.95000000 -10.68960000
vt 3.76350000 -10.70080000
vt 3.85140000 -10.19900000
vt 3.95060000 -10.20040000
vt 3.77630000 -10.20520000
vt 3.85770000 -9.64380000
vt 3.94990000 -9.64350000
vt 3.78780000 -9.64870000
vt 3.84690000 -9.08710000
vt 3.93220000 -9.08530000
vt 3.78230000 -9.09070000
vt 3.83580000 -8.59030000
vt 3.91430000 -8.58990000
vt 3.77640000 -8.59020000
vt 3.84900000 -8.03090000
vt 3.92040000 -8.03400000
vt 3.79490000 -8.02590000
vt 3.89880000 -7.47440000
vt 3.96310000 -7.48040000
vt 3.85030000 -7.46560000
vt 3.96680000 -6.98280000
vt 4.02410000 -6.98860000
vt 3.92370000 -6.97310000
vt 4.03130000 -6.42980000
vt 4.08190000 -6.43350000
vt 3.99330000 -6.42190000
vt 4.07380000 -5.87620000
vt 4.11760000 -5.87820000
vt 4.04100000 -5.86980000
vt 4.10260000 -5.38360000
vt 4.13940000 -5.38490000
vt 4.07490000 -5.37820000
vt 4.13490000 -4.82910000
vt 4.16490000 -4.83040000
vt 4.11250000 -4.82470000
vt -1.94370000 -9.86130000
vt -2.05250000 -9.83350000
vt -2.18120000 -9.80860000
vt -2.07560000 -10.37050000
vt -2.17860000 -10.34360000
vt -2.30010000 -10.31770000
vt -2.20550000 -10.87140000
vt -2.30310000 -10.84670000
vt -2.41870000 -10.82520000
vt -2.32190000 -11.43020000
vt -2.41410000 -11.40810000
vt -2.52420000 -11.39370000
vt -2.40760000 -11.97060000
vt -2.49430000 -11.95080000
vt -2.59840000 -11.94280000
vt -2.46130000 -12.45300000
vt -2.54250000 -12.43670000
vt -2.64030000 -12.43380000
vt -2.49550000 -13.00090000
vt -2.57120000 -12.98890000
vt -2.66230000 -12.98920000
vt -2.51280000 -13.55250000
vt -2.58290000 -13.54440000
vt -2.66720000 -13.54740000
vt -2.50620000 -14.04110000
vt -2.57050000 -14.03530000
vt -2.64790000 -14.04150000
vt -2.47290000 -14.58270000
vt -2.53160000 -14.57720000
vt -2.60190000 -14.58620000
vt -2.41960000 -15.11350000
vt -2.47260000 -15.10850000
vt -2.53580000 -15.11950000
vt -2.35030000 -15.57900000
vt -2.39750000 -15.57550000
vt -2.45360000 -15.58710000
vt -2.25850000 -16.10600000
vt -2.29980000 -16.10430000
vt -2.34900000 -16.11510000
vt -2.15790000 -16.63710000
vt -2.19330000 -16.63680000
vt -2.23570000 -16.64670000
vt -2.05730000 -17.11010000
vt -2.08690000 -17.11030000
vt -2.12260000 -17.11900000
vt -1.94370000 -17.64170000
vt -1.96790000 -17.64170000
vt -1.99690000 -17.64850000
vt -2.04820000 -1.63600000
vt -2.17370000 -1.60060000
vt -2.29080000 -1.60010000
vt -2.16830000 -2.11510000
vt -2.28670000 -2.07900000
vt -2.39740000 -2.07710000
vt -2.28810000 -2.59270000
vt -2.40070000 -2.56190000
vt -2.50580000 -2.56200000
vt -2.38790000 -3.13610000
vt -2.49520000 -3.11410000
vt -2.59500000 -3.11840000
vt -2.44420000 -3.67040000
vt -2.54560000 -3.65650000
vt -2.63970000 -3.66470000
vt -2.46550000 -4.15550000
vt -2.56050000 -4.14660000
vt -2.64840000 -4.15570000
vt -2.48010000 -4.70870000
vt -2.56850000 -4.70140000
vt -2.65030000 -4.70820000
vt -2.50410000 -5.26530000
vt -2.58590000 -5.25940000
vt -2.66150000 -5.26420000
vt -2.51850000 -5.76190000
vt -2.59360000 -5.75990000
vt -2.66310000 -5.76560000
vt -2.49880000 -6.31770000
vt -2.56710000 -6.32060000
vt -2.63030000 -6.32920000
vt -2.43590000 -6.87090000
vt -2.49700000 -6.87790000
vt -2.55370000 -6.88880000
vt -2.34860000 -7.36390000
vt -2.40290000 -7.37180000
vt -2.45340000 -7.38210000
vt -2.25570000 -7.92100000
vt -2.30360000 -7.92750000
vt -2.34830000 -7.93510000
vt -2.18040000 -8.48010000
vt -2.22180000 -8.48530000
vt -2.26060000 -8.49060000
vt -2.11850000 -8.97760000
vt -2.15340000 -8.98190000
vt -2.18610000 -8.98610000
vt -2.04820000 -9.53530000
vt -2.07650000 -9.53880000
vt -2.10310000 -9.54240000
vt -2.89330000 -9.54240000
vt -2.79320000 -9.49970000
vt -2.66310000 -9.47390000
vt -3.01920000 -9.05420000
vt -2.92440000 -9.01310000
vt -2.80170000 -8.98640000
vt -3.14730000 -8.55790000
vt -3.05740000 -8.51980000
vt -2.94060000 -8.49750000
vt -3.26200000 -7.99980000
vt -3.17710000 -7.96490000
vt -3.06580000 -7.94950000
vt -3.34100000 -7.46550000
vt -3.26120000 -7.43370000
vt -3.15590000 -7.42460000
vt -3.38350000 -6.99560000
vt -3.30870000 -6.96790000
vt -3.20970000 -6.96370000
vt -3.40590000 -6.46970000
vt -3.33610000 -6.44710000
vt -3.24390000 -6.44600000
vt -3.41300000 -5.93810000
vt -3.34830000 -5.92000000
vt -3.26300000 -5.92160000
vt -3.39520000 -5.46180000
vt -3.33580000 -5.44670000
vt -3.25740000 -5.45160000
vt -3.34800000 -4.93750000
vt -3.29380000 -4.92370000
vt -3.22260000 -4.93120000
vt -3.27650000 -4.43080000
vt -3.22760000 -4.41830000
vt -3.16360000 -4.42780000
vt -3.18700000 -3.99470000
vt -3.14350000 -3.98430000
vt -3.08660000 -3.99450000
vt -3.07660000 -3.50390000
vt -3.03860000 -3.49610000
vt -2.98870000 -3.50560000
vt -2.95960000 -3.00550000
vt -2.92700000 -2.99990000
vt -2.88400000 -3.00870000
vt -2.84350000 -2.56020000
vt -2.81620000 -2.55590000
vt -2.78010000 -2.56360000
vt -2.71470000 -2.06000000
vt -2.69250000 -2.05620000
vt -2.66310000 -2.06230000
vt -5.75310000 -9.83040000
vt -5.97810000 -9.89620000
vt -5.87120000 -9.85230000
vt -5.91030000 -9.37520000
vt -6.12220000 -9.44230000
vt -6.02150000 -9.39850000
vt -6.06610000 -8.92430000
vt -6.26840000 -8.98150000
vt -6.17230000 -8.94290000
vt -6.20200000 -8.41360000
vt -6.39580000 -8.45510000
vt -6.30390000 -8.42420000
vt -6.29210000 -7.91570000
vt -6.47600000 -7.94280000
vt -6.38880000 -7.91890000
vt -6.33960000 -7.47090000
vt -6.51240000 -7.48730000
vt -6.43050000 -7.46970000
vt -6.36990000 -6.96380000
vt -6.53100000 -6.97410000
vt -6.45450000 -6.96170000
vt -6.39300000 -6.44810000
vt -6.54210000 -6.45280000
vt -6.47120000 -6.44510000
vt -6.39380000 -5.98240000
vt -6.53070000 -5.98010000
vt -6.46570000 -5.97630000
vt -6.36050000 -5.46040000
vt -6.48480000 -5.45200000
vt -6.42560000 -5.45030000
vt -6.29460000 -4.94990000
vt -6.40610000 -4.93670000
vt -6.35290000 -4.93670000
vt -6.20680000 -4.50560000
vt -6.30570000 -4.49000000
vt -6.25860000 -4.49200000
vt -6.09800000 -4.00240000
vt -6.18460000 -3.98710000
vt -6.14350000 -3.99070000
vt -5.98580000 -3.49150000
vt -6.06030000 -3.47690000
vt -6.02520000 -3.48160000
vt -5.87660000 -3.03300000
vt -5.93900000 -3.01990000
vt -5.90970000 -3.02450000
vt -5.75310000 -2.51590000
vt -5.80390000 -2.50570000
vt -5.78000000 -2.50900000
vt 2.09950000 4.51900000
vt 1.99160000 4.49470000
vt 1.86750000 4.51120000
vt 2.07050000 4.07920000
vt 1.96820000 4.05470000
vt 1.85050000 4.07090000
vt 2.04180000 3.64360000
vt 1.94510000 3.62240000
vt 1.83380000 3.63700000
vt 2.00890000 3.14280000
vt 1.91810000 3.12730000
vt 1.81320000 3.14050000
vt 1.96740000 2.64430000
vt 1.88240000 2.63420000
vt 1.78390000 2.64610000
vt 1.92760000 2.19230000
vt 1.84820000 2.18390000
vt 1.75600000 2.19250000
vt 1.90690000 1.67860000
vt 1.83310000 1.66830000
vt 1.74720000 1.67160000
vt 1.92120000 1.16340000
vt 1.85290000 1.15140000
vt 1.77360000 1.15010000
vt 1.95440000 0.69950000
vt 1.89160000 0.69000000
vt 1.81880000 0.68750000
vt 1.97670000 0.16950000
vt 1.91930000 0.16560000
vt 1.85280000 0.16540000
vt 1.96310000 -0.36360000
vt 1.91120000 -0.36280000
vt 1.85120000 -0.36100000
vt 1.93570000 -0.83700000
vt 1.88940000 -0.83570000
vt 1.83580000 -0.83520000
vt 1.93440000 -1.36760000
vt 1.89370000 -1.36870000
vt 1.84660000 -1.37110000
vt 1.97370000 -1.89660000
vt 1.93870000 -1.89940000
vt 1.89820000 -1.90400000
vt 2.03290000 -2.36720000
vt 2.00350000 -2.37010000
vt 1.96950000 -2.37480000
vt 2.09950000 -2.89800000
vt 2.07550000 -2.90000000
vt 2.04790000 -2.90340000
vt -8.33330000 -2.62050000
vt -8.44100000 -2.57660000
vt -8.55880000 -2.55570000
vt -8.49120000 -3.07920000
vt -8.59260000 -3.03540000
vt -8.70350000 -3.01300000
vt -8.64700000 -3.53100000
vt -8.74380000 -3.49250000
vt -8.84960000 -3.47470000
vt -8.78210000 -4.03980000
vt -8.87470000 -4.00890000
vt -8.97620000 -3.99910000
vt -8.87200000 -4.53590000
vt -8.95980000 -4.51190000
vt -9.05620000 -4.50950000
vt -8.92040000 -4.98440000
vt -9.00290000 -4.96680000
vt -9.09350000 -4.96870000
vt -8.95150000 -5.50070000
vt -9.02840000 -5.48830000
vt -9.11270000 -5.49110000
vt -8.97460000 -6.02500000
vt -9.04580000 -6.01730000
vt -9.12390000 -6.02080000
vt -8.97530000 -6.49180000
vt -9.04070000 -6.48800000
vt -9.11230000 -6.49460000
vt -8.94220000 -7.00810000
vt -9.00170000 -7.00640000
vt -9.06670000 -7.01700000
vt -8.87740000 -7.51380000
vt -8.93090000 -7.51380000
vt -8.98900000 -7.52740000
vt -8.79010000 -7.96030000
vt -8.83750000 -7.96230000
vt -8.88900000 -7.97620000
vt -8.68010000 -8.47000000
vt -8.72140000 -8.47360000
vt -8.76680000 -8.48560000
vt -8.56670000 -8.98640000
vt -8.60200000 -8.99110000
vt -8.64120000 -9.00130000
vt -8.45690000 -9.44730000
vt -8.48650000 -9.45190000
vt -8.51940000 -9.46060000
vt -8.33330000 -9.96430000
vt -8.35740000 -9.96760000
vt -8.38420000 -9.97460000
vt 3.17730000 -17.64850000
vt 3.29860000 -17.62550000
vt 3.07940000 -17.63950000
vt 3.09230000 -17.19140000
vt 3.20700000 -17.16820000
vt 2.99990000 -17.18520000
vt 3.00810000 -16.73900000
vt 3.11700000 -16.71880000
vt 2.92020000 -16.72990000
vt 2.93690000 -16.24230000
vt 3.03990000 -16.22690000
vt 2.85310000 -16.22730000
vt 2.89660000 -15.76960000
vt 2.99370000 -15.75860000
vt 2.81740000 -15.74950000
vt 2.88150000 -15.35770000
vt 2.97230000 -15.34870000
vt 2.80730000 -15.33500000
vt 2.86720000 -14.90760000
vt 2.95160000 -14.89790000
vt 2.79810000 -14.88520000
vt 2.83690000 -14.46860000
vt 2.91490000 -14.45830000
vt 2.77290000 -14.44670000
vt 2.81210000 -14.08900000
vt 2.88390000 -14.08150000
vt 2.75320000 -14.06560000
vt 2.82650000 -13.67020000
vt 2.89180000 -13.66780000
vt 2.77290000 -13.64430000
vt 2.89820000 -13.26160000
vt 2.95650000 -13.26330000
vt 2.85050000 -13.23410000
vt 3.00030000 -12.91040000
vt 3.05210000 -12.91290000
vt 2.95800000 -12.88470000
vt 3.09940000 -12.51730000
vt 3.14540000 -12.51800000
vt 3.06200000 -12.49570000
vt 3.16760000 -12.12180000
vt 3.20750000 -12.12110000
vt 3.13510000 -12.10400000
vt 3.21620000 -11.77060000
vt 3.24990000 -11.76970000
vt 3.18880000 -11.75580000
vt 3.27130000 -11.37610000
vt 3.29860000 -11.37560000
vt 3.24900000 -11.36400000
vt 2.13220000 -4.16920000
vt 2.01400000 -4.17170000
vt 1.90720000 -4.12710000
vt 2.04490000 -4.56460000
vt 1.93300000 -4.56640000
vt 1.83210000 -4.52220000
vt 1.95890000 -4.95320000
vt 1.85300000 -4.95570000
vt 1.75710000 -4.91640000
vt 1.88290000 -5.40250000
vt 1.78280000 -5.40610000
vt 1.69170000 -5.37420000
vt 1.82540000 -5.85550000
vt 1.73140000 -5.85990000
vt 1.64520000 -5.83500000
vt 1.78970000 -6.27240000
vt 1.70170000 -6.27890000
vt 1.62080000 -6.26000000
vt 1.77560000 -6.75020000
vt 1.69370000 -6.75970000
vt 1.61840000 -6.74560000
vt 1.78840000 -7.22590000
vt 1.71270000 -7.23780000
vt 1.64320000 -7.22800000
vt 1.82250000 -7.65010000
vt 1.75300000 -7.66170000
vt 1.68940000 -7.65570000
vt 1.86220000 -8.13990000
vt 1.79860000 -8.14840000
vt 1.74090000 -8.14540000
vt 1.89240000 -8.64330000
vt 1.83490000 -8.64910000
vt 1.78290000 -8.64860000
vt 1.91990000 -9.10170000
vt 1.86860000 -9.10690000
vt 1.82220000 -9.10760000
vt 1.96130000 -9.61770000
vt 1.91630000 -9.62360000
vt 1.87550000 -9.62420000
vt 2.01460000 -10.12740000
vt 1.97580000 -10.13360000
vt 1.94060000 -10.13410000
vt 2.06990000 -10.57780000
vt 2.03720000 -10.58340000
vt 2.00760000 -10.58390000
vt 2.13220000 -11.08380000
vt 2.10570000 -11.08820000
vt 2.08160000 -11.08850000
vt -11.28460000 -8.70080000
vt -11.17500000 -8.70620000
vt -11.05990000 -8.66950000
vt -11.38040000 -8.28290000
vt -11.27660000 -8.28740000
vt -11.16790000 -8.25060000
vt -11.47780000 -7.85780000
vt -11.37950000 -7.86280000
vt -11.27620000 -7.83070000
vt -11.56360000 -7.36430000
vt -11.47070000 -7.37030000
vt -11.37240000 -7.34540000
vt -11.62290000 -6.87240000
vt -11.53550000 -6.87920000
vt -11.44250000 -6.86100000
vt -11.65330000 -6.42520000
vt -11.57140000 -6.43380000
vt -11.48410000 -6.42140000
vt -11.66020000 -5.92370000
vt -11.58390000 -5.93530000
vt -11.50260000 -5.92730000
vt -11.64160000 -5.42620000
vt -11.57110000 -5.44030000
vt -11.49600000 -5.43610000
vt -11.59900000 -4.98020000
vt -11.53430000 -4.99380000
vt -11.46550000 -4.99310000
vt -11.54290000 -4.47020000
vt -11.48370000 -4.48050000
vt -11.42120000 -4.48230000
vt -11.48590000 -3.95180000
vt -11.43230000 -3.95910000
vt -11.37600000 -3.96300000
vt -11.42650000 -3.48920000
vt -11.37860000 -3.49580000
vt -11.32860000 -3.50050000
vt -11.35390000 -2.97510000
vt -11.31190000 -2.98230000
vt -11.26790000 -2.98630000
vt -11.27480000 -2.46520000
vt -11.23870000 -2.47240000
vt -11.20060000 -2.47590000
vt -11.19690000 -2.01280000
vt -11.16660000 -2.01920000
vt -11.13460000 -2.02220000
vt -11.11060000 -1.50410000
vt -11.08590000 -1.50920000
vt -11.05990000 -1.51160000
vt 1.07570000 -17.62830000
vt 1.17280000 -17.60400000
vt 0.95910000 -17.64850000
vt 0.96890000 -17.16840000
vt 1.06070000 -17.14430000
vt 0.85890000 -17.19000000
vt 0.86320000 -16.71400000
vt 0.95040000 -16.69260000
vt 0.75850000 -16.73120000
vt 0.77650000 -16.20550000
vt 0.85910000 -16.18840000
vt 0.67680000 -16.21510000
vt 0.72930000 -15.71220000
vt 0.80710000 -15.69910000
vt 0.63510000 -15.71480000
vt 0.71430000 -15.27200000
vt 0.78710000 -15.26090000
vt 0.62610000 -15.27080000
vt 0.70750000 -14.77690000
vt 0.77520000 -14.76600000
vt 0.62540000 -14.77520000
vt 0.69480000 -14.28290000
vt 0.75740000 -14.27230000
vt 0.61890000 -14.28090000
vt 0.69210000 -13.84720000
vt 0.74970000 -13.83830000
vt 0.62240000 -13.84250000
vt 0.71990000 -13.36330000
vt 0.77220000 -13.35740000
vt 0.65660000 -13.35490000
vt 0.78570000 -12.88580000
vt 0.83260000 -12.88240000
vt 0.72900000 -12.87440000
vt 0.87170000 -12.46780000
vt 0.91370000 -12.46470000
vt 0.82140000 -12.45640000
vt 0.96070000 -12.00230000
vt 0.99790000 -11.99790000
vt 0.91630000 -11.99310000
vt 1.03090000 -11.54130000
vt 1.06330000 -11.53610000
vt 0.99240000 -11.53400000
vt 1.08700000 -11.13570000
vt 1.11430000 -11.13090000
vt 1.05460000 -11.12960000
vt 1.15070000 -10.67890000
vt 1.17280000 -10.67530000
vt 1.12440000 -10.67390000
vt 2.66560000 -4.57100000
vt 2.54790000 -4.54900000
vt 2.45150000 -4.55010000
vt 2.57700000 -5.02730000
vt 2.46550000 -5.00560000
vt 2.37450000 -5.00440000
vt 2.48970000 -5.47590000
vt 2.38420000 -5.45650000
vt 2.29760000 -5.45840000
vt 2.41120000 -5.96790000
vt 2.31140000 -5.95190000
vt 2.22890000 -5.95980000
vt 2.35390000 -6.43510000
vt 2.26000000 -6.42210000
vt 2.18190000 -6.43530000
vt 2.31790000 -6.84620000
vt 2.23000000 -6.83590000
vt 2.15670000 -6.85190000
vt 2.29130000 -7.30960000
vt 2.20950000 -7.30130000
vt 2.14120000 -7.31750000
vt 2.27110000 -7.77560000
vt 2.19540000 -7.76920000
vt 2.13220000 -7.78540000
vt 2.26480000 -8.18470000
vt 2.19520000 -8.18020000
vt 2.13720000 -8.19800000
vt 2.27650000 -8.62980000
vt 2.21300000 -8.62670000
vt 2.16020000 -8.64630000
vt 2.30110000 -9.05710000
vt 2.24390000 -9.05510000
vt 2.19640000 -9.07580000
vt 2.33860000 -9.42520000
vt 2.28770000 -9.42470000
vt 2.24550000 -9.44480000
vt 2.40010000 -9.84360000
vt 2.35550000 -9.84460000
vt 2.31850000 -9.86280000
vt 2.47990000 -10.26920000
vt 2.44170000 -10.27120000
vt 2.40980000 -10.28740000
vt 2.56740000 -10.64920000
vt 2.53530000 -10.65140000
vt 2.50850000 -10.66530000
vt 2.66560000 -11.07580000
vt 2.63940000 -11.07740000
vt 2.61760000 -11.08850000
vt 0.61890000 -10.46640000
vt 0.50200000 -10.44160000
vt 0.40730000 -10.42860000
vt 0.50480000 -10.92160000
vt 0.39450000 -10.89560000
vt 0.30500000 -10.88230000
vt 0.39080000 -11.37640000
vt 0.28590000 -11.35510000
vt 0.20090000 -11.34390000
vt 0.29540000 -11.89110000
vt 0.19530000 -11.87770000
vt 0.11470000 -11.87020000
vt 0.24070000 -12.39360000
vt 0.14610000 -12.38740000
vt 0.07010000 -12.38340000
vt 0.21960000 -12.84470000
vt 0.13100000 -12.84260000
vt 0.05990000 -12.84000000
vt 0.20680000 -13.35240000
vt 0.12430000 -13.35100000
vt 0.05820000 -13.34800000
vt 0.18830000 -13.85950000
vt 0.11200000 -13.85880000
vt 0.05090000 -13.85540000
vt 0.18070000 -14.30960000
vt 0.11060000 -14.31180000
vt 0.05440000 -14.30960000
vt 0.20390000 -14.81110000
vt 0.14030000 -14.81740000
vt 0.08920000 -14.81770000
vt 0.26570000 -15.30810000
vt 0.20870000 -15.31770000
vt 0.16280000 -15.32000000
vt 0.34880000 -15.74720000
vt 0.29820000 -15.75710000
vt 0.25720000 -15.75900000
vt 0.43530000 -16.23940000
vt 0.39060000 -16.24730000
vt 0.35420000 -16.24730000
vt 0.50340000 -16.72920000
vt 0.46470000 -16.73540000
vt 0.43310000 -16.73390000
vt 0.55750000 -17.16070000
vt 0.52490000 -17.16580000
vt 0.49820000 -17.16400000
vt 0.61890000 -17.64430000
vt 0.59240000 -17.64850000
vt 0.57080000 -17.64740000
f 16/16 20/20 19/19
f 18/18 22/22 21/21
f 19/19 23/23 22/22
f 20/20 24/24 23/23
f 11/11 15/15 14/14
f 12/12 16/16 15/15
f 14/14 18/18 17/17
f 15/15 19/19 18/18
f 97/97 93/93 94/94
f 98/98 94/94 95/95
f 99/99 95/95 96/96
f 10/10 14/14 13/13
f 39/39 43/43 42/42
f 40/40 44/44 43/43
f 42/42 46/46 45/45
f 43/43 47/47 46/46
f 94/94 98/98 97/97
f 95/95 99/99 98/98
f 96/96 100/100 99/99
f 38/38 42/42 41/41
f 90/90 94/94 93/93
f 91/91 95/95 94/94
f 92/92 96/96 95/95
f 6/6 10/10 9/9
f 7/7 11/11 10/10
f 70/70 74/74 73/73
f 71/71 75/75 74/74
f 8/8 12/12 11/11
f 31/31 27/27 28/28
f 46/46 50/50 49/49
f 47/47 51/51 50/50
f 48/48 52/52 51/51
f 61/61 57/57 58/58
f 23/23 19/19 20/20
f 25/25 21/21 22/22
f 26/26 22/22 23/23
f 27/27 23/23 24/24
f 18/18 14/14 15/15
f 19/19 15/15 16/16
f 21/21 17/17 18/18
f 22/22 18/18 19/19
f 45/45 41/41 42/42
f 46/46 42/42 43/43
f 47/47 43/43 44/44
f 17/17 13/13 14/14
f 58/58 62/62 61/61
f 59/59 63/63 62/62
f 60/60 64/64 63/63
f 54/54 58/58 57/57
f 55/55 59/59 58/58
f 56/56 60/60 59/59
f 50/50 54/54 53/53
f 51/51 55/55 54/54
f 52/52 56/56 55/55
f 86/86 90/90 89/89
f 87/87 91/91 90/90
f 88/88 92/92 91/91
f 77/77 73/73 74/74
f 78/78 74/74 75/75
f 79/79 75/75 76/76
f 41/41 37/37 38/38
f 42/42 38/38 39/39
f 43/43 39/39 40/40
f 35/35 31/31 32/32
f 37/37 33/33 34/34
f 38/38 34/34 35/35
f 39/39 35/35 36/36
f 62/62 58/58 59/59
f 63/63 59/59 60/60
f 33/33 29/29 30/30
f 34/34 30/30 31/31
f 80/80 84/84 83/83
f 82/82 86/86 85/85
f 83/83 87/87 86/86
f 84/84 88/88 87/87
f 15/15 11/11 12/12
f 44/44 48/48 47/47
f 30/30 34/34 33/33
f 31/31 35/35 34/34
f 13/13 9/9 10/10
f 14/14 10/10 11/11
f 9/9 5/5 6/6
f 10/10 6/6 7/7
f 11/11 7/7 8/8
f 94/94 90/90 91/91
f 95/95 91/91 92/92
f 65/65 61/61 62/62
f 66/66 62/62 63/63
f 57/57 53/53 54/54
f 58/58 54/54 55/55
f 59/59 55/55 56/56
f 93/93 89/89 90/90
f 53/53 49/49 50/50
f 54/54 50/50 51/51
f 55/55 51/51 52/52
f 49/49 45/45 46/46
f 50/50 46/46 47/47
f 51/51 47/47 48/48
f 78/78 82/82 81/81
f 79/79 83/83 82/82
f 5/5 1/1 2/2
f 6/6 2/2 3/3
f 7/7 3/3 4/4
f 26/26 30/30 29/29
f 27/27 31/31 30/30
f 28/28 32/32 31/31
f 74/74 78/78 77/77
f 75/75 79/79 78/78
f 76/76 80/80 79/79
f 29/29 25/25 26/26
f 30/30 26/26 27/27
f 72/72 76/76 75/75
f 85/85 81/81 82/82
f 86/86 82/82 83/83
f 87/87 83/83 84/84
f 89/89 85/85 86/86
f 90/90 86/86 87/87
f 91/91 87/87 88/88
f 81/81 77/77 78/78
f 82/82 78/78 79/79
f 83/83 79/79 80/80
f 73/73 69/69 70/70
f 74/74 70/70 71/71
f 75/75 71/71 72/72
f 67/67 63/63 64/64
f 69/69 65/65 66/66
f 70/70 66/66 67/67
f 71/71 67/67 68/68
f 35/35 39/39 38/38
f 36/36 40/40 39/39
f 32/32 36/36 35/35
f 34/34 38/38 37/37
f 66/66 70/70 69/69
f 67/67 71/71 70/70
f 68/68 72/72 71/71
f 62/62 66/66 65/65
f 63/63 67/67 66/66
f 64/64 68/68 67/67
f 24/24 28/28 27/27
f 4/4 8/8 7/7
f 3/3 7/7 6/6
f 22/22 26/26 25/25
f 23/23 27/27 26/26
f 2/2 6/6 5/5
f 101/101 104/104 106/106
f 102/102 105/105 104/104
f 117/117 120/120 119/119
f 116/116 119/119 121/121
f 147/147 151/151 150/150
f 146/146 150/150 153/153
f 105/105 108/108 107/107
f 104/104 107/107 109/109
f 148/148 152/152 151/151
f 150/150 154/154 157/157
f 151/151 155/155 154/154
f 126/126 129/129 128/128
f 156/156 160/160 159/159
f 155/155 159/159 158/158
f 154/154 158/158 161/161
f 152/152 156/156 155/155
f 124/124 121/121 119/119
f 122/122 119/119 120/120
f 121/121 118/118 116/116
f 119/119 116/116 117/117
f 125/125 128/128 130/130
f 163/163 166/166 165/165
f 120/120 123/123 122/122
f 171/171 167/167 165/165
f 167/167 164/164 162/162
f 165/165 162/162 163/163
f 168/168 165/165 166/166
f 162/162 158/158 159/159
f 164/164 161/161 158/158
f 155/155 151/151 152/152
f 154/154 150/150 151/151
f 157/157 153/153 150/150
f 119/119 122/122 124/124
f 128/128 131/131 133/133
f 158/158 162/162 164/164
f 162/162 165/165 167/167
f 129/129 132/132 131/131
f 159/159 163/163 162/162
f 130/130 127/127 125/125
f 125/125 122/122 123/123
f 137/137 134/134 135/135
f 168/168 172/172 175/175
f 169/169 173/173 172/172
f 139/139 136/136 134/134
f 134/134 131/131 132/132
f 136/136 133/133 131/131
f 159/159 155/155 156/156
f 131/131 128/128 129/129
f 153/153 149/149 146/146
f 150/150 146/146 147/147
f 151/151 147/147 148/148
f 107/107 104/104 105/105
f 112/112 109/109 107/107
f 122/122 125/125 127/127
f 133/133 130/130 128/128
f 110/110 107/107 108/108
f 175/175 171/171 168/168
f 172/172 168/168 169/169
f 173/173 169/169 170/170
f 149/149 145/145 143/143
f 146/146 143/143 144/144
f 140/140 137/137 138/138
f 142/142 139/139 137/137
f 109/109 106/106 104/104
f 137/137 140/140 142/142
f 138/138 141/141 140/140
f 170/170 174/174 173/173
f 158/158 154/154 155/155
f 166/166 169/169 168/168
f 127/127 124/124 122/122
f 165/165 168/168 171/171
f 123/123 126/126 125/125
f 161/161 157/157 154/154
f 128/128 125/125 126/126
f 114/114 117/117 116/116
f 108/108 111/111 110/110
f 107/107 110/110 112/112
f 181/181 177/177 178/178
f 180/180 176/176 177/177
f 183/183 179/179 176/176
f 118/118 115/115 113/113
f 116/116 113/113 114/114
f 143/143 140/140 141/141
f 145/145 142/142 140/140
f 173/173 177/177 176/176
f 172/172 176/176 179/179
f 104/104 101/101 102/102
f 106/106 103/103 101/101
f 134/134 137/137 139/139
f 135/135 138/138 137/137
f 113/113 110/110 111/111
f 115/115 112/112 110/110
f 143/143 146/146 149/149
f 144/144 147/147 146/146
f 110/110 113/113 115/115
f 113/113 116/116 118/118
f 174/174 178/178 177/177
f 176/176 180/180 183/183
f 177/177 181/181 180/180
f 178/178 182/182 181/181
f 179/179 175/175 172/172
f 176/176 172/172 173/173
f 132/132 135/135 134/134
f 131/131 134/134 136/136
f 177/177 173/173 174/174
f 111/111 114/114 113/113
f 141/141 144/144 143/143
f 140/140 143/143 145/145
f 205/205 202/202 203/203
f 206/206 203/203 204/204
f 243/243 240/240 241/241
f 240/240 237/237 238/238
f 231/231 233/233 232/232
f 185/185 188/188 187/187
f 235/235 238/238 237/237
f 233/233 235/235 234/234
f 209/209 212/212 211/211
f 186/186 189/189 188/188
f 200/200 203/203 202/202
f 201/201 204/204 203/203
f 203/203 200/200 201/201
f 210/210 213/213 212/212
f 234/234 232/232 233/233
f 239/239 236/236 237/237
f 245/245 242/242 243/243
f 242/242 239/239 240/240
f 238/238 241/241 240/240
f 237/237 240/240 239/239
f 221/221 224/224 223/223
f 247/247 249/249 248/248
f 217/217 214/214 215/215
f 218/218 215/215 216/216
f 237/237 234/234 235/235
f 208/208 205/205 206/206
f 211/211 208/208 209/209
f 212/212 209/209 210/210
f 244/244 247/247 246/246
f 243/243 246/246 245/245
f 206/206 209/209 208/208
f 207/207 210/210 209/209
f 209/209 206/206 207/207
f 193/193 190/190 191/191
f 214/214 211/211 212/212
f 215/215 212/212 213/213
f 230/230 227/227 228/228
f 229/229 226/226 227/227
f 248/248 246/246 247/247
f 188/188 185/185 186/186
f 221/221 218/218 219/219
f 220/220 217/217 218/218
f 223/223 220/220 221/221
f 224/224 221/221 222/222
f 194/194 191/191 192/192
f 191/191 188/188 189/189
f 232/232 230/230 231/231
f 190/190 187/187 188/188
f 204/204 207/207 206/206
f 203/203 206/206 205/205
f 240/240 243/243 242/242
f 241/241 244/244 243/243
f 202/202 199/199 200/200
f 246/246 243/243 244/244
f 227/227 224/224 225/225
f 187/187 184/184 185/185
f 199/199 196/196 197/197
f 197/197 194/194 195/195
f 200/200 197/197 198/198
f 226/226 223/223 224/224
f 227/227 230/230 229/229
f 225/225 228/228 227/227
f 222/222 225/225 224/224
f 224/224 227/227 226/226
f 218/218 221/221 220/220
f 228/228 231/231 230/230
f 219/219 222/222 221/221
f 196/196 193/193 194/194
f 188/188 191/191 190/190
f 189/189 192/192 191/191
f 215/215 218/218 217/217
f 216/216 219/219 218/218
f 249/249 251/251 250/250
f 251/251 253/253 252/252
f 212/212 215/215 214/214
f 213/213 216/216 215/215
f 250/250 248/248 249/249
f 192/192 195/195 194/194
f 252/252 250/250 251/251
f 191/191 194/194 193/193
f 195/195 198/198 197/197
f 194/194 197/197 196/196
f 197/197 200/200 199/199
f 198/198 201/201 200/200
f 266/266 263/263 264/264
f 300/300 304/304 307/307
f 299/299 295/295 292/292
f 296/296 292/292 293/293
f 280/280 276/276 277/277
f 286/286 290/290 289/289
f 267/267 270/270 269/269
f 268/268 271/271 270/270
f 264/264 267/267 266/266
f 297/297 301/301 300/300
f 292/292 296/296 299/299
f 296/296 300/300 303/303
f 284/284 288/288 291/291
f 285/285 289/289 288/288
f 256/256 259/259 258/258
f 255/255 258/258 257/257
f 289/289 293/293 292/292
f 290/290 294/294 293/293
f 305/305 301/301 302/302
f 285/285 281/281 282/282
f 287/287 283/283 280/280
f 284/284 280/280 281/281
f 267/267 264/264 265/265
f 300/300 296/296 297/297
f 304/304 308/308 311/311
f 301/301 305/305 304/304
f 293/293 289/289 290/290
f 303/303 299/299 296/296
f 301/301 297/297 298/298
f 304/304 300/300 301/301
f 302/302 306/306 305/305
f 306/306 310/310 309/309
f 305/305 309/309 308/308
f 280/280 284/284 287/287
f 258/258 261/261 260/260
f 308/308 304/304 305/305
f 273/273 270/270 271/271
f 279/279 275/275 272/272
f 283/283 279/279 276/276
f 261/261 264/264 263/263
f 277/277 273/273 274/274
f 276/276 272/272 273/273
f 281/281 277/277 278/278
f 292/292 288/288 289/289
f 295/295 291/291 288/288
f 307/307 303/303 300/300
f 311/311 307/307 304/304
f 276/276 280/280 283/283
f 309/309 305/305 306/306
f 262/262 265/265 264/264
f 272/272 269/269 270/270
f 259/259 262/262 261/261
f 270/270 273/273 272/272
f 271/271 274/274 273/273
f 293/293 297/297 296/296
f 264/264 261/261 262/262
f 257/257 254/254 255/255
f 258/258 255/255 256/256
f 294/294 298/298 297/297
f 288/288 292/292 295/295
f 261/261 258/258 259/259
f 298/298 302/302 301/301
f 297/297 293/293 294/294
f 265/265 268/268 267/267
f 270/270 267/267 268/268
f 260/260 257/257 258/258
f 269/269 266/266 267/267
f 263/263 260/260 261/261
f 289/289 285/285 286/286
f 291/291 287/287 284/284
f 273/273 277/277 276/276
f 274/274 278/278 277/277
f 288/288 284/284 285/285
f 277/277 281/281 280/280
f 278/278 282/282 281/281
f 272/272 276/276 279/279
f 281/281 285/285 284/284
f 282/282 286/286 285/285
f 363/363 367/367 366/366
f 362/362 366/366 365/365
f 314/314 317/317 316/316
f 338/338 334/334 335/335
f 313/313 316/316 315/315
f 359/359 363/363 362/362
f 358/358 362/362 361/361
f 357/357 361/361 360/360
f 337/337 333/333 334/334
f 341/341 345/345 344/344
f 316/316 313/313 314/314
f 315/315 312/312 313/313
f 324/324 321/321 322/322
f 325/325 322/322 323/323
f 328/328 325/325 326/326
f 327/327 324/324 325/325
f 337/337 341/341 340/340
f 343/343 347/347 346/346
f 342/342 346/346 345/345
f 349/349 345/345 346/346
f 334/334 331/331 332/332
f 346/346 342/342 343/343
f 360/360 356/356 357/357
f 366/366 362/362 363/363
f 331/331 334/334 333/333
f 332/332 335/335 334/334
f 364/364 360/360 361/361
f 365/365 361/361 362/362
f 334/334 338/338 337/337
f 335/335 339/339 338/338
f 339/339 343/343 342/342
f 338/338 342/342 341/341
f 333/333 330/330 331/331
f 344/344 340/340 341/341
f 345/345 341/341 342/342
f 361/361 357/357 358/358
f 348/348 344/344 345/345
f 350/350 346/346 347/347
f 351/351 355/355 354/354
f 350/350 354/354 353/353
f 347/347 351/351 350/350
f 345/345 349/349 348/348
f 319/319 322/322 321/321
f 323/323 326/326 325/325
f 361/361 365/365 364/364
f 325/325 328/328 327/327
f 328/328 331/331 330/330
f 329/329 332/332 331/331
f 322/322 325/325 324/324
f 357/357 353/353 354/354
f 352/352 348/348 349/349
f 353/353 349/349 350/350
f 322/322 319/319 320/320
f 318/318 315/315 316/316
f 321/321 318/318 319/319
f 354/354 350/350 351/351
f 358/358 354/354 355/355
f 341/341 337/337 338/338
f 340/340 336/336 337/337
f 342/342 338/338 339/339
f 362/362 358/358 359/359
f 356/356 352/352 353/353
f 330/330 327/327 328/328
f 331/331 328/328 329/329
f 326/326 329/329 328/328
f 354/354 358/358 357/357
f 346/346 350/350 349/349
f 349/349 353/353 352/352
f 355/355 359/359 358/358
f 319/319 316/316 317/317
f 353/353 357/357 356/356
f 320/320 323/323 322/322
f 316/316 319/319 318/318
f 317/317 320/320 319/319
f 407/407 410/410 409/409
f 378/378 374/374 375/375
f 387/387 383/383 384/384
f 408/408 411/411 410/410
f 389/389 393/393 392/392
f 386/386 382/382 383/383
f 380/380 376/376 377/377
f 379/379 375/375 376/376
f 399/399 403/403 402/402
f 400/400 404/404 403/403
f 374/374 371/371 372/372
f 375/375 372/372 373/373
f 392/392 396/396 395/395
f 391/391 395/395 394/394
f 396/396 400/400 399/399
f 395/395 399/399 398/398
f 403/403 399/399 400/400
f 422/422 419/419 420/420
f 404/404 400/400 401/401
f 402/402 398/398 399/399
f 410/410 407/407 408/408
f 409/409 406/406 407/407
f 407/407 403/403 404/404
f 420/420 423/423 422/422
f 383/383 379/379 380/380
f 415/415 412/412 413/413
f 416/416 413/413 414/414
f 390/390 386/386 387/387
f 421/421 418/418 419/419
f 384/384 380/380 381/381
f 391/391 387/387 388/388
f 396/396 392/392 393/393
f 388/388 384/384 385/385
f 393/393 397/397 396/396
f 395/395 391/391 392/392
f 397/397 401/401 400/400
f 401/401 405/405 404/404
f 394/394 390/390 391/391
f 376/376 380/380 379/379
f 400/400 396/396 397/397
f 419/419 422/422 421/421
f 417/417 420/420 419/419
f 382/382 378/378 379/379
f 375/375 379/379 378/378
f 406/406 402/402 403/403
f 380/380 384/384 383/383
f 387/387 391/391 390/390
f 388/388 392/392 391/391
f 370/370 373/373 372/372
f 381/381 385/385 384/384
f 385/385 389/389 388/388
f 369/369 372/372 371/371
f 413/413 410/410 411/411
f 412/412 409/409 410/410
f 419/419 416/416 417/417
f 418/418 415/415 416/416
f 403/403 407/407 406/406
f 404/404 408/408 407/407
f 398/398 394/394 395/395
f 416/416 419/419 418/418
f 392/392 388/388 389/389
f 399/399 395/395 396/396
f 373/373 376/376 375/375
f 372/372 375/375 374/374
f 411/411 414/414 413/413
f 410/410 413/413 412/412
f 372/372 369/369 370/370
f 383/383 387/387 386/386
f 377/377 381/381 380/380
f 384/384 388/388 387/387
f 379/379 383/383 382/382
f 413/413 416/416 415/415
f 414/414 417/417 416/416
f 371/371 368/368 369/369
f 425/425 429/429 428/428
f 426/426 430/430 429/429
f 427/427 431/431 430/430
f 468/468 471/471 470/470
f 446/446 450/450 449/449
f 445/445 449/449 448/448
f 469/469 472/472 471/471
f 447/447 451/451 450/450
f 449/449 453/453 452/452
f 450/450 454/454 453/453
f 455/455 458/458 457/457
f 454/454 457/457 456/456
f 451/451 455/455 454/454
f 463/463 466/466 465/465
f 466/466 468/468 467/467
f 460/460 463/463 462/462
f 461/461 464/464 463/463
f 456/456 453/453 454/454
f 429/429 425/425 426/426
f 428/428 424/424 425/425
f 453/453 449/449 450/450
f 454/454 450/450 451/451
f 450/450 446/446 447/447
f 452/452 448/448 449/449
f 475/475 478/478 477/477
f 449/449 445/445 446/446
f 474/474 477/477 476/476
f 472/472 475/475 474/474
f 471/471 474/474 473/473
f 442/442 438/438 439/439
f 440/440 436/436 437/437
f 441/441 437/437 438/438
f 457/457 454/454 455/455
f 463/463 460/460 461/461
f 462/462 459/459 460/460
f 460/460 457/457 458/458
f 436/436 432/432 433/433
f 430/430 426/426 427/427
f 433/433 429/429 430/430
f 434/434 430/430 431/431
f 459/459 456/456 457/457
f 438/438 434/434 435/435
f 437/437 433/433 434/434
f 432/432 428/428 429/429
f 437/437 441/441 440/440
f 434/434 438/438 437/437
f 435/435 439/439 438/438
f 443/443 447/447 446/446
f 458/458 461/461 460/460
f 431/431 435/435 434/434
f 430/430 434/434 433/433
f 429/429 433/433 432/432
f 476/476 473/473 474/474
f 477/477 474/474 475/475
f 474/474 471/471 472/472
f 473/473 470/470 471/471
f 445/445 441/441 442/442
f 446/446 442/442 443/443
f 448/448 444/444 445/445
f 470/470 467/467 468/468
f 471/471 468/468 469/469
f 444/444 440/440 441/441
f 467/467 465/465 466/466
f 465/465 462/462 463/463
f 441/441 445/445 444/444
f 442/442 446/446 445/445
f 439/439 443/443 442/442
f 438/438 442/442 441/441
f 457/457 460/460 459/459
f 433/433 437/437 436/436
f 492/492 496/496 495/495
f 523/523 520/520 521/521
f 488/488 492/492 491/491
f 485/485 489/489 488/488
f 484/484 488/488 487/487
f 481/481 485/485 484/484
f 516/516 519/519 518/518
f 501/501 504/504 503/503
f 480/480 484/484 483/483
f 518/518 521/521 520/520
f 521/521 518/518 519/519
f 520/520 517/517 518/518
f 507/507 510/510 509/509
f 503/503 506/506 505/505
f 483/483 479/479 480/480
f 506/506 509/509 508/508
f 515/515 518/518 517/517
f 504/504 507/507 506/506
f 521/521 524/524 523/523
f 519/519 522/522 521/521
f 522/522 525/525 524/524
f 500/500 503/503 502/502
f 489/489 493/493 492/492
f 482/482 486/486 485/485
f 502/502 499/499 500/500
f 494/494 498/498 497/497
f 498/498 501/501 500/500
f 493/493 497/497 496/496
f 500/500 497/497 498/498
f 499/499 496/496 497/497
f 497/497 500/500 499/499
f 530/530 527/527 528/528
f 509/509 512/512 511/511
f 524/524 521/521 522/522
f 510/510 513/513 512/512
f 529/529 526/526 527/527
f 517/517 514/514 515/515
f 518/518 515/515 516/516
f 506/506 503/503 504/504
f 492/492 488/488 489/489
f 524/524 527/527 526/526
f 493/493 489/489 490/490
f 527/527 530/530 529/529
f 528/528 531/531 530/530
f 485/485 481/481 482/482
f 512/512 515/515 514/514
f 487/487 483/483 484/484
f 513/513 516/516 515/515
f 484/484 480/480 481/481
f 495/495 491/491 492/492
f 525/525 528/528 527/527
f 491/491 487/487 488/488
f 515/515 512/512 513/513
f 509/509 506/506 507/507
f 489/489 485/485 486/486
f 503/503 500/500 501/501
f 497/497 493/493 494/494
f 496/496 492/492 493/493
f 514/514 511/511 512/512
f 511/511 508/508 509/509
f 488/488 484/484 485/485
f 490/490 494/494 493/493
f 486/486 490/490 489/489
f 505/505 502/502 503/503
f 512/512 509/509 510/510
f 526/526 523/523 524/524
f 527/527 524/524 525/525
f 508/508 505/505 506/506
f 543/543 540/540 538/538
f 554/554 551/551 552/552
f 567/567 570/570 569/569
f 568/568 571/571 573/573
f 564/564 567/567 566/566
f 558/558 561/561 560/560
f 573/573 576/576 575/575
f 574/574 577/577 579/579
f 532/532 535/535 537/537
f 537/537 534/534 532/532
f 536/536 533/533 534/534
f 564/564 561/561 559/559
f 562/562 565/565 567/567
f 561/561 564/564 563/563
f 534/534 537/537 536/536
f 535/535 538/538 540/540
f 570/570 567/567 565/565
f 563/563 560/560 561/561
f 576/576 579/579 578/578
f 542/542 539/539 540/540
f 565/565 568/568 570/570
f 552/552 549/549 547/547
f 545/545 542/542 543/543
f 549/549 546/546 544/544
f 576/576 573/573 571/571
f 548/548 545/545 546/546
f 555/555 552/552 550/550
f 570/570 573/573 572/572
f 571/571 574/574 576/576
f 546/546 543/543 541/541
f 540/540 537/537 535/535
f 539/539 536/536 537/537
f 558/558 555/555 553/553
f 578/578 575/575 576/576
f 561/561 558/558 556/556
f 557/557 554/554 555/555
f 567/567 564/564 562/562
f 560/560 557/557 558/558
f 551/551 548/548 549/549
f 572/572 569/569 570/570
f 573/573 570/570 568/568
f 569/569 566/566 567/567
f 579/579 576/576 574/574
f 546/546 549/549 548/548
f 547/547 550/550 552/552
f 543/543 546/546 545/545
f 575/575 572/572 573/573
f 566/566 563/563 564/564
f 540/540 543/543 542/542
f 544/544 547/547 549/549
f 541/541 544/544 546/546
f 537/537 540/540 539/539
f 555/555 558/558 557/557
f 556/556 559/559 561/561
f 538/538 541/541 543/543
f 559/559 562/562 564/564
f 553/553 556/556 558/558
f 552/552 555/555 554/554
f 550/550 553/553 555/555
f 549/549 552/552 551/551
f 597/597 600/600 599/599
f 585/585 588/588 587/587
f 625/625 622/622 623/623
f 626/626 623/623 624/624
f 605/605 602/602 603/603
f 613/613 610/610 611/611
f 595/595 592/592 593/593
f 586/586 583/583 584/584
f 594/594 597/597 596/596
f 591/591 594/594 593/593
f 593/593 596/596 595/595
f 608/608 611/611 610/610
f 603/603 606/606 605/605
f 590/590 593/593 592/592
f 604/604 601/601 602/602
f 623/623 620/620 621/621
f 590/590 587/587 588/588
f 599/599 596/596 597/597
f 617/617 620/620 619/619
f 618/618 621/621 620/620
f 593/593 590/590 591/591
f 620/620 623/623 622/622
f 622/622 619/619 620/620
f 601/601 598/598 599/599
f 596/596 593/593 594/594
f 596/596 599/599 598/598
f 609/609 612/612 611/611
f 605/605 608/608 607/607
f 606/606 609/609 608/608
f 621/621 624/624 623/623
f 584/584 587/587 586/586
f 598/598 595/595 596/596
f 583/583 580/580 581/581
f 614/614 617/617 616/616
f 615/615 618/618 617/617
f 611/611 614/614 613/613
f 587/587 584/584 585/585
f 584/584 581/581 582/582
f 588/588 591/591 590/590
f 587/587 590/590 589/589
f 589/589 586/586 587/587
f 610/610 607/607 608/608
f 612/612 615/615 614/614
f 602/602 599/599 600/600
f 581/581 584/584 583/583
f 623/623 626/626 625/625
f 624/624 627/627 626/626
f 582/582 585/585 584/584
f 592/592 589/589 590/590
f 616/616 613/613 614/614
f 607/607 604/604 605/605
f 614/614 611/611 612/612
f 611/611 608/608 609/609
f 608/608 605/605 606/606
f 600/600 603/603 602/602
f 599/599 602/602 601/601
f 602/602 605/605 604/604
f 620/620 617/617 618/618
f 617/617 614/614 615/615
f 619/619 616/616 617/617
f 637/637 634/634 635/635
f 656/656 653/653 654/654
f 659/659 656/656 657/657
f 646/646 643/643 644/644
f 643/643 640/640 641/641
f 658/658 655/655 656/656
f 647/647 644/644 645/645
f 644/644 641/641 642/642
f 671/671 668/668 669/669
f 665/665 662/662 663/663
f 652/652 649/649 650/650
f 653/653 650/650 651/651
f 650/650 647/647 648/648
f 662/662 665/665 664/664
f 636/636 639/639 638/638
f 664/664 661/661 662/662
f 631/631 628/628 629/629
f 661/661 658/658 659/659
f 635/635 632/632 633/633
f 634/634 631/631 632/632
f 670/670 667/667 668/668
f 674/674 671/671 672/672
f 638/638 635/635 636/636
f 673/673 670/670 671/671
f 668/668 665/665 666/666
f 632/632 629/629 630/630
f 640/640 637/637 638/638
f 641/641 638/638 639/639
f 667/667 664/664 665/665
f 649/649 646/646 647/647
f 672/672 675/675 674/674
f 659/659 662/662 661/661
f 655/655 652/652 653/653
f 666/666 669/669 668/668
f 669/669 672/672 671/671
f 662/662 659/659 660/660
f 668/668 671/671 670/670
f 654/654 657/657 656/656
f 665/665 668/668 667/667
f 657/657 660/660 659/659
f 633/633 636/636 635/635
f 656/656 659/659 658/658
f 653/653 656/656 655/655
f 632/632 635/635 634/634
f 629/629 632/632 631/631
f 630/630 633/633 632/632
f 639/639 642/642 641/641
f 638/638 641/641 640/640
f 635/635 638/638 637/637
f 650/650 653/653 652/652
f 641/641 644/644 643/643
f 642/642 645/645 644/644
f 645/645 648/648 647/647
f 644/644 647/647 646/646
f 671/671 674/674 673/673
f 663/663 666/666 665/665
f 660/660 663/663 662/662
f 651/651 654/654 653/653
f 647/647 650/650 649/649
f 648/648 651/651 650/650
f 692/692 695/695 694/694
f 695/695 698/698 697/697
f 691/691 694/694 696/696
f 723/723 720/720 718/718
f 680/680 683/683 682/682
f 679/679 682/682 684/684
f 707/707 710/710 709/709
f 721/721 718/718 719/719
f 703/703 700/700 701/701
f 705/705 702/702 700/700
f 685/685 682/682 683/683
f 687/687 684/684 682/682
f 676/676 679/679 681/681
f 677/677 680/680 679/679
f 682/682 679/679 680/680
f 684/684 681/681 679/679
f 712/712 709/709 710/710
f 714/714 711/711 709/709
f 693/693 690/690 688/688
f 699/699 696/696 694/694
f 719/719 722/722 721/721
f 689/689 692/692 691/691
f 688/688 691/691 693/693
f 697/697 694/694 695/695
f 696/696 693/693 691/691
f 694/694 691/691 692/692
f 715/715 712/712 713/713
f 717/717 714/714 712/712
f 691/691 688/688 689/689
f 718/718 721/721 723/723
f 716/716 719/719 718/718
f 715/715 718/718 720/720
f 690/690 687/687 685/685
f 688/688 685/685 686/686
f 683/683 686/686 685/685
f 712/712 715/715 717/717
f 694/694 697/697 699/699
f 682/682 685/685 687/687
f 713/713 716/716 715/715
f 697/697 700/700 702/702
f 686/686 689/689 688/688
f 701/701 704/704 703/703
f 704/704 707/707 706/706
f 703/703 706/706 708/708
f 700/700 703/703 705/705
f 685/685 688/688 690/690
f 698/698 701/701 700/700
f 718/718 715/715 716/716
f 706/706 703/703 704/704
f 708/708 705/705 703/703
f 700/700 697/697 698/698
f 702/702 699/699 697/697
f 706/706 709/709 711/711
f 720/720 717/717 715/715
f 710/710 713/713 712/712
f 709/709 712/712 714/714
f 709/709 706/706 707/707
f 711/711 708/708 706/706
f 679/679 676/676 677/677
f 681/681 678/678 676/676
f 734/734 731/731 732/732
f 733/733 730/730 731/731
f 743/743 746/746 745/745
f 744/744 747/747 746/746
f 767/767 770/770 769/769
f 755/755 752/752 753/753
f 738/738 741/741 740/740
f 737/737 740/740 739/739
f 739/739 736/736 737/737
f 740/740 737/737 738/738
f 761/761 758/758 759/759
f 760/760 757/757 758/758
f 745/745 742/742 743/743
f 764/764 761/761 762/762
f 763/763 760/760 761/761
f 731/731 728/728 729/729
f 730/730 727/727 728/728
f 746/746 743/743 744/744
f 742/742 739/739 740/740
f 743/743 740/740 741/741
f 755/755 758/758 757/757
f 726/726 729/729 728/728
f 769/769 766/766 767/767
f 770/770 767/767 768/768
f 741/741 744/744 743/743
f 740/740 743/743 742/742
f 728/728 731/731 730/730
f 729/729 732/732 731/731
f 732/732 735/735 734/734
f 731/731 734/734 733/733
f 725/725 728/728 727/727
f 751/751 748/748 749/749
f 749/749 746/746 747/747
f 752/752 749/749 750/750
f 758/758 755/755 756/756
f 754/754 751/751 752/752
f 766/766 763/763 764/764
f 759/759 762/762 761/761
f 758/758 761/761 760/760
f 748/748 745/745 746/746
f 737/737 734/734 735/735
f 736/736 733/733 734/734
f 728/728 725/725 726/726
f 727/727 724/724 725/725
f 765/765 768/768 767/767
f 767/767 764/764 765/765
f 768/768 771/771 770/770
f 764/764 767/767 766/766
f 757/757 754/754 755/755
f 761/761 764/764 763/763
f 735/735 738/738 737/737
f 734/734 737/737 736/736
f 747/747 750/750 749/749
f 746/746 749/749 748/748
f 750/750 753/753 752/752
f 762/762 765/765 764/764
f 752/752 755/755 754/754
f 756/756 759/759 758/758
f 753/753 756/756 755/755
f 749/749 752/752 751/751
f 791/791 794/794 793/793
f 792/792 795/795 794/794
f 776/776 773/773 774/774
f 775/775 772/772 773/773
f 787/787 784/784 785/785
f 788/788 785/785 786/786
f 785/785 782/782 783/783
f 784/784 781/781 782/782
f 776/776 779/779 778/778
f 777/777 780/780 779/779
f 779/779 782/782 781/781
f 780/780 783/783 782/782
f 796/796 793/793 794/794
f 797/797 794/794 795/795
f 800/800 797/797 798/798
f 799/799 796/796 797/797
f 778/778 775/775 776/776
f 779/779 776/776 777/777
f 782/782 779/779 780/780
f 781/781 778/778 779/779
f 816/816 819/819 818/818
f 793/793 790/790 791/791
f 790/790 787/787 788/788
f 794/794 791/791 792/792
f 812/812 809/809 810/810
f 811/811 808/808 809/809
f 791/791 788/788 789/789
f 785/785 788/788 787/787
f 773/773 776/776 775/775
f 774/774 777/777 776/776
f 808/808 805/805 806/806
f 809/809 806/806 807/807
f 786/786 789/789 788/788
f 788/788 791/791 790/790
f 789/789 792/792 791/791
f 815/815 818/818 817/817
f 806/806 803/803 804/804
f 802/802 799/799 800/800
f 803/803 800/800 801/801
f 805/805 802/802 803/803
f 814/814 811/811 812/812
f 815/815 812/812 813/813
f 807/807 810/810 809/809
f 806/806 809/809 808/808
f 813/813 816/816 815/815
f 812/812 815/815 814/814
f 810/810 813/813 812/812
f 809/809 812/812 811/811
f 818/818 815/815 816/816
f 798/798 801/801 800/800
f 800/800 803/803 802/802
f 797/797 800/800 799/799
f 803/803 806/806 805/805
f 817/817 814/814 815/815
f 804/804 807/807 806/806
f 801/801 804/804 803/803
f 782/782 785/785 784/784
f 795/795 798/798 797/797
f 794/794 797/797 796/796
f 783/783 786/786 785/785
f 844/844 841/841 842/842
f 842/842 839/839 840/840
f 847/847 844/844 845/845
f 863/863 866/866 865/865
f 857/857 854/854 855/855
f 851/851 848/848 849/849
f 866/866 863/863 864/864
f 845/845 842/842 843/843
f 850/850 847/847 848/848
f 858/858 861/861 860/860
f 853/853 850/850 851/851
f 862/862 859/859 860/860
f 848/848 851/851 850/850
f 831/831 834/834 833/833
f 857/857 860/860 859/859
f 827/827 830/830 829/829
f 833/833 830/830 831/831
f 830/830 833/833 832/832
f 841/841 838/838 839/839
f 860/860 857/857 858/858
f 832/832 829/829 830/830
f 839/839 836/836 837/837
f 838/838 835/835 836/836
f 856/856 853/853 854/854
f 859/859 856/856 857/857
f 854/854 851/851 852/852
f 827/827 824/824 825/825
f 829/829 826/826 827/827
f 836/836 833/833 834/834
f 821/821 824/824 823/823
f 830/830 827/827 828/828
f 835/835 832/832 833/833
f 834/834 837/837 836/836
f 833/833 836/836 835/835
f 865/865 862/862 863/863
f 863/863 860/860 861/861
f 852/852 855/855 854/854
f 846/846 849/849 848/848
f 845/845 848/848 847/847
f 842/842 845/845 844/844
f 843/843 846/846 845/845
f 837/837 840/840 839/839
f 840/840 843/843 842/842
f 839/839 842/842 841/841
f 836/836 839/839 838/838
f 825/825 828/828 827/827
f 849/849 852/852 851/851
f 851/851 854/854 853/853
f 828/828 831/831 830/830
f 855/855 858/858 857/857
f 854/854 857/857 856/856
f 824/824 827/827 826/826
f 861/861 864/864 863/863
f 864/864 867/867 866/866
f 860/860 863/863 862/862
f 826/826 823/823 824/824
f 822/822 825/825 824/824
f 848/848 845/845 846/846
f 823/823 820/820 821/821
f 824/824 821/821 822/822
f 899/899 902/902 901/901
f 898/898 901/901 903/903
f 902/902 905/905 904/904
f 901/901 904/904 906/906
f 905/905 908/908 907/907
f 904/904 907/907 909/909
f 908/908 911/911 910/910
f 907/907 910/910 912/912
f 888/888 885/885 883/883
f 886/886 883/883 884/884
f 909/909 906/906 904/904
f 897/897 894/894 892/892
f 907/907 904/904 905/905
f 874/874 871/871 872/872
f 876/876 873/873 871/871
f 883/883 886/886 888/888
f 881/881 884/884 883/883
f 880/880 883/883 885/885
f 877/877 880/880 882/882
f 878/878 881/881 880/880
f 874/874 877/877 879/879
f 875/875 878/878 877/877
f 871/871 874/874 876/876
f 895/895 892/892 893/893
f 885/885 882/882 880/880
f 883/883 880/880 881/881
f 911/911 914/914 913/913
f 871/871 868/868 869/869
f 886/886 889/889 891/891
f 887/887 890/890 889/889
f 895/895 898/898 900/900
f 873/873 870/870 868/868
f 892/892 895/895 897/897
f 893/893 896/896 895/895
f 889/889 892/892 894/894
f 890/890 893/893 892/892
f 868/868 871/871 873/873
f 872/872 875/875 874/874
f 869/869 872/872 871/871
f 884/884 887/887 886/886
f 896/896 899/899 898/898
f 910/910 913/913 915/915
f 912/912 909/909 907/907
f 910/910 907/907 908/908
f 882/882 879/879 877/877
f 880/880 877/877 878/878
f 879/879 876/876 874/874
f 877/877 874/874 875/875
f 900/900 897/897 895/895
f 898/898 895/895 896/896
f 906/906 903/903 901/901
f 904/904 901/901 902/902
f 903/903 900/900 898/898
f 901/901 898/898 899/899
f 894/894 891/891 889/889
f 892/892 889/889 890/890
f 891/891 888/888 886/886
f 889/889 886/886 887/887
f 915/915 912/912 910/910
f 913/913 910/910 911/911
f 918/918 921/921 920/920
f 917/917 920/920 919/919
f 920/920 923/923 922/922
f 921/921 924/924 923/923
f 924/924 927/927 926/926
f 923/923 926/926 925/925
f 939/939 942/942 941/941
f 938/938 941/941 940/940
f 933/933 936/936 935/935
f 935/935 938/938 937/937
f 936/936 939/939 938/938
f 932/932 935/935 934/934
f 929/929 932/932 931/931
f 930/930 933/933 932/932
f 927/927 930/930 929/929
f 926/926 929/929 928/928
f 957/957 960/960 959/959
f 959/959 962/962 961/961
f 960/960 963/963 962/962
f 953/953 950/950 951/951
f 952/952 949/949 950/950
f 956/956 959/959 958/958
f 954/954 957/957 956/956
f 953/953 956/956 955/955
f 950/950 953/953 952/952
f 951/951 954/954 953/953
f 948/948 951/951 950/950
f 947/947 950/950 949/949
f 945/945 948/948 947/947
f 944/944 947/947 946/946
f 942/942 945/945 944/944
f 941/941 944/944 943/943
f 961/961 958/958 959/959
f 949/949 946/946 947/947
f 946/946 943/943 944/944
f 931/931 928/928 929/929
f 947/947 944/944 945/945
f 958/958 955/955 956/956
f 932/932 929/929 930/930
f 959/959 956/956 957/957
f 935/935 932/932 933/933
f 934/934 931/931 932/932
f 955/955 952/952 953/953
f 923/923 920/920 921/921
f 943/943 940/940 941/941
f 944/944 941/941 942/942
f 922/922 919/919 920/920
f 956/956 953/953 954/954
f 950/950 947/947 948/948
f 937/937 934/934 935/935
f 941/941 938/938 939/939
f 940/940 937/937 938/938
f 938/938 935/935 936/936
f 929/929 926/926 927/927
f 925/925 922/922 923/923
f 926/926 923/923 924/924
f 928/928 925/925 926/926
f 920/920 917/917 918/918
f 919/919 916/916 917/917
f 962/962 959/959 960/960
f 998/998 1001/1001 1000/1000
f 993/993 996/996 995/995
f 992/992 995/995 994/994
f 990/990 993/993 992/992
f 1001/1001 1004/1004 1003/1003
f 995/995 998/998 997/997
f 997/997 994/994 995/995
f 977/977 974/974 975/975
f 995/995 992/992 993/993
f 1004/1004 1007/1007 1006/1006
f 998/998 995/995 996/996
f 986/986 989/989 988/988
f 1000/1000 997/997 998/998
f 996/996 999/999 998/998
f 1003/1003 1000/1000 1001/1001
f 1010/1010 1007/1007 1008/1008
f 989/989 986/986 987/987
f 988/988 985/985 986/986
f 986/986 983/983 984/984
f 985/985 982/982 983/983
f 971/971 968/968 969/969
f 970/970 967/967 968/968
f 980/980 977/977 978/978
f 979/979 976/976 977/977
f 1007/1007 1004/1004 1005/1005
f 1004/1004 1001/1001 1002/1002
f 982/982 979/979 980/980
f 983/983 980/980 981/981
f 1009/1009 1006/1006 1007/1007
f 974/974 971/971 972/972
f 976/976 973/973 974/974
f 991/991 988/988 989/989
f 968/968 965/965 966/966
f 967/967 964/964 965/965
f 992/992 989/989 990/990
f 1006/1006 1003/1003 1004/1004
f 973/973 970/970 971/971
f 994/994 991/991 992/992
f 983/983 986/986 985/985
f 984/984 987/987 986/986
f 989/989 992/992 991/991
f 987/987 990/990 989/989
f 969/969 972/972 971/971
f 968/968 971/971 970/970
f 972/972 975/975 974/974
f 971/971 974/974 973/973
f 999/999 1002/1002 1001/1001
f 1005/1005 1008/1008 1007/1007
f 1002/1002 1005/1005 1004/1004
f 1008/1008 1011/1011 1010/1010
f 1007/1007 1010/1010 1009/1009
f 1001/1001 998/998 999/999
f 981/981 984/984 983/983
f 980/980 983/983 982/982
f 975/975 978/978 977/977
f 974/974 977/977 976/976
f 978/978 981/981 980/980
f 977/977 980/980 979/979
f 965/965 968/968 967/967
f 966/966 969/969 968/968
f 1038/1038 1041/1041 1040/1040
f 1045/1045 1042/1042 1043/1043
f 1047/1047 1050/1050 1049/1049
f 1046/1046 1049/1049 1048/1048
f 1050/1050 1053/1053 1052/1052
f 1049/1049 1052/1052 1051/1051
f 1040/1040 1043/1043 1042/1042
f 1041/1041 1044/1044 1043/1043
f 1025/1025 1022/1022 1023/1023
f 1027/1027 1024/1024 1025/1025
f 1030/1030 1027/1027 1028/1028
f 1031/1031 1028/1028 1029/1029
f 1040/1040 1037/1037 1038/1038
f 1034/1034 1031/1031 1032/1032
f 1055/1055 1052/1052 1053/1053
f 1033/1033 1030/1030 1031/1031
f 1039/1039 1036/1036 1037/1037
f 1037/1037 1034/1034 1035/1035
f 1015/1015 1012/1012 1013/1013
f 1054/1054 1051/1051 1052/1052
f 1019/1019 1016/1016 1017/1017
f 1018/1018 1015/1015 1016/1016
f 1028/1028 1025/1025 1026/1026
f 1051/1051 1048/1048 1049/1049
f 1032/1032 1035/1035 1034/1034
f 1034/1034 1037/1037 1036/1036
f 1043/1043 1046/1046 1045/1045
f 1044/1044 1047/1047 1046/1046
f 1052/1052 1055/1055 1054/1054
f 1046/1046 1043/1043 1044/1044
f 1049/1049 1046/1046 1047/1047
f 1016/1016 1013/1013 1014/1014
f 1036/1036 1033/1033 1034/1034
f 1021/1021 1018/1018 1019/1019
f 1043/1043 1040/1040 1041/1041
f 1042/1042 1039/1039 1040/1040
f 1052/1052 1049/1049 1050/1050
f 1056/1056 1059/1059 1058/1058
f 1055/1055 1058/1058 1057/1057
f 1048/1048 1045/1045 1046/1046
f 1035/1035 1038/1038 1037/1037
f 1037/1037 1040/1040 1039/1039
f 1028/1028 1031/1031 1030/1030
f 1053/1053 1056/1056 1055/1055
f 1020/1020 1023/1023 1022/1022
f 1022/1022 1025/1025 1024/1024
f 1023/1023 1026/1026 1025/1025
f 1025/1025 1028/1028 1027/1027
f 1029/1029 1032/1032 1031/1031
f 1031/1031 1034/1034 1033/1033
f 1026/1026 1029/1029 1028/1028
f 1019/1019 1022/1022 1021/1021
f 1013/1013 1016/1016 1015/1015
f 1014/1014 1017/1017 1016/1016
f 1016/1016 1019/1019 1018/1018
f 1017/1017 1020/1020 1019/1019
f 1022/1022 1019/1019 1020/1020
f 1024/1024 1021/1021 1022/1022
f 1058/1058 1055/1055 1056/1056
f 1057/1057 1054/1054 1055/1055
f 1097/1097 1094/1094 1095/1095
f 1091/1091 1088/1088 1089/1089
f 1103/1103 1100/1100 1101/1101
f 1085/1085 1082/1082 1083/1083
f 1086/1086 1083/1083 1081/1081
f 1106/1106 1103/1103 1104/1104
f 1107/1107 1104/1104 1102/1102
f 1088/1088 1085/1085 1086/1086
f 1079/1079 1076/1076 1077/1077
f 1089/1089 1086/1086 1084/1084
f 1100/1100 1097/1097 1098/1098
f 1101/1101 1098/1098 1096/1096
f 1082/1082 1079/1079 1080/1080
f 1083/1083 1080/1080 1078/1078
f 1076/1076 1073/1073 1074/1074
f 1104/1104 1101/1101 1099/1099
f 1073/1073 1070/1070 1071/1071
f 1077/1077 1074/1074 1072/1072
f 1094/1094 1091/1091 1092/1092
f 1060/1060 1063/1063 1065/1065
f 1062/1062 1065/1065 1064/1064
f 1063/1063 1066/1066 1068/1068
f 1065/1065 1068/1068 1067/1067
f 1066/1066 1069/1069 1071/1071
f 1067/1067 1064/1064 1065/1065
f 1095/1095 1092/1092 1090/1090
f 1074/1074 1071/1071 1069/1069
f 1098/1098 1095/1095 1093/1093
f 1077/1077 1080/1080 1079/1079
f 1071/1071 1074/1074 1073/1073
f 1068/1068 1071/1071 1070/1070
f 1069/1069 1072/1072 1074/1074
f 1070/1070 1067/1067 1068/1068
f 1083/1083 1086/1086 1085/1085
f 1086/1086 1089/1089 1088/1088
f 1087/1087 1090/1090 1092/1092
f 1065/1065 1062/1062 1060/1060
f 1078/1078 1081/1081 1083/1083
f 1074/1074 1077/1077 1076/1076
f 1075/1075 1078/1078 1080/1080
f 1072/1072 1075/1075 1077/1077
f 1080/1080 1083/1083 1082/1082
f 1064/1064 1061/1061 1062/1062
f 1092/1092 1089/1089 1087/1087
f 1080/1080 1077/1077 1075/1075
f 1084/1084 1087/1087 1089/1089
f 1081/1081 1084/1084 1086/1086
f 1071/1071 1068/1068 1066/1066
f 1104/1104 1107/1107 1106/1106
f 1102/1102 1105/1105 1107/1107
f 1101/1101 1104/1104 1103/1103
f 1099/1099 1102/1102 1104/1104
f 1093/1093 1096/1096 1098/1098
f 1089/1089 1092/1092 1091/1091
f 1090/1090 1093/1093 1095/1095
f 1092/1092 1095/1095 1094/1094
f 1068/1068 1065/1065 1063/1063
f 1095/1095 1098/1098 1097/1097
f 1096/1096 1099/1099 1101/1101
f 1098/1098 1101/1101 1100/1100
f 1147/1147 1144/1144 1145/1145
f 1139/1139 1136/1136 1137/1137
f 1148/1148 1151/1151 1150/1150
f 1149/1149 1152/1152 1151/1151
f 1132/1132 1129/1129 1130/1130
f 1110/1110 1113/1113 1112/1112
f 1143/1143 1146/1146 1145/1145
f 1142/1142 1145/1145 1144/1144
f 1118/1118 1121/1121 1120/1120
f 1125/1125 1128/1128 1127/1127
f 1129/1129 1126/1126 1127/1127
f 1130/1130 1127/1127 1128/1128
f 1127/1127 1124/1124 1125/1125
f 1150/1150 1147/1147 1148/1148
f 1151/1151 1148/1148 1149/1149
f 1144/1144 1141/1141 1142/1142
f 1153/1153 1150/1150 1151/1151
f 1148/1148 1145/1145 1146/1146
f 1114/1114 1111/1111 1112/1112
f 1135/1135 1132/1132 1133/1133
f 1154/1154 1151/1151 1152/1152
f 1121/1121 1124/1124 1123/1123
f 1127/1127 1130/1130 1129/1129
f 1128/1128 1131/1131 1130/1130
f 1124/1124 1127/1127 1126/1126
f 1141/1141 1138/1138 1139/1139
f 1120/1120 1117/1117 1118/1118
f 1121/1121 1118/1118 1119/1119
f 1142/1142 1139/1139 1140/1140
f 1112/1112 1109/1109 1110/1110
f 1124/1124 1121/1121 1122/1122
f 1123/1123 1120/1120 1121/1121
f 1111/1111 1108/1108 1109/1109
f 1136/1136 1133/1133 1134/1134
f 1151/1151 1154/1154 1153/1153
f 1152/1152 1155/1155 1154/1154
f 1140/1140 1143/1143 1142/1142
f 1126/1126 1123/1123 1124/1124
f 1145/1145 1148/1148 1147/1147
f 1146/1146 1149/1149 1148/1148
f 1113/1113 1116/1116 1115/1115
f 1116/1116 1119/1119 1118/1118
f 1137/1137 1140/1140 1139/1139
f 1139/1139 1142/1142 1141/1141
f 1118/1118 1115/1115 1116/1116
f 1117/1117 1114/1114 1115/1115
f 1131/1131 1134/1134 1133/1133
f 1130/1130 1133/1133 1132/1132
f 1134/1134 1137/1137 1136/1136
f 1133/1133 1136/1136 1135/1135
f 1136/1136 1139/1139 1138/1138
f 1133/1133 1130/1130 1131/1131
f 1119/1119 1122/1122 1121/1121
f 1112/1112 1115/1115 1114/1114
f 1138/1138 1135/1135 1136/1136
f 1115/1115 1112/1112 1113/1113
f 1122/1122 1125/1125 1124/1124
f 1115/1115 1118/1118 1117/1117
f 1145/1145 1142/1142 1143/1143
f 1109/1109 1112/1112 1111/1111
f 1199/1199 1196/1196 1197/1197
f 1180/1180 1183/1183 1185/1185
f 1202/1202 1199/1199 1200/1200
f 1179/1179 1182/1182 1181/1181
f 1170/1170 1173/1173 1172/1172
f 1197/1197 1200/1200 1199/1199
f 1196/1196 1193/1193 1194/1194
f 1163/1163 1160/1160 1161/1161
f 1161/1161 1164/1164 1163/1163
f 1200/1200 1203/1203 1202/1202
f 1165/1165 1168/1168 1170/1170
f 1162/1162 1165/1165 1167/1167
f 1179/1179 1176/1176 1174/1174
f 1167/1167 1164/1164 1162/1162
f 1161/1161 1158/1158 1156/1156
f 1181/1181 1178/1178 1179/1179
f 1160/1160 1157/1157 1158/1158
f 1164/1164 1161/1161 1159/1159
f 1172/1172 1169/1169 1170/1170
f 1173/1173 1170/1170 1168/1168
f 1170/1170 1167/1167 1165/1165
f 1176/1176 1173/1173 1171/1171
f 1193/1193 1190/1190 1191/1191
f 1198/1198 1201/1201 1203/1203
f 1200/1200 1197/1197 1195/1195
f 1194/1194 1197/1197 1196/1196
f 1195/1195 1198/1198 1200/1200
f 1185/1185 1188/1188 1187/1187
f 1178/1178 1175/1175 1176/1176
f 1177/1177 1180/1180 1182/1182
f 1176/1176 1179/1179 1178/1178
f 1171/1171 1174/1174 1176/1176
f 1182/1182 1185/1185 1184/1184
f 1168/1168 1171/1171 1173/1173
f 1167/1167 1170/1170 1169/1169
f 1191/1191 1188/1188 1186/1186
f 1203/1203 1200/1200 1198/1198
f 1188/1188 1185/1185 1183/1183
f 1182/1182 1179/1179 1177/1177
f 1175/1175 1172/1172 1173/1173
f 1184/1184 1181/1181 1182/1182
f 1187/1187 1184/1184 1185/1185
f 1190/1190 1187/1187 1188/1188
f 1164/1164 1167/1167 1166/1166
f 1159/1159 1162/1162 1164/1164
f 1158/1158 1161/1161 1160/1160
f 1156/1156 1159/1159 1161/1161
f 1169/1169 1166/1166 1167/1167
f 1194/1194 1191/1191 1189/1189
f 1185/1185 1182/1182 1180/1180
f 1197/1197 1194/1194 1192/1192
f 1166/1166 1163/1163 1164/1164
f 1186/1186 1189/1189 1191/1191
f 1183/1183 1186/1186 1188/1188
f 1191/1191 1194/1194 1193/1193
f 1192/1192 1195/1195 1197/1197
f 1188/1188 1191/1191 1190/1190
f 1189/1189 1192/1192 1194/1194
f 1173/1173 1176/1176 1175/1175
f 1174/1174 1177/1177 1179/1179
f 1232/1232 1229/1229 1230/1230
f 1231/1231 1228/1228 1229/1229
f 1234/1234 1231/1231 1232/1232
f 1235/1235 1232/1232 1233/1233
f 1248/1248 1251/1251 1250/1250
f 1247/1247 1250/1250 1249/1249
f 1220/1220 1223/1223 1222/1222
f 1221/1221 1224/1224 1223/1223
f 1224/1224 1227/1227 1226/1226
f 1223/1223 1226/1226 1225/1225
f 1232/1232 1235/1235 1234/1234
f 1233/1233 1236/1236 1235/1235
f 1242/1242 1245/1245 1244/1244
f 1241/1241 1244/1244 1243/1243
f 1239/1239 1242/1242 1241/1241
f 1238/1238 1241/1241 1240/1240
f 1215/1215 1218/1218 1217/1217
f 1214/1214 1217/1217 1216/1216
f 1217/1217 1220/1220 1219/1219
f 1218/1218 1221/1221 1220/1220
f 1226/1226 1223/1223 1224/1224
f 1216/1216 1213/1213 1214/1214
f 1223/1223 1220/1220 1221/1221
f 1219/1219 1216/1216 1217/1217
f 1237/1237 1234/1234 1235/1235
f 1207/1207 1204/1204 1205/1205
f 1210/1210 1207/1207 1208/1208
f 1217/1217 1214/1214 1215/1215
f 1213/1213 1210/1210 1211/1211
f 1214/1214 1211/1211 1212/1212
f 1211/1211 1208/1208 1209/1209
f 1225/1225 1222/1222 1223/1223
f 1209/1209 1212/1212 1211/1211
f 1205/1205 1208/1208 1207/1207
f 1206/1206 1209/1209 1208/1208
f 1212/1212 1215/1215 1214/1214
f 1208/1208 1205/1205 1206/1206
f 1249/1249 1246/1246 1247/1247
f 1208/1208 1211/1211 1210/1210
f 1229/1229 1226/1226 1227/1227
f 1228/1228 1225/1225 1226/1226
f 1238/1238 1235/1235 1236/1236
f 1243/1243 1240/1240 1241/1241
f 1244/1244 1241/1241 1242/1242
f 1222/1222 1219/1219 1220/1220
f 1211/1211 1214/1214 1213/1213
f 1220/1220 1217/1217 1218/1218
f 1241/1241 1238/1238 1239/1239
f 1235/1235 1238/1238 1237/1237
f 1244/1244 1247/1247 1246/1246
f 1250/1250 1247/1247 1248/1248
f 1227/1227 1230/1230 1229/1229
f 1230/1230 1233/1233 1232/1232
f 1226/1226 1229/1229 1228/1228
f 1245/1245 1248/1248 1247/1247
f 1236/1236 1239/1239 1238/1238
f 1247/1247 1244/1244 1245/1245
f 1240/1240 1237/1237 1238/1238
f 1229/1229 1232/1232 1231/1231
f 1246/1246 1243/1243 1244/1244
f 1275/1275 1278/1278 1277/1277
f 1286/1286 1283/1283 1284/1284
f 1289/1289 1286/1286 1287/1287
f 1274/1274 1277/1277 1276/1276
f 1282/1282 1279/1279 1280/1280
f 1277/1277 1274/1274 1275/1275
f 1293/1293 1296/1296 1295/1295
f 1292/1292 1295/1295 1294/1294
f 1267/1267 1264/1264 1265/1265
f 1296/1296 1299/1299 1298/1298
f 1254/1254 1257/1257 1256/1256
f 1295/1295 1298/1298 1297/1297
f 1253/1253 1256/1256 1255/1255
f 1284/1284 1287/1287 1286/1286
f 1255/1255 1252/1252 1253/1253
f 1268/1268 1265/1265 1266/1266
f 1277/1277 1280/1280 1279/1279
f 1278/1278 1281/1281 1280/1280
f 1297/1297 1294/1294 1295/1295
f 1288/1288 1285/1285 1286/1286
f 1285/1285 1282/1282 1283/1283
f 1298/1298 1295/1295 1296/1296
f 1276/1276 1273/1273 1274/1274
f 1262/1262 1259/1259 1260/1260
f 1264/1264 1261/1261 1262/1262
f 1265/1265 1262/1262 1263/1263
f 1280/1280 1277/1277 1278/1278
f 1283/1283 1280/1280 1281/1281
f 1292/1292 1289/1289 1290/1290
f 1291/1291 1288/1288 1289/1289
f 1270/1270 1267/1267 1268/1268
f 1271/1271 1268/1268 1269/1269
f 1274/1274 1271/1271 1272/1272
f 1294/1294 1291/1291 1292/1292
f 1259/1259 1256/1256 1257/1257
f 1258/1258 1255/1255 1256/1256
f 1295/1295 1292/1292 1293/1293
f 1279/1279 1276/1276 1277/1277
f 1273/1273 1270/1270 1271/1271
f 1261/1261 1258/1258 1259/1259
f 1283/1283 1286/1286 1285/1285
f 1287/1287 1290/1290 1289/1289
f 1289/1289 1292/1292 1291/1291
f 1257/1257 1260/1260 1259/1259
f 1286/1286 1289/1289 1288/1288
f 1290/1290 1293/1293 1292/1292
f 1269/1269 1272/1272 1271/1271
f 1268/1268 1271/1271 1270/1270
f 1272/1272 1275/1275 1274/1274
f 1271/1271 1274/1274 1273/1273
f 1266/1266 1269/1269 1268/1268
f 1256/1256 1253/1253 1254/1254
f 1280/1280 1283/1283 1282/1282
f 1281/1281 1284/1284 1283/1283
f 1263/1263 1266/1266 1265/1265
f 1262/1262 1265/1265 1264/1264
f 1265/1265 1268/1268 1267/1267
f 1259/1259 1262/1262 1261/1261
f 1260/1260 1263/1263 1262/1262
f 1256/1256 1259/1259 1258/1258
f 1307/1307 1310/1310 1309/1309
f 1308/1308 1311/1311 1310/1310
f 1314/1314 1317/1317 1316/1316
f 1310/1310 1313/1313 1312/1312
f 1311/1311 1314/1314 1313/1313
f 1316/1316 1319/1319 1318/1318
f 1317/1317 1320/1320 1319/1319
f 1313/1313 1316/1316 1315/1315
f 1319/1319 1322/1322 1321/1321
f 1320/1320 1323/1323 1322/1322
f 1338/1338 1341/1341 1340/1340
f 1309/1309 1306/1306 1307/1307
f 1310/1310 1307/1307 1308/1308
f 1340/1340 1337/1337 1338/1338
f 1312/1312 1309/1309 1310/1310
f 1334/1334 1337/1337 1336/1336
f 1313/1313 1310/1310 1311/1311
f 1335/1335 1338/1338 1337/1337
f 1337/1337 1340/1340 1339/1339
f 1327/1327 1324/1324 1325/1325
f 1330/1330 1327/1327 1328/1328
f 1331/1331 1328/1328 1329/1329
f 1328/1328 1325/1325 1326/1326
f 1339/1339 1336/1336 1337/1337
f 1321/1321 1318/1318 1319/1319
f 1322/1322 1319/1319 1320/1320
f 1343/1343 1340/1340 1341/1341
f 1342/1342 1339/1339 1340/1340
f 1318/1318 1315/1315 1316/1316
f 1319/1319 1316/1316 1317/1317
f 1306/1306 1303/1303 1304/1304
f 1307/1307 1304/1304 1305/1305
f 1333/1333 1330/1330 1331/1331
f 1334/1334 1331/1331 1332/1332
f 1336/1336 1333/1333 1334/1334
f 1337/1337 1334/1334 1335/1335
f 1324/1324 1321/1321 1322/1322
f 1325/1325 1322/1322 1323/1323
f 1331/1331 1334/1334 1333/1333
f 1326/1326 1329/1329 1328/1328
f 1316/1316 1313/1313 1314/1314
f 1315/1315 1312/1312 1313/1313
f 1323/1323 1326/1326 1325/1325
f 1322/1322 1325/1325 1324/1324
f 1325/1325 1328/1328 1327/1327
f 1329/1329 1332/1332 1331/1331
f 1301/1301 1304/1304 1303/1303
f 1302/1302 1305/1305 1304/1304
f 1304/1304 1307/1307 1306/1306
f 1305/1305 1308/1308 1307/1307
f 1341/1341 1344/1344 1343/1343
f 1340/1340 1343/1343 1342/1342
f 1328/1328 1331/1331 1330/1330
f 1332/1332 1335/1335 1334/1334
f 1346/1346 1343/1343 1344/1344
f 1345/1345 1342/1342 1343/1343
f 1344/1344 1347/1347 1346/1346
f 1343/1343 1346/1346 1345/1345
f 1303/1303 1300/1300 1301/1301
f 1304/1304 1301/1301 1302/1302
f 1364/1364 1367/1367 1366/1366
f 1381/1381 1384/1384 1386/1386
f 1387/1387 1390/1390 1392/1392
f 1388/1388 1391/1391 1390/1390
f 1366/1366 1363/1363 1364/1364
f 1368/1368 1365/1365 1363/1363
f 1379/1379 1382/1382 1381/1381
f 1354/1354 1351/1351 1352/1352
f 1356/1356 1353/1353 1351/1351
f 1392/1392 1389/1389 1387/1387
f 1387/1387 1384/1384 1385/1385
f 1389/1389 1386/1386 1384/1384
f 1361/1361 1364/1364 1363/1363
f 1360/1360 1363/1363 1365/1365
f 1382/1382 1385/1385 1384/1384
f 1375/1375 1378/1378 1380/1380
f 1378/1378 1381/1381 1383/1383
f 1372/1372 1369/1369 1370/1370
f 1381/1381 1378/1378 1379/1379
f 1374/1374 1371/1371 1369/1369
f 1377/1377 1374/1374 1372/1372
f 1375/1375 1372/1372 1373/1373
f 1393/1393 1390/1390 1391/1391
f 1371/1371 1368/1368 1366/1366
f 1386/1386 1383/1383 1381/1381
f 1352/1352 1355/1355 1354/1354
f 1349/1349 1352/1352 1351/1351
f 1348/1348 1351/1351 1353/1353
f 1370/1370 1373/1373 1372/1372
f 1369/1369 1372/1372 1374/1374
f 1395/1395 1392/1392 1390/1390
f 1383/1383 1380/1380 1378/1378
f 1362/1362 1359/1359 1357/1357
f 1384/1384 1381/1381 1382/1382
f 1360/1360 1357/1357 1358/1358
f 1359/1359 1356/1356 1354/1354
f 1366/1366 1369/1369 1371/1371
f 1367/1367 1370/1370 1369/1369
f 1390/1390 1387/1387 1388/1388
f 1363/1363 1366/1366 1368/1368
f 1369/1369 1366/1366 1367/1367
f 1391/1391 1394/1394 1393/1393
f 1363/1363 1360/1360 1361/1361
f 1365/1365 1362/1362 1360/1360
f 1372/1372 1375/1375 1377/1377
f 1373/1373 1376/1376 1375/1375
f 1376/1376 1379/1379 1378/1378
f 1357/1357 1360/1360 1362/1362
f 1355/1355 1358/1358 1357/1357
f 1353/1353 1350/1350 1348/1348
f 1380/1380 1377/1377 1375/1375
f 1378/1378 1375/1375 1376/1376
f 1351/1351 1348/1348 1349/1349
f 1357/1357 1354/1354 1355/1355
f 1390/1390 1393/1393 1395/1395
f 1384/1384 1387/1387 1389/1389
f 1385/1385 1388/1388 1387/1387
f 1354/1354 1357/1357 1359/1359
f 1351/1351 1354/1354 1356/1356
f 1358/1358 1361/1361 1360/1360
f 1402/1402 1399/1399 1400/1400
f 1440/1440 1443/1443 1442/1442
f 1430/1430 1433/1433 1432/1432
f 1428/1428 1431/1431 1430/1430
f 1412/1412 1415/1415 1414/1414
f 1431/1431 1434/1434 1433/1433
f 1413/1413 1416/1416 1415/1415
f 1405/1405 1402/1402 1403/1403
f 1408/1408 1405/1405 1406/1406
f 1409/1409 1406/1406 1407/1407
f 1432/1432 1429/1429 1430/1430
f 1400/1400 1403/1403 1402/1402
f 1401/1401 1404/1404 1403/1403
f 1418/1418 1421/1421 1420/1420
f 1419/1419 1422/1422 1421/1421
f 1398/1398 1401/1401 1400/1400
f 1397/1397 1400/1400 1399/1399
f 1423/1423 1420/1420 1421/1421
f 1420/1420 1417/1417 1418/1418
f 1421/1421 1418/1418 1419/1419
f 1435/1435 1432/1432 1433/1433
f 1424/1424 1421/1421 1422/1422
f 1429/1429 1426/1426 1427/1427
f 1433/1433 1430/1430 1431/1431
f 1433/1433 1436/1436 1435/1435
f 1411/1411 1408/1408 1409/1409
f 1403/1403 1400/1400 1401/1401
f 1430/1430 1427/1427 1428/1428
f 1438/1438 1435/1435 1436/1436
f 1436/1436 1433/1433 1434/1434
f 1441/1441 1438/1438 1439/1439
f 1442/1442 1439/1439 1440/1440
f 1427/1427 1424/1424 1425/1425
f 1418/1418 1415/1415 1416/1416
f 1426/1426 1423/1423 1424/1424
f 1417/1417 1414/1414 1415/1415
f 1412/1412 1409/1409 1410/1410
f 1414/1414 1411/1411 1412/1412
f 1415/1415 1412/1412 1413/1413
f 1410/1410 1413/1413 1412/1412
f 1400/1400 1397/1397 1398/1398
f 1421/1421 1424/1424 1423/1423
f 1434/1434 1437/1437 1436/1436
f 1427/1427 1430/1430 1429/1429
f 1406/1406 1403/1403 1404/1404
f 1399/1399 1396/1396 1397/1397
f 1407/1407 1410/1410 1409/1409
f 1406/1406 1409/1409 1408/1408
f 1422/1422 1425/1425 1424/1424
f 1439/1439 1442/1442 1441/1441
f 1437/1437 1440/1440 1439/1439
f 1436/1436 1439/1439 1438/1438
f 1404/1404 1407/1407 1406/1406
f 1403/1403 1406/1406 1405/1405
f 1424/1424 1427/1427 1426/1426
f 1425/1425 1428/1428 1427/1427
f 1439/1439 1436/1436 1437/1437
f 1416/1416 1419/1419 1418/1418
f 1409/1409 1412/1412 1411/1411
f 1415/1415 1418/1418 1417/1417
f 1481/1481 1484/1484 1483/1483
f 1473/1473 1476/1476 1475/1475
f 1470/1470 1473/1473 1472/1472
f 1451/1451 1454/1454 1453/1453
f 1482/1482 1485/1485 1484/1484
f 1488/1488 1491/1491 1490/1490
f 1484/1484 1487/1487 1486/1486
f 1472/1472 1475/1475 1474/1474
f 1452/1452 1455/1455 1454/1454
f 1454/1454 1457/1457 1456/1456
f 1455/1455 1458/1458 1457/1457
f 1469/1469 1472/1472 1471/1471
f 1461/1461 1464/1464 1463/1463
f 1460/1460 1463/1463 1462/1462
f 1478/1478 1481/1481 1480/1480
f 1457/1457 1460/1460 1459/1459
f 1475/1475 1478/1478 1477/1477
f 1476/1476 1479/1479 1478/1478
f 1458/1458 1461/1461 1460/1460
f 1463/1463 1460/1460 1461/1461
f 1479/1479 1482/1482 1481/1481
f 1462/1462 1459/1459 1460/1460
f 1454/1454 1451/1451 1452/1452
f 1487/1487 1490/1490 1489/1489
f 1450/1450 1447/1447 1448/1448
f 1451/1451 1448/1448 1449/1449
f 1453/1453 1450/1450 1451/1451
f 1485/1485 1488/1488 1487/1487
f 1486/1486 1483/1483 1484/1484
f 1487/1487 1484/1484 1485/1485
f 1465/1465 1462/1462 1463/1463
f 1466/1466 1463/1463 1464/1464
f 1448/1448 1445/1445 1446/1446
f 1463/1463 1466/1466 1465/1465
f 1464/1464 1467/1467 1466/1466
f 1467/1467 1470/1470 1469/1469
f 1447/1447 1444/1444 1445/1445
f 1483/1483 1480/1480 1481/1481
f 1489/1489 1486/1486 1487/1487
f 1490/1490 1487/1487 1488/1488
f 1472/1472 1469/1469 1470/1470
f 1471/1471 1468/1468 1469/1469
f 1474/1474 1471/1471 1472/1472
f 1475/1475 1472/1472 1473/1473
f 1460/1460 1457/1457 1458/1458
f 1459/1459 1456/1456 1457/1457
f 1477/1477 1474/1474 1475/1475
f 1478/1478 1475/1475 1476/1476
f 1469/1469 1466/1466 1467/1467
f 1468/1468 1465/1465 1466/1466
f 1457/1457 1454/1454 1455/1455
f 1456/1456 1453/1453 1454/1454
f 1484/1484 1481/1481 1482/1482
f 1446/1446 1449/1449 1448/1448
f 1466/1466 1469/1469 1468/1468
f 1481/1481 1478/1478 1479/1479
f 1480/1480 1477/1477 1478/1478
f 1445/1445 1448/1448 1447/1447
f 1449/1449 1452/1452 1451/1451
f 1448/1448 1451/1451 1450/1450
f 1503/1503 1506/1506 1505/1505
f 1502/1502 1505/1505 1504/1504
f 1500/1500 1503/1503 1502/1502
f 1499/1499 1502/1502 1501/1501
f 1497/1497 1500/1500 1499/1499
f 1496/1496 1499/1499 1498/1498
f 1538/1538 1535/1535 1536/1536
f 1537/1537 1534/1534 1535/1535
f 1535/1535 1538/1538 1537/1537
f 1536/1536 1539/1539 1538/1538
f 1517/1517 1520/1520 1519/1519
f 1518/1518 1521/1521 1520/1520
f 1530/1530 1533/1533 1532/1532
f 1532/1532 1535/1535 1534/1534
f 1533/1533 1536/1536 1535/1535
f 1529/1529 1532/1532 1531/1531
f 1516/1516 1513/1513 1514/1514
f 1517/1517 1514/1514 1515/1515
f 1519/1519 1516/1516 1517/1517
f 1520/1520 1517/1517 1518/1518
f 1525/1525 1522/1522 1523/1523
f 1534/1534 1531/1531 1532/1532
f 1508/1508 1505/1505 1506/1506
f 1526/1526 1523/1523 1524/1524
f 1514/1514 1511/1511 1512/1512
f 1513/1513 1510/1510 1511/1511
f 1495/1495 1492/1492 1493/1493
f 1535/1535 1532/1532 1533/1533
f 1511/1511 1508/1508 1509/1509
f 1510/1510 1507/1507 1508/1508
f 1499/1499 1496/1496 1497/1497
f 1498/1498 1495/1495 1496/1496
f 1505/1505 1502/1502 1503/1503
f 1507/1507 1504/1504 1505/1505
f 1521/1521 1524/1524 1523/1523
f 1520/1520 1523/1523 1522/1522
f 1526/1526 1529/1529 1528/1528
f 1527/1527 1530/1530 1529/1529
f 1505/1505 1508/1508 1507/1507
f 1506/1506 1509/1509 1508/1508
f 1514/1514 1517/1517 1516/1516
f 1515/1515 1518/1518 1517/1517
f 1494/1494 1497/1497 1496/1496
f 1493/1493 1496/1496 1495/1495
f 1508/1508 1511/1511 1510/1510
f 1509/1509 1512/1512 1511/1511
f 1511/1511 1514/1514 1513/1513
f 1512/1512 1515/1515 1514/1514
f 1523/1523 1526/1526 1525/1525
f 1524/1524 1527/1527 1526/1526
f 1504/1504 1501/1501 1502/1502
f 1502/1502 1499/1499 1500/1500
f 1532/1532 1529/1529 1530/1530
f 1531/1531 1528/1528 1529/1529
f 1529/1529 1526/1526 1527/1527
f 1528/1528 1525/1525 1526/1526
f 1501/1501 1498/1498 1499/1499
f 1523/1523 1520/1520 1521/1521
f 1522/1522 1519/1519 1520/1520
f 1496/1496 1493/1493 1494/1494
f 1580/1580 1577/1577 1578/1578
f 1583/1583 1580/1580 1581/1581
f 1562/1562 1559/1559 1560/1560
f 1581/1581 1578/1578 1576/1576
f 1560/1560 1557/1557 1555/1555
f 1576/1576 1579/1579 1581/1581
f 1568/1568 1565/1565 1566/1566
f 1587/1587 1584/1584 1582/1582
f 1575/1575 1578/1578 1577/1577
f 1563/1563 1566/1566 1565/1565
f 1564/1564 1567/1567 1569/1569
f 1566/1566 1569/1569 1568/1568
f 1581/1581 1584/1584 1583/1583
f 1558/1558 1561/1561 1563/1563
f 1579/1579 1582/1582 1584/1584
f 1578/1578 1581/1581 1580/1580
f 1567/1567 1570/1570 1572/1572
f 1584/1584 1587/1587 1586/1586
f 1556/1556 1553/1553 1554/1554
f 1578/1578 1575/1575 1573/1573
f 1554/1554 1557/1557 1556/1556
f 1555/1555 1558/1558 1560/1560
f 1552/1552 1555/1555 1557/1557
f 1551/1551 1554/1554 1553/1553
f 1571/1571 1568/1568 1569/1569
f 1548/1548 1545/1545 1543/1543
f 1550/1550 1547/1547 1548/1548
f 1569/1569 1566/1566 1564/1564
f 1572/1572 1575/1575 1574/1574
f 1573/1573 1576/1576 1578/1578
f 1546/1546 1549/1549 1551/1551
f 1569/1569 1572/1572 1571/1571
f 1577/1577 1574/1574 1575/1575
f 1575/1575 1572/1572 1570/1570
f 1563/1563 1560/1560 1558/1558
f 1544/1544 1541/1541 1542/1542
f 1547/1547 1544/1544 1545/1545
f 1545/1545 1542/1542 1540/1540
f 1545/1545 1548/1548 1547/1547
f 1543/1543 1546/1546 1548/1548
f 1572/1572 1569/1569 1567/1567
f 1570/1570 1573/1573 1575/1575
f 1582/1582 1585/1585 1587/1587
f 1574/1574 1571/1571 1572/1572
f 1586/1586 1583/1583 1584/1584
f 1584/1584 1581/1581 1579/1579
f 1549/1549 1552/1552 1554/1554
f 1548/1548 1551/1551 1550/1550
f 1542/1542 1545/1545 1544/1544
f 1565/1565 1562/1562 1563/1563
f 1551/1551 1548/1548 1546/1546
f 1553/1553 1550/1550 1551/1551
f 1560/1560 1563/1563 1562/1562
f 1561/1561 1564/1564 1566/1566
f 1566/1566 1563/1563 1561/1561
f 1554/1554 1551/1551 1549/1549
f 1557/1557 1554/1554 1552/1552
f 1559/1559 1556/1556 1557/1557
f 1540/1540 1543/1543 1545/1545
f 1557/1557 1560/1560 1559/1559
f 1629/1629 1632/1632 1631/1631
f 1628/1628 1631/1631 1630/1630
f 1616/1616 1619/1619 1618/1618
f 1614/1614 1617/1617 1616/1616
f 1605/1605 1608/1608 1607/1607
f 1604/1604 1607/1607 1606/1606
f 1601/1601 1604/1604 1603/1603
f 1602/1602 1605/1605 1604/1604
f 1624/1624 1621/1621 1622/1622
f 1625/1625 1622/1622 1623/1623
f 1604/1604 1601/1601 1602/1602
f 1603/1603 1600/1600 1601/1601
f 1622/1622 1625/1625 1624/1624
f 1596/1596 1599/1599 1598/1598
f 1617/1617 1620/1620 1619/1619
f 1595/1595 1598/1598 1597/1597
f 1619/1619 1616/1616 1617/1617
f 1618/1618 1615/1615 1616/1616
f 1623/1623 1626/1626 1625/1625
f 1622/1622 1619/1619 1620/1620
f 1626/1626 1629/1629 1628/1628
f 1607/1607 1610/1610 1609/1609
f 1615/1615 1612/1612 1613/1613
f 1625/1625 1628/1628 1627/1627
f 1631/1631 1628/1628 1629/1629
f 1630/1630 1627/1627 1628/1628
f 1634/1634 1631/1631 1632/1632
f 1616/1616 1613/1613 1614/1614
f 1608/1608 1611/1611 1610/1610
f 1613/1613 1616/1616 1615/1615
f 1633/1633 1630/1630 1631/1631
f 1611/1611 1614/1614 1613/1613
f 1590/1590 1593/1593 1592/1592
f 1606/1606 1603/1603 1604/1604
f 1607/1607 1604/1604 1605/1605
f 1610/1610 1613/1613 1612/1612
f 1597/1597 1594/1594 1595/1595
f 1621/1621 1618/1618 1619/1619
f 1594/1594 1591/1591 1592/1592
f 1595/1595 1592/1592 1593/1593
f 1613/1613 1610/1610 1611/1611
f 1612/1612 1609/1609 1610/1610
f 1591/1591 1588/1588 1589/1589
f 1592/1592 1589/1589 1590/1590
f 1610/1610 1607/1607 1608/1608
f 1609/1609 1606/1606 1607/1607
f 1589/1589 1592/1592 1591/1591
f 1593/1593 1596/1596 1595/1595
f 1598/1598 1595/1595 1596/1596
f 1592/1592 1595/1595 1594/1594
f 1600/1600 1597/1597 1598/1598
f 1601/1601 1598/1598 1599/1599
f 1598/1598 1601/1601 1600/1600
f 1599/1599 1602/1602 1601/1601
f 1628/1628 1625/1625 1626/1626
f 1627/1627 1624/1624 1625/1625
f 1619/1619 1622/1622 1621/1621
f 1620/1620 1623/1623 1622/1622
f 1631/1631 1634/1634 1633/1633
f 1632/1632 1635/1635 1634/1634
f 1680/1680 1683/1683 1682/1682
f 1679/1679 1682/1682 1681/1681
f 1667/1667 1670/1670 1669/1669
f 1668/1668 1671/1671 1670/1670
f 1641/1641 1644/1644 1643/1643
f 1645/1645 1642/1642 1643/1643
f 1682/1682 1679/1679 1680/1680
f 1640/1640 1643/1643 1642/1642
f 1648/1648 1645/1645 1646/1646
f 1643/1643 1640/1640 1641/1641
f 1649/1649 1646/1646 1647/1647
f 1642/1642 1639/1639 1640/1640
f 1670/1670 1667/1667 1668/1668
f 1665/1665 1668/1668 1667/1667
f 1644/1644 1647/1647 1646/1646
f 1643/1643 1646/1646 1645/1645
f 1651/1651 1648/1648 1649/1649
f 1638/1638 1641/1641 1640/1640
f 1653/1653 1656/1656 1655/1655
f 1652/1652 1655/1655 1654/1654
f 1646/1646 1649/1649 1648/1648
f 1647/1647 1650/1650 1649/1649
f 1650/1650 1653/1653 1652/1652
f 1649/1649 1652/1652 1651/1651
f 1637/1637 1640/1640 1639/1639
f 1657/1657 1654/1654 1655/1655
f 1655/1655 1652/1652 1653/1653
f 1654/1654 1651/1651 1652/1652
f 1661/1661 1658/1658 1659/1659
f 1660/1660 1657/1657 1658/1658
f 1639/1639 1636/1636 1637/1637
f 1640/1640 1637/1637 1638/1638
f 1661/1661 1664/1664 1663/1663
f 1652/1652 1649/1649 1650/1650
f 1673/1673 1670/1670 1671/1671
f 1672/1672 1669/1669 1670/1670
f 1666/1666 1663/1663 1664/1664
f 1667/1667 1664/1664 1665/1665
f 1646/1646 1643/1643 1644/1644
f 1669/1669 1666/1666 1667/1667
f 1664/1664 1667/1667 1666/1666
f 1662/1662 1665/1665 1664/1664
f 1659/1659 1662/1662 1661/1661
f 1658/1658 1661/1661 1660/1660
f 1676/1676 1679/1679 1678/1678
f 1677/1677 1680/1680 1679/1679
f 1656/1656 1659/1659 1658/1658
f 1655/1655 1658/1658 1657/1657
f 1675/1675 1672/1672 1673/1673
f 1676/1676 1673/1673 1674/1674
f 1664/1664 1661/1661 1662/1662
f 1663/1663 1660/1660 1661/1661
f 1679/1679 1676/1676 1677/1677
f 1678/1678 1675/1675 1676/1676
f 1658/1658 1655/1655 1656/1656
f 1681/1681 1678/1678 1679/1679
f 1670/1670 1673/1673 1672/1672
f 1671/1671 1674/1674 1673/1673
f 1674/1674 1677/1677 1676/1676
f 1673/1673 1676/1676 1675/1675
f 1702/1702 1699/1699 1700/1700
f 1722/1722 1719/1719 1717/1717
f 1723/1723 1720/1720 1721/1721
f 1695/1695 1692/1692 1690/1690
f 1692/1692 1689/1689 1687/1687
f 1690/1690 1687/1687 1688/1688
f 1693/1693 1690/1690 1691/1691
f 1713/1713 1710/1710 1708/1708
f 1696/1696 1693/1693 1694/1694
f 1711/1711 1708/1708 1709/1709
f 1698/1698 1695/1695 1693/1693
f 1699/1699 1696/1696 1697/1697
f 1703/1703 1706/1706 1705/1705
f 1688/1688 1691/1691 1690/1690
f 1690/1690 1693/1693 1695/1695
f 1691/1691 1694/1694 1693/1693
f 1702/1702 1705/1705 1707/1707
f 1700/1700 1703/1703 1702/1702
f 1699/1699 1702/1702 1704/1704
f 1697/1697 1700/1700 1699/1699
f 1708/1708 1711/1711 1713/1713
f 1709/1709 1712/1712 1711/1711
f 1711/1711 1714/1714 1716/1716
f 1696/1696 1699/1699 1701/1701
f 1716/1716 1713/1713 1711/1711
f 1717/1717 1714/1714 1715/1715
f 1714/1714 1711/1711 1712/1712
f 1724/1724 1727/1727 1726/1726
f 1704/1704 1701/1701 1699/1699
f 1720/1720 1717/1717 1718/1718
f 1725/1725 1722/1722 1720/1720
f 1705/1705 1702/1702 1703/1703
f 1723/1723 1726/1726 1728/1728
f 1721/1721 1724/1724 1723/1723
f 1720/1720 1723/1723 1725/1725
f 1694/1694 1697/1697 1696/1696
f 1712/1712 1715/1715 1714/1714
f 1714/1714 1717/1717 1719/1719
f 1715/1715 1718/1718 1717/1717
f 1693/1693 1696/1696 1698/1698
f 1710/1710 1707/1707 1705/1705
f 1687/1687 1684/1684 1685/1685
f 1684/1684 1687/1687 1689/1689
f 1685/1685 1688/1688 1687/1687
f 1687/1687 1690/1690 1692/1692
f 1689/1689 1686/1686 1684/1684
f 1708/1708 1705/1705 1706/1706
f 1701/1701 1698/1698 1696/1696
f 1726/1726 1729/1729 1731/1731
f 1727/1727 1730/1730 1729/1729
f 1705/1705 1708/1708 1710/1710
f 1706/1706 1709/1709 1708/1708
f 1717/1717 1720/1720 1722/1722
f 1718/1718 1721/1721 1720/1720
f 1731/1731 1728/1728 1726/1726
f 1719/1719 1716/1716 1714/1714
f 1726/1726 1723/1723 1724/1724
f 1729/1729 1726/1726 1727/1727
f 1728/1728 1725/1725 1723/1723
f 1707/1707 1704/1704 1702/1702
f 1777/1777 1774/1774 1775/1775
f 1778/1778 1775/1775 1776/1776
f 1768/1768 1765/1765 1766/1766
f 1769/1769 1766/1766 1767/1767
f 1765/1765 1762/1762 1763/1763
f 1766/1766 1763/1763 1764/1764
f 1762/1762 1759/1759 1760/1760
f 1763/1763 1760/1760 1761/1761
f 1748/1748 1745/1745 1746/1746
f 1747/1747 1744/1744 1745/1745
f 1736/1736 1733/1733 1734/1734
f 1735/1735 1732/1732 1733/1733
f 1742/1742 1739/1739 1740/1740
f 1741/1741 1738/1738 1739/1739
f 1745/1745 1742/1742 1743/1743
f 1744/1744 1741/1741 1742/1742
f 1766/1766 1769/1769 1768/1768
f 1738/1738 1735/1735 1736/1736
f 1740/1740 1743/1743 1742/1742
f 1739/1739 1742/1742 1741/1741
f 1767/1767 1770/1770 1769/1769
f 1756/1756 1753/1753 1754/1754
f 1760/1760 1757/1757 1758/1758
f 1759/1759 1756/1756 1757/1757
f 1775/1775 1778/1778 1777/1777
f 1776/1776 1779/1779 1778/1778
f 1754/1754 1757/1757 1756/1756
f 1755/1755 1758/1758 1757/1757
f 1733/1733 1736/1736 1735/1735
f 1734/1734 1737/1737 1736/1736
f 1737/1737 1740/1740 1739/1739
f 1736/1736 1739/1739 1738/1738
f 1753/1753 1750/1750 1751/1751
f 1754/1754 1751/1751 1752/1752
f 1750/1750 1747/1747 1748/1748
f 1739/1739 1736/1736 1737/1737
f 1757/1757 1754/1754 1755/1755
f 1772/1772 1769/1769 1770/1770
f 1773/1773 1776/1776 1775/1775
f 1772/1772 1775/1775 1774/1774
f 1769/1769 1772/1772 1771/1771
f 1770/1770 1773/1773 1772/1772
f 1742/1742 1745/1745 1744/1744
f 1751/1751 1748/1748 1749/1749
f 1771/1771 1768/1768 1769/1769
f 1764/1764 1767/1767 1766/1766
f 1763/1763 1766/1766 1765/1765
f 1743/1743 1746/1746 1745/1745
f 1757/1757 1760/1760 1759/1759
f 1749/1749 1752/1752 1751/1751
f 1746/1746 1749/1749 1748/1748
f 1774/1774 1771/1771 1772/1772
f 1775/1775 1772/1772 1773/1773
f 1745/1745 1748/1748 1747/1747
f 1748/1748 1751/1751 1750/1750
f 1751/1751 1754/1754 1753/1753
f 1760/1760 1763/1763 1762/1762
f 1758/1758 1761/1761 1760/1760
f 1752/1752 1755/1755 1754/1754
f 1761/1761 1764/1764 1763/1763
f 1807/1807 1804/1804 1805/1805
f 1808/1808 1805/1805 1806/1806
f 1786/1786 1783/1783 1784/1784
f 1784/1784 1781/1781 1782/1782
f 1795/1795 1792/1792 1793/1793
f 1811/1811 1808/1808 1809/1809
f 1810/1810 1807/1807 1808/1808
f 1814/1814 1811/1811 1812/1812
f 1825/1825 1822/1822 1823/1823
f 1826/1826 1823/1823 1824/1824
f 1792/1792 1789/1789 1790/1790
f 1793/1793 1790/1790 1791/1791
f 1796/1796 1793/1793 1794/1794
f 1804/1804 1801/1801 1802/1802
f 1813/1813 1810/1810 1811/1811
f 1789/1789 1786/1786 1787/1787
f 1790/1790 1787/1787 1788/1788
f 1820/1820 1817/1817 1818/1818
f 1784/1784 1787/1787 1786/1786
f 1785/1785 1788/1788 1787/1787
f 1805/1805 1802/1802 1803/1803
f 1817/1817 1814/1814 1815/1815
f 1794/1794 1797/1797 1796/1796
f 1793/1793 1796/1796 1795/1795
f 1803/1803 1806/1806 1805/1805
f 1799/1799 1802/1802 1801/1801
f 1797/1797 1800/1800 1799/1799
f 1796/1796 1799/1799 1798/1798
f 1817/1817 1820/1820 1819/1819
f 1802/1802 1799/1799 1800/1800
f 1799/1799 1796/1796 1797/1797
f 1812/1812 1815/1815 1814/1814
f 1814/1814 1817/1817 1816/1816
f 1818/1818 1821/1821 1820/1820
f 1811/1811 1814/1814 1813/1813
f 1815/1815 1818/1818 1817/1817
f 1820/1820 1823/1823 1822/1822
f 1824/1824 1827/1827 1826/1826
f 1823/1823 1826/1826 1825/1825
f 1821/1821 1824/1824 1823/1823
f 1787/1787 1784/1784 1785/1785
f 1782/1782 1785/1785 1784/1784
f 1783/1783 1780/1780 1781/1781
f 1819/1819 1816/1816 1817/1817
f 1788/1788 1791/1791 1790/1790
f 1781/1781 1784/1784 1783/1783
f 1787/1787 1790/1790 1789/1789
f 1798/1798 1795/1795 1796/1796
f 1801/1801 1798/1798 1799/1799
f 1805/1805 1808/1808 1807/1807
f 1806/1806 1809/1809 1808/1808
f 1800/1800 1803/1803 1802/1802
f 1802/1802 1805/1805 1804/1804
f 1808/1808 1811/1811 1810/1810
f 1809/1809 1812/1812 1811/1811
f 1790/1790 1793/1793 1792/1792
f 1791/1791 1794/1794 1793/1793
f 1822/1822 1819/1819 1820/1820
f 1823/1823 1820/1820 1821/1821
f 1816/1816 1813/1813 1814/1814
f 1860/1860 1857/1857 1855/1855
f 1858/1858 1855/1855 1856/1856
f 1834/1834 1831/1831 1832/1832
f 1839/1839 1836/1836 1834/1834
f 1837/1837 1834/1834 1835/1835
f 1846/1846 1843/1843 1844/1844
f 1851/1851 1848/1848 1846/1846
f 1840/1840 1837/1837 1838/1838
f 1845/1845 1842/1842 1840/1840
f 1849/1849 1852/1852 1854/1854
f 1850/1850 1853/1853 1852/1852
f 1857/1857 1854/1854 1852/1852
f 1828/1828 1831/1831 1833/1833
f 1829/1829 1832/1832 1831/1831
f 1847/1847 1850/1850 1849/1849
f 1846/1846 1849/1849 1851/1851
f 1855/1855 1852/1852 1853/1853
f 1853/1853 1856/1856 1855/1855
f 1852/1852 1855/1855 1857/1857
f 1848/1848 1845/1845 1843/1843
f 1870/1870 1873/1873 1875/1875
f 1871/1871 1874/1874 1873/1873
f 1855/1855 1858/1858 1860/1860
f 1831/1831 1828/1828 1829/1829
f 1861/1861 1864/1864 1866/1866
f 1862/1862 1865/1865 1864/1864
f 1865/1865 1868/1868 1867/1867
f 1864/1864 1867/1867 1869/1869
f 1868/1868 1871/1871 1870/1870
f 1859/1859 1862/1862 1861/1861
f 1858/1858 1861/1861 1863/1863
f 1856/1856 1859/1859 1858/1858
f 1831/1831 1834/1834 1836/1836
f 1832/1832 1835/1835 1834/1834
f 1840/1840 1843/1843 1845/1845
f 1841/1841 1844/1844 1843/1843
f 1834/1834 1837/1837 1839/1839
f 1835/1835 1838/1838 1837/1837
f 1838/1838 1841/1841 1840/1840
f 1867/1867 1870/1870 1872/1872
f 1843/1843 1846/1846 1848/1848
f 1844/1844 1847/1847 1846/1846
f 1875/1875 1872/1872 1870/1870
f 1873/1873 1870/1870 1871/1871
f 1837/1837 1840/1840 1842/1842
f 1854/1854 1851/1851 1849/1849
f 1866/1866 1863/1863 1861/1861
f 1864/1864 1861/1861 1862/1862
f 1861/1861 1858/1858 1859/1859
f 1872/1872 1869/1869 1867/1867
f 1870/1870 1867/1867 1868/1868
f 1833/1833 1830/1830 1828/1828
f 1843/1843 1840/1840 1841/1841
f 1842/1842 1839/1839 1837/1837
f 1836/1836 1833/1833 1831/1831
f 1849/1849 1846/1846 1847/1847
f 1852/1852 1849/1849 1850/1850
f 1863/1863 1860/1860 1858/1858
f 1867/1867 1864/1864 1865/1865
f 1869/1869 1866/1866 1864/1864
f 1902/1902 1905/1905 1904/1904
f 1888/1888 1885/1885 1886/1886
f 1889/1889 1886/1886 1887/1887
f 1877/1877 1880/1880 1879/1879
f 1922/1922 1919/1919 1920/1920
f 1892/1892 1895/1895 1894/1894
f 1921/1921 1918/1918 1919/1919
f 1893/1893 1896/1896 1895/1895
f 1913/1913 1916/1916 1915/1915
f 1886/1886 1889/1889 1888/1888
f 1887/1887 1890/1890 1889/1889
f 1880/1880 1883/1883 1882/1882
f 1884/1884 1887/1887 1886/1886
f 1883/1883 1886/1886 1885/1885
f 1881/1881 1884/1884 1883/1883
f 1905/1905 1908/1908 1907/1907
f 1889/1889 1892/1892 1891/1891
f 1908/1908 1911/1911 1910/1910
f 1907/1907 1910/1910 1909/1909
f 1904/1904 1907/1907 1906/1906
f 1917/1917 1920/1920 1919/1919
f 1911/1911 1914/1914 1913/1913
f 1890/1890 1893/1893 1892/1892
f 1910/1910 1913/1913 1912/1912
f 1920/1920 1923/1923 1922/1922
f 1916/1916 1919/1919 1918/1918
f 1878/1878 1881/1881 1880/1880
f 1895/1895 1892/1892 1893/1893
f 1892/1892 1889/1889 1890/1890
f 1898/1898 1901/1901 1900/1900
f 1899/1899 1902/1902 1901/1901
f 1891/1891 1888/1888 1889/1889
f 1886/1886 1883/1883 1884/1884
f 1885/1885 1882/1882 1883/1883
f 1898/1898 1895/1895 1896/1896
f 1896/1896 1899/1899 1898/1898
f 1901/1901 1898/1898 1899/1899
f 1909/1909 1906/1906 1907/1907
f 1910/1910 1907/1907 1908/1908
f 1914/1914 1917/1917 1916/1916
f 1912/1912 1909/1909 1910/1910
f 1918/1918 1915/1915 1916/1916
f 1897/1897 1894/1894 1895/1895
f 1883/1883 1880/1880 1881/1881
f 1882/1882 1879/1879 1880/1880
f 1880/1880 1877/1877 1878/1878
f 1895/1895 1898/1898 1897/1897
f 1879/1879 1876/1876 1877/1877
f 1913/1913 1910/1910 1911/1911
f 1919/1919 1916/1916 1917/1917
f 1915/1915 1912/1912 1913/1913
f 1916/1916 1913/1913 1914/1914
f 1900/1900 1897/1897 1898/1898
f 1901/1901 1904/1904 1903/1903
f 1904/1904 1901/1901 1902/1902
f 1903/1903 1900/1900 1901/1901
f 1919/1919 1922/1922 1921/1921
f 1894/1894 1891/1891 1892/1892
f 1907/1907 1904/1904 1905/1905
f 1906/1906 1903/1903 1904/1904
f 1934/1934 1931/1931 1932/1932
f 1933/1933 1930/1930 1931/1931
f 1955/1955 1952/1952 1953/1953
f 1948/1948 1945/1945 1946/1946
f 1967/1967 1964/1964 1965/1965
f 1966/1966 1963/1963 1964/1964
f 1954/1954 1951/1951 1952/1952
f 1936/1936 1933/1933 1934/1934
f 1940/1940 1943/1943 1942/1942
f 1941/1941 1944/1944 1943/1943
f 1944/1944 1947/1947 1946/1946
f 1929/1929 1932/1932 1931/1931
f 1934/1934 1937/1937 1936/1936
f 1935/1935 1938/1938 1937/1937
f 1931/1931 1934/1934 1933/1933
f 1932/1932 1935/1935 1934/1934
f 1928/1928 1931/1931 1930/1930
f 1956/1956 1959/1959 1958/1958
f 1955/1955 1958/1958 1957/1957
f 1938/1938 1941/1941 1940/1940
f 1965/1965 1968/1968 1967/1967
f 1964/1964 1967/1967 1966/1966
f 1968/1968 1971/1971 1970/1970
f 1967/1967 1970/1970 1969/1969
f 1937/1937 1940/1940 1939/1939
f 1953/1953 1956/1956 1955/1955
f 1958/1958 1961/1961 1960/1960
f 1959/1959 1962/1962 1961/1961
f 1952/1952 1955/1955 1954/1954
f 1937/1937 1934/1934 1935/1935
f 1928/1928 1925/1925 1926/1926
f 1947/1947 1950/1950 1949/1949
f 1943/1943 1940/1940 1941/1941
f 1942/1942 1939/1939 1940/1940
f 1925/1925 1928/1928 1927/1927
f 1926/1926 1929/1929 1928/1928
f 1927/1927 1924/1924 1925/1925
f 1951/1951 1948/1948 1949/1949
f 1950/1950 1953/1953 1952/1952
f 1949/1949 1952/1952 1951/1951
f 1946/1946 1949/1949 1948/1948
f 1949/1949 1946/1946 1947/1947
f 1957/1957 1954/1954 1955/1955
f 1960/1960 1957/1957 1958/1958
f 1969/1969 1966/1966 1967/1967
f 1958/1958 1955/1955 1956/1956
f 1945/1945 1942/1942 1943/1943
f 1946/1946 1943/1943 1944/1944
f 1961/1961 1964/1964 1963/1963
f 1963/1963 1960/1960 1961/1961
f 1962/1962 1965/1965 1964/1964
f 1970/1970 1967/1967 1968/1968
f 1961/1961 1958/1958 1959/1959
f 1964/1964 1961/1961 1962/1962
f 1930/1930 1927/1927 1928/1928
f 1940/1940 1937/1937 1938/1938
f 1931/1931 1928/1928 1929/1929
f 1939/1939 1936/1936 1937/1937
f 1943/1943 1946/1946 1945/1945
f 1952/1952 1949/1949 1950/1950

o canopy
v 8.26912700 15.08118100 -7.97449400
v 9.06971400 14.88259100 -9.25121700
v 7.77763800 14.75901100 -10.04220800
v 6.97705200 14.95760000 -8.76548500
v 9.68576500 18.01307500 -10.63131100
v 10.22947500 18.71250000 -11.86645600
v 8.81032700 19.00666600 -12.32458600
v 8.26661800 18.30724100 -11.08944100
v -4.78399100 14.53922400 -0.70277200
v -6.14148100 14.92765100 -0.13997300
v -5.56252400 14.91476200 1.26538800
v -4.20503400 14.52633600 0.70258900
v -7.70989800 14.90127200 1.07648500
v -8.40029000 14.04183100 2.12296300
v -7.17158400 14.13803300 3.01258300
v -10.77421600 16.93144200 1.55640600
v -10.93877200 18.38945800 1.15953400
v -10.03914200 18.80474500 2.31218300
v -12.41304900 16.02327500 0.88248900
v -13.91395000 15.78329900 0.89266300
v -13.90932500 15.81879000 2.41224000
v -12.40842300 16.05876700 2.40206700
v -13.62841900 16.82721700 1.17218700
v -14.72787600 17.10573800 2.18412600
v -13.76163700 16.80206500 3.31751200
v -12.66218100 16.52354400 2.30557300
v -13.02238600 16.73172200 0.89218200
v -13.00725800 18.21258900 0.54983600
v -12.99655600 18.55484000 2.03076400
v -13.01168300 17.07397300 2.37310900
v 0.28287400 17.17451500 2.92608400
v 0.35367300 16.75354000 4.38490700
v 1.87193500 16.75746200 4.31235500
v 1.80113600 17.17843600 2.85353200
v 4.48366900 19.58961900 6.02152200
v 5.18391500 20.50868800 7.00912700
v 6.49276000 19.77611400 6.76284900
v 5.79251400 18.85704400 5.77524400
v 6.53092700 17.36585200 5.88554700
v 6.15642900 18.57160600 6.73189600
v 6.79434900 19.49148600 5.70365700
v 7.16884700 18.28573200 4.85730800
v 6.77936200 17.58569100 6.14303800
v 6.55092100 17.18047700 7.59010900
v 8.05192700 17.18915000 7.82949300
v 9.38683900 18.93513500 8.19894200
v 8.93689500 20.38079500 8.33317900
v 10.05617200 20.81568900 7.40125500
v 10.50611500 19.37002900 7.26701800
v -0.03334900 20.68219600 -6.06582400
v 0.11220700 21.77951400 -7.10750600
v -1.39788600 21.81987800 -7.27599500
v -1.54344200 20.72255900 -6.23431300
v -0.63975100 18.41958200 -7.82762400
v 0.51733500 18.60544800 -8.79561400
v -0.46816300 18.85174900 -9.92633400
v -1.62524800 18.66588200 -8.95834400
v -1.98879600 20.15283600 -12.54774500
v -2.65693800 20.23252900 -13.91069400
v -4.01558800 20.34304800 -13.23819700
v -3.34744500 20.26335500 -11.87524800
v -0.47763300 19.48872600 3.53223300
v 0.72083400 19.98068200 4.32725100
v 1.64382800 19.56388100 3.19378000
v 0.44536100 19.07192400 2.39876200
v -4.50682200 19.94500700 4.11070300
v -5.67389000 20.09264600 5.07327700
v -4.74040000 19.83429300 6.24470800
v -3.57333200 19.68665300 5.28213200
v -4.16449500 19.57820100 7.37598500
v -3.47356300 20.34739900 8.49014200
v -2.12585400 19.83727500 8.00655700
v -4.46640600 19.90494900 7.96663600
v -4.35923000 19.85884700 9.48215100
v -2.84737300 19.74696700 9.37183100
v -2.95454900 19.79307200 7.85631600
v -4.39217300 20.24827600 8.54844800
v -4.94971100 20.48574400 9.94242000
v -3.54858300 20.78065700 10.45258000
v -2.99104500 20.54319000 9.05860800
v -5.34742500 22.65360100 9.96052000
v -5.37714800 24.07333800 9.41843000
v -4.41409300 23.67150900 8.31323500
v -4.38437100 22.25177200 8.85532400
v 3.27167200 20.91584600 0.97083100
v 3.47103500 21.40400300 2.39643800
v 4.85511200 21.91326900 2.02849900
v 4.65574900 21.42511200 0.60289300
v 5.45908400 24.48742300 -0.50972900
v 6.22631400 25.44752900 -1.40413000
v 5.25434500 25.16734300 -2.53866600
v 4.48711500 24.20723700 -1.64426500
v 7.45915100 23.85482800 -0.18593400
v 6.92549700 25.19749300 -0.65801500
v 8.04229500 25.28000300 -1.68580500
v 8.68491700 23.42175300 -1.86666200
v 8.21519700 24.63169300 -2.65774300
v 8.71296200 23.98613700 -3.94066300
v 9.18268400 22.77619900 -3.14958200
v -5.05602700 21.96590000 -4.50855000
v -6.40955700 22.62346800 -4.29417300
v -6.38241100 22.20320300 -2.83368000
v -5.02888100 21.54563500 -3.04805700
v -4.25263800 23.65520900 -2.00499200
v -3.59560500 24.99632600 -2.28802300
v -3.95872900 25.46929600 -0.88986800
v -4.61576200 24.12817800 -0.60683600
v -3.65396600 23.75271200 -4.09699600
v -3.87059500 24.45814500 -5.42584200
v -5.37454400 24.39238400 -5.21557800
v -5.15791500 23.68695100 -3.88673200
v -6.85888300 22.48981500 -3.04892200
v -8.34748100 22.39753500 -2.75573600
v -8.04743200 22.27573800 -1.27063200
v -6.55883400 22.36801500 -1.56381900
v -7.95498200 24.93251400 -6.27115300
v -9.16666600 25.24746300 -7.13314300
v -10.04777400 25.24748400 -5.89457700
v -8.83609000 24.93253700 -5.03258700
v -10.13556400 25.45099300 -5.83737200
v -9.95922600 26.91186500 -5.45638000
v -10.67028200 26.65385400 -4.13796100
v -10.84662000 25.19298200 -4.51895400
v -10.92269800 26.38328900 -5.95695100
v -12.20499800 27.19592700 -6.03262800
v -12.25599900 27.25680700 -4.51470500
v -10.97369900 26.44417200 -4.43902800
v 1.69627600 28.08546300 3.32468800
v 2.38492100 28.99645800 4.32781000
v 3.36106500 29.44338800 3.25180200
v 2.67242000 28.53239300 2.24868000
v 0.60548400 23.46703000 4.23214000
v 0.66454300 23.87809400 5.69430800
v 2.18332200 23.84789700 5.64145200
v 2.12426400 23.43683200 4.17928400
v 1.08373700 23.68414900 7.26475900
v 0.76795900 23.74999600 8.75013600
v 2.25389400 23.81684300 9.06306900
v 2.56967200 23.75099800 7.57769200
v 3.24030800 24.59115200 9.15698100
v 4.61814500 25.21496200 9.30805300
v 4.97568500 24.76611700 7.90053700
v 3.59784800 24.14230700 7.74946400
v 0.37705300 24.35174200 -2.53384500
v -0.80024200 24.02046000 -3.43641100
v -1.71654200 23.97496400 -2.22450300
v -0.53924700 24.30624800 -1.32193700
v 3.49560800 25.37960100 -6.48615100
v 2.71827900 26.09123000 -7.58147600
v 1.42112400 25.52093500 -7.03143300
v 2.19845300 24.80930300 -5.93610800
v 2.02847900 26.51009800 -4.82566800
v 2.18716200 27.81313500 -4.05930400
v 0.67757000 27.99034100 -4.04803100
v 0.51888700 26.68730500 -4.81439400
v 2.64575300 25.39475800 -6.91968700
v 1.47543000 25.78850000 -7.80608900
v 0.50971800 25.44470200 -6.68377000
v 1.68004100 25.05095900 -5.79736800
v 2.57855300 27.37388600 -8.58401900
v 2.14127900 28.10723900 -9.84154800
v 0.79129500 28.39428900 -9.20472700
v 1.22856800 27.66093400 -7.94719700
v 3.42564900 26.40855400 -6.18623200
v 3.68564500 27.34268200 -7.35679100
v 2.38104300 26.90054900 -7.99938900
v 2.12104800 25.96642300 -6.82883000
v 2.82230900 26.73984500 -5.79234200
v 1.92895100 27.95169600 -6.00144800
v 1.91175800 27.68095600 -7.49704200
v 2.80511700 26.46910500 -7.28793600
v 2.25196000 27.87652200 -6.23914000
v 3.21537700 28.94231200 -5.74283600
v 4.38965700 28.03868300 -6.08182700
v 3.42624000 26.97289300 -6.57813100
v 5.42168700 27.85465000 -8.53326200
v 6.47374100 28.21444300 -9.56966600
v 5.38690100 28.36052100 -10.62220500
v 4.33484700 28.00073100 -9.58580200
v 4.25939700 26.97604900 -8.65448100
v 5.14860700 27.05149300 -9.88493300
v 3.92371800 27.27674900 -10.75631200
v 3.03450700 27.20130700 -9.52586100
v -2.73814600 26.05298200 0.81463400
v -3.47871400 26.48207900 2.07075300
v -2.19168400 26.36220700 2.87049300
v -1.45111700 25.93311300 1.61437400
v -5.05029800 27.28772000 -0.41981600
v -5.92653100 28.05266600 -1.39832100
v -6.71446900 28.63598100 -0.23673000
v -5.83823600 27.87103700 0.74177400
v -7.21765400 27.01756100 2.08656200
v -8.73114100 27.15753700 2.09929200
v -8.72192900 27.11896300 3.61877300
v -7.20844200 26.97898700 3.60604400
v -7.31032500 27.64308500 2.32963300
v -8.77104600 27.87401600 2.68086000
v -8.48184700 27.50444800 4.12660600
v -7.02112500 27.27351800 3.77537900
v -9.09715800 28.99529300 3.58858200
v -10.48340200 29.60828800 3.47472200
v -10.43046900 30.00058000 4.94227200
v -10.04321800 30.46526900 4.02724900
v -9.58496900 31.91436200 4.05037800
v -8.48204400 31.54993600 5.03075900
v -8.94029300 30.10084300 5.00763100
v 2.57081100 27.99327500 3.79979500
v 2.60202400 28.76882600 5.10667900
v 3.97922100 29.30700300 4.75441400
v 3.94800800 28.53145200 3.44753100
v 3.74629700 31.58802200 3.31041000
v 5.06473300 32.27747300 3.62150900
v 5.55016600 31.98564700 2.21098000
v 4.23173000 31.29619800 1.89988100
v 4.17363500 27.27338200 1.91037000
v 5.11784900 26.89452400 3.03967300
v 6.27501100 26.84443700 2.05536300
v 5.33079700 27.22329500 0.92606100
v 6.70442000 28.51804900 2.83585900
v 7.48664700 29.30042600 3.87816500
v 8.37149600 29.87411300 2.78348500
v 7.58927000 29.09173400 1.74117900
v 7.75821700 29.34241100 3.10817800
v 9.20575000 29.65637200 2.76689600
v 8.92395900 29.36347600 1.30224500
v 7.47642500 29.04951500 1.64352700
v 5.63368700 30.50053200 1.65382500
v 6.81189300 31.45629100 1.74737800
v 6.31247100 32.19258500 0.51496300
v 5.13426500 31.23682600 0.42141000
v 7.49804100 29.26129300 2.41003700
v 8.63574700 29.57228700 1.45123300
v 7.76117400 29.15800900 0.27910100
v 6.62346700 28.84701300 1.23790500
v 6.79470500 31.35287500 1.56045300
v 5.55368200 32.20516600 1.76987200
v 5.41879700 31.66155800 3.18291700
v 6.65982200 30.80926500 2.97349800
v 0.19852100 28.11930500 -1.25899700
v 1.20015400 29.22533600 -1.54851800
v 0.16989200 29.93164100 -2.41459800
v -0.83174000 28.82560700 -2.12507700
v 0.62965300 29.46053500 -2.34406600
v 0.75370400 29.95877300 -3.77471900
v -0.73939200 29.75615900 -3.97474600
v -0.86344300 29.25792100 -2.54409300
v -2.53636800 28.66812500 -4.23651600
v -3.64522300 29.69600900 -4.39238600
v -4.32470100 29.15196200 -3.14630400
v -3.21584600 28.12408100 -2.99043400
v -1.49049700 29.94568300 -2.46801900
v -1.58399400 31.14359100 -1.53706700
v -2.40935100 31.88604200 -2.57531100
v -2.31585500 30.68813300 -3.50626300
v -1.14027500 31.99395200 -2.72097700
v -1.87178600 33.32117800 -2.60370000
v -3.05768900 32.73361600 -3.35122800
v -2.32617900 31.40638500 -3.46850400
v -1.28523900 28.97422200 -4.28210200
v -0.63711200 28.59812400 -5.60455400
v -1.99651600 28.64166600 -6.28317400
v -2.64464200 29.01776700 -4.96072100
v -1.18546200 29.63072400 -5.29675800
v -1.85644500 30.57295800 -6.28284900
v -3.20009700 29.92770000 -5.98512500
v -2.52911400 28.98546800 -4.99903300
v -2.94781250 30.26800150 -5.49756000
v -2.90935600 31.87242900 -4.93869400
v -4.26807100 31.32746500 -5.34772400
v -3.01111700 30.19336300 -6.44385400
v -2.88503500 29.95574600 -7.93986200
v -4.39648900 30.03515400 -8.07985800
v -4.52257100 30.27277000 -6.58385000
v -4.18222100 32.48491700 -7.57108600
v -3.49376100 33.83235900 -7.71537100
v -4.18191400 34.31939700 -6.45060300
v -4.87037500 32.97195400 -6.30631900
v -4.36533500 32.94525900 -7.68387000
v -5.48054000 33.86325100 -8.15716400
v -5.94813300 34.03556400 -6.72117500
v -4.83292900 33.11756900 -6.24788200
v 0.37051500 31.03373300 5.06719600
v 1.57327400 31.38740700 5.92666100
v 2.49085600 31.15887600 4.73661400
v 1.28809700 30.80520200 3.87714800
v -3.60689100 32.09005000 4.66000600
v -4.20930800 32.58584200 5.96449100
v -2.85807300 32.43795400 6.64470500
v -2.25565600 31.94216200 5.34021900
v -1.46509600 32.23671300 4.25138200
v -2.69104100 33.05719800 3.88497200
v -3.14856800 33.02068700 5.33401700
v -1.92262300 32.20019900 5.70042800
v -2.68956300 33.84017200 4.63821300
v -2.57612000 35.27449400 4.14805800
v -1.35229300 35.47782100 5.02629600
v -1.46573600 34.04350300 5.51645000
v -1.99415000 31.73914700 6.76550400
v -1.76285300 31.68113700 8.26668200
v -0.26642800 31.55585900 8.03127600
v -0.49772500 31.61386900 6.53009800
v -1.95476400 32.96766700 7.75544100
v -1.04486300 33.72616200 8.70789100
v 0.16989800 33.07991400 8.06204400
v -0.74000400 32.32141900 7.10959400
v -0.76007600 32.84210200 5.87786700
v -2.10088600 34.52225500 5.86718400
v -1.68622000 33.48461200 6.89759300
v -2.67745500 33.79871000 6.94289400
v -3.78432100 34.49821500 7.71486500
v -3.11035100 34.12016700 9.02377400
v -2.00348500 33.42066600 8.25180200
v -2.58910400 33.88692900 6.97278000
v -3.88226800 34.60286300 6.61843600
v -3.95735700 35.16517600 8.02860100
v -2.66419300 34.44923800 8.38294400
v -2.48042200 34.10033400 8.29248000
v -2.04472600 34.80679300 9.56585400
v -0.65739400 34.20146200 9.42699900
v -1.09308900 33.49500300 8.15362500
v -2.57597300 35.26499200 8.34460400
v -3.66201800 36.26403800 8.70903200
v -2.70305500 36.95893900 9.66187200
v -1.61700900 35.95989200 9.29744200
v 3.38316100 31.05150400 -0.96706500
v 4.63631900 31.39064800 -0.17651100
v 5.34813400 31.76619300 -1.46596100
v 4.09497600 31.42705000 -2.25651500
v 5.62986500 33.83154700 -3.89913100
v 6.32811500 34.35989000 -5.14158600
v 5.03290600 34.22713500 -5.92593700
v 4.33465600 33.69878800 -4.68348200
v 6.16832200 34.89147200 -4.03767200
v 6.19576500 36.27475000 -3.40823500
v 5.26054800 36.78634600 -4.49176400
v 5.23310400 35.40306900 -5.12120100
v 6.66979700 36.47544900 -4.76202300
v 6.72571700 37.30772400 -6.03268800
v 5.32433600 36.84544800 -6.39714800
v 5.26841600 36.01317600 -5.12648200
v 6.32416200 34.58803200 -3.57245000
v 7.74101400 35.11900700 -3.71733000
v 7.40422000 35.63897700 -5.10535000
v 5.98736800 35.10799800 -4.96047000
v 6.63160800 35.65286600 -3.71610100
v 7.81729000 36.52944200 -4.08511400
v 7.44471900 36.41490900 -5.55428800
v 6.25903700 35.53833400 -5.18527500
v -3.07160000 31.72135500 -1.19185300
v -4.55503100 31.40128300 -1.10591000
v -4.45533400 31.34620900 0.40981500
v -2.97190300 31.66627900 0.32387300
v -3.03157400 34.18456300 -2.20414000
v -3.79670300 34.82378400 -3.35147500
v -5.09740200 34.63908800 -2.58697100
v -4.33227400 33.99987000 -1.43963700
v -5.35433600 33.87823900 -0.13562000
v -5.35117500 35.01477100 0.87368000
v -4.25614500 34.31307600 1.66040000
v -4.25930400 33.17654800 0.65110100
v -4.16997400 34.24793200 -1.18371200
v -5.20135800 35.35107400 -1.35611100
v -5.49782800 35.30677000 0.13403700
v -4.46644500 34.20362900 0.30643600
v -3.99689300 34.75999500 -0.92852000
v -3.99594000 35.72038700 -2.10667100
v -5.07806300 36.54818000 -1.43275200
v -5.07901600 35.58778400 -0.25460100
v -6.55293700 35.95069500 -0.71383400
v -6.61425000 37.13635300 -1.66296500
v -5.66067600 37.90573900 -0.76344400
v -5.59936300 36.72008100 0.18568700
v -6.83266700 36.78900500 -0.30225200
v -6.78642500 37.90654000 0.72701000
v -5.27839700 37.74760100 0.83182600
v -5.32463900 36.63007000 -0.19743600
v -5.70090700 35.88510500 -1.21074100
v -5.93830000 36.56092100 -2.55138100
v -7.36799100 36.87347400 -2.14066100
v -7.13059800 36.19765900 -0.80002100
v -5.67421200 37.33631900 -1.17331000
v -5.11618400 38.24197400 -2.25902900
v -6.48599400 38.87737700 -2.43304900
v -7.04402200 37.97171800 -1.34732900
v -6.87161400 37.66308600 -1.35196900
v -8.00299400 38.65745900 -1.55594300
v -8.81402100 37.95562000 -0.47888500
v -7.68264200 36.96125000 -0.27491200
v -7.66953100 38.82525300 -1.62802400
v -8.77319200 39.82281900 -1.31626200
v -8.56448100 39.58890500 0.17105800
v -7.46081900 38.59134300 -0.14070300
v -0.32312600 37.53158200 0.74214000
v -1.29360100 38.32914700 1.59798100
v -0.21534400 38.50761800 2.65434600
v 0.75513100 37.71004900 1.79850600
v 0.46571700 37.39613000 4.14578400
v 1.36620800 38.56518900 4.51022400
v 2.58641200 37.74661600 4.12107300
v 1.68592100 36.57755700 3.75663300
v 3.85151500 36.50005000 3.13532500
v 4.99274200 37.17262300 2.38991000
v 4.45889700 36.62336000 1.07700600
v 3.31767000 35.95078700 1.82242200
v 2.55526800 35.75991100 4.19866200
v 3.62926900 36.79850800 4.47835500
v 4.42049200 36.30338700 3.27868100
v 3.34649100 35.26478600 2.99898700
v 3.66363600 39.01909600 4.59894200
v 4.71594300 40.03041800 4.17435700
v 4.55075400 39.59486800 2.72749700
v 3.49844700 38.58354200 3.15208200
v 3.01211000 36.87215400 4.07987200
v 1.91677200 37.39683200 4.99384500
v 2.97052400 37.96139500 5.93260500
v 4.06586200 37.43672200 5.01863300
v 2.88704700 37.84719800 4.84014800
v 3.72433600 38.76636100 5.71449700
v 4.94404600 37.89505400 5.46245200
v 4.10675800 36.97589100 4.58810300
v 2.87453000 38.04375800 4.39731900
v 2.12079000 39.07752200 5.21805300
v 3.24031800 39.07753400 6.24618400
v 3.99405900 38.04376600 5.42545000
v 3.28700400 39.19810500 5.69922300
v 2.76025200 40.62343600 5.66229900
v 3.30111800 40.78676600 4.25120500
v 3.82786900 39.36143500 4.28812900
v 3.22789500 39.38588300 5.63055800
v 3.94111300 40.42449600 6.48085300
v 4.75982100 40.85092200 5.27326200
v 4.04660300 39.81230500 4.42296700
v 4.84723400 39.00233100 4.71343600
v 5.00478000 40.19542700 5.64192900
v 3.71737300 39.81190500 6.35319000
v 3.55982700 38.61880900 5.42469800
v -0.19508200 37.54037100 0.05583200
v 0.33140000 38.54193100 1.07076800
v 1.25568300 39.12605700 0.01488200
v 0.72920100 38.12450000 -1.00005400
v 0.77016400 34.73658400 -1.76590700
v 1.85724100 35.79256400 -1.88236500
v 1.22786200 36.29845400 -3.17013700
v 0.14078500 35.24247400 -3.05367900
v -0.27134000 38.01978700 -4.09972300
v -0.23592800 39.02484900 -5.23945600
v -1.47516900 39.70373900 -4.67928800
v -1.51058100 38.69867300 -3.53955500
v 0.75936500 37.68658100 -2.98868000
v 0.11712400 38.90956100 -3.62291000
v -0.03215200 38.15214200 -4.93227200
v 0.61009000 36.92916500 -4.29804300
v 0.34075700 38.39679700 -5.48997500
v -0.76471000 39.38346100 -5.15110300
v -0.83159500 38.82370800 -3.73950900
v 0.27387200 37.83704400 -4.07838100
v 0.84047100 38.55324600 -4.28057400
v 0.12535400 39.75045800 -3.67585300
v -0.97765900 39.61544800 -4.71293200
v -0.26254200 38.41823600 -5.31765300
v 1.30552200 38.76063200 -5.43608200
v 1.44412300 39.13819500 -6.90190400
v 0.02824600 38.65004300 -7.16151900
v -0.11035500 38.27248000 -5.69569800
v 1.77669500 40.09669900 -6.19703700
v 2.35326200 41.21711300 -7.04711900
v 1.03779100 41.97173700 -6.94474000
v 0.46122400 40.85132200 -6.09465800
v -2.43003600 36.48854400 1.03502800
v -3.92225600 36.46591900 1.32340800
v -3.63694800 36.60061300 2.81030200
v -2.14472700 36.62323400 2.52192200
v -4.15812100 38.34147300 2.09143100
v -4.65687400 38.72077900 3.47626700
v -3.26935700 38.47096300 4.04441100
v -2.77060400 38.09165600 2.65957500
v -1.89111700 37.99724600 2.51530200
v -0.76488900 38.96876100 2.82861300
v 0.21567000 38.06881300 2.09444700
v -0.91055900 37.09729800 1.78113700
v -2.00076100 37.78979500 2.00096600
v -2.33867400 39.10207400 1.31238600
v -1.15147600 39.76449200 1.99220700
v -0.81356200 38.45221700 2.68078600
v -3.29094100 40.42536500 1.35319000
v -2.64328900 41.80048000 1.35160700
v -1.79658600 41.40308000 2.54975700
v -2.44423800 40.02796600 2.55134000
v -3.16954200 40.35693000 1.39650100
v -3.63226900 42.29292300 2.20805100
v -2.75111900 41.13070300 2.63609400
v -3.39557200 38.47023400 3.14053200
v -2.99127600 38.73064000 4.58245100
v -1.56099800 38.33567000 4.25274900
v -1.96529400 38.07526800 2.81083000
v -4.11880300 40.32268500 3.95494600
v -3.94958100 41.80722400 3.67583900
v -2.49807400 41.72517000 4.11945100
v -2.66729600 40.24063100 4.39855800
v -1.81907900 41.50589800 3.08814500
v -0.84656600 42.36074400 2.29199300
v -1.94898400 42.68970500 1.29858600
v -2.92149600 41.83486200 2.09473800
v -4.13041400 41.36478800 3.94396900
v -3.88724000 42.24728000 5.15742200
v -2.52802200 41.59709900 5.35788800
v -2.77119500 40.71460300 4.14443500
v 1.64397200 37.25689300 0.48039800
v 2.44048300 37.97000100 1.56088100
v 3.40736900 38.48591200 0.50761600
v 2.61085800 37.77280000 -0.57286700
v 3.62921100 39.12992900 1.02824800
v 4.93873000 39.80045300 1.41028600
v 5.09431900 40.30807500 -0.01397200
v 3.78480000 39.63755000 -0.39600900
v 1.41588700 40.08834800 -0.24919500
v 1.91443100 41.36337700 -0.90961600
v 3.23563100 40.68225100 -1.22725600
v 2.73708700 39.40722700 -0.56683500
v 2.46689700 41.02394100 1.17502500
v 2.45484200 41.83886000 2.45805000
v 3.78763300 42.46134600 2.07519700
v 3.79968800 41.64642300 0.79217100
v 2.92895600 42.11302200 1.76401100
v 4.09495600 43.06938600 1.95431500
v 4.84224700 42.38355300 0.82224200
v 3.67624700 41.42719300 0.63193900
v 3.92265700 42.22510500 0.72083100
v 3.58544100 43.63311400 0.25802000
v 4.26243200 43.35721200 -1.07463100
v 4.59964800 41.94920300 -0.61182000
v 4.96994200 43.98913600 0.55266400
v 4.34275300 45.33436200 0.22495600
v 3.49661300 44.67720000 -0.85327400
v 4.12380100 43.33197000 -0.52556700
v 3.94495300 42.93302900 -0.86535100
v 2.63282600 43.68096500 -1.03656200
v 2.71979500 44.16292600 0.40237700
v 4.03192200 43.41499300 0.57358800
v 3.05812200 43.97362100 0.17049600
v 3.36020600 44.74895500 1.44250200
v 4.84941500 44.55917400 1.20451300
v 4.54733100 43.78384000 -0.06749300
v -2.49532500 40.13405600 -1.78049800
v -2.97395700 41.07680100 -0.68846500
v -1.59617400 41.03431700 -0.04791300
v -1.11754200 40.09156800 -1.13994600
v -1.97500400 40.95150000 -2.08933000
v -1.04822500 42.09927000 -1.72313900
v -0.75868400 41.43861400 -0.38519500
v -1.68546200 40.29084000 -0.75138600
v -1.84589100 42.82918900 -3.41424900
v -2.91520800 43.88963700 -3.62019900
v -3.89399200 43.06115700 -2.80411100
v -2.82467600 42.00071300 -2.59816100
v -3.33326600 42.61247600 -2.67461300
v -4.50988000 43.39601500 -2.11600600
v -4.22379100 42.83838300 -0.73123300
v -3.04717600 42.05484400 -1.28983900
v -2.74882400 43.01433600 -1.66330600
v -3.57307200 44.24215700 -2.01468400
v -3.86543600 43.65364800 -3.38529600
v -3.04118800 42.42582700 -3.03391800
v -3.04867900 44.69802100 -1.92621900
v -1.94904500 45.71603800 -2.18086100
v -2.32576300 45.75474200 -3.65292900
v -3.42539700 44.73672500 -3.39828600
v -0.52802500 41.73964700 0.54244400
v 0.02398400 43.08560600 0.98298700
v -0.05095200 42.64120100 2.43463700
v -0.60296100 41.29524200 1.99409400
v -0.51584600 41.80263500 0.62115100
v -1.09454600 42.86317400 -0.30121400
v -1.49816700 43.69325300 0.90645100
v -0.91946600 42.63271300 1.82881600
v -1.47306900 43.31881000 0.87260800
v -1.77534100 44.27536400 2.01455100
v -0.77245900 43.54444900 2.89226800
v -0.47018600 42.58789800 1.75032500
v -0.16162600 41.38380400 2.18423100
v 0.67832900 41.32421100 3.44966400
v 1.94433400 41.41866700 2.61377800
v 1.10437900 41.47825600 1.34834500
v -0.02489600 43.07290300 1.49637200
v -1.44245100 43.46223400 1.88283800
v -0.97321200 43.76810500 3.29586900
v 0.44434300 43.37877300 2.90940400
v 1.02942200 45.30389800 1.83484900
v 0.05819200 46.31237800 1.24317800
v -0.88386400 46.09303700 2.41570400
v 0.08736600 45.08455300 3.00737500
v 0.37052600 46.37379500 3.09305900
v 1.57311800 47.30078900 3.02336900
v 2.09794100 46.52970500 1.82320800
v 0.89535000 45.60271500 1.89289700
v 0.76207700 41.57001900 -1.69824500
v 1.47465400 42.84793900 -2.11001800
v 0.84686400 43.57714500 -0.93335600
v 0.13428700 42.29922900 -0.52158300
v 1.77317000 43.02600100 -1.50282900
v 2.72038200 43.54352600 -2.57304100
v 1.54270700 44.13861500 -3.32759600
v 0.59549500 43.62108600 -2.25738400
v 1.93470400 44.88913000 -2.40193900
v 2.85958600 46.06387300 -2.67575200
v 1.66606500 46.90516300 -3.09780900
v 0.74118300 45.73042300 -2.82399600
v 2.07391400 45.95066800 -2.84307500
v 1.66232000 46.87524400 -3.97716000
v 0.22470200 46.40033000 -3.84258400
v 0.63629700 45.47575400 -2.70849900
v 1.02279400 44.35188700 -2.27347500
v -0.14266500 45.32013300 -2.39430400
v 0.27984800 45.99056600 -1.09723000
v 1.44530700 45.02232000 -0.97640100
v 1.05820800 46.65377800 -2.08359900
v 0.10353500 47.76896700 -1.68945000
v 1.28626700 48.66393700 -1.35693100
v 2.24094000 47.54875200 -1.75108000
v -2.09397700 43.92414900 0.08547900
v -2.52189100 44.85174900 1.21102000
v -1.69080600 44.04289600 2.19359300
v -1.26289200 43.11529500 1.06805200
v -1.23136500 44.98899800 -0.50430400
v -0.41723600 46.25120900 -0.73757400
v 0.18505200 46.11949500 0.65177800
v -0.62907700 44.85728500 0.88504800
v -1.54670700 45.10143700 -0.13291600
v -2.48385700 46.23797600 0.24181800
v -1.34245900 46.94380200 0.95555400
v -0.40530900 45.80726200 0.58081900
v -1.72679100 46.33944300 -0.82901300
v -2.81673600 47.04185900 -1.62212800
v -3.54166500 47.37719000 -0.32890500
v -2.45172000 46.67477800 0.46421000
v -2.28122400 45.96691900 -0.11589800
v -3.22171200 46.64993700 0.86357300
v -2.26109100 46.34212100 2.00061100
v -1.32060400 45.65910300 1.02114000
v -1.17810500 47.02585600 0.72725000
v -0.16156600 48.13249600 0.95615200
v -1.07519400 49.11850400 0.24659800
v -2.09173300 48.01186400 0.01769600
v -1.99984200 49.18648500 1.21925000
v -0.98838000 50.28415700 1.50641300
v -0.19517300 49.87513400 0.27599700
v -1.20663500 48.77746600 -0.01116600
v 0.69960700 43.82318500 -0.13244300
v 0.25192600 45.26097900 0.07427400
v -0.93473500 45.02372700 -0.84548000
v -0.48705500 43.58593400 -1.05219700
v 0.33701100 44.22650500 -0.10739300
v 1.31504500 45.24639100 0.45267800
v 1.29393900 45.99346900 -0.87088800
v 0.31590500 44.97358300 -1.43095900
v 0.53972300 44.40298100 0.16371300
v 1.73332300 44.86387600 -0.65683300
v 0.86432600 44.89479400 -1.90354300
v -0.32927300 44.43390300 -1.08299700
v 0.47457300 47.40836700 -0.12598800
v 1.34535500 48.59626400 0.24955700
v 0.64299100 49.44277600 -0.79948900
v -0.22779100 48.25487900 -1.17503400
v 5.54302200 16.07427600 -7.33698700
v 5.11271100 16.82527900 -8.58647500
v 3.67641800 16.38383300 -8.35716200
v 4.10673000 15.63282900 -7.10767300
v 5.00263500 17.99604000 -8.71354900
v 4.29281100 18.59884600 -9.91486900
v 2.97867500 18.57275200 -9.15148000
v 3.68850000 17.96994400 -7.95015900
v 6.44730300 15.41494500 -5.45024900
v 7.45076800 16.11845800 -4.55106700
v 7.76856400 16.15632450 -6.22007000
v 9.33963400 16.82893800 -9.58753200
v 10.32786800 17.44441600 -10.56476100
v 9.27935400 17.38337500 -11.66352800
v 8.29111900 16.76789900 -10.68629800
v -4.75808900 14.42746000 -0.61027500
v -5.64466400 14.52684400 -1.84092700
v -6.87431300 14.59210800 -0.94980400
v -5.98773900 14.49272300 0.28084800
v -7.57357300 19.18693000 -2.34071400
v -8.45721000 19.97860900 -3.29088700
v -9.37360600 20.34370800 -2.13446300
v -8.48996900 19.55203100 -1.18429000
v -7.32306200 15.49908000 0.00033800
v -7.00645500 16.98562200 -0.01828200
v -6.68893100 16.93660400 1.46737400
v -7.00553800 15.45006100 1.48599400
v -8.68671400 19.40339300 0.53429700
v -9.52599900 20.31029100 1.41947200
v -8.29755700 20.63166800 2.25496400
v -7.45827300 19.72477000 1.36978900
v -8.60067700 15.21113200 -0.32179500
v -9.87671700 14.39052300 -0.41516900
v -10.06716300 14.51566300 1.08765000
v -8.79112300 15.33627300 1.18102500
v -8.73536500 15.37870900 -0.27515900
v -9.36764000 15.36583500 -1.65735300
v -10.73835600 15.56765500 -1.03220900
v -10.10608100 15.58052700 0.34998600
v -10.91820600 17.22782900 -1.76496600
v -12.40257500 17.55296100 -1.80152000
v -12.50926900 17.23247100 -0.31952800
v -11.02489900 16.90734100 -0.28297400
v 8.16732200 19.06186700 1.00455600
v 9.17207500 19.42427600 -0.07689100
v 8.14249400 19.09236000 -1.14468800
v 7.13774100 18.72995000 -0.06324100
v 9.04344900 18.52794500 7.05731900
v 10.53627700 18.81398200 7.06396200
v 10.60347600 18.49777200 5.57873700
v 9.11064700 18.21173300 5.57209400
v 9.14590300 18.81678600 7.17465900
v 10.16229900 18.96169500 8.29552400
v 11.26916200 19.13877700 7.26893000
v 10.25276600 18.99386800 6.14806600
v 10.27202200 20.37267900 8.81471100
v 11.68315900 20.93496900 8.86874900
v 11.87995300 20.58190300 7.40347900
v 10.46881700 20.01961300 7.34944200
v 0.42256000 17.36549600 -1.60601200
v -0.30939000 17.16810800 -3.61749900
v -0.94268400 17.14259100 -2.23594700
v 2.16990500 19.90378400 -5.27664800
v 2.45002800 20.30724900 -6.71510000
v 1.02356100 19.94454400 -7.09462200
v 0.74343900 19.54107900 -5.65616900
v -2.87008100 18.91396250 -7.27377200
v -4.27450600 18.66860200 -6.34890000
v -2.96885200 18.17676400 -5.74577300
v 1.09502700 19.63691900 -9.71148200
v 1.42443500 19.61976600 -11.19525900
v -0.05765200 19.69058800 -11.52511000
v -0.38706000 19.70773900 -10.04133300
v -0.52335100 19.91839600 -8.42626000
v 0.41190900 20.92417500 -7.77503800
v 0.49447900 21.69423100 -9.08293400
v -0.44078100 20.68845000 -9.73415600
v 0.30432400 20.85812600 -8.86761400
v 0.56200500 22.21359400 -8.22988000
v -0.68254500 22.76745800 -8.90421800
v -0.94022600 21.41198900 -9.54195100
v -0.45563300 20.73604200 4.86318800
v -0.04813600 20.76596800 6.32724000
v 1.41579700 20.72103900 5.92069400
v 1.00830000 20.69111300 4.45664200
v -3.94416600 18.95524200 6.00688200
v -3.16910300 18.34660000 7.16413200
v -1.87032800 18.54940400 6.40094600
v -2.64539100 19.15804700 5.24369600
v -4.06195000 19.15893400 6.26024800
v -4.74546500 18.56868400 7.48287200
v -3.41022100 18.52406300 8.20780700
v -2.72670600 19.11431300 6.98518300
v -6.74594500 20.71905900 6.59768600
v -8.08804300 21.05521200 7.22710700
v -7.50794600 20.78845800 8.60650000
v -6.16584700 20.45230500 7.97707800
v -5.54061700 22.23724700 9.76960200
v -4.67986500 23.07195100 10.70382600
v -3.47727500 22.83911100 9.80384800
v -4.33802700 22.00441000 8.86962500
v 4.62302600 21.77999700 -0.27102300
v 3.99627500 23.15301900 -0.09104000
v 3.97246000 23.33986100 -1.59932400
v 4.59921100 21.96684100 -1.77930700
v 5.82263900 20.09970300 -0.61423500
v 6.95311000 19.62183200 -1.51093400
v 6.09577200 19.89317900 -2.73639000
v 4.96530000 20.37105000 -1.83969000
v 6.76404000 21.36232400 -2.20329500
v 8.03604100 22.19351600 -2.24243200
v 7.50006700 22.95723300 -3.44237500
v 6.22806600 22.12604100 -3.40323800
v 7.46971100 24.02347900 -0.25052800
v 7.67861600 25.14204000 0.75723200
v 8.85095800 25.65955200 -0.06019900
v 8.64205400 24.54099300 -1.06796000
v 8.72199800 21.05886800 -1.72561000
v 9.73658100 20.26609200 -2.53340000
v 8.81629200 20.31975600 -3.74194700
v 9.73178700 21.89448200 -1.65943000
v 11.18452400 21.45825800 -1.75772000
v 11.07294800 21.42817700 -3.27332100
v 9.62021100 21.86440300 -3.17503000
v -3.67505000 21.37901900 -3.49130000
v -4.20002700 21.09220700 -4.88863200
v -5.62578200 21.15080300 -4.36500400
v -5.10080600 21.43761600 -2.96767200
v -6.20026400 22.52386300 -5.15774200
v -7.64049600 22.31076400 -5.59445600
v -8.07571300 22.26883300 -4.13870000
v -6.63548100 22.48193200 -3.70198600
v -8.19948800 24.19444300 -3.30506200
v -9.62302100 24.63819500 -3.60007600
v -9.91014200 24.70835700 -2.10909100
v -8.48660900 24.26460300 -1.81407700
v -5.59459500 23.52137800 -3.60913500
v -4.98384200 24.82478300 -3.12076000
v -5.99224200 24.87151300 -1.98438800
v -6.60299600 23.56810800 -2.47276300
v -6.33428500 27.03599900 -4.17856600
v -7.38598300 28.07573500 -3.82745600
v -7.64083800 27.37132100 -2.50486500
v -6.58913900 26.33158500 -2.85597600
v -8.47055600 23.81354500 -4.19836800
v -9.86859600 24.35189100 -4.45540100
v -9.99483000 24.72500400 -2.98732500
v -8.59679000 24.18666100 -2.73029200
v 0.90418400 26.26485300 2.71188500
v 1.89586300 27.24423000 3.31834000
v 3.01777000 26.60463100 2.51669500
v 2.02609100 25.62525400 1.91024000
v -0.98435200 23.78338100 3.73167500
v -1.60274900 23.92951200 5.11248200
v -0.22437800 23.81172200 5.74225500
v 0.39402000 23.66559000 4.36144800
v 1.33186700 23.28904500 7.00293800
v 2.33854600 23.39902700 8.13647100
v 3.47383000 23.18238800 7.14925600
v 2.46715100 23.07240900 6.01572300
v 3.43034500 26.70603400 7.38480300
v 4.46351400 27.35833400 8.28894000
v 5.36090600 27.60321200 7.08680900
v 4.32773600 26.95091400 6.18267200
v 3.55539500 25.96844300 10.28637600
v 4.07691400 26.21817800 11.69209600
v 5.49173500 26.32857700 11.14758700
v 4.97021700 26.07884000 9.74186800
v 3.24011300 26.49959400 11.04759200
v 2.81937600 27.92093100 11.38401300
v 4.13252400 28.44231600 10.82348000
v 4.55326000 27.02097900 10.48705900
v 3.62959400 25.99748800 -7.12300700
v 3.75553900 26.16679200 -8.62828800
v 2.24083200 26.16681700 -8.75502000
v 2.11488700 25.99751100 -7.24973900
v 4.41151500 26.49675000 -7.81249400
v 4.32363900 27.16178900 -9.17645800
v 2.90195300 26.64802400 -9.33536300
v 2.98982900 25.98298600 -7.97140000
v 4.66661200 26.72855900 -7.74917000
v 5.70363700 26.91366600 -8.84494000
v 4.61368000 26.79079600 -9.89722100
v 3.57665500 26.60568800 -8.80145100
v 3.61392300 26.97295200 -8.98827900
v 2.41814100 27.18544400 -9.90225300
v 1.47994400 26.88782700 -8.74397500
v 2.67572600 26.67533300 -7.83000000
v 3.64665900 27.56209200 -8.68184300
v 4.15928700 28.88370100 -8.13324500
v 2.93008700 29.58874500 -8.68313400
v 2.41745800 28.26713600 -9.23173100
v 4.52972000 27.89609300 -9.39437900
v 4.79515200 28.52707700 -10.75150900
v 3.36182100 28.23760000 -11.16643300
v 3.09639000 27.60661500 -9.80930300
v -2.36637700 24.65758700 0.89569000
v -2.56261100 23.65170500 2.01822800
v -1.19878400 24.01520000 2.58236100
v -1.00255000 25.02108200 1.45982400
v -3.23377100 29.39164900 0.83004600
v -2.78866100 30.79748200 0.46138900
v -2.59535700 31.12234900 1.93362900
v -3.04046700 29.71651600 2.30228600
v -4.77816800 26.33094200 2.59318600
v -4.41229400 27.48129100 3.51689200
v -2.97924500 26.97802700 3.57601300
v -3.34511900 25.82768100 2.65230700
v -4.78802500 26.48884000 1.29602600
v -6.17941200 27.02206200 1.59621300
v -5.94707100 26.79260600 3.08072100
v -4.55568400 26.25938200 2.78053500
v -5.93952600 26.36542100 1.86862100
v -6.85805100 27.52124400 2.23025800
v -6.35188800 27.47528300 3.66276800
v -5.43336200 26.31945800 3.30113100
v -7.09477400 27.78775200 2.39293500
v -7.99646900 28.22991200 1.25195500
v -9.06325100 28.64015000 2.25399200
v -8.16155500 28.19798900 3.39497200
v -7.54611100 29.03296700 1.96499500
v -8.67184600 29.69048500 1.18346600
v -9.59425900 29.53530700 2.38157700
v -8.46852400 28.87778900 3.16310600
v -8.56590000 30.17979000 1.60769800
v -9.80229200 30.96250000 2.01891100
v -9.71475400 30.36740100 3.41483100
v -8.47836200 29.58469000 3.00361700
v -9.08800400 28.69480100 4.06345100
v -8.90318500 30.20240400 4.12151300
v -7.82380800 30.02940800 5.17764500
v -8.00862800 28.52180500 5.11958400
v -9.44428800 29.15429700 4.58840300
v -9.96437200 30.54274000 4.25354000
v -8.84981000 31.16013100 5.08238200
v -9.62431000 29.73647500 4.76713900
v -10.26207700 30.43067600 5.95950500
v -8.92175700 30.43069300 6.67639900
v -8.28398900 29.73649400 5.48403300
v -9.04422600 29.38758500 5.05613100
v 5.03951500 29.93972800 -0.55936000
v 5.72365400 30.29394300 -1.86965800
v 4.38484400 30.22846200 -2.58638500
v 3.70070500 29.87424500 -1.27608700
v 5.33174100 29.72121400 3.45461000
v 5.33961700 30.39721100 4.81599300
v 6.74255100 30.91786000 4.54934700
v 6.73467400 30.24186300 3.18796400
v 6.44811600 29.39904400 2.90549600
v 5.57472800 30.63957200 2.81234200
v 6.51004500 31.21933900 1.76379400
v 7.38343200 29.97880900 1.85694800
v 5.91732600 32.44561000 1.79200700
v 5.67653400 33.55715900 2.80040800
v 6.43850000 32.76782200 3.85243200
v 6.67929200 31.65627300 2.84403100
v 7.62669800 29.67894000 3.24984800
v 7.89085100 30.09885400 4.68661300
v 9.28041300 30.57251400 4.29270500
v 9.01625900 30.15259900 2.85594000
v 8.03074600 30.01939000 3.36908700
v 8.94111800 30.42159300 4.51793500
v 9.97319000 30.92712000 3.52311600
v 9.06281800 30.52491800 2.37426800
v -1.06924700 27.89349000 -2.76565000
v -1.62385300 28.79427700 -3.85715800
v -2.91441300 28.95344000 -3.07006100
v -2.35980700 28.05265000 -1.97855300
v -0.84268200 30.66587400 -6.45775200
v -0.30496100 31.34027700 -7.70932600
v -1.69572000 31.86747900 -8.02276400
v -2.23344100 31.19307700 -6.77119100
v -0.99975400 31.69433200 -7.32924000
v -1.93557400 32.53464500 -8.18276900
v -3.13265300 31.91508700 -7.48024100
v -2.19683400 31.07477600 -6.62671200
v -3.82019600 30.91906400 -5.76069400
v -3.59696500 32.41910200 -5.65847100
v -4.45733100 32.46179600 -4.40613500
v -4.68056200 30.96175800 -4.50835800
v -2.24019600 29.96774700 -5.24402900
v -2.10547800 30.59479100 -6.62209400
v -3.59799600 30.41746900 -6.84868600
v -3.73271400 29.79042400 -5.47062100
v -3.65811900 31.36065500 -5.52585000
v -3.99631500 32.68215600 -6.19641600
v -2.52631500 33.06830600 -6.17680700
v -2.18811900 31.74680500 -5.50624000
v -3.38801300 30.88000900 -7.50826200
v -3.83103900 31.28585100 -8.90447800
v -5.27985100 31.28587200 -8.44475700
v -4.83682500 30.88002800 -7.04854200
v -4.29820100 31.60290100 -7.46174300
v -5.61480100 32.36159500 -7.49836300
v -5.82200100 32.07337200 -6.02039400
v -4.50540000 31.31467800 -5.98377400
v -4.14489300 32.68443300 -8.11586300
v -5.84492000 33.55660600 -9.10076000
v -5.65260200 32.57003800 -7.96054400
v -4.43188500 33.20918700 -8.59695800
v -4.50592200 34.56509800 -7.91400700
v -5.50652800 34.00727500 -6.91499800
v -5.43249100 32.65136300 -7.59794900
v -4.80049200 33.59089300 -8.86881600
v -4.31086800 35.02960200 -8.89686700
v -5.04036000 35.30331000 -7.59175400
v -5.52998500 33.86460500 -7.56370300
v -0.98920200 32.61980100 1.40381300
v -2.20033600 33.51014700 1.62927800
v -1.87189300 33.58154300 3.11165000
v -0.66075900 32.69119600 2.88618400
v -0.85018400 31.70413800 4.75934500
v -1.23716200 32.46691500 6.01585500
v 0.23210500 32.70615800 6.32312100
v 0.61908400 31.94338400 5.06661100
v -1.90528700 31.97606300 6.79327000
v -2.89854300 32.70375100 7.68451200
v -1.74797100 33.33689100 8.44983200
v -0.75471500 32.60920300 7.55859000
v -2.04710000 33.22168000 8.02333600
v -1.94836900 33.55637700 9.50273700
v -0.43539800 33.63978600 9.38289500
v -0.53413000 33.30508400 7.90349400
v -3.36622300 34.90066500 7.13619000
v -4.72336100 35.41983800 7.58232500
v -4.24035400 35.44414900 9.02333500
v -2.88321600 34.92498000 8.57720100
v -2.70341500 35.22717700 8.36536200
v -3.04062900 35.96287500 9.65199900
v -1.61902300 35.75022900 10.14617800
v -1.28180900 35.01453000 8.85954300
v -2.50178150 36.27495000 8.41181900
v -0.94565600 36.61637100 9.00334500
v -1.36955000 35.15668500 9.00808000
v 4.82430300 32.15900400 -1.20151200
v 5.37238600 32.97118000 -2.36356900
v 4.35481400 32.32901800 -3.29231800
v 3.80673100 31.51684600 -2.13026200
v 2.83195100 31.53685400 -1.91635500
v 3.97066900 32.41977300 -2.40026500
v 2.98409100 33.25244500 -3.20258500
v 1.84537200 32.36952600 -2.71867500
v 4.62611800 32.06025300 -2.98758900
v 4.58855900 31.68574700 -4.46025100
v 3.06943000 31.66093800 -4.41519800
v 3.10698900 32.03544200 -2.94253600
v 5.11592000 35.10814300 -3.37450000
v 4.82227900 36.04014600 -4.53877900
v 3.36958300 35.59293400 -4.53038900
v 3.66322300 34.66093100 -3.36611100
v 5.49971400 33.60064300 -2.64512400
v 7.01416100 33.47312200 -2.66932700
v 6.98987400 33.47314800 -4.18913300
v 5.47542700 33.60066600 -4.16492900
v 7.16783100 36.50074000 -3.98310900
v 6.94685200 37.86780500 -3.35644900
v 5.85031100 38.15478900 -4.36918400
v 6.07129000 36.78772700 -4.99584400
v -4.39010200 32.68844200 -1.37592000
v -5.73080700 33.08840200 -1.97000600
v -6.22804200 33.47600600 -0.58692400
v -4.88733600 33.07604600 0.00716300
v -5.81321700 33.78873400 -1.14519700
v -6.77279100 34.46172700 -0.17736600
v -5.94806900 33.95331600 0.99385000
v -4.98849400 33.28032700 0.02602000
v -2.32252200 32.51921100 -0.95628200
v -2.64092500 32.48028600 -2.44204900
v -4.11469900 32.68522600 -2.13158400
v -3.79629500 32.72415200 -0.64581800
v -3.06314300 33.40401500 -1.79696600
v -4.27368100 34.32325000 -1.79541300
v -4.84532300 33.56845100 -0.60633900
v -3.63478500 32.64921600 -0.60789200
v -5.92144100 34.45705800 0.08817600
v -6.82168100 34.88018400 1.23749200
v -5.71226100 34.55769700 2.22520900
v -4.81202000 34.13457100 1.07589300
v -5.37886300 34.43764100 -1.65319900
v -6.79432700 34.28558700 -2.18587400
v -7.31833500 34.17907300 -0.76303600
v -5.90287100 34.33112700 -0.23036100
v -5.83107700 35.64734600 -2.06752700
v -7.06141200 36.52307900 -2.24004600
v -7.75540600 35.76924900 -1.11732200
v -6.52507100 34.89351700 -0.94480400
v -6.47581300 35.23173900 -0.80015300
v -6.74913700 35.71471800 0.61491700
v -5.37077000 35.23860500 1.04365400
v -5.09744600 34.75562700 -0.37141600
v -5.59962600 37.44337500 -1.09432600
v -5.84701400 38.81385000 -0.48523600
v -7.34648700 38.59931200 -0.61153900
v -7.09909900 37.22883600 -1.22062900
v -5.84354000 38.30971500 -1.75181400
v -6.86634300 39.34579800 -2.18862800
v -7.95710000 38.57489000 -1.46312800
v -7.14847300 37.10565600 -1.42430500
v -6.93370800 38.41869400 -0.68932000
v -7.07510400 36.35496900 -0.10465300
v 0.58023400 34.05693800 1.36407900
v 0.09475600 35.38234300 0.80015200
v 0.45534800 34.91803000 -0.60155600
v 0.94082600 33.59262800 -0.03762900
v 0.47864500 34.07385600 2.34327600
v 1.34043500 35.08234800 3.08534200
v 2.58230800 34.50869800 2.42271500
v 1.72051700 33.50021000 1.68064900
v 0.34501600 35.08161900 3.26241200
v 0.84223600 35.74607500 4.53586000
v 2.25975300 35.30144500 4.21438500
v 1.76253300 34.63699300 2.94093700
v 2.72018000 35.29789700 2.78878400
v 2.93339200 36.21773100 3.97993400
v 3.97237300 36.99812300 3.19132300
v 3.75916100 36.07828500 2.00017200
v 2.86133100 36.30740000 2.63911500
v 2.25802800 37.32846100 1.68840200
v 0.86387300 36.92620500 2.14108300
v 1.46717600 35.90514000 3.09179500
v 2.85889900 36.44795600 4.99803300
v 3.12371800 37.08815400 6.35096000
v 4.49849600 37.52737800 5.87402600
v 4.23367700 36.88718000 4.52109800
v 3.88193300 37.92269900 5.76008200
v 5.18468100 38.62535100 6.10580100
v 5.64277100 38.48582100 4.66320500
v 4.34002300 37.78316500 4.31748600
v 3.34806800 39.33284800 5.63135600
v 4.40635500 40.37872300 5.32060400
v 4.68085100 39.70451000 3.98625800
v 3.62256400 38.65863000 4.29700900
v 4.38449100 39.81013500 4.29908600
v 3.39704800 40.78013600 3.67103400
v 2.71074200 40.95249900 5.01627400
v 3.69818400 39.98249800 5.64432600
v -0.63167500 36.33023500 -0.67522200
v 0.25382700 37.21246000 0.18962800
v 1.48666300 36.65035200 -0.49924900
v 0.60116000 35.76813100 -1.36409900
v 1.50191000 35.38628000 -2.54158900
v 2.30565000 35.26445800 -3.82593900
v 1.01591700 35.22538400 -4.62934200
v 0.21217600 35.34721000 -3.34499200
v 0.85162400 36.76971800 -2.89265200
v 2.11115200 37.48412300 -3.35483200
v 1.55186400 37.55702200 -4.76631400
v 0.29233600 36.84261700 -4.30413400
v 1.40671100 38.89954400 -3.68988600
v 1.86394000 39.94933300 -4.68952400
v 0.43567800 40.45476900 -4.81201100
v -0.02155100 39.40497600 -3.81237300
v 0.91914200 37.37657500 -4.98476000
v 2.13052700 38.18452800 -5.42083000
v 1.27973000 38.90103500 -6.45676300
v 0.06834500 38.09308200 -6.02069300
v 1.87206300 40.35802800 -6.07607200
v 1.56027300 41.71278000 -5.46139600
v 0.07639300 41.38472700 -5.49104800
v 0.38818300 40.02997200 -6.10572400
v 1.17802100 39.47258400 -6.23279500
v 1.31893800 40.07981900 -7.61908600
v -0.19205400 40.21564900 -7.71318100
v -0.33297100 39.60841000 -6.32689000
v -2.00565100 38.61610000 1.86584200
v -2.93024100 39.53136800 2.65185600
v -1.92475800 39.56868000 3.79115800
v -1.00016900 38.65341600 3.00514400
v -2.44643400 39.17541500 3.41754200
v -2.34970800 40.31160400 4.42258400
v -3.42534100 41.07309000 3.66525200
v -3.52206800 39.93689700 2.66021000
v -3.93590800 40.32603100 3.22863500
v -3.84428600 41.36694700 4.33248900
v -2.74844000 40.55671300 5.00557000
v -2.84006300 39.51579700 3.90171600
v -4.60991600 41.71713300 3.21692900
v -5.86603800 42.31179800 3.83249900
v -5.16740000 42.39267300 5.18000100
v -3.91127800 41.79800400 4.56443100
v 0.82176300 39.64925000 -0.62890100
v -0.08010700 40.63993800 -1.34692700
v -0.80371400 40.92735700 -0.04148400
v 0.09815700 39.93666500 0.67654200
v 2.76904500 38.16719100 0.83815900
v 4.26506600 38.43049200 0.89286400
v 4.36814300 38.15464800 -0.59833900
v 2.87212200 37.89135000 -0.65304300
v 2.65562200 39.10951200 0.01416100
v 3.34689900 40.10858900 -0.89928500
v 2.13484800 40.10860100 -1.81652600
v 1.44357100 39.10952800 -0.90308000
v 3.92570300 41.71146800 0.27620700
v 3.10689000 42.94470200 0.62128200
v 1.90942400 42.35253900 -0.10384900
v 2.72823700 41.11930500 -0.44892300
v 4.17425000 42.62758600 -0.41306400
v 4.46139900 43.34921600 -1.71966000
v 2.97819700 43.63647800 -1.88696900
v 2.69104800 42.91484800 -0.58037300
v 4.07825400 41.92480500 0.74254100
v 5.52464200 42.39134600 0.71613400
v 5.59916700 42.07624100 -0.76897600
v 4.15278000 41.60969500 -0.74256900
v 4.29947400 43.02402500 0.43533900
v 4.92163300 44.09470000 -0.44611900
v 4.45361000 43.34738200 -1.68420800
v 3.83145100 42.27670300 -0.80275100
v 3.44334900 43.82870900 -0.53128200
v 3.59286700 44.95712700 0.47605000
v 4.49128600 44.07652300 1.32915000
v 4.34176800 42.94810900 0.32181800
v -3.05627700 41.49058200 -2.88424600
v -3.87167500 42.61208300 -2.26154400
v -4.07185900 41.77201800 -1.01069800
v -3.25646200 40.65051700 -1.63340000
v -1.64504500 42.44070400 -2.38179700
v -2.63432000 43.35651800 -3.08394700
v -3.22884700 43.74471300 -1.73998300
v -2.23957200 42.82889600 -1.03783300
v -1.65456100 41.23393200 -2.68907900
v -2.18070700 41.60620500 -4.06566200
v -3.60339700 41.36877100 -3.58610400
v -3.07725100 40.99649800 -2.20952100
v -2.80477600 42.53850600 -1.78107800
v -2.22054500 43.63384600 -0.90398400
v -2.32188700 44.61438000 -2.06099900
v -2.90611800 43.51903500 -2.93809300
v -3.06142400 43.50643200 -3.07591700
v -2.48967500 44.84190400 -3.52314700
v -2.17812300 45.19268800 -2.07736700
v -2.74987200 43.85721600 -1.63013700
v -0.70281900 40.88565400 0.55828600
v -1.84351400 41.33223000 1.45816500
v -0.96172000 41.12500000 2.67877600
v 0.17897500 40.67842500 1.77889700
v 0.83656300 42.88225900 1.54346200
v -0.23796800 43.95726800 1.53148200
v -1.26618000 42.93458200 1.98677500
v -0.19164900 41.85957700 1.99875500
v 0.90025500 42.43105700 2.00944000
v 1.16855300 43.59193800 2.95324300
v -0.00052700 44.35296600 2.34951400
v -0.26882500 43.19208100 1.40571100
v 0.04597700 45.71323400 2.91954100
v -0.30731700 46.85661300 1.98238400
v 0.70184000 46.33898900 0.97042200
v 1.05513500 45.19561000 1.90757900
v 2.12939200 42.27043900 -1.71759100
v 3.07327900 43.07336000 -2.59781400
v 1.88339900 43.65159600 -3.34629800
v 0.93951300 42.84867100 -2.46607500
v 2.21193200 43.79073700 -2.67946600
v 1.44247200 44.85345100 -3.44691100
v 0.14767300 44.09845000 -3.19419100
v 0.91713300 43.03574000 -2.42674500
v 0.78488500 42.69967700 -0.54021300
v 1.70314100 43.75787400 -1.12963700
v 0.88205200 43.75788500 -2.40878200
v -0.03620400 42.69968400 -1.81935800
v 2.63048500 46.77996100 -1.65144900
v 3.79101600 47.76151300 -1.66255100
v 3.24069300 48.39786500 -2.92849000
v 2.08016200 47.41631300 -2.91738700
v 1.23714600 47.67054700 -1.29979300
v 2.34773300 48.65021500 -0.95739100
v 3.22018700 48.04040900 -2.04245200
v 2.10959900 47.06073800 -2.38485400
v 1.17880400 47.61048500 -1.35724300
v 1.49997200 48.60028500 -0.24929700
v 2.72149900 49.06956900 -1.02262800
v 2.40033200 48.07976900 -2.13057500
v -0.25356600 44.41567200 -1.31643400
v -1.19196000 45.52069900 -1.77330800
v -2.05941900 45.29131300 -0.54640400
v -1.12102500 44.18628700 -0.08953000
v -0.42145900 45.43030900 -1.37416700
v -0.08916000 46.76144000 -0.71990300
v -0.86846100 46.34764900 0.51778200
v -1.20076000 45.01651400 -0.13648300
v -1.27161600 44.85563700 -0.07668400
v -0.40031400 45.97438400 -0.62406700
v -1.57042400 46.93853000 -0.51606700
v -2.44172600 45.81977800 0.03131600
v -1.82437200 46.37027000 -0.24518800
v -1.21717800 47.70591700 0.15200400
v -1.39103300 47.34865200 1.61915600
v -1.99822700 46.01300800 1.22196400
v -2.63661800 47.35269200 0.42668000
v -1.95919700 48.47436500 1.19696700
v -0.71963700 47.61074400 1.36443500
v -1.39705800 46.48906700 0.59414800
v -1.68652500 47.20849600 0.75566700
v -0.76913600 48.24839800 1.37808300
v -0.52015700 48.85065800 0.00488000
v -1.43754600 47.81076000 -0.61753600
v -0.98022300 48.41461900 0.62214500
v -0.03954500 49.40073800 -0.05098100
v -0.82498600 49.26643400 -1.34536900
v -1.76566500 48.28031900 -0.67224300
v -0.99510800 46.77114500 0.05641900
v -1.34420300 47.69940200 1.20831700
v 0.02253700 47.44881800 1.82445500
v 0.37163300 46.52056500 0.67255700
v -0.96572300 47.25082800 0.29390000
v -1.94930400 48.33761600 0.69621100
v -0.83634100 49.07645000 1.42135600
v 0.14724000 47.98965800 1.01904500
v -0.61848900 46.81120700 -0.08721100
v -0.07748800 47.86690100 0.86317200
v 1.09502500 48.10907700 -0.07329000
v 0.55402400 47.05338700 -1.02367200
v 0.85527400 48.48801000 -0.39031700
v 1.22973800 49.42289700 -1.52880600
v 0.00380300 48.96929600 -2.30451600
v -0.37066100 48.03440500 -1.16602700
v 0.32420400 46.83189800 0.03923700
v 1.62669100 47.51015900 -0.35304300
v 0.95486400 48.08530400 -1.58926900
v -0.34762300 47.40704000 -1.19698900
v 0.58992700 47.94445400 -0.37354100
v 0.14972800 49.04473500 -1.32538200
v -0.86017300 48.09780500 -1.95293500
v -0.41997400 46.99752400 -1.00109400
v -0.48431000 48.12805900 -1.05045800
v -1.54386200 49.13119500 -1.47644900
v -1.71907100 49.56080600 -0.02899200
v -0.65951900 48.55767100 0.39699900
f 1972 1975 1974
f 1976 1979 1978
f 1980 1983 1982
f 1990 1993 1992
f 1994 1997 1996
f 1998 2001 2000
f 2002 2005 2004
f 2006 2009 2008
f 2010 2013 2012
f 2017 2020 2019
f 2021 2024 2023
f 2025 2028 2027
f 2029 2032 2031
f 2033 2036 2035
f 2037 2040 2039
f 2044 2047 2046
f 2048 2051 2050
f 2052 2055 2054
f 2056 2059 2058
f 2060 2063 2062
f 2067 2070 2069
f 2071 2074 2073
f 2075 2078 2077
f 2079 2082 2081
f 2083 2086 2085
f 2087 2090 2089
f 2091 2094 2093
f 2095 2098 2097
f 2099 2102 2101
f 2103 2106 2105
f 2107 2110 2109
f 2111 2114 2113
f 2115 2118 2117
f 2119 2122 2121
f 2123 2126 2125
f 2127 2130 2129
f 2131 2134 2133
f 2135 2138 2137
f 2139 2142 2141
f 2143 2146 2145
f 2147 2150 2149
f 2151 2154 2153
f 2155 2158 2157
f 2159 2162 2161
f 2163 2166 2165
f 2167 2170 2169
f 2174 2177 2176
f 2178 2181 2180
f 2182 2185 2184
f 2186 2189 2188
f 2190 2193 2192
f 2194 2197 2196
f 2198 2201 2200
f 2202 2205 2204
f 2206 2209 2208
f 2210 2213 2212
f 2214 2217 2216
f 2218 2221 2220
f 2222 2225 2224
f 2226 2229 2228
f 2230 2233 2232
f 2234 2237 2236
f 2241 2244 2243
f 2245 2248 2247
f 2249 2252 2251
f 2253 2256 2255
f 2257 2260 2259
f 2261 2264 2263
f 2265 2268 2267
f 2269 2272 2271
f 2273 2276 2275
f 2277 2279 2278
f 2280 2283 2282
f 2284 2287 2286
f 2288 2291 2290
f 2292 2295 2294
f 2296 2299 2298
f 2300 2303 2302
f 2304 2307 2306
f 2308 2311 2310
f 2312 2315 2314
f 2316 2319 2318
f 2320 2323 2322
f 2324 2327 2326
f 2328 2331 2330
f 2332 2335 2334
f 2336 2339 2338
f 2340 2343 2342
f 2344 2347 2346
f 2348 2351 2350
f 2352 2355 2354
f 2356 2359 2358
f 2360 2363 2362
f 2364 2367 2366
f 2368 2371 2370
f 2372 2375 2374
f 2376 2379 2378
f 2380 2383 2382
f 2384 2387 2386
f 2388 2391 2390
f 2392 2395 2394
f 2396 2399 2398
f 2400 2403 2402
f 2404 2407 2406
f 2408 2411 2410
f 2412 2415 2414
f 2416 2419 2418
f 2420 2423 2422
f 2424 2427 2426
f 2428 2431 2430
f 2432 2435 2434
f 2436 2439 2438
f 2440 2443 2442
f 2444 2447 2446
f 2448 2451 2450
f 2452 2455 2454
f 2456 2459 2458
f 2460 2462 2461
f 2463 2466 2465
f 2467 2470 2469
f 2471 2474 2473
f 2475 2478 2477
f 2479 2482 2481
f 2483 2486 2485
f 2487 2490 2489
f 2491 2494 2493
f 2495 2498 2497
f 2499 2502 2501
f 2503 2506 2505
f 2507 2510 2509
f 2511 2514 2513
f 2515 2518 2517
f 2519 2522 2521
f 2523 2526 2525
f 2527 2530 2529
f 2531 2534 2533
f 2535 2538 2537
f 2539 2542 2541
f 2543 2546 2545
f 2547 2550 2549
f 2551 2554 2553
f 2555 2558 2557
f 2559 2562 2561
f 2563 2566 2565
f 2567 2570 2569
f 2571 2574 2573
f 2575 2578 2577
f 2579 2582 2581
f 2583 2586 2585
f 2587 2590 2589
f 2591 2594 2593
f 2595 2598 2597
f 2599 2602 2601
f 2603 2606 2605
f 2607 2610 2609
f 2611 2614 2613
f 2615 2618 2617
f 2619 2622 2621
f 2623 2626 2625
f 2627 2630 2629
f 2631 2634 2633
f 1974 1973 1972
f 1978 1977 1976
f 1982 1981 1980
f 1986 1985 1984
f 1989 1988 1987
f 1992 1991 1990
f 1996 1995 1994
f 2000 1999 1998
f 2004 2003 2002
f 2008 2007 2006
f 2012 2011 2010
f 2016 2015 2014
f 2019 2018 2017
f 2023 2022 2021
f 2027 2026 2025
f 2031 2030 2029
f 2035 2034 2033
f 2039 2038 2037
f 2043 2042 2041
f 2046 2045 2044
f 2050 2049 2048
f 2054 2053 2052
f 2058 2057 2056
f 2062 2061 2060
f 2066 2065 2064
f 2069 2068 2067
f 2073 2072 2071
f 2077 2076 2075
f 2081 2080 2079
f 2085 2084 2083
f 2089 2088 2087
f 2093 2092 2091
f 2097 2096 2095
f 2101 2100 2099
f 2105 2104 2103
f 2109 2108 2107
f 2113 2112 2111
f 2117 2116 2115
f 2121 2120 2119
f 2125 2124 2123
f 2129 2128 2127
f 2133 2132 2131
f 2137 2136 2135
f 2141 2140 2139
f 2145 2144 2143
f 2149 2148 2147
f 2153 2152 2151
f 2157 2156 2155
f 2161 2160 2159
f 2165 2164 2163
f 2169 2168 2167
f 2173 2172 2171
f 2176 2175 2174
f 2180 2179 2178
f 2184 2183 2182
f 2188 2187 2186
f 2192 2191 2190
f 2196 2195 2194
f 2200 2199 2198
f 2204 2203 2202
f 2208 2207 2206
f 2212 2211 2210
f 2216 2215 2214
f 2220 2219 2218
f 2224 2223 2222
f 2228 2227 2226
f 2232 2231 2230
f 2236 2235 2234
f 2240 2239 2238
f 2243 2242 2241
f 2247 2246 2245
f 2251 2250 2249
f 2255 2254 2253
f 2259 2258 2257
f 2263 2262 2261
f 2267 2266 2265
f 2271 2270 2269
f 2275 2274 2273
f 2282 2281 2280
f 2286 2285 2284
f 2290 2289 2288
f 2294 2293 2292
f 2298 2297 2296
f 2302 2301 2300
f 2306 2305 2304
f 2310 2309 2308
f 2314 2313 2312
f 2318 2317 2316
f 2322 2321 2320
f 2326 2325 2324
f 2330 2329 2328
f 2334 2333 2332
f 2338 2337 2336
f 2342 2341 2340
f 2346 2345 2344
f 2350 2349 2348
f 2354 2353 2352
f 2358 2357 2356
f 2362 2361 2360
f 2366 2365 2364
f 2370 2369 2368
f 2374 2373 2372
f 2378 2377 2376
f 2382 2381 2380
f 2386 2385 2384
f 2390 2389 2388
f 2394 2393 2392
f 2398 2397 2396
f 2402 2401 2400
f 2406 2405 2404
f 2410 2409 2408
f 2414 2413 2412
f 2418 2417 2416
f 2422 2421 2420
f 2426 2425 2424
f 2430 2429 2428
f 2434 2433 2432
f 2438 2437 2436
f 2442 2441 2440
f 2446 2445 2444
f 2450 2449 2448
f 2454 2453 2452
f 2458 2457 2456
f 2465 2464 2463
f 2469 2468 2467
f 2473 2472 2471
f 2477 2476 2475
f 2481 2480 2479
f 2485 2484 2483
f 2489 2488 2487
f 2493 2492 2491
f 2497 2496 2495
f 2501 2500 2499
f 2505 2504 2503
f 2509 2508 2507
f 2513 2512 2511
f 2517 2516 2515
f 2521 2520 2519
f 2525 2524 2523
f 2529 2528 2527
f 2533 2532 2531
f 2537 2536 2535
f 2541 2540 2539
f 2545 2544 2543
f 2549 2548 2547
f 2553 2552 2551
f 2557 2556 2555
f 2561 2560 2559
f 2565 2564 2563
f 2569 2568 2567
f 2573 2572 2571
f 2577 2576 2575
f 2581 2580 2579
f 2585 2584 2583
f 2589 2588 2587
f 2593 2592 2591
f 2597 2596 2595
f 2601 2600 2599
f 2605 2604 2603
f 2609 2608 2607
f 2613 2612 2611
f 2617 2616 2615
f 2621 2620 2619
f 2625 2624 2623
f 2629 2628 2627
f 2633 2632 2631
f 2635 2636 2637
f 2639 2640 2641
f 2643 2644 2645
f 2646 2647 2648
f 2650 2651 2652
f 2654 2655 2656
f 2658 2659 2660
f 2662 2663 2664
f 2666 2667 2668
f 2670 2671 2672
f 2674 2675 2676
f 2678 2679 2680
f 2682 2683 2684
f 2686 2687 2688
f 2690 2691 2692
f 2697 2698 2699
f 2704 2705 2706
f 2708 2709 2710
f 2712 2713 2714
f 2716 2717 2718
f 2720 2721 2722
f 2724 2725 2726
f 2044 2045 2046
f 2728 2729 2730
f 2732 2733 2734
f 2052 2053 2054
f 2736 2737 2738
f 2740 2741 2742
f 2744 2745 2746
f 2748 2749 2750
f 2752 2753 2754
f 2755 2756 2757
f 2759 2760 2761
f 2763 2764 2765
f 2767 2768 2769
f 2771 2772 2773
f 2775 2776 2777
f 2087 2088 2089
f 2779 2780 2781
f 2091 2092 2093
f 2783 2784 2785
f 2787 2788 2789
f 2791 2792 2793
f 2795 2796 2797
f 2111 2112 2113
f 2799 2800 2801
f 2803 2804 2805
f 2119 2120 2121
f 2807 2808 2809
f 2811 2812 2813
f 2815 2816 2817
f 2147 2148 2149
f 2819 2820 2821
f 2823 2824 2825
f 2151 2152 2153
f 2827 2828 2829
f 2831 2832 2833
f 2835 2836 2837
f 2839 2840 2841
f 2843 2844 2845
f 2847 2848 2849
f 2851 2852 2853
f 2855 2856 2857
f 2859 2860 2861
f 2863 2864 2865
f 2867 2868 2869
f 2870 2871 2872
f 2171 2172 2173
f 2875 2876 2877
f 2879 2880 2881
f 2883 2884 2885
f 2206 2207 2208
f 2887 2888 2889
f 2891 2892 2893
f 2895 2896 2897
f 2899 2900 2901
f 2218 2219 2220
f 2903 2904 2905
f 2907 2908 2909
f 2911 2912 2913
f 2915 2916 2917
f 2919 2920 2921
f 2923 2924 2925
f 2927 2928 2929
f 2934 2935 2936
f 2938 2939 2940
f 2942 2943 2944
f 2946 2947 2948
f 2261 2262 2263
f 2269 2270 2271
f 2950 2951 2952
f 2273 2274 2275
f 2954 2955 2956
f 2958 2959 2960
f 2962 2963 2964
f 2296 2297 2298
f 2969 2970 2971
f 2973 2974 2975
f 2977 2978 2979
f 2981 2982 2983
f 2985 2986 2987
f 2989 2990 2991
f 2993 2994 2995
f 2997 2998 2999
f 3001 3002 3003
f 3005 3006 3007
f 3009 3010 3011
f 2336 2337 2338
f 3013 3014 3015
f 3017 3018 3019
f 3021 3022 3023
f 3025 3026 3027
f 3029 3030 3031
f 3032 3033 3034
f 3035 3036 3037
f 3039 3040 3041
f 3043 3044 3045
f 3047 3048 3049
f 3051 3052 3053
f 3055 3056 3057
f 3059 3060 3061
f 3063 3064 3065
f 2404 2405 2406
f 3067 3068 3069
f 3071 3072 3073
f 3075 3076 3077
f 3079 3080 3081
f 3083 3084 3085
f 3087 3088 3089
f 3091 3092 3093
f 3095 3096 3097
f 2440 2441 2442
f 3099 3100 3101
f 2463 2464 2465
f 3103 3104 3105
f 3107 3108 3109
f 3111 3112 3113
f 3115 3116 3117
f 2479 2480 2481
f 3119 3120 3121
f 3123 3124 3125
f 3127 3128 3129
f 3131 3132 3133
f 3135 3136 3137
f 2499 2500 2501
f 3139 3140 3141
f 3143 3144 3145
f 3147 3148 3149
f 2515 2516 2517
f 3151 3152 3153
f 3155 3156 3157
f 3159 3160 3161
f 3163 3164 3165
f 2535 2536 2537
f 3167 3168 3169
f 2547 2548 2549
f 2551 2552 2553
f 3171 3172 3173
f 3175 3176 3177
f 2559 2560 2561
f 3179 3180 3181
f 3183 3184 3185
f 3187 3188 3189
f 3191 3192 3193
f 2571 2572 2573
f 2579 2580 2581
f 3195 3196 3197
f 2587 2588 2589
f 3199 3200 3201
f 3203 3204 3205
f 3207 3208 3209
f 3211 3212 3213
f 2591 2592 2593
f 3215 3216 3217
f 2607 2608 2609
f 3219 3220 3221
f 3223 3224 3225
f 3227 3228 3229
f 3231 3232 3233
f 2627 2628 2629
f 3235 3236 3237
f 3239 3240 3241
f 3243 3244 3245
f 3247 3248 3249
f 3251 3252 3253
f 3255 3256 3257
f 3259 3260 3261
f 2637 2638 2635
f 2641 2642 2639
f 2648 2649 2646
f 2652 2653 2650
f 2656 2657 2654
f 2660 2661 2658
f 2664 2665 2662
f 2668 2669 2666
f 2672 2673 2670
f 2676 2677 2674
f 2680 2681 2678
f 2684 2685 2682
f 2688 2689 2686
f 2692 2693 2690
f 2695 2696 2694
f 2699 2700 2697
f 2702 2703 2701
f 2706 2707 2704
f 2710 2711 2708
f 2714 2715 2712
f 2718 2719 2716
f 2722 2723 2720
f 2726 2727 2724
f 2730 2731 2728
f 2734 2735 2732
f 2054 2055 2052
f 2738 2739 2736
f 2742 2743 2740
f 2746 2747 2744
f 2750 2751 2748
f 2757 2758 2755
f 2761 2762 2759
f 2765 2766 2763
f 2769 2770 2767
f 2773 2774 2771
f 2777 2778 2775
f 2089 2090 2087
f 2781 2782 2779
f 2093 2094 2091
f 2785 2786 2783
f 2789 2790 2787
f 2793 2794 2791
f 2797 2798 2795
f 2113 2114 2111
f 2801 2802 2799
f 2805 2806 2803
f 2121 2122 2119
f 2809 2810 2807
f 2813 2814 2811
f 2817 2818 2815
f 2149 2150 2147
f 2821 2822 2819
f 2825 2826 2823
f 2153 2154 2151
f 2829 2830 2827
f 2833 2834 2831
f 2837 2838 2835
f 2841 2842 2839
f 2845 2846 2843
f 2849 2850 2847
f 2853 2854 2851
f 2857 2858 2855
f 2861 2862 2859
f 2865 2866 2863
f 2872 2873 2870
f 2173 2874 2171
f 2877 2878 2875
f 2196 2197 2195
f 2881 2882 2879
f 2885 2886 2883
f 2208 2209 2206
f 2889 2890 2887
f 2893 2894 2891
f 2897 2898 2895
f 2901 2902 2899
f 2220 2221 2218
f 2905 2906 2903
f 2909 2910 2907
f 2913 2914 2911
f 2917 2918 2915
f 2921 2922 2919
f 2925 2926 2923
f 2929 2930 2927
f 2932 2933 2931
f 2936 2937 2934
f 2940 2941 2938
f 2944 2945 2942
f 2948 2949 2946
f 2263 2264 2261
f 2271 2272 2269
f 2952 2953 2950
f 2275 2276 2273
f 2956 2957 2954
f 2960 2961 2958
f 2964 2965 2962
f 2967 2968 2966
f 2298 2299 2296
f 2971 2972 2969
f 2975 2976 2973
f 2979 2980 2977
f 2983 2984 2981
f 2987 2988 2985
f 2991 2992 2989
f 2995 2996 2993
f 2999 3000 2997
f 3003 3004 3001
f 3007 3008 3005
f 3011 3012 3009
f 2338 2339 2336
f 3015 3016 3013
f 3019 3020 3017
f 3023 3024 3021
f 3027 3028 3025
f 3037 3038 3035
f 3041 3042 3039
f 3045 3046 3043
f 3049 3050 3047
f 3053 3054 3051
f 3057 3058 3055
f 3061 3062 3059
f 3065 3066 3063
f 2406 2407 2404
f 3069 3070 3067
f 3073 3074 3071
f 3077 3078 3075
f 3081 3082 3079
f 3085 3086 3083
f 3089 3090 3087
f 3093 3094 3091
f 3097 3098 3095
f 2442 2443 2440
f 3101 3102 3099
f 2465 2466 2463
f 3105 3106 3103
f 3109 3110 3107
f 3113 3114 3111
f 3117 3118 3115
f 2481 2482 2479
f 3121 3122 3119
f 3125 3126 3123
f 3129 3130 3127
f 3133 3134 3131
f 3137 3138 3135
f 2501 2502 2499
f 3141 3142 3139
f 3145 3146 3143
f 3149 3150 3147
f 2517 2518 2515
f 3153 3154 3151
f 3157 3158 3155
f 3161 3162 3159
f 3165 3166 3163
f 2537 2538 2535
f 3169 3170 3167
f 2549 2550 2547
f 2553 2554 2551
f 3173 3174 3171
f 3177 3178 3175
f 2561 2562 2559
f 3181 3182 3179
f 3185 3186 3183
f 3189 3190 3187
f 3193 3194 3191
f 2573 2574 2571
f 2581 2582 2579
f 3197 3198 3195
f 2589 2590 2587
f 3201 3202 3199
f 3205 3206 3203
f 3209 3210 3207
f 3213 3214 3211
f 2593 2594 2591
f 3217 3218 3215
f 2609 2610 2607
f 3221 3222 3219
f 3225 3226 3223
f 3229 3230 3227
f 3233 3234 3231
f 2629 2630 2627
f 3237 3238 3235
f 3241 3242 3239
f 3245 3246 3243
f 3249 3250 3247
f 3253 3254 3251
f 3257 3258 3255
f 3261 3262 3259

